domain_name,target_series,transition_order,earlier_stage,later_stage,target_period,alternative_fixed_model,eligible_h1,actual,earlier_point_forecast,later_point_forecast,delta_squared_error,delta_abs_error
GDP,GDPC1,1,early_quarter,after_month_1,2023Q2,Bridge–DFM Ensemble,1,2.3856035174837587,3.0667799309643891,3.172873521908671,0.15579275358486672,0.10609359094428195
GDP,GDPC1,1,early_quarter,after_month_1,2023Q3,Bridge–DFM Ensemble,1,4.7627638591336563,2.6812034486559453,2.5130430745620806,0.72834986606520857,0.16816037409386464
GDP,GDPC1,1,early_quarter,after_month_1,2023Q4,Bridge–DFM Ensemble,1,3.2268142583689041,2.2156915235776076,2.077385359338848,0.29881760911361632,0.13830616423875952
GDP,GDPC1,1,early_quarter,after_month_1,2024Q1,Bridge–DFM Ensemble,1,1.5773785873641089,2.3278357853117631,1.798593420162101,-0.51425000370160101,-0.52924236514966205
GDP,GDPC1,1,early_quarter,after_month_1,2024Q2,Bridge–DFM Ensemble,1,2.8020392666775251,2.7836412865619451,1.7012239297040712,1.2114559204436457,1.0824173568578739
GDP,GDPC1,1,early_quarter,after_month_1,2024Q3,Bridge–DFM Ensemble,1,2.7863912480171393,2.2922297447869591,0.45637474389844701,5.1847813181907805,1.8358550008885119
GDP,GDPC1,1,early_quarter,after_month_1,2024Q4,Bridge–DFM Ensemble,1,2.2264988560046106,2.5849738873864831,1.6652112530901508,0.18653942506122578,0.20281257153258725
GDP,GDPC1,1,early_quarter,after_month_1,2025Q1,Bridge–DFM Ensemble,1,-0.27643155746019943,2.5897050513760878,2.4964139427320768,-0.5260668925750176,-0.093291108644010912
GDP,GDPC1,1,early_quarter,after_month_1,2025Q2,Bridge–DFM Ensemble,1,2.9250519832658028,2.5408217636144181,1.4286780976464608,2.0915019438701763,1.1121436659679573
GDP,GDPC1,1,early_quarter,after_month_1,2025Q3,Bridge–DFM Ensemble,1,4.2511297453771135,2.1930255481689538,1.6901388025449458,2.3228817227025518,0.50288674562400804
GDP,GDPC1,1,early_quarter,after_month_1,2025Q4,Bridge–DFM Ensemble,1,1.4125209345351664,1.3387487159890195,1.2364188573018,0.025569601376686065,0.10232985868721944
GDP,GDPC1,1,early_quarter,after_month_1,2026Q1,Bridge–DFM Ensemble,1,1.9701855346021091,2.2550519282930019,3.6538094235619818,2.7534405372219108,1.3987574952689799
GDP,GDPC1,2,after_month_1,after_month_2,2023Q2,Bridge–DFM Ensemble,1,2.3856035174837587,3.172873521908671,2.3459478743075555,-0.61822148983148317,-0.74761436124870917
GDP,GDPC1,2,after_month_1,after_month_2,2023Q3,Bridge–DFM Ensemble,1,4.7627638591336563,2.5130430745620806,2.1794200406009305,1.6124216762178989,0.33362303396115012
GDP,GDPC1,2,after_month_1,after_month_2,2023Q4,Bridge–DFM Ensemble,1,3.2268142583689041,2.077385359338848,2.3825579122736817,-0.60841801600339096,-0.3051725529348337
GDP,GDPC1,2,after_month_1,after_month_2,2024Q1,Bridge–DFM Ensemble,1,1.5773785873641089,1.798593420162101,1.5695699885769705,-0.048875028034825123,-0.21340623401085379
GDP,GDPC1,2,after_month_1,after_month_2,2024Q2,Bridge–DFM Ensemble,1,2.8020392666775251,1.7012239297040712,2.2801762982087608,-0.93945344825694832,-0.57895236850468956
GDP,GDPC1,2,after_month_1,after_month_2,2024Q3,Bridge–DFM Ensemble,1,2.7863912480171393,0.45637474389844701,1.1486244347223555,-2.7466967747357405,-0.69224969082390841
GDP,GDPC1,2,after_month_1,after_month_2,2024Q4,Bridge–DFM Ensemble,1,2.2264988560046106,1.6652112530901508,1.962646656556656,-0.2454257900319371,-0.29743540346650521
GDP,GDPC1,2,after_month_1,after_month_2,2025Q1,Bridge–DFM Ensemble,1,-0.27643155746019943,2.4964139427320768,2.3145635657787023,-0.97541643928878319,-0.18185037695337458
GDP,GDPC1,2,after_month_1,after_month_2,2025Q2,Bridge–DFM Ensemble,1,2.9250519832658028,1.4286780976464608,1.990361667207023,-1.365488818629466,-0.5616835695605622
GDP,GDPC1,2,after_month_1,after_month_2,2025Q3,Bridge–DFM Ensemble,1,4.2511297453771135,1.6901388025449458,1.6711641922597553,0.097547646003760313,0.01897461028519043
GDP,GDPC1,2,after_month_1,after_month_2,2025Q4,Bridge–DFM Ensemble,1,1.4125209345351664,1.2364188573018,1.3434763958319373,-0.026244793281164837,-0.10705753853013733
GDP,GDPC1,2,after_month_1,after_month_2,2026Q1,Bridge–DFM Ensemble,1,1.9701855346021091,3.6538094235619818,3.3208306644829619,-1.0103471326054998,-0.33297875907901986
GDP,GDPC1,3,after_month_2,quarter_end,2023Q2,Bridge–DFM Ensemble,1,2.3856035174837587,2.3459478743075555,2.572172477419747,0.033235406775878065,0.14691331675978514
GDP,GDPC1,3,after_month_2,quarter_end,2023Q3,Bridge–DFM Ensemble,1,4.7627638591336563,2.1794200406009305,1.932249863332419,1.3381441956754418,0.24717017726851154
GDP,GDPC1,3,after_month_2,quarter_end,2023Q4,Bridge–DFM Ensemble,1,3.2268142583689041,2.3825579122736817,2.5559347019481122,-0.26268939869869745,-0.17337678967443049
GDP,GDPC1,3,after_month_2,quarter_end,2024Q1,Bridge–DFM Ensemble,1,1.5773785873641089,1.5695699885769705,2.1483655046371766,0.32596508548198261,0.56317831848592936
GDP,GDPC1,3,after_month_2,quarter_end,2024Q2,Bridge–DFM Ensemble,1,2.8020392666775251,2.2801762982087608,2.1455352897045072,0.1586565139223583,0.13464100850425353
GDP,GDPC1,3,after_month_2,quarter_end,2024Q3,Bridge–DFM Ensemble,1,2.7863912480171393,1.1486244347223555,1.7746723869444958,-1.6587050808796244,-0.62604795222214027
GDP,GDPC1,3,after_month_2,quarter_end,2024Q4,Bridge–DFM Ensemble,1,2.2264988560046106,1.962646656556656,1.9916850635016052,-0.014480466003878735,-0.029038406944949191
GDP,GDPC1,3,after_month_2,quarter_end,2025Q1,Bridge–DFM Ensemble,1,-0.27643155746019943,2.3145635657787023,2.7425109444075693,2.4007581009358514,0.427947378628867
GDP,GDPC1,3,after_month_2,quarter_end,2025Q2,Bridge–DFM Ensemble,1,2.9250519832658028,1.990361667207023,1.621332118696809,0.82603949833773382,0.36902954851021397
GDP,GDPC1,3,after_month_2,quarter_end,2025Q3,Bridge–DFM Ensemble,1,4.2511297453771135,1.6711641922597553,1.4047422672554077,1.4456994203358891,0.26642192500434758
GDP,GDPC1,3,after_month_2,quarter_end,2025Q4,Bridge–DFM Ensemble,1,1.4125209345351664,1.3434763958319373,1.167549823148696,0.055243697089180754,0.1759265726832413
GDP,GDPC1,3,after_month_2,quarter_end,2026Q1,Bridge–DFM Ensemble,1,1.9701855346021091,3.3208306644829619,3.1926613305995968,-0.32979519507117461,-0.12816933388336516
GDP,GDPC1,4,quarter_end,pre_advance_release,2023Q2,Bridge–DFM Ensemble,1,2.3856035174837587,2.572172477419747,2.3238226168712135,-0.030991097131099231,-0.12478805932344317
GDP,GDPC1,4,quarter_end,pre_advance_release,2023Q3,Bridge–DFM Ensemble,1,4.7627638591336563,1.932249863332419,2.2105287573743375,-1.4979054657742861,-0.27827889404191852
GDP,GDPC1,4,quarter_end,pre_advance_release,2023Q4,Bridge–DFM Ensemble,1,3.2268142583689041,2.5559347019481122,2.2095746417601765,0.58469705837491259,0.34636006018793575
GDP,GDPC1,4,quarter_end,pre_advance_release,2024Q1,Bridge–DFM Ensemble,1,1.5773785873641089,2.1483655046371766,2.5668417861168233,0.6530113619889526,0.41847628147964677
GDP,GDPC1,4,quarter_end,pre_advance_release,2024Q2,Bridge–DFM Ensemble,1,2.8020392666775251,2.1455352897045072,2.4443597373040875,-0.30306282604858498,-0.29882444759958027
GDP,GDPC1,4,quarter_end,pre_advance_release,2024Q3,Bridge–DFM Ensemble,1,2.7863912480171393,1.7746723869444958,2.0943004463759336,-0.54458537613376012,-0.31962805943143779
GDP,GDPC1,4,quarter_end,pre_advance_release,2024Q4,Bridge–DFM Ensemble,1,2.2264988560046106,1.9916850635016052,2.9015703576208098,0.4005840151447056,0.44025770911319384
GDP,GDPC1,4,quarter_end,pre_advance_release,2025Q1,Bridge–DFM Ensemble,1,-0.27643155746019943,2.7425109444075693,2.6243570976807318,-0.69943900778929091,-0.11815384672683749
GDP,GDPC1,4,quarter_end,pre_advance_release,2025Q2,Bridge–DFM Ensemble,1,2.9250519832658028,1.621332118696809,2.0871532609449419,-0.99761121640486428,-0.46582114224813287
GDP,GDPC1,4,quarter_end,pre_advance_release,2025Q3,Bridge–DFM Ensemble,1,4.2511297453771135,1.4047422672554077,1.6618256743371047,-1.3974261033036823,-0.25708340708169697
GDP,GDPC1,4,quarter_end,pre_advance_release,2025Q4,Bridge–DFM Ensemble,1,1.4125209345351664,1.167549823148696,2.0245752534490657,0.31459964388723483,0.36708320752742907
GDP,GDPC1,4,quarter_end,pre_advance_release,2026Q1,Bridge–DFM Ensemble,1,1.9701855346021091,3.1926613305995968,2.9074579966539864,-0.61596740367890335,-0.28520333394561037
Inflation,CPIAUCSL,1,month_open,mid_month,2023-02,Inflation Ridge-AR Ensemble,1,4.4318730380084048,1.8666441852025841,3.9359302623180268,-6.334439830507991,-2.0692860771154429
Inflation,CPIAUCSL,1,month_open,mid_month,2023-03,Inflation Ridge-AR Ensemble,1,0.63633472696977833,4.6972658040869746,3.6960399799482788,-7.129364977992001,-1.0012258241386958
Inflation,CPIAUCSL,1,month_open,mid_month,2023-04,Inflation Ridge-AR Ensemble,1,4.4053058606191797,2.7693402781276886,0.51167817440968699,12.483953171720364,2.2576621037180016
Inflation,CPIAUCSL,1,month_open,mid_month,2023-05,Inflation Ridge-AR Ensemble,1,1.4885883415676204,2.1349793531768544,4.1375423196706116,6.5991358382184533,2.0025629664937572
Inflation,CPIAUCSL,1,month_open,mid_month,2023-06,Inflation Ridge-AR Ensemble,1,2.1622873911194773,3.1834252193096595,1.8354835674023737,-0.93592172496484227,-0.69433400447307858
Inflation,CPIAUCSL,1,month_open,mid_month,2023-07,Inflation Ridge-AR Ensemble,1,2.0006943267020461,2.4347883462412021,2.5672423829940438,0.1325390822885795,0.13245403675284173
Inflation,CPIAUCSL,1,month_open,mid_month,2023-08,Inflation Ridge-AR Ensemble,1,7.5504206569227961,3.4340780500206596,3.5343741720323081,-0.81564708859663426,-0.10029612201164895
Inflation,CPIAUCSL,1,month_open,mid_month,2023-09,Inflation Ridge-AR Ensemble,1,4.7393951626556685,3.7606285144972906,5.4095730260353916,-0.50884578298297511,-0.30858878477865481
Inflation,CPIAUCSL,1,month_open,mid_month,2023-10,Inflation Ridge-AR Ensemble,1,0.53844904171214125,4.8284941639858969,4.8705386867446601,0.36251354145313286,0.042044522758763136
Inflation,CPIAUCSL,1,month_open,mid_month,2023-11,Inflation Ridge-AR Ensemble,1,1.1619142598910059,4.39271512093792,2.0577228285765381,-9.6356012120110588,-2.3349922923613819
Inflation,CPIAUCSL,1,month_open,mid_month,2023-12,Inflation Ridge-AR Ensemble,1,3.6305472050568,1.6576627430541697,2.2854067693225808,-2.0828703085641629,-0.62774402626841108
Inflation,CPIAUCSL,1,month_open,mid_month,2024-01,Inflation Ridge-AR Ensemble,1,3.6596101950234328,2.6507719044608749,3.3257818026950439,-0.90631330098062723,-0.67500989823416901
Inflation,CPIAUCSL,1,month_open,mid_month,2024-02,Inflation Ridge-AR Ensemble,1,5.2930544512420852,3.1570378397136345,3.5812772877325383,-1.6323859072126936,-0.42423944801890379
Inflation,CPIAUCSL,1,month_open,mid_month,2024-03,Inflation Ridge-AR Ensemble,1,4.52827819934285,4.4255062642257315,4.4639722717830601,-0.0064268183283922812,-0.038466007557328652
Inflation,CPIAUCSL,1,month_open,mid_month,2024-04,Inflation Ridge-AR Ensemble,1,3.7490617076503696,3.8415214723765136,3.5355244994349326,0.037049331199228978,0.12107744348929295
Inflation,CPIAUCSL,1,month_open,mid_month,2024-05,Inflation Ridge-AR Ensemble,1,0.068961994298533114,3.6265154642031567,3.1566888439587641,-3.122129593117732,-0.46982662024439259
Inflation,CPIAUCSL,1,month_open,mid_month,2024-06,Inflation Ridge-AR Ensemble,1,-0.67446518795364341,3.2497043836814505,1.7974551545882806,-9.2887166470741729,-1.4522492290931699
Inflation,CPIAUCSL,1,month_open,mid_month,2024-07,Inflation Ridge-AR Ensemble,1,1.8576952015390447,1.475471748151056,1.3820845499563594,0.080110723579066428,0.093387198194696541
Inflation,CPIAUCSL,1,month_open,mid_month,2024-08,Inflation Ridge-AR Ensemble,1,2.244545826505373,1.8196362199092095,2.7864516741314493,0.11311377391362981,0.1169962410299128
Inflation,CPIAUCSL,1,month_open,mid_month,2024-09,Inflation Ridge-AR Ensemble,1,2.1564651235159715,1.3471319256623808,1.9175971474912692,-0.59796231517778153,-0.57046522182888837
Inflation,CPIAUCSL,1,month_open,mid_month,2024-10,Inflation Ridge-AR Ensemble,1,2.9250657197465557,2.9364875057628934,2.2827369452786455,0.41245579731364451,0.63090698845157256
Inflation,CPIAUCSL,1,month_open,mid_month,2024-11,Inflation Ridge-AR Ensemble,1,3.7487271246416043,3.1143321349001818,3.6550514744937366,-0.39368187557839385,-0.54071933959355478
Inflation,CPIAUCSL,1,month_open,mid_month,2024-12,Inflation Ridge-AR Ensemble,1,4.7082186032746165,3.2464652934125939,2.9222739958096362,1.0528754020406645,0.32419129760295773
Inflation,CPIAUCSL,1,month_open,mid_month,2025-01,Inflation Ridge-AR Ensemble,1,5.5901805067371413,2.9472097924397458,3.4949719395231469,-2.5953952565067659,-0.5477621470834011
Inflation,CPIAUCSL,1,month_open,mid_month,2025-02,Inflation Ridge-AR Ensemble,1,2.58835746917363,3.6949255660253817,4.5252304426665617,2.5269839624772432,0.83030487664118002
Inflation,CPIAUCSL,1,month_open,mid_month,2025-03,Inflation Ridge-AR Ensemble,1,-0.60057243312350295,3.9580185421924252,2.6226901924748116,-10.391329726652886,-1.3353283497176136
Inflation,CPIAUCSL,1,month_open,mid_month,2025-04,Inflation Ridge-AR Ensemble,1,2.6477658507008783,2.8198662764447029,1.9409743354797462,0.46993568944737824,0.53469108947730759
Inflation,CPIAUCSL,1,month_open,mid_month,2025-05,Inflation Ridge-AR Ensemble,1,0.96988463715668161,2.5071594387786313,3.7540853109282306,5.3885595761281424,1.2469258721495993
Inflation,CPIAUCSL,1,month_open,mid_month,2025-06,Inflation Ridge-AR Ensemble,1,3.4388261759264793,4.1227400346073928,3.5536340220520235,-0.45455732456382986,-0.5691060125553693
Inflation,CPIAUCSL,1,month_open,mid_month,2025-07,Inflation Ridge-AR Ensemble,1,2.3566269040241394,5.2564911607965357,5.7742665055441798,3.2710477381719389,0.51777534474764408
Inflation,CPIAUCSL,1,month_open,mid_month,2025-08,Inflation Ridge-AR Ensemble,1,4.5806691138956523,3.8041855695281956,3.5045711962532646,0.55506003368083501,0.29961437327493101
Inflation,CPIAUCSL,1,month_open,mid_month,2025-09,Inflation Ridge-AR Ensemble,1,3.7200600398769268,4.182558109507025,4.448991946583547,0.3174372602033817,0.26643383707652202
Inflation,CPIAUCSL,1,month_open,mid_month,2025-11,Inflation Ridge-AR Ensemble,1,2.4502664045531475,2.6153379805492465,2.6331961107478863,0.0062146522066575706,0.017858130198639799
Inflation,CPIAUCSL,1,month_open,mid_month,2025-12,Inflation Ridge-AR Ensemble,1,3.6826071315459785,3.4522724478756155,3.4234917752337841,0.01408670137526926,0.028780672641831373
Inflation,CPIAUCSL,1,month_open,mid_month,2026-02,Inflation Ridge-AR Ensemble,1,3.1997670507312392,4.2398283050988113,3.7029786162763858,-0.82850553313825004,-0.53684968882242545
Inflation,CPIAUCSL,1,month_open,mid_month,2026-03,Inflation Ridge-AR Ensemble,1,10.337074927015166,4.1302475580686835,4.1453662175995198,-0.18744924564954601,-0.015118659530836354
Inflation,CPIAUCSL,1,month_open,mid_month,2026-04,Inflation Ridge-AR Ensemble,1,7.6559788889596803,5.6505067187716422,8.0211919348725083,-3.8885380564937937,-1.64025912427521
Inflation,CPIAUCSL,1,month_open,mid_month,2026-05,Inflation Ridge-AR Ensemble,1,5.6615940286512512,5.5005696601914664,6.7055668942402882,1.0639504968483131,0.88294849712925227
Inflation,CPIAUCSL,1,month_open,mid_month,2026-06,Inflation Ridge-AR Ensemble,1,-5.0805195408127446,7.3528206009709756,5.9654687109247799,-32.574090623767006,-1.3873518900461956
Inflation,CPIAUCSL,2,mid_month,month_end,2023-02,Inflation Ridge-AR Ensemble,1,4.4318730380084048,3.9359302623180268,4.3872854182259307,-0.24397118092161013,-0.45135515590790387
Inflation,CPIAUCSL,2,mid_month,month_end,2023-03,Inflation Ridge-AR Ensemble,1,0.63633472696977833,3.6960399799482788,3.6960399799482788,0,0
Inflation,CPIAUCSL,2,mid_month,month_end,2023-04,Inflation Ridge-AR Ensemble,1,4.4053058606191797,0.51167817440968699,0.51167817440968699,0,0
Inflation,CPIAUCSL,2,mid_month,month_end,2023-05,Inflation Ridge-AR Ensemble,1,1.4885883415676204,4.1375423196706116,4.1375423196706116,0,0
Inflation,CPIAUCSL,2,mid_month,month_end,2023-06,Inflation Ridge-AR Ensemble,1,2.1622873911194773,1.8354835674023737,1.8354835674023737,0,0
Inflation,CPIAUCSL,2,mid_month,month_end,2023-07,Inflation Ridge-AR Ensemble,1,2.0006943267020461,2.5672423829940438,2.5672423829940438,0,0
Inflation,CPIAUCSL,2,mid_month,month_end,2023-08,Inflation Ridge-AR Ensemble,1,7.5504206569227961,3.5343741720323081,3.5343741720323081,0,0
Inflation,CPIAUCSL,2,mid_month,month_end,2023-09,Inflation Ridge-AR Ensemble,1,4.7393951626556685,5.4095730260353916,5.4124753376880079,0.0038985534573539038,0.0029023116526163406
Inflation,CPIAUCSL,2,mid_month,month_end,2023-10,Inflation Ridge-AR Ensemble,1,0.53844904171214125,4.8705386867446601,4.8705386867446601,0,0
Inflation,CPIAUCSL,2,mid_month,month_end,2023-11,Inflation Ridge-AR Ensemble,1,1.1619142598910059,2.0577228285765381,2.0577228285765381,0,0
Inflation,CPIAUCSL,2,mid_month,month_end,2023-12,Inflation Ridge-AR Ensemble,1,3.6305472050568,2.2854067693225808,2.2854067693225808,0,0
Inflation,CPIAUCSL,2,mid_month,month_end,2024-01,Inflation Ridge-AR Ensemble,1,3.6596101950234328,3.3257818026950439,3.3257818026950439,0,0
Inflation,CPIAUCSL,2,mid_month,month_end,2024-02,Inflation Ridge-AR Ensemble,1,5.2930544512420852,3.5812772877325383,3.7465267054386842,-0.53843298897304148,-0.16524941770614587
Inflation,CPIAUCSL,2,mid_month,month_end,2024-03,Inflation Ridge-AR Ensemble,1,4.52827819934285,4.4639722717830601,4.4639722717830601,0,0
Inflation,CPIAUCSL,2,mid_month,month_end,2024-04,Inflation Ridge-AR Ensemble,1,3.7490617076503696,3.5355244994349326,3.5355244994349326,0,0
Inflation,CPIAUCSL,2,mid_month,month_end,2024-05,Inflation Ridge-AR Ensemble,1,0.068961994298533114,3.1566888439587641,3.1566888439587641,0,0
Inflation,CPIAUCSL,2,mid_month,month_end,2024-06,Inflation Ridge-AR Ensemble,1,-0.67446518795364341,1.7974551545882806,1.7974551545882806,0,0
Inflation,CPIAUCSL,2,mid_month,month_end,2024-07,Inflation Ridge-AR Ensemble,1,1.8576952015390447,1.3820845499563594,1.3820845499563594,0,0
Inflation,CPIAUCSL,2,mid_month,month_end,2024-08,Inflation Ridge-AR Ensemble,1,2.244545826505373,2.7864516741314493,2.7864516741314493,0,0
Inflation,CPIAUCSL,2,mid_month,month_end,2024-09,Inflation Ridge-AR Ensemble,1,2.1564651235159715,1.9175971474912692,1.9175971474912692,0,0
Inflation,CPIAUCSL,2,mid_month,month_end,2024-10,Inflation Ridge-AR Ensemble,1,2.9250657197465557,2.2827369452786455,2.2827369452786455,0,0
Inflation,CPIAUCSL,2,mid_month,month_end,2024-11,Inflation Ridge-AR Ensemble,1,3.7487271246416043,3.6550514744937366,3.6550514744937366,0,0
Inflation,CPIAUCSL,2,mid_month,month_end,2024-12,Inflation Ridge-AR Ensemble,1,4.7082186032746165,2.9222739958096362,2.9222739958096362,0,0
Inflation,CPIAUCSL,2,mid_month,month_end,2025-01,Inflation Ridge-AR Ensemble,1,5.5901805067371413,3.4949719395231469,3.4949719395231469,0,0
Inflation,CPIAUCSL,2,mid_month,month_end,2025-02,Inflation Ridge-AR Ensemble,1,2.58835746917363,4.5252304426665617,4.5252304426665617,0,0
Inflation,CPIAUCSL,2,mid_month,month_end,2025-03,Inflation Ridge-AR Ensemble,1,-0.60057243312350295,2.6226901924748116,2.6226901924748116,0,0
Inflation,CPIAUCSL,2,mid_month,month_end,2025-04,Inflation Ridge-AR Ensemble,1,2.6477658507008783,1.9409743354797462,1.9409743354797462,0,0
Inflation,CPIAUCSL,2,mid_month,month_end,2025-05,Inflation Ridge-AR Ensemble,1,0.96988463715668161,3.7540853109282306,3.7540853109282306,0,0
Inflation,CPIAUCSL,2,mid_month,month_end,2025-06,Inflation Ridge-AR Ensemble,1,3.4388261759264793,3.5536340220520235,3.5536340220520235,0,0
Inflation,CPIAUCSL,2,mid_month,month_end,2025-07,Inflation Ridge-AR Ensemble,1,2.3566269040241394,5.7742665055441798,5.9134105228500893,0.97044926527055964,0.13914401730590953
Inflation,CPIAUCSL,2,mid_month,month_end,2025-08,Inflation Ridge-AR Ensemble,1,4.5806691138956523,3.5045711962532646,3.5045711962532646,0,0
Inflation,CPIAUCSL,2,mid_month,month_end,2025-09,Inflation Ridge-AR Ensemble,1,3.7200600398769268,4.448991946583547,4.448991946583547,0,0
Inflation,CPIAUCSL,2,mid_month,month_end,2025-11,Inflation Ridge-AR Ensemble,1,2.4502664045531475,2.6331961107478863,3.2502909518022065,0.6065759987925684,0.61709484105432022
Inflation,CPIAUCSL,2,mid_month,month_end,2025-12,Inflation Ridge-AR Ensemble,1,3.6826071315459785,3.4234917752337841,3.4783779981432854,-0.025431228946380439,-0.054886222909501292
Inflation,CPIAUCSL,2,mid_month,month_end,2026-01,Inflation Ridge-AR Ensemble,1,2.0483625585395515,3.5852908969626274,3.6944822987340507,0.34756148161008849,0.10919140177142328
Inflation,CPIAUCSL,2,mid_month,month_end,2026-02,Inflation Ridge-AR Ensemble,1,3.1997670507312392,3.7029786162763858,3.6217778744267237,-0.07512874438225603,-0.081200741849662084
Inflation,CPIAUCSL,2,mid_month,month_end,2026-03,Inflation Ridge-AR Ensemble,1,10.337074927015166,4.1453662175995198,4.2795846389902836,-1.6440681527377947,-0.13421842139076379
Inflation,CPIAUCSL,2,mid_month,month_end,2026-04,Inflation Ridge-AR Ensemble,1,7.6559788889596803,8.0211919348725083,8.0211919348725083,0,0
Inflation,CPIAUCSL,2,mid_month,month_end,2026-05,Inflation Ridge-AR Ensemble,1,5.6615940286512512,6.7055668942402882,6.7055668942402882,0,0
Inflation,CPIAUCSL,2,mid_month,month_end,2026-06,Inflation Ridge-AR Ensemble,1,-5.0805195408127446,5.9654687109247799,5.9654687109247799,0,0
Inflation,CPIAUCSL,3,month_end,pre_release,2023-02,Inflation Ridge-AR Ensemble,1,4.4318730380084048,4.3872854182259307,4.3647805929895895,0.0025133403407362706,0.022504825236341119
Inflation,CPIAUCSL,3,month_end,pre_release,2023-03,Inflation Ridge-AR Ensemble,1,0.63633472696977833,3.6960399799482788,3.7014213161069098,0.032959563804064729,0.0053813361586310116
Inflation,CPIAUCSL,3,month_end,pre_release,2023-04,Inflation Ridge-AR Ensemble,1,4.4053058606191797,0.51167817440968699,0.54343295131794589,-0.24627419122231231,-0.031754776908258897
Inflation,CPIAUCSL,3,month_end,pre_release,2023-05,Inflation Ridge-AR Ensemble,1,1.4885883415676204,4.1375423196706116,4.1081844704036268,-0.15467329989507217,-0.029357849266984815
Inflation,CPIAUCSL,3,month_end,pre_release,2023-06,Inflation Ridge-AR Ensemble,1,2.1622873911194773,1.8354835674023737,1.8593318051359162,-0.015018652117476841,-0.023848237733542499
Inflation,CPIAUCSL,3,month_end,pre_release,2023-07,Inflation Ridge-AR Ensemble,1,2.0006943267020461,2.5672423829940438,2.5794851503445426,0.014022117444518867,0.012242767350498784
Inflation,CPIAUCSL,3,month_end,pre_release,2023-08,Inflation Ridge-AR Ensemble,1,7.5504206569227961,3.5343741720323081,3.5343741720323081,0,0
Inflation,CPIAUCSL,3,month_end,pre_release,2023-09,Inflation Ridge-AR Ensemble,1,4.7393951626556685,5.4124753376880079,5.6574469785213664,0.38978221459274054,0.24497164083335843
Inflation,CPIAUCSL,3,month_end,pre_release,2023-10,Inflation Ridge-AR Ensemble,1,0.53844904171214125,4.8705386867446601,4.9247451753796545,0.47259307962859864,0.054206488634994443
Inflation,CPIAUCSL,3,month_end,pre_release,2023-11,Inflation Ridge-AR Ensemble,1,1.1619142598910059,2.0577228285765381,2.0190646186167229,-0.067766254266796389,-0.038658209959815171
Inflation,CPIAUCSL,3,month_end,pre_release,2023-12,Inflation Ridge-AR Ensemble,1,3.6305472050568,2.2854067693225808,2.3519126492757518,-0.1744964646098468,-0.066505879953171032
Inflation,CPIAUCSL,3,month_end,pre_release,2024-01,Inflation Ridge-AR Ensemble,1,3.6596101950234328,3.3257818026950439,2.9140642086812312,0.44439742222640949,0.41171759401381269
Inflation,CPIAUCSL,3,month_end,pre_release,2024-02,Inflation Ridge-AR Ensemble,1,5.2930544512420852,3.7465267054386842,3.7092209674174978,0.11678043594418064,0.037305738021186308
Inflation,CPIAUCSL,3,month_end,pre_release,2024-03,Inflation Ridge-AR Ensemble,1,4.52827819934285,4.4639722717830601,4.4621633621630732,0.00023591937598345294,0.0018089096199869203
Inflation,CPIAUCSL,3,month_end,pre_release,2024-04,Inflation Ridge-AR Ensemble,1,3.7490617076503696,3.5355244994349326,3.4571077340097505,0.039638983432104452,0.078416765425182167
Inflation,CPIAUCSL,3,month_end,pre_release,2024-05,Inflation Ridge-AR Ensemble,1,0.068961994298533114,3.1566888439587641,3.1804890052371948,0.14754324168818655,0.023800161278430654
Inflation,CPIAUCSL,3,month_end,pre_release,2024-06,Inflation Ridge-AR Ensemble,1,-0.67446518795364341,1.7974551545882806,1.7767848215577917,-0.1017635707427722,-0.02067033303048893
Inflation,CPIAUCSL,3,month_end,pre_release,2024-07,Inflation Ridge-AR Ensemble,1,1.8576952015390447,1.3820845499563594,1.3900605358862894,-0.007523311378742209,-0.0079759859299299851
Inflation,CPIAUCSL,3,month_end,pre_release,2024-08,Inflation Ridge-AR Ensemble,1,2.244545826505373,2.7864516741314493,2.7864516741314493,0,0
Inflation,CPIAUCSL,3,month_end,pre_release,2024-09,Inflation Ridge-AR Ensemble,1,2.1564651235159715,1.9175971474912692,1.9427898379157664,-0.011400782293808545,-0.025192690424497233
Inflation,CPIAUCSL,3,month_end,pre_release,2024-10,Inflation Ridge-AR Ensemble,1,2.9250657197465557,2.2827369452786455,2.2427406553264175,0.052981239026498206,0.039996289952227926
Inflation,CPIAUCSL,3,month_end,pre_release,2024-11,Inflation Ridge-AR Ensemble,1,3.7487271246416043,3.6550514744937366,3.6801680035878466,-0.0040747743509619043,-0.025116529094109996
Inflation,CPIAUCSL,3,month_end,pre_release,2024-12,Inflation Ridge-AR Ensemble,1,4.7082186032746165,2.9222739958096362,2.8583409103292059,0.23244933792379241,0.063933085480430307
Inflation,CPIAUCSL,3,month_end,pre_release,2025-01,Inflation Ridge-AR Ensemble,1,5.5901805067371413,3.4949719395231469,3.4666976597283488,0.11928046141364756,0.028274279794798129
Inflation,CPIAUCSL,3,month_end,pre_release,2025-02,Inflation Ridge-AR Ensemble,1,2.58835746917363,4.5252304426665617,4.4572042130501535,-0.25888876334946698,-0.068026229616408251
Inflation,CPIAUCSL,3,month_end,pre_release,2025-03,Inflation Ridge-AR Ensemble,1,-0.60057243312350295,2.6226901924748116,2.5904714759076368,-0.20666072421420445,-0.032218716567174788
Inflation,CPIAUCSL,3,month_end,pre_release,2025-04,Inflation Ridge-AR Ensemble,1,2.6477658507008783,1.9409743354797462,1.9400254823838696,0.001342182956911242,0.0009488530958765562
Inflation,CPIAUCSL,3,month_end,pre_release,2025-05,Inflation Ridge-AR Ensemble,1,0.96988463715668161,3.7540853109282306,3.8038644391704253,0.2796681263919103,0.049779128242194659
Inflation,CPIAUCSL,3,month_end,pre_release,2025-06,Inflation Ridge-AR Ensemble,1,3.4388261759264793,3.5536340220520235,3.5215376282329758,-0.0063396571893367904,-0.032096393819047719
Inflation,CPIAUCSL,3,month_end,pre_release,2025-07,Inflation Ridge-AR Ensemble,1,2.3566269040241394,5.9134105228500893,5.9473150365682672,0.24233155404461648,0.033904513718177931
Inflation,CPIAUCSL,3,month_end,pre_release,2025-08,Inflation Ridge-AR Ensemble,1,4.5806691138956523,3.5045711962532646,3.3990024638284266,0.23834934352681625,0.105568732424838
Inflation,CPIAUCSL,3,month_end,pre_release,2025-09,Inflation Ridge-AR Ensemble,1,3.7200600398769268,4.448991946583547,4.448991946583547,0,0
Inflation,CPIAUCSL,3,month_end,pre_release,2025-11,Inflation Ridge-AR Ensemble,1,2.4502664045531475,3.2502909518022065,3.335701041324854,0.14395521979398207,0.085410089522647503
Inflation,CPIAUCSL,3,month_end,pre_release,2025-12,Inflation Ridge-AR Ensemble,1,3.6826071315459785,3.4783779981432854,3.5568438354730381,-0.02589313229128494,-0.078465837329752652
Inflation,CPIAUCSL,3,month_end,pre_release,2026-01,Inflation Ridge-AR Ensemble,1,2.0483625585395515,3.6944822987340507,3.6364930811206477,-0.18755164230429955,-0.057989217613402921
Inflation,CPIAUCSL,3,month_end,pre_release,2026-02,Inflation Ridge-AR Ensemble,1,3.1997670507312392,3.6217778744267237,3.6217778744267237,0,0
Inflation,CPIAUCSL,3,month_end,pre_release,2026-03,Inflation Ridge-AR Ensemble,1,10.337074927015166,4.2795846389902836,4.2253328443381468,0.66020269564945266,0.054251794652136809
Inflation,CPIAUCSL,3,month_end,pre_release,2026-04,Inflation Ridge-AR Ensemble,1,7.6559788889596803,8.0211919348725083,7.9665869166821874,-0.036903222019259635,-0.05460501819032082
Inflation,CPIAUCSL,3,month_end,pre_release,2026-05,Inflation Ridge-AR Ensemble,1,5.6615940286512512,6.7055668942402882,6.7055668942402882,0,0
Inflation,CPIAUCSL,3,month_end,pre_release,2026-06,Inflation Ridge-AR Ensemble,1,-5.0805195408127446,5.9654687109247799,5.9334784207203892,-0.705705360867384,-0.031990290204390703
Inflation,CPILFESL,1,month_open,mid_month,2023-02,Inflation AR(1),1,5.4109378199150626,3.2734033276513177,4.2446508372533387,-3.2088283796910382,-0.971247509602021
Inflation,CPILFESL,1,month_open,mid_month,2023-03,Inflation AR(1),1,4.6084972365690646,4.2446508372533387,4.6080910645176507,-0.13238403731928333,-0.36344022726431202
Inflation,CPILFESL,1,month_open,mid_month,2023-04,Inflation AR(1),1,4.9002158887912373,4.6080910645176507,4.0303956209536063,0.6712503853842543,0.57769544356404445
Inflation,CPILFESL,1,month_open,mid_month,2023-05,Inflation AR(1),1,5.2155904950303977,4.0303956209536063,4.2534883725687713,-0.47904639549273531,-0.22309275161516506
Inflation,CPILFESL,1,month_open,mid_month,2023-06,Inflation AR(1),1,1.8892028838219943,4.2534883725687713,4.498082418709803,1.2164065552578425,0.24459404614103164
Inflation,CPILFESL,1,month_open,mid_month,2023-07,Inflation AR(1),1,1.9134356114534512,4.498082418709803,2.0709089366444111,-6.6556012701137544,-2.4271734820653919
Inflation,CPILFESL,1,month_open,mid_month,2023-08,Inflation AR(1),1,3.3373130933370021,2.0709089366444111,2.0871748565450017,-0.040933876998860752,-0.016265919900590564
Inflation,CPILFESL,1,month_open,mid_month,2023-09,Inflation AR(1),1,3.8689617311792546,2.0871748565450017,3.1126446321767354,-2.6027489123753123,-1.0254697756317337
Inflation,CPILFESL,1,month_open,mid_month,2023-10,Inflation AR(1),1,2.7162863311584573,3.1126446321767354,3.4984640754792737,0.45470212092470458,0.38581944330253837
Inflation,CPILFESL,1,month_open,mid_month,2023-11,Inflation AR(1),1,3.4097929346401656,3.4984640754792737,2.6687769705192728,0.5412420878643075,0.65234482328178478
Inflation,CPILFESL,1,month_open,mid_month,2023-12,Inflation AR(1),1,3.7028361810513388,2.6687769705192728,3.1683860412965097,-0.78364149900224334,-0.49960907077723693
Inflation,CPILFESL,1,month_open,mid_month,2024-01,Inflation AR(1),1,4.6994628665117943,3.1683860412965097,3.3817248867357899,-0.60776286136716973,-0.21333884543928017
Inflation,CPILFESL,1,month_open,mid_month,2024-02,Inflation AR(1),1,4.293317468662039,3.3817248867357899,4.0799917192185884,-0.78549316004735537,-0.69826683248279853
Inflation,CPILFESL,1,month_open,mid_month,2024-03,Inflation AR(1),1,4.3007465415762169,4.0799917192185884,3.7963638366386108,0.20566922144602814,0.28362788257997762
Inflation,CPILFESL,1,month_open,mid_month,2024-04,Inflation AR(1),1,3.4960297145268271,3.7963638366386108,3.8070361245134867,0.0065244021481344339,0.010672287874875952
Inflation,CPILFESL,1,month_open,mid_month,2024-05,Inflation AR(1),1,1.9554491698148269,3.8070361245134867,3.2356559465179586,-1.789444859693635,-0.57138017799552809
Inflation,CPILFESL,1,month_open,mid_month,2024-06,Inflation AR(1),1,0.77676495203746754,3.2356559465179586,2.1417842271367808,-4.1828673013446034,-1.0938717193811778
Inflation,CPILFESL,1,month_open,mid_month,2024-07,Inflation AR(1),1,1.9811120946506833,2.1417842271367808,1.301748871599347,0.4357188546770695,0.51869109056523865
Inflation,CPILFESL,1,month_open,mid_month,2024-08,Inflation AR(1),1,3.3671574140669236,1.301748871599347,2.1561614648965866,-2.7994012583910726,-0.85441259329723929
Inflation,CPILFESL,1,month_open,mid_month,2024-09,Inflation AR(1),1,3.7431240197996374,2.1561614648965866,3.1372536460616796,-2.1513712408910459,-0.981092181165093
Inflation,CPILFESL,1,month_open,mid_month,2024-10,Inflation AR(1),1,3.3584847110301297,3.1372536460616796,3.4057185131516992,-0.04671215204421502,-0.17399726284688066
Inflation,CPILFESL,1,month_open,mid_month,2024-11,Inflation AR(1),1,3.69131922257111,3.4057185131516992,3.1349152226737926,0.22801764588086318,0.27080329047790652
Inflation,CPILFESL,1,month_open,mid_month,2024-12,Inflation AR(1),1,2.6970477578299068,3.1349152226737926,3.372851681746444,0.26498302681217722,0.23793645907265137
Inflation,CPILFESL,1,month_open,mid_month,2025-01,Inflation AR(1),1,5.3441646267824439,3.372851681746444,2.6691598793374203,3.269575671586908,0.70369180240902374
Inflation,CPILFESL,1,month_open,mid_month,2025-02,Inflation AR(1),1,2.7166452189845813,2.6691598793374203,4.5562737733489049,3.3819783605511651,1.7921432147171625
Inflation,CPILFESL,1,month_open,mid_month,2025-03,Inflation AR(1),1,0.67820143281487333,4.5562737733489049,2.6867491610678198,-11.005181101745031,-1.8695246122810851
Inflation,CPILFESL,1,month_open,mid_month,2025-04,Inflation AR(1),1,2.8376507842686749,2.6867491610678198,1.2506675983252058,2.4957443325826305,1.436081562742614
Inflation,CPILFESL,1,month_open,mid_month,2025-05,Inflation AR(1),1,1.5576688590009269,1.2506675983252058,2.7676690824077994,1.3698507665881994,0.90299896273115143
Inflation,CPILFESL,1,month_open,mid_month,2025-06,Inflation AR(1),1,2.7357167584597164,2.7676690824077994,1.8726336702687183,0.74389146611562695,0.8311307642429151
Inflation,CPILFESL,1,month_open,mid_month,2025-07,Inflation AR(1),1,3.8619108814820891,1.8726336702687183,2.6946473358857665,-2.5947196381747477,-0.82201366561704825
Inflation,CPILFESL,1,month_open,mid_month,2025-08,Inflation AR(1),1,4.1442886423073588,2.6946473358857665,3.4814349036415599,-1.6620848384204736,-0.78678756775579339
Inflation,CPILFESL,1,month_open,mid_month,2025-09,Inflation AR(1),1,2.7222557806510395,3.4814349036415599,3.6827124535658062,0.34612407976184745,0.20127754992424629
Inflation,CPILFESL,1,month_open,mid_month,2025-11,Inflation AR(1),1,1.9080731336838852,2.6899808846675644,2.6899808846675644,0,0
Inflation,CPILFESL,1,month_open,mid_month,2025-12,Inflation AR(1),1,2.8672810687485395,2.6899808846675644,2.6899808846675644,0,0
Inflation,CPILFESL,1,month_open,mid_month,2026-02,Inflation AR(1),1,2.5898059744083213,2.6899808846675644,2.6112059016143125,-0.0095770557610256775,-0.078774983053251812
Inflation,CPILFESL,1,month_open,mid_month,2026-03,Inflation AR(1),1,2.3472435020018168,2.6112059016143125,2.6112059016143125,0,0
Inflation,CPILFESL,1,month_open,mid_month,2026-04,Inflation AR(1),1,4.5090466859679879,2.6112059016143125,2.4296315265471926,0.72216776247283754,0.18157437506711993
Inflation,CPILFESL,1,month_open,mid_month,2026-05,Inflation AR(1),1,2.4945507714519977,2.4296315265471926,2.4296315265471926,0,0
Inflation,CPILFESL,1,month_open,mid_month,2026-06,Inflation AR(1),1,-0.19994465863675259,2.4296315265471926,2.4296315265471926,0,0
Inflation,CPILFESL,2,mid_month,month_end,2023-02,Inflation AR(1),1,5.4109378199150626,4.2446508372533387,4.2446508372533387,0,0
Inflation,CPILFESL,2,mid_month,month_end,2023-03,Inflation AR(1),1,4.6084972365690646,4.6080910645176507,4.6080910645176507,0,0
Inflation,CPILFESL,2,mid_month,month_end,2023-04,Inflation AR(1),1,4.9002158887912373,4.0303956209536063,4.0303956209536063,0,0
Inflation,CPILFESL,2,mid_month,month_end,2023-05,Inflation AR(1),1,5.2155904950303977,4.2534883725687713,4.2534883725687713,0,0
Inflation,CPILFESL,2,mid_month,month_end,2023-06,Inflation AR(1),1,1.8892028838219943,4.498082418709803,4.498082418709803,0,0
Inflation,CPILFESL,2,mid_month,month_end,2023-07,Inflation AR(1),1,1.9134356114534512,2.0709089366444111,2.0709089366444111,0,0
Inflation,CPILFESL,2,mid_month,month_end,2023-08,Inflation AR(1),1,3.3373130933370021,2.0871748565450017,2.0871748565450017,0,0
Inflation,CPILFESL,2,mid_month,month_end,2023-09,Inflation AR(1),1,3.8689617311792546,3.1126446321767354,3.1126446321767354,0,0
Inflation,CPILFESL,2,mid_month,month_end,2023-10,Inflation AR(1),1,2.7162863311584573,3.4984640754792737,3.4984640754792737,0,0
Inflation,CPILFESL,2,mid_month,month_end,2023-11,Inflation AR(1),1,3.4097929346401656,2.6687769705192728,2.6687769705192728,0,0
Inflation,CPILFESL,2,mid_month,month_end,2023-12,Inflation AR(1),1,3.7028361810513388,3.1683860412965097,3.1683860412965097,0,0
Inflation,CPILFESL,2,mid_month,month_end,2024-01,Inflation AR(1),1,4.6994628665117943,3.3817248867357899,3.3817248867357899,0,0
Inflation,CPILFESL,2,mid_month,month_end,2024-02,Inflation AR(1),1,4.293317468662039,4.0799917192185884,4.0799917192185884,0,0
Inflation,CPILFESL,2,mid_month,month_end,2024-03,Inflation AR(1),1,4.3007465415762169,3.7963638366386108,3.7963638366386108,0,0
Inflation,CPILFESL,2,mid_month,month_end,2024-04,Inflation AR(1),1,3.4960297145268271,3.8070361245134867,3.8070361245134867,0,0
Inflation,CPILFESL,2,mid_month,month_end,2024-05,Inflation AR(1),1,1.9554491698148269,3.2356559465179586,3.2356559465179586,0,0
Inflation,CPILFESL,2,mid_month,month_end,2024-06,Inflation AR(1),1,0.77676495203746754,2.1417842271367808,2.1417842271367808,0,0
Inflation,CPILFESL,2,mid_month,month_end,2024-07,Inflation AR(1),1,1.9811120946506833,1.301748871599347,1.301748871599347,0,0
Inflation,CPILFESL,2,mid_month,month_end,2024-08,Inflation AR(1),1,3.3671574140669236,2.1561614648965866,2.1561614648965866,0,0
Inflation,CPILFESL,2,mid_month,month_end,2024-09,Inflation AR(1),1,3.7431240197996374,3.1372536460616796,3.1372536460616796,0,0
Inflation,CPILFESL,2,mid_month,month_end,2024-10,Inflation AR(1),1,3.3584847110301297,3.4057185131516992,3.4057185131516992,0,0
Inflation,CPILFESL,2,mid_month,month_end,2024-11,Inflation AR(1),1,3.69131922257111,3.1349152226737926,3.1349152226737926,0,0
Inflation,CPILFESL,2,mid_month,month_end,2024-12,Inflation AR(1),1,2.6970477578299068,3.372851681746444,3.372851681746444,0,0
Inflation,CPILFESL,2,mid_month,month_end,2025-01,Inflation AR(1),1,5.3441646267824439,2.6691598793374203,2.6691598793374203,0,0
Inflation,CPILFESL,2,mid_month,month_end,2025-02,Inflation AR(1),1,2.7166452189845813,4.5562737733489049,4.5562737733489049,0,0
Inflation,CPILFESL,2,mid_month,month_end,2025-03,Inflation AR(1),1,0.67820143281487333,2.6867491610678198,2.6867491610678198,0,0
Inflation,CPILFESL,2,mid_month,month_end,2025-04,Inflation AR(1),1,2.8376507842686749,1.2506675983252058,1.2506675983252058,0,0
Inflation,CPILFESL,2,mid_month,month_end,2025-05,Inflation AR(1),1,1.5576688590009269,2.7676690824077994,2.7676690824077994,0,0
Inflation,CPILFESL,2,mid_month,month_end,2025-06,Inflation AR(1),1,2.7357167584597164,1.8726336702687183,1.8726336702687183,0,0
Inflation,CPILFESL,2,mid_month,month_end,2025-07,Inflation AR(1),1,3.8619108814820891,2.6946473358857665,2.6946473358857665,0,0
Inflation,CPILFESL,2,mid_month,month_end,2025-08,Inflation AR(1),1,4.1442886423073588,3.4814349036415599,3.4814349036415599,0,0
Inflation,CPILFESL,2,mid_month,month_end,2025-09,Inflation AR(1),1,2.7222557806510395,3.6827124535658062,3.6827124535658062,0,0
Inflation,CPILFESL,2,mid_month,month_end,2025-11,Inflation AR(1),1,1.9080731336838852,2.6899808846675644,2.6899808846675644,0,0
Inflation,CPILFESL,2,mid_month,month_end,2025-12,Inflation AR(1),1,2.8672810687485395,2.6899808846675644,2.6899808846675644,0,0
Inflation,CPILFESL,2,mid_month,month_end,2026-01,Inflation AR(1),1,3.5353249355654981,2.6899808846675644,2.6899808846675644,0,0
Inflation,CPILFESL,2,mid_month,month_end,2026-02,Inflation AR(1),1,2.5898059744083213,2.6112059016143125,2.6112059016143125,0,0
Inflation,CPILFESL,2,mid_month,month_end,2026-03,Inflation AR(1),1,2.3472435020018168,2.6112059016143125,2.6112059016143125,0,0
Inflation,CPILFESL,2,mid_month,month_end,2026-04,Inflation AR(1),1,4.5090466859679879,2.4296315265471926,2.4296315265471926,0,0
Inflation,CPILFESL,2,mid_month,month_end,2026-05,Inflation AR(1),1,2.4945507714519977,2.4296315265471926,2.4296315265471926,0,0
Inflation,CPILFESL,2,mid_month,month_end,2026-06,Inflation AR(1),1,-0.19994465863675259,2.4296315265471926,2.4296315265471926,0,0
Inflation,CPILFESL,3,month_end,pre_release,2023-02,Inflation AR(1),1,5.4109378199150626,4.2446508372533387,4.2446508372533387,0,0
Inflation,CPILFESL,3,month_end,pre_release,2023-03,Inflation AR(1),1,4.6084972365690646,4.6080910645176507,4.6080910645176507,0,0
Inflation,CPILFESL,3,month_end,pre_release,2023-04,Inflation AR(1),1,4.9002158887912373,4.0303956209536063,4.0303956209536063,0,0
Inflation,CPILFESL,3,month_end,pre_release,2023-05,Inflation AR(1),1,5.2155904950303977,4.2534883725687713,4.2534883725687713,0,0
Inflation,CPILFESL,3,month_end,pre_release,2023-06,Inflation AR(1),1,1.8892028838219943,4.498082418709803,4.498082418709803,0,0
Inflation,CPILFESL,3,month_end,pre_release,2023-07,Inflation AR(1),1,1.9134356114534512,2.0709089366444111,2.0709089366444111,0,0
Inflation,CPILFESL,3,month_end,pre_release,2023-08,Inflation AR(1),1,3.3373130933370021,2.0871748565450017,2.0871748565450017,0,0
Inflation,CPILFESL,3,month_end,pre_release,2023-09,Inflation AR(1),1,3.8689617311792546,3.1126446321767354,3.1126446321767354,0,0
Inflation,CPILFESL,3,month_end,pre_release,2023-10,Inflation AR(1),1,2.7162863311584573,3.4984640754792737,3.4984640754792737,0,0
Inflation,CPILFESL,3,month_end,pre_release,2023-11,Inflation AR(1),1,3.4097929346401656,2.6687769705192728,2.6687769705192728,0,0
Inflation,CPILFESL,3,month_end,pre_release,2023-12,Inflation AR(1),1,3.7028361810513388,3.1683860412965097,3.1683860412965097,0,0
Inflation,CPILFESL,3,month_end,pre_release,2024-01,Inflation AR(1),1,4.6994628665117943,3.3817248867357899,3.082228272268793,0.87901434947217938,0.29949661446699682
Inflation,CPILFESL,3,month_end,pre_release,2024-02,Inflation AR(1),1,4.293317468662039,4.0799917192185884,4.0799917192185884,0,0
Inflation,CPILFESL,3,month_end,pre_release,2024-03,Inflation AR(1),1,4.3007465415762169,3.7963638366386108,3.7963638366386108,0,0
Inflation,CPILFESL,3,month_end,pre_release,2024-04,Inflation AR(1),1,3.4960297145268271,3.8070361245134867,3.8070361245134867,0,0
Inflation,CPILFESL,3,month_end,pre_release,2024-05,Inflation AR(1),1,1.9554491698148269,3.2356559465179586,3.2356559465179586,0,0
Inflation,CPILFESL,3,month_end,pre_release,2024-06,Inflation AR(1),1,0.77676495203746754,2.1417842271367808,2.1417842271367808,0,0
Inflation,CPILFESL,3,month_end,pre_release,2024-07,Inflation AR(1),1,1.9811120946506833,1.301748871599347,1.301748871599347,0,0
Inflation,CPILFESL,3,month_end,pre_release,2024-08,Inflation AR(1),1,3.3671574140669236,2.1561614648965866,2.1561614648965866,0,0
Inflation,CPILFESL,3,month_end,pre_release,2024-09,Inflation AR(1),1,3.7431240197996374,3.1372536460616796,3.1372536460616796,0,0
Inflation,CPILFESL,3,month_end,pre_release,2024-10,Inflation AR(1),1,3.3584847110301297,3.4057185131516992,3.4057185131516992,0,0
Inflation,CPILFESL,3,month_end,pre_release,2024-11,Inflation AR(1),1,3.69131922257111,3.1349152226737926,3.1349152226737926,0,0
Inflation,CPILFESL,3,month_end,pre_release,2024-12,Inflation AR(1),1,2.6970477578299068,3.372851681746444,3.372851681746444,0,0
Inflation,CPILFESL,3,month_end,pre_release,2025-01,Inflation AR(1),1,5.3441646267824439,2.6691598793374203,2.6691598793374203,0,0
Inflation,CPILFESL,3,month_end,pre_release,2025-02,Inflation AR(1),1,2.7166452189845813,4.5562737733489049,4.5562737733489049,0,0
Inflation,CPILFESL,3,month_end,pre_release,2025-03,Inflation AR(1),1,0.67820143281487333,2.6867491610678198,2.6867491610678198,0,0
Inflation,CPILFESL,3,month_end,pre_release,2025-04,Inflation AR(1),1,2.8376507842686749,1.2506675983252058,1.2506675983252058,0,0
Inflation,CPILFESL,3,month_end,pre_release,2025-05,Inflation AR(1),1,1.5576688590009269,2.7676690824077994,2.7676690824077994,0,0
Inflation,CPILFESL,3,month_end,pre_release,2025-06,Inflation AR(1),1,2.7357167584597164,1.8726336702687183,1.8726336702687183,0,0
Inflation,CPILFESL,3,month_end,pre_release,2025-07,Inflation AR(1),1,3.8619108814820891,2.6946473358857665,2.6946473358857665,0,0
Inflation,CPILFESL,3,month_end,pre_release,2025-08,Inflation AR(1),1,4.1442886423073588,3.4814349036415599,3.4814349036415599,0,0
Inflation,CPILFESL,3,month_end,pre_release,2025-09,Inflation AR(1),1,2.7222557806510395,3.6827124535658062,3.6827124535658062,0,0
Inflation,CPILFESL,3,month_end,pre_release,2025-11,Inflation AR(1),1,1.9080731336838852,2.6899808846675644,2.6899808846675644,0,0
Inflation,CPILFESL,3,month_end,pre_release,2025-12,Inflation AR(1),1,2.8672810687485395,2.6899808846675644,2.6899808846675644,0,0
Inflation,CPILFESL,3,month_end,pre_release,2026-01,Inflation AR(1),1,3.5353249355654981,2.6899808846675644,2.6899808846675644,0,0
Inflation,CPILFESL,3,month_end,pre_release,2026-02,Inflation AR(1),1,2.5898059744083213,2.6112059016143125,2.6112059016143125,0,0
Inflation,CPILFESL,3,month_end,pre_release,2026-03,Inflation AR(1),1,2.3472435020018168,2.6112059016143125,2.6112059016143125,0,0
Inflation,CPILFESL,3,month_end,pre_release,2026-04,Inflation AR(1),1,4.5090466859679879,2.4296315265471926,2.4296315265471926,0,0
Inflation,CPILFESL,3,month_end,pre_release,2026-05,Inflation AR(1),1,2.4945507714519977,2.4296315265471926,2.4296315265471926,0,0
Inflation,CPILFESL,3,month_end,pre_release,2026-06,Inflation AR(1),1,-0.19994465863675259,2.4296315265471926,2.4296315265471926,0,0
Inflation,PCEPI,1,month_open,mid_month,2023-02,Inflation Ridge-AR Ensemble,1,3.1517949298315528,2.0503729549785694,1.7574036157590793,0.73119677007171346,0.29296933921949009
Inflation,PCEPI,1,month_open,mid_month,2023-03,Inflation Ridge-AR Ensemble,1,0.91193354873695398,4.090487032402037,3.6887613018109588,-2.3924298782774089,-0.40172573059107819
Inflation,PCEPI,1,month_open,mid_month,2023-04,Inflation Ridge-AR Ensemble,1,4.3590925437339223,2.4836641511033042,1.9478709478895877,2.296757928381036,0.53579320321371648
Inflation,PCEPI,1,month_open,mid_month,2023-05,Inflation Ridge-AR Ensemble,1,1.5410617006217819,2.281243664693366,2.8406106259821184,1.1409580694683377,0.55936696128875241
Inflation,PCEPI,1,month_open,mid_month,2023-06,Inflation Ridge-AR Ensemble,1,1.9358574497093883,2.7695247958255993,2.5799335793840297,-0.28016718316378086,-0.18959121644156962
Inflation,PCEPI,1,month_open,mid_month,2023-07,Inflation Ridge-AR Ensemble,1,2.5544057811611509,2.0873957260715863,2.0041289357431884,0.084706215048386047,0.083266790328397899
Inflation,PCEPI,1,month_open,mid_month,2023-08,Inflation Ridge-AR Ensemble,1,4.721852085725331,2.6275318620625701,2.7803048827351535,-0.61657165780385581,-0.15277302067258347
Inflation,PCEPI,1,month_open,mid_month,2023-09,Inflation Ridge-AR Ensemble,1,4.269709166791813,3.3430105012042297,3.164687645631199,0.36230214542630979,0.17832285557303074
Inflation,PCEPI,1,month_open,mid_month,2023-10,Inflation Ridge-AR Ensemble,1,0.59330065894869222,3.6795040313389586,4.3825777857334405,4.8339698878210235,0.70307375439448183
Inflation,PCEPI,1,month_open,mid_month,2023-11,Inflation Ridge-AR Ensemble,1,-0.860920908897711,3.6910690634235372,2.9972361366210731,-5.8352369202269649,-0.69383292680246411
Inflation,PCEPI,1,month_open,mid_month,2023-12,Inflation Ridge-AR Ensemble,1,2.0079217012643369,1.5412286283599264,1.9001247035539301,-0.20618223158158402,-0.35889607519400379
Inflation,PCEPI,1,month_open,mid_month,2024-01,Inflation Ridge-AR Ensemble,1,4.1328162960482473,1.7819093066300731,1.6979627003140685,0.40174835976443557,0.083946606316004591
Inflation,PCEPI,1,month_open,mid_month,2024-02,Inflation Ridge-AR Ensemble,1,3.9898815716419733,2.3037181514816734,2.550692528042775,-0.77188197627070521,-0.24697437656110166
Inflation,PCEPI,1,month_open,mid_month,2024-03,Inflation Ridge-AR Ensemble,1,3.86713396031233,3.8409908087246132,3.3987795183606782,0.21867241892090489,0.44221129036393503
Inflation,PCEPI,1,month_open,mid_month,2024-04,Inflation Ridge-AR Ensemble,1,3.0752100527589477,3.1065058843381212,3.0932900407837476,-0.00065254310725509023,-0.013215843554373663
Inflation,PCEPI,1,month_open,mid_month,2024-05,Inflation Ridge-AR Ensemble,1,-0.097480930346449668,2.9080236277009917,2.7585741802115127,-0.8760068538996908,-0.14944944748947897
Inflation,PCEPI,1,month_open,mid_month,2024-06,Inflation Ridge-AR Ensemble,1,0.94484742430545055,2.6439924879272207,2.5053488316465611,-0.45192930491664285,-0.13864365628065967
Inflation,PCEPI,1,month_open,mid_month,2024-07,Inflation Ridge-AR Ensemble,1,1.8591450193301995,1.1501665428206471,1.4273957238159647,-0.31624302597676779,-0.27722918099531757
Inflation,PCEPI,1,month_open,mid_month,2024-08,Inflation Ridge-AR Ensemble,1,1.0872555632399639,1.8318224962183947,1.814981679312532,-0.024794617670842123,-0.016840816905862699
Inflation,PCEPI,1,month_open,mid_month,2024-09,Inflation Ridge-AR Ensemble,1,2.1030278800367341,1.0991369357129259,1.4469090784451741,-0.57730514629340257,-0.34777214273224821
Inflation,PCEPI,1,month_open,mid_month,2024-10,Inflation Ridge-AR Ensemble,1,2.853033899934232,2.0670729468585654,1.6493528690328785,0.83111340439213477,0.41772007782568688
Inflation,PCEPI,1,month_open,mid_month,2024-11,Inflation Ridge-AR Ensemble,1,1.5349653145793951,2.3772494030542202,2.553026283068903,0.32700564986392777,0.17577688001468283
Inflation,PCEPI,1,month_open,mid_month,2024-12,Inflation Ridge-AR Ensemble,1,3.063929851709446,2.7038688015822281,2.3825593659244211,0.33462177908020585,0.32130943565780701
Inflation,PCEPI,1,month_open,mid_month,2025-01,Inflation Ridge-AR Ensemble,1,3.8984766867979914,2.1529691362527448,2.1704424568612097,-0.060694309177260486,-0.017473320608464959
Inflation,PCEPI,1,month_open,mid_month,2025-02,Inflation Ridge-AR Ensemble,1,3.9331903834629145,2.8515741577376508,3.1971739363537734,-0.6281734493370017,-0.34559977861612268
Inflation,PCEPI,1,month_open,mid_month,2025-03,Inflation Ridge-AR Ensemble,1,-0.53435115386761822,3.1593031092443611,2.9144251657044444,-1.7490237129642772,-0.24487794353991665
Inflation,PCEPI,1,month_open,mid_month,2025-04,Inflation Ridge-AR Ensemble,1,1.201745492554096,2.8391775785992737,2.9914402798063611,0.52182359510766796,0.1522627012070874
Inflation,PCEPI,1,month_open,mid_month,2025-05,Inflation Ridge-AR Ensemble,1,1.6282550732857004,2.0604017679213738,2.1692148662867154,0.10588673195916315,0.1088130983653417
Inflation,PCEPI,1,month_open,mid_month,2025-06,Inflation Ridge-AR Ensemble,1,3.3613467356538251,2.7992394679790582,3.3180411403865691,-0.3140892057913407,-0.51880167240751085
Inflation,PCEPI,1,month_open,mid_month,2025-07,Inflation Ridge-AR Ensemble,1,2.3685838825748817,4.4424028647629994,4.3021316850109281,-0.56211806657849595,-0.14027117975207126
Inflation,PCEPI,1,month_open,mid_month,2025-08,Inflation Ridge-AR Ensemble,1,3.1718828697414381,3.2385139289265865,3.6333968728520816,0.20855547701907629,0.39488294392549506
Inflation,PCEPI,1,month_open,mid_month,2025-09,Inflation Ridge-AR Ensemble,1,3.2199871816310122,3.4205891346923449,2.8519927435991628,0.095178762850355481,0.16739248497051662
Inflation,PCEPI,1,month_open,mid_month,2025-10,Inflation Ridge-AR Ensemble,1,1.9072005517838164,2.7864766626258715,2.7836587452223074,-0.0049475142520666315,-0.0028179174035640742
Inflation,PCEPI,1,month_open,mid_month,2025-11,Inflation Ridge-AR Ensemble,1,2.4851427874558851,2.2563883012891135,2.2713352891179328,-0.0066149685958902318,-0.014946987828819314
Inflation,PCEPI,1,month_open,mid_month,2026-02,Inflation Ridge-AR Ensemble,1,4.4951177501893369,3.4000424553965454,3.1842326163840267,0.51922993276624707,0.21580983901251871
Inflation,PCEPI,1,month_open,mid_month,2026-03,Inflation Ridge-AR Ensemble,1,7.9437456213664603,3.3327028503537415,3.4068118816655786,-0.67794767767242803,-0.074109031311837548
Inflation,PCEPI,1,month_open,mid_month,2026-04,Inflation Ridge-AR Ensemble,1,4.7856219395313815,4.7129198175604898,5.0289433372304195,0.053919704039143028,0.17061927572814639
Inflation,PCEPI,1,month_open,mid_month,2026-05,Inflation Ridge-AR Ensemble,1,5.3858700130746229,4.7055476137673597,5.5781703549834418,-0.4258591455009425,-0.48802205739844418
Inflation,PCEPI,2,mid_month,month_end,2023-02,Inflation Ridge-AR Ensemble,1,3.1517949298315528,1.7574036157590793,3.9638205612147392,-1.2849415107374971,-0.58236568268928712
Inflation,PCEPI,2,mid_month,month_end,2023-03,Inflation Ridge-AR Ensemble,1,0.91193354873695398,3.6887613018109588,2.8091938490218666,-4.1111757232048296,-0.87956745278909221
Inflation,PCEPI,2,mid_month,month_end,2023-04,Inflation Ridge-AR Ensemble,1,4.3590925437339223,1.9478709478895877,1.3855353964515347,3.0280525238880713,0.56233555143805303
Inflation,PCEPI,2,mid_month,month_end,2023-05,Inflation Ridge-AR Ensemble,1,1.5410617006217819,2.8406106259821184,3.5972466341430125,2.5390690714345014,0.75663600816089405
Inflation,PCEPI,2,mid_month,month_end,2023-06,Inflation Ridge-AR Ensemble,1,1.9358574497093883,2.5799335793840297,1.8874312738246175,-0.41248896630584264,-0.59564995378987051
Inflation,PCEPI,2,mid_month,month_end,2023-07,Inflation Ridge-AR Ensemble,1,2.5544057811611509,2.0041289357431884,2.0592276200470914,-0.057603195358842729,-0.055098684303902967
Inflation,PCEPI,2,mid_month,month_end,2023-08,Inflation Ridge-AR Ensemble,1,4.721852085725331,2.7803048827351535,2.8478719684151157,-0.25780406136497325,-0.067567085679962169
Inflation,PCEPI,2,mid_month,month_end,2023-09,Inflation Ridge-AR Ensemble,1,4.269709166791813,3.164687645631199,3.643984190114089,-0.82954081578977912,-0.47929654448289005
Inflation,PCEPI,2,mid_month,month_end,2023-10,Inflation Ridge-AR Ensemble,1,0.59330065894869222,4.3825777857334405,4.2730245637398268,-0.81825312808276252,-0.10955322199361373
Inflation,PCEPI,2,mid_month,month_end,2023-11,Inflation Ridge-AR Ensemble,1,-0.860920908897711,2.9972361366210731,1.9008303643281526,-7.2581056927215544,-1.0964057722929206
Inflation,PCEPI,2,mid_month,month_end,2023-12,Inflation Ridge-AR Ensemble,1,2.0079217012643369,1.9001247035539301,1.3253694608305671,0.45425736820578128,0.57475524272336309
Inflation,PCEPI,2,mid_month,month_end,2024-01,Inflation Ridge-AR Ensemble,1,4.1328162960482473,1.6979627003140685,2.5466649864441591,-3.4126360557008955,-0.84870228613009058
Inflation,PCEPI,2,mid_month,month_end,2024-02,Inflation Ridge-AR Ensemble,1,3.9898815716419733,2.550692528042775,3.4665534688799848,-1.7973928000755128,-0.91586094083720981
Inflation,PCEPI,2,mid_month,month_end,2024-03,Inflation Ridge-AR Ensemble,1,3.86713396031233,3.3987795183606782,3.3404442031499175,0.058046217003957817,0.05833531521076063
Inflation,PCEPI,2,mid_month,month_end,2024-04,Inflation Ridge-AR Ensemble,1,3.0752100527589477,3.0932900407837476,3.0846554269204072,-0.00023767087392694182,-0.0086346138633404124
Inflation,PCEPI,2,mid_month,month_end,2024-05,Inflation Ridge-AR Ensemble,1,-0.097480930346449668,2.7585741802115127,2.5158372866391137,-1.3276186913156502,-0.24273689357239903
Inflation,PCEPI,2,mid_month,month_end,2024-06,Inflation Ridge-AR Ensemble,1,0.94484742430545055,2.5053488316465611,1.4984184878814772,-2.1287237198848934,-1.0069303437650838
Inflation,PCEPI,2,mid_month,month_end,2024-07,Inflation Ridge-AR Ensemble,1,1.8591450193301995,1.4273957238159647,1.6748233773129459,-0.15243298646110148,-0.24742765349698126
Inflation,PCEPI,2,mid_month,month_end,2024-08,Inflation Ridge-AR Ensemble,1,1.0872555632399639,1.814981679312532,2.099894369883601,0.49585205270658461,0.28491269057106905
Inflation,PCEPI,2,mid_month,month_end,2024-09,Inflation Ridge-AR Ensemble,1,2.1030278800367341,1.4469090784451741,1.2089357072154092,0.3689089316984131,0.23797337122976492
Inflation,PCEPI,2,mid_month,month_end,2024-10,Inflation Ridge-AR Ensemble,1,2.853033899934232,1.6493528690328785,1.9481244448835904,-0.62998690231169585,-0.2987715758507119
Inflation,PCEPI,2,mid_month,month_end,2024-11,Inflation Ridge-AR Ensemble,1,1.5349653145793951,2.553026283068903,2.8174842198848107,0.60840660690400683,0.26445793681590768
Inflation,PCEPI,2,mid_month,month_end,2024-12,Inflation Ridge-AR Ensemble,1,3.063929851709446,2.3825593659244211,1.9210941903573679,0.84180760995912074,0.46146517556705313
Inflation,PCEPI,2,mid_month,month_end,2025-01,Inflation Ridge-AR Ensemble,1,3.8984766867979914,2.1704424568612097,2.6688534630733485,-1.4741290275102228,-0.49841100621213874
Inflation,PCEPI,2,mid_month,month_end,2025-02,Inflation Ridge-AR Ensemble,1,3.9331903834629145,3.1971739363537734,3.4577550909253039,-0.31568149302483961,-0.26058115457153042
Inflation,PCEPI,2,mid_month,month_end,2025-03,Inflation Ridge-AR Ensemble,1,-0.53435115386761822,2.9144251657044444,2.9265745677450763,0.083948748079327729,0.012149402040631863
Inflation,PCEPI,2,mid_month,month_end,2025-04,Inflation Ridge-AR Ensemble,1,1.201745492554096,2.9914402798063611,1.4890633887900195,-3.1204558580204935,-1.5023768910163415
Inflation,PCEPI,2,mid_month,month_end,2025-05,Inflation Ridge-AR Ensemble,1,1.6282550732857004,2.1692148662867154,2.4779511385243698,0.42934590563837605,0.30873627223765432
Inflation,PCEPI,2,mid_month,month_end,2025-06,Inflation Ridge-AR Ensemble,1,3.3613467356538251,3.3180411403865691,3.2107049204843667,0.020817581896097875,0.10733621990220232
Inflation,PCEPI,2,mid_month,month_end,2025-07,Inflation Ridge-AR Ensemble,1,2.3685838825748817,4.3021316850109281,4.7346541977414143,1.8596816320069904,0.43252251273048614
Inflation,PCEPI,2,mid_month,month_end,2025-08,Inflation Ridge-AR Ensemble,1,3.1718828697414381,3.6333968728520816,3.1592673229233528,-0.21283602304569174,-0.4488984562925582
Inflation,PCEPI,2,mid_month,month_end,2025-09,Inflation Ridge-AR Ensemble,1,3.2199871816310122,2.8519927435991628,3.2164497144087476,-0.13540739274802804,-0.36445697080958483
Inflation,PCEPI,2,mid_month,month_end,2025-10,Inflation Ridge-AR Ensemble,1,1.9072005517838164,2.7836587452223074,2.3473475659316234,-0.57444957078223347,-0.43631117929068397
Inflation,PCEPI,2,mid_month,month_end,2025-11,Inflation Ridge-AR Ensemble,1,2.4851427874558851,2.2713352891179328,2.7796539572480956,0.041023182786842756,0.080703671454258163
Inflation,PCEPI,2,mid_month,month_end,2025-12,Inflation Ridge-AR Ensemble,1,4.2624502468136427,3.0118824710035232,3.0228360011481534,-0.02727628383784908,-0.010953530144630186
Inflation,PCEPI,2,mid_month,month_end,2026-02,Inflation Ridge-AR Ensemble,1,4.4951177501893369,3.1842326163840267,3.1066058060491164,0.20954558498828857,0.077626810334910257
Inflation,PCEPI,2,mid_month,month_end,2026-03,Inflation Ridge-AR Ensemble,1,7.9437456213664603,3.4068118816655786,3.5224892504224532,-1.0362598608232467,-0.11567736875687373
Inflation,PCEPI,2,mid_month,month_end,2026-04,Inflation Ridge-AR Ensemble,1,4.7856219395313815,5.0289433372304195,6.1247359619296979,1.7340210624055854,1.0957926246992784
Inflation,PCEPI,2,mid_month,month_end,2026-05,Inflation Ridge-AR Ensemble,1,5.3858700130746229,5.5781703549834418,4.6367287602059788,0.52423319525135315,0.55684091095982513
Inflation,PCEPI,3,month_end,pre_release,2023-02,Inflation Ridge-AR Ensemble,1,3.1517949298315528,3.9638205612147392,3.8951077957524625,-0.10687160937970641,-0.068712765462276781
Inflation,PCEPI,3,month_end,pre_release,2023-03,Inflation Ridge-AR Ensemble,1,0.91193354873695398,2.8091938490218666,2.9128689380241028,0.40414578506451715,0.10367508900223621
Inflation,PCEPI,3,month_end,pre_release,2023-04,Inflation Ridge-AR Ensemble,1,4.3590925437339223,1.3855353964515347,1.5130575936024484,-0.74212717078430934,-0.12752219715091373
Inflation,PCEPI,3,month_end,pre_release,2023-05,Inflation Ridge-AR Ensemble,1,1.5410617006217819,3.5972466341430125,3.5618483062314472,-0.14431797542827418,-0.035398327911565275
Inflation,PCEPI,3,month_end,pre_release,2023-06,Inflation Ridge-AR Ensemble,1,1.9358574497093883,1.8874312738246175,1.7462973416641714,0.033587940051291565,0.14113393216044612
Inflation,PCEPI,3,month_end,pre_release,2023-07,Inflation Ridge-AR Ensemble,1,2.5544057811611509,2.0592276200470914,2.1159937809232767,-0.052996329291727706,-0.056766160876185356
Inflation,PCEPI,3,month_end,pre_release,2023-08,Inflation Ridge-AR Ensemble,1,4.721852085725331,2.8478719684151157,2.8304484560414753,0.065606210307255441,0.017423512373640371
Inflation,PCEPI,3,month_end,pre_release,2023-09,Inflation Ridge-AR Ensemble,1,4.269709166791813,3.643984190114089,3.8207970912171572,-0.19000969484159269,-0.17681290110306813
Inflation,PCEPI,3,month_end,pre_release,2023-10,Inflation Ridge-AR Ensemble,1,0.59330065894869222,4.2730245637398268,4.345314958015889,0.53724328491339435,0.072290394276062209
Inflation,PCEPI,3,month_end,pre_release,2023-11,Inflation Ridge-AR Ensemble,1,-0.860920908897711,1.9008303643281526,1.8848073647841446,-0.088246342268734956,-0.016022999544007988
Inflation,PCEPI,3,month_end,pre_release,2023-12,Inflation Ridge-AR Ensemble,1,2.0079217012643369,1.3253694608305671,1.3490593342150463,-0.031777942207364629,-0.023689873384479254
Inflation,PCEPI,3,month_end,pre_release,2024-01,Inflation Ridge-AR Ensemble,1,4.1328162960482473,2.5466649864441591,2.5936717589058089,-0.14691007074335305,-0.047006772461649859
Inflation,PCEPI,3,month_end,pre_release,2024-02,Inflation Ridge-AR Ensemble,1,3.9898815716419733,3.4665534688799848,3.4989105131241445,-0.032819722838345083,-0.032357044244159638
Inflation,PCEPI,3,month_end,pre_release,2024-03,Inflation Ridge-AR Ensemble,1,3.86713396031233,3.3404442031499175,3.3797487507819897,-0.039857757830867285,-0.03930454763207214
Inflation,PCEPI,3,month_end,pre_release,2024-04,Inflation Ridge-AR Ensemble,1,3.0752100527589477,3.0846554269204072,3.0132579658828496,0.0037488459752536393,0.052506712714638581
Inflation,PCEPI,3,month_end,pre_release,2024-05,Inflation Ridge-AR Ensemble,1,-0.097480930346449668,2.5158372866391137,2.5664904840863225,0.26731159368634039,0.050653197447208864
Inflation,PCEPI,3,month_end,pre_release,2024-06,Inflation Ridge-AR Ensemble,1,0.94484742430545055,1.4984184878814772,1.5318442405626991,0.038124339867452561,0.033425752681221832
Inflation,PCEPI,3,month_end,pre_release,2024-07,Inflation Ridge-AR Ensemble,1,1.8591450193301995,1.6748233773129459,1.6851275342947991,-0.0036923826178907743,-0.010304156981853163
Inflation,PCEPI,3,month_end,pre_release,2024-08,Inflation Ridge-AR Ensemble,1,1.0872555632399639,2.099894369883601,2.0738313591155917,-0.052105551713021003,-0.02606301076800932
Inflation,PCEPI,3,month_end,pre_release,2024-09,Inflation Ridge-AR Ensemble,1,2.1030278800367341,1.2089357072154092,1.2685638440822262,-0.10307058619887166,-0.059628136866817005
Inflation,PCEPI,3,month_end,pre_release,2024-10,Inflation Ridge-AR Ensemble,1,2.853033899934232,1.9481244448835904,1.9122228459205588,0.066264317514269533,0.035901598963031578
Inflation,PCEPI,3,month_end,pre_release,2024-11,Inflation Ridge-AR Ensemble,1,1.5349653145793951,2.8174842198848107,2.9572351826784091,0.377996835236585,0.13975096279359844
Inflation,PCEPI,3,month_end,pre_release,2024-12,Inflation Ridge-AR Ensemble,1,3.063929851709446,1.9210941903573679,1.8744740483734459,0.10873175923164768,0.046620141983922059
Inflation,PCEPI,3,month_end,pre_release,2025-01,Inflation Ridge-AR Ensemble,1,3.8984766867979914,2.6688534630733485,2.5791379374743126,0.22868146314398574,0.089715525599035839
Inflation,PCEPI,3,month_end,pre_release,2025-02,Inflation Ridge-AR Ensemble,1,3.9331903834629145,3.4577550909253039,3.4429742910785097,0.01427309984231187,0.014780799846794146
Inflation,PCEPI,3,month_end,pre_release,2025-03,Inflation Ridge-AR Ensemble,1,-0.53435115386761822,2.9265745677450763,2.9089682081807888,-0.12155862146290097,-0.017606359564287466
Inflation,PCEPI,3,month_end,pre_release,2025-04,Inflation Ridge-AR Ensemble,1,1.201745492554096,1.4890633887900195,1.7391528804586223,0.206255127076929,0.25008949166860273
Inflation,PCEPI,3,month_end,pre_release,2025-05,Inflation Ridge-AR Ensemble,1,1.6282550732857004,2.4779511385243698,2.5517206428433434,0.13080525487634498,0.073769504318973667
Inflation,PCEPI,3,month_end,pre_release,2025-06,Inflation Ridge-AR Ensemble,1,3.3613467356538251,3.2107049204843667,3.2595712558402017,-0.012334708186255993,-0.048866335355834956
Inflation,PCEPI,3,month_end,pre_release,2025-07,Inflation Ridge-AR Ensemble,1,2.3685838825748817,4.7346541977414143,4.8163186279766927,0.39311664753501407,0.081664430235278473
Inflation,PCEPI,3,month_end,pre_release,2025-08,Inflation Ridge-AR Ensemble,1,3.1718828697414381,3.1592673229233528,3.0445336246035675,0.016058678215666158,0.1147336983197853
Inflation,PCEPI,3,month_end,pre_release,2025-09,Inflation Ridge-AR Ensemble,1,3.2199871816310122,3.2164497144087476,3.3960581483582311,0.030988471649908825,0.17253349950495434
Inflation,PCEPI,3,month_end,pre_release,2025-10,Inflation Ridge-AR Ensemble,1,1.9072005517838164,2.3473475659316234,2.6802290609651966,0.40384368194395742,0.33288149503357323
Inflation,PCEPI,3,month_end,pre_release,2025-11,Inflation Ridge-AR Ensemble,1,2.4851427874558851,2.7796539572480956,2.9831628888116928,0.16128719222207269,0.20350893156359717
Inflation,PCEPI,3,month_end,pre_release,2025-12,Inflation Ridge-AR Ensemble,1,4.2624502468136427,3.0228360011481534,2.7718137281641253,0.68535375267473286,0.25102227298402813
Inflation,PCEPI,3,month_end,pre_release,2026-01,Inflation Ridge-AR Ensemble,1,3.298343588451047,2.9338135248013257,2.980705857918283,-0.031988439446465067,-0.046892333116957285
Inflation,PCEPI,3,month_end,pre_release,2026-02,Inflation Ridge-AR Ensemble,1,4.4951177501893369,3.1066058060491164,3.0288813701475812,0.22188370313789707,0.077724435901535216
Inflation,PCEPI,3,month_end,pre_release,2026-03,Inflation Ridge-AR Ensemble,1,7.9437456213664603,3.5224892504224532,3.9923269027278678,-3.933798007605521,-0.46983765230541508
Inflation,PCEPI,3,month_end,pre_release,2026-04,Inflation Ridge-AR Ensemble,1,4.7856219395313815,6.1247359619296979,6.2058880685915101,0.22392951237164316,0.081152106661812162
Inflation,PCEPI,3,month_end,pre_release,2026-05,Inflation Ridge-AR Ensemble,1,5.3858700130746229,4.6367287602059788,4.5271138336448535,0.17624955895921246,0.10961492656112526
Inflation,PCEPILFE,1,month_open,mid_month,2023-02,Inflation Ridge-AR Ensemble,1,3.5927744819368002,3.2560405483461943,3.1111018662580676,0.1186187666633894,0.14493868208812666
Inflation,PCEPILFE,1,month_open,mid_month,2023-03,Inflation Ridge-AR Ensemble,1,3.3620345288436937,4.7558020941368611,4.74861339247731,-0.019987080987752925,-0.0071887016595511
Inflation,PCEPILFE,1,month_open,mid_month,2023-04,Inflation Ridge-AR Ensemble,1,4.554585141444889,3.112524136446944,2.9720535801079642,0.42486620049180202,0.14047055633897987
Inflation,PCEPILFE,1,month_open,mid_month,2023-05,Inflation Ridge-AR Ensemble,1,3.770491061349901,2.9446630265344149,3.0377435746158108,-0.14507306377208196,-0.093080548081395875
Inflation,PCEPILFE,1,month_open,mid_month,2023-06,Inflation Ridge-AR Ensemble,1,1.9843224364830547,3.4265281488837274,3.4947779912316284,0.20151866598968926,0.068249842347900991
Inflation,PCEPILFE,1,month_open,mid_month,2023-07,Inflation Ridge-AR Ensemble,1,2.587969751250796,3.3607058219853858,2.9055926623271482,-0.49623672137371666,-0.45511315965823762
Inflation,PCEPILFE,1,month_open,mid_month,2023-08,Inflation Ridge-AR Ensemble,1,1.7367228667325207,1.9903083999228437,2.0399197039859871,0.027622699477084581,0.049611304063143402
Inflation,PCEPILFE,1,month_open,mid_month,2023-09,Inflation Ridge-AR Ensemble,1,3.5771121539678319,2.8224474341634354,2.5492192762479533,0.48704492874980498,0.27322815791548205
Inflation,PCEPILFE,1,month_open,mid_month,2023-10,Inflation Ridge-AR Ensemble,1,1.9598534466631179,2.3326398585466408,2.358697292756442,0.020106704681523646,0.026057434209801222
Inflation,PCEPILFE,1,month_open,mid_month,2023-11,Inflation Ridge-AR Ensemble,1,0.69967933346966049,3.4315813193227953,3.2869197761677444,-0.76947535197572492,-0.14466154315505086
Inflation,PCEPILFE,1,month_open,mid_month,2023-12,Inflation Ridge-AR Ensemble,1,2.0567268806672701,1.982101435995457,2.1202744460558463,-0.0015306639256504693,-0.011077879283236891
Inflation,PCEPILFE,1,month_open,mid_month,2024-01,Inflation Ridge-AR Ensemble,1,4.9768647459384141,1.4415446161761953,1.4741096702389063,-0.22919529956328866,-0.032565054062711152
Inflation,PCEPILFE,1,month_open,mid_month,2024-02,Inflation Ridge-AR Ensemble,1,3.1337047897789461,2.0991468480944784,2.2351403993399663,-0.26289217093742723,-0.13599355124548795
Inflation,PCEPILFE,1,month_open,mid_month,2024-03,Inflation Ridge-AR Ensemble,1,3.7950008157764614,4.1239022489893697,3.7265151765484452,-0.1034858699890352,-0.26041579398489212
Inflation,PCEPILFE,1,month_open,mid_month,2024-04,Inflation Ridge-AR Ensemble,1,2.9862652209914131,2.708278250258509,2.8575960208117248,-0.060720992822375794,-0.14931777055321582
Inflation,PCEPILFE,1,month_open,mid_month,2024-05,Inflation Ridge-AR Ensemble,1,0.9934874680656236,2.9510224746370977,2.8021123417961875,-0.56081936807588262,-0.14891013284091015
Inflation,PCEPILFE,1,month_open,mid_month,2024-06,Inflation Ridge-AR Ensemble,1,2.1798014389048603,2.6617033670898813,2.7481353345590627,0.090773948561040652,0.086431967469181359
Inflation,PCEPILFE,1,month_open,mid_month,2024-07,Inflation Ridge-AR Ensemble,1,1.9319964454560079,1.6467887810560149,1.6824452205065705,-0.019067597958734347,-0.035656439450555633
Inflation,PCEPILFE,1,month_open,mid_month,2024-08,Inflation Ridge-AR Ensemble,1,1.5637346144796282,2.1452044563035226,2.024486075097899,-0.12581526848883481,-0.12071838120562361
Inflation,PCEPILFE,1,month_open,mid_month,2024-09,Inflation Ridge-AR Ensemble,1,3.0422716309459474,1.6128687615607082,1.8519793164035296,-0.62639676894800922,-0.2391105548428214
Inflation,PCEPILFE,1,month_open,mid_month,2024-10,Inflation Ridge-AR Ensemble,1,3.2676103922955946,1.8655968609756599,1.7418069636247504,0.36243416093951053,0.12378989735090951
Inflation,PCEPILFE,1,month_open,mid_month,2024-11,Inflation Ridge-AR Ensemble,1,1.3783286855243659,2.4353234693967205,2.4891478627283155,0.11668127131069395,0.053824393331594944
Inflation,PCEPILFE,1,month_open,mid_month,2024-12,Inflation Ridge-AR Ensemble,1,1.8707672236683237,2.8886630116977807,2.8947526613583627,0.012434341313151354,0.0060896496605820083
Inflation,PCEPILFE,1,month_open,mid_month,2025-01,Inflation Ridge-AR Ensemble,1,3.4117977999773785,1.4740130213264169,1.4746754663775525,-0.0025669130401211326,-0.00066244505113566277
Inflation,PCEPILFE,1,month_open,mid_month,2025-02,Inflation Ridge-AR Ensemble,1,4.3732037451999162,2.1213536731540685,2.282363937800862,-0.69921764676837572,-0.16101026464679347
Inflation,PCEPILFE,1,month_open,mid_month,2025-03,Inflation Ridge-AR Ensemble,1,0.33590729178136769,2.9404199319806739,3.0880743956801622,0.79093767482471744,0.14765446369948831
Inflation,PCEPILFE,1,month_open,mid_month,2025-04,Inflation Ridge-AR Ensemble,1,1.3903484217941298,3.4042437915473056,3.4920008344775733,0.36116830342485873,0.087757042930267648
Inflation,PCEPILFE,1,month_open,mid_month,2025-05,Inflation Ridge-AR Ensemble,1,2.143541239825808,1.8309688974720399,1.8488861551493698,-0.010879850278842224,-0.017917257677329879
Inflation,PCEPILFE,1,month_open,mid_month,2025-06,Inflation Ridge-AR Ensemble,1,3.07225203791468,2.496935371233632,2.7934146496573353,-0.25323897787081495,-0.29647927842370336
Inflation,PCEPILFE,1,month_open,mid_month,2025-07,Inflation Ridge-AR Ensemble,1,3.2740877378866884,3.4582175965889963,3.3646551083827387,-0.025701356267163026,-0.093562488206257566
Inflation,PCEPILFE,1,month_open,mid_month,2025-08,Inflation Ridge-AR Ensemble,1,2.7212078521923644,3.2170305256576723,3.2984188951163085,0.087332464551061806,0.081388369458636145
Inflation,PCEPILFE,1,month_open,mid_month,2025-09,Inflation Ridge-AR Ensemble,1,2.374861315144372,3.1044035270840009,2.9094635591066682,-0.24643227975224397,-0.19493996797733271
Inflation,PCEPILFE,1,month_open,mid_month,2025-10,Inflation Ridge-AR Ensemble,1,2.4928010475139928,2.6161458399394668,2.6153311202820313,-0.00020031908594246237,-0.00081471965743551422
Inflation,PCEPILFE,1,month_open,mid_month,2025-11,Inflation Ridge-AR Ensemble,1,1.9227148316979026,2.4592895351418456,2.4399807066671904,-0.020348426968212485,-0.019308828474655204
Inflation,PCEPILFE,1,month_open,mid_month,2026-02,Inflation Ridge-AR Ensemble,1,4.3942252510010604,2.7714319121038571,2.869253938797268,-0.30792071772457685,-0.097822026693410891
Inflation,PCEPILFE,1,month_open,mid_month,2026-03,Inflation Ridge-AR Ensemble,1,3.5138300728842609,3.1695094503635253,3.2851868760189356,-0.066278979620270975,-0.11567742565541028
Inflation,PCEPILFE,1,month_open,mid_month,2026-04,Inflation Ridge-AR Ensemble,1,2.8638636343949031,3.4804470196591017,3.8958184845701433,0.68475574181634347,0.4153714649110416
Inflation,PCEPILFE,1,month_open,mid_month,2026-05,Inflation Ridge-AR Ensemble,1,3.834474232723295,3.3221709484101036,3.458278550263667,-0.12093146361681739,-0.13610760185356341
Inflation,PCEPILFE,2,mid_month,month_end,2023-02,Inflation Ridge-AR Ensemble,1,3.5927744819368002,3.1111018662580676,4.4881965585447192,0.56977218658204609,0.41374946092918652
Inflation,PCEPILFE,2,mid_month,month_end,2023-03,Inflation Ridge-AR Ensemble,1,3.3620345288436937,4.74861339247731,3.5022228244566791,-1.9029481868486169,-1.2463905680206309
Inflation,PCEPILFE,2,mid_month,month_end,2023-04,Inflation Ridge-AR Ensemble,1,4.554585141444889,2.9720535801079642,2.8686836239007301,0.33785778423021284,0.1033699562072341
Inflation,PCEPILFE,2,mid_month,month_end,2023-05,Inflation Ridge-AR Ensemble,1,3.770491061349901,3.0377435746158108,3.5132836018866676,-0.47076320211159484,-0.47554002727085676
Inflation,PCEPILFE,2,mid_month,month_end,2023-06,Inflation Ridge-AR Ensemble,1,1.9843224364830547,3.4947779912316284,3.202231936124182,-0.79817243355472001,-0.29254605510744636
Inflation,PCEPILFE,2,mid_month,month_end,2023-07,Inflation Ridge-AR Ensemble,1,2.587969751250796,2.9055926623271482,2.1994925972540766,0.050030185536774463,0.070854242920367128
Inflation,PCEPILFE,2,mid_month,month_end,2023-08,Inflation Ridge-AR Ensemble,1,1.7367228667325207,2.0399197039859871,2.2808106774033297,0.20410322360004907,0.24089097341734256
Inflation,PCEPILFE,2,mid_month,month_end,2023-09,Inflation Ridge-AR Ensemble,1,3.5771121539678319,2.5492192762479533,2.1943770459420979,0.85539261089968499,0.35484223030585538
Inflation,PCEPILFE,2,mid_month,month_end,2023-10,Inflation Ridge-AR Ensemble,1,1.9598534466631179,2.358697292756442,3.2044899196642112,1.3900435363580859,0.84579262690776913
Inflation,PCEPILFE,2,mid_month,month_end,2023-11,Inflation Ridge-AR Ensemble,1,0.69967933346966049,3.2869197761677444,2.5660591621151259,-3.2104394435579007,-0.72086061405261859
Inflation,PCEPILFE,2,mid_month,month_end,2023-12,Inflation Ridge-AR Ensemble,1,2.0567268806672701,2.1202744460558463,1.4667090803955993,0.34408271157060577,0.52647023488309452
Inflation,PCEPILFE,2,mid_month,month_end,2024-01,Inflation Ridge-AR Ensemble,1,4.9768647459384141,1.4741096702389063,2.1013189841132567,-4.0005296919880386,-0.62720931387435019
Inflation,PCEPILFE,2,mid_month,month_end,2024-02,Inflation Ridge-AR Ensemble,1,3.1337047897789461,2.2351403993399663,3.7086294010718479,-0.47687965509468094,-0.32363977914607789
Inflation,PCEPILFE,2,mid_month,month_end,2024-03,Inflation Ridge-AR Ensemble,1,3.7950008157764614,3.7265151765484452,2.9026661434262806,0.79157088469783454,0.82384903312216462
Inflation,PCEPILFE,2,mid_month,month_end,2024-04,Inflation Ridge-AR Ensemble,1,2.9862652209914131,2.8575960208117248,3.1503315105939684,0.010361984309068852,0.035397089422867012
Inflation,PCEPILFE,2,mid_month,month_end,2024-05,Inflation Ridge-AR Ensemble,1,0.9934874680656236,2.8021123417961875,2.457059209164683,-1.1290816925331661,-0.3450531326315045
Inflation,PCEPILFE,2,mid_month,month_end,2024-06,Inflation Ridge-AR Ensemble,1,2.1798014389048603,2.7481353345590627,1.8644238059803384,-0.22354036560040727,-0.25295626272968041
Inflation,PCEPILFE,2,mid_month,month_end,2024-07,Inflation Ridge-AR Ensemble,1,1.9319964454560079,1.6824452205065705,2.1986122323249786,0.008808163933995708,0.017064561919533316
Inflation,PCEPILFE,2,mid_month,month_end,2024-08,Inflation Ridge-AR Ensemble,1,1.5637346144796282,2.024486075097899,1.912803184376092,-0.090443041972307542,-0.11168289072180704
Inflation,PCEPILFE,2,mid_month,month_end,2024-09,Inflation Ridge-AR Ensemble,1,3.0422716309459474,1.8519793164035296,1.7286514508430426,0.30880218351484201,0.12332786556048703
Inflation,PCEPILFE,2,mid_month,month_end,2024-10,Inflation Ridge-AR Ensemble,1,3.2676103922955946,1.7418069636247504,2.3907710290082225,-1.5592288339334999,-0.64896406538347207
Inflation,PCEPILFE,2,mid_month,month_end,2024-11,Inflation Ridge-AR Ensemble,1,1.3783286855243659,2.4891478627283155,2.6379047129980822,0.35261252454240855,0.1487568502697667
Inflation,PCEPILFE,2,mid_month,month_end,2024-12,Inflation Ridge-AR Ensemble,1,1.8707672236683237,2.8947526613583627,2.0496159350107233,-1.0165593150524237,-0.84513672634763948
Inflation,PCEPILFE,2,mid_month,month_end,2025-01,Inflation Ridge-AR Ensemble,1,3.4117977999773785,1.4746754663775525,1.6561291144454939,-0.67007040197397982,-0.1814536480679414
Inflation,PCEPILFE,2,mid_month,month_end,2025-02,Inflation Ridge-AR Ensemble,1,4.3732037451999162,2.282363937800862,3.0201335304365311,-2.5408120941246808,-0.7377695926356691
Inflation,PCEPILFE,2,mid_month,month_end,2025-03,Inflation Ridge-AR Ensemble,1,0.33590729178136769,3.0880743956801622,3.5414778702721312,2.7012589659029302,0.45340347459196906
Inflation,PCEPILFE,2,mid_month,month_end,2025-04,Inflation Ridge-AR Ensemble,1,1.3903484217941298,3.4920008344775733,1.725697884769346,-4.3044836014203733,-1.7663029497082272
Inflation,PCEPILFE,2,mid_month,month_end,2025-05,Inflation Ridge-AR Ensemble,1,2.143541239825808,1.8488861551493698,2.1894904531819308,-0.084710288717632476,-0.24870587132031541
Inflation,PCEPILFE,2,mid_month,month_end,2025-06,Inflation Ridge-AR Ensemble,1,3.07225203791468,2.7934146496573353,3.0374040698320646,-0.076535908210690215,-0.24398942017472924
Inflation,PCEPILFE,2,mid_month,month_end,2025-07,Inflation Ridge-AR Ensemble,1,3.2740877378866884,3.3646551083827387,3.6892408565181061,0.16414966331082309,0.32458574813536734
Inflation,PCEPILFE,2,mid_month,month_end,2025-08,Inflation Ridge-AR Ensemble,1,2.7212078521923644,3.2984188951163085,3.3243504113493376,0.030608358593075757,0.025931516233029139
Inflation,PCEPILFE,2,mid_month,month_end,2025-09,Inflation Ridge-AR Ensemble,1,2.374861315144372,2.9094635591066682,2.6842757729061626,-0.19006225257749959,-0.22518778620050561
Inflation,PCEPILFE,2,mid_month,month_end,2025-10,Inflation Ridge-AR Ensemble,1,2.4928010475139928,2.6153311202820313,2.4493990215590715,-0.013129882875549153,-0.079128046813117248
Inflation,PCEPILFE,2,mid_month,month_end,2025-11,Inflation Ridge-AR Ensemble,1,1.9227148316979026,2.4399807066671904,2.6165670248285497,0.21386688050446606,0.17658631816135939
Inflation,PCEPILFE,2,mid_month,month_end,2025-12,Inflation Ridge-AR Ensemble,1,4.2571398262751359,2.4422722143388533,2.358202047271039,0.31222023967370705,0.084070167067814339
Inflation,PCEPILFE,2,mid_month,month_end,2026-02,Inflation Ridge-AR Ensemble,1,4.3942252510010604,2.869253938797268,3.1845620479949046,-0.86225243833744436,-0.31530810919763663
Inflation,PCEPILFE,2,mid_month,month_end,2026-03,Inflation Ridge-AR Ensemble,1,3.5138300728842609,3.2851868760189356,3.3141904908159985,-0.012421748744405436,-0.029003614797062927
Inflation,PCEPILFE,2,mid_month,month_end,2026-04,Inflation Ridge-AR Ensemble,1,2.8638636343949031,3.8958184845701433,3.5168440378263082,-0.63854740553476219,-0.37897444674383518
Inflation,PCEPILFE,2,mid_month,month_end,2026-05,Inflation Ridge-AR Ensemble,1,3.834474232723295,3.458278550263667,3.1522920245557291,0.32384937363911098,0.30598652570793794
Inflation,PCEPILFE,3,month_end,pre_release,2023-02,Inflation Ridge-AR Ensemble,1,3.5927744819368002,4.4881965585447192,4.5430638956098406,0.1012692744622129,0.054867337065121369
Inflation,PCEPILFE,3,month_end,pre_release,2023-03,Inflation Ridge-AR Ensemble,1,3.3620345288436937,3.5022228244566791,3.488842386017196,-0.0035725255859384263,-0.013380438439483111
Inflation,PCEPILFE,3,month_end,pre_release,2023-04,Inflation Ridge-AR Ensemble,1,4.554585141444889,2.8686836239007301,2.8765645321688238,-0.026510761702481123,-0.0078809082680937337
Inflation,PCEPILFE,3,month_end,pre_release,2023-05,Inflation Ridge-AR Ensemble,1,3.770491061349901,3.5132836018866676,3.468988664169304,0.024748018302115607,0.044294937717363592
Inflation,PCEPILFE,3,month_end,pre_release,2023-06,Inflation Ridge-AR Ensemble,1,1.9843224364830547,3.202231936124182,3.169194497362974,-0.079381748662274099,-0.033037438761208016
Inflation,PCEPILFE,3,month_end,pre_release,2023-07,Inflation Ridge-AR Ensemble,1,2.587969751250796,2.1994925972540766,2.3210677693281756,-0.07967783122316803,-0.12157517207409896
Inflation,PCEPILFE,3,month_end,pre_release,2023-08,Inflation Ridge-AR Ensemble,1,1.7367228667325207,2.2808106774033297,2.2457720509148764,-0.036900473803832157,-0.035038626488453239
Inflation,PCEPILFE,3,month_end,pre_release,2023-09,Inflation Ridge-AR Ensemble,1,3.5771121539678319,2.1943770459420979,2.2704255232980692,-0.20452642819584166,-0.076048477355971311
Inflation,PCEPILFE,3,month_end,pre_release,2023-10,Inflation Ridge-AR Ensemble,1,1.9598534466631179,3.2044899196642112,3.282187758463702,0.19944808224052335,0.077697838799490881
Inflation,PCEPILFE,3,month_end,pre_release,2023-11,Inflation Ridge-AR Ensemble,1,0.69967933346966049,2.5660591621151259,2.57487354193159,0.032979654674485825,0.0088143798164641574
Inflation,PCEPILFE,3,month_end,pre_release,2023-12,Inflation Ridge-AR Ensemble,1,2.0567268806672701,1.4667090803955993,1.4466479796659977,0.024075260809499177,0.020061100729601655
Inflation,PCEPILFE,3,month_end,pre_release,2024-01,Inflation Ridge-AR Ensemble,1,4.9768647459384141,2.1013189841132567,2.0959127760948841,0.031120824194690755,0.0054062080183725492
Inflation,PCEPILFE,3,month_end,pre_release,2024-02,Inflation Ridge-AR Ensemble,1,3.1337047897789461,3.7086294010718479,3.7370552770162484,0.033493501779195856,0.028425875944400492
Inflation,PCEPILFE,3,month_end,pre_release,2024-03,Inflation Ridge-AR Ensemble,1,3.7950008157764614,2.9026661434262806,2.9368559483310261,-0.059848553955360817,-0.034189804904745547
Inflation,PCEPILFE,3,month_end,pre_release,2024-04,Inflation Ridge-AR Ensemble,1,2.9862652209914131,3.1503315105939684,3.1681973169114404,0.0061815401419044388,0.017865806317471922
Inflation,PCEPILFE,3,month_end,pre_release,2024-05,Inflation Ridge-AR Ensemble,1,0.9934874680656236,2.457059209164683,2.4775109488249196,0.060283450101204394,0.020451739660236612
Inflation,PCEPILFE,3,month_end,pre_release,2024-06,Inflation Ridge-AR Ensemble,1,2.1798014389048603,1.8644238059803384,1.8681380087371804,-0.0023289576451901717,-0.0037142027568419778
Inflation,PCEPILFE,3,month_end,pre_release,2024-07,Inflation Ridge-AR Ensemble,1,1.9319964454560079,2.1986122323249786,2.2346323458139592,0.020504510377707411,0.036020113488980599
Inflation,PCEPILFE,3,month_end,pre_release,2024-08,Inflation Ridge-AR Ensemble,1,1.5637346144796282,1.912803184376092,1.9196382508104468,0.0048185318639371588,0.0068350664343548306
Inflation,PCEPILFE,3,month_end,pre_release,2024-09,Inflation Ridge-AR Ensemble,1,3.0422716309459474,1.7286514508430426,1.7728592142195843,-0.11419009383452217,-0.044207763376541642
Inflation,PCEPILFE,3,month_end,pre_release,2024-10,Inflation Ridge-AR Ensemble,1,3.2676103922955946,2.3907710290082225,2.3679121488269166,0.040609660290420457,0.022858880181305885
Inflation,PCEPILFE,3,month_end,pre_release,2024-11,Inflation Ridge-AR Ensemble,1,1.3783286855243659,2.6379047129980822,2.7047660223370382,0.17290423950422662,0.066861309338956065
Inflation,PCEPILFE,3,month_end,pre_release,2024-12,Inflation Ridge-AR Ensemble,1,1.8707672236683237,2.0496159350107233,2.0408746421302997,-0.0030503277330391522,-0.008741292880423579
Inflation,PCEPILFE,3,month_end,pre_release,2025-01,Inflation Ridge-AR Ensemble,1,3.4117977999773785,1.6561291144454939,1.609403047862481,0.16625430909406713,0.046726066583012926
Inflation,PCEPILFE,3,month_end,pre_release,2025-02,Inflation Ridge-AR Ensemble,1,4.3732037451999162,3.0201335304365311,2.9904368412231985,0.081245304653524197,0.029696689213332572
Inflation,PCEPILFE,3,month_end,pre_release,2025-03,Inflation Ridge-AR Ensemble,1,0.33590729178136769,3.5414778702721312,3.5104558362830796,-0.19792427228767018,-0.031022033989051678
Inflation,PCEPILFE,3,month_end,pre_release,2025-04,Inflation Ridge-AR Ensemble,1,1.3903484217941298,1.725697884769346,1.8202788398587169,0.072380902059424684,0.094580955089370811
Inflation,PCEPILFE,3,month_end,pre_release,2025-05,Inflation Ridge-AR Ensemble,1,2.143541239825808,2.1894904531819308,2.1942827228218813,0.00046336788859430156,0.0047922696399504972
Inflation,PCEPILFE,3,month_end,pre_release,2025-06,Inflation Ridge-AR Ensemble,1,3.07225203791468,3.0374040698320646,3.0479016176444746,-0.00062143791215135713,-0.01049754781241008
Inflation,PCEPILFE,3,month_end,pre_release,2025-07,Inflation Ridge-AR Ensemble,1,3.2740877378866884,3.6892408565181061,3.7200833628195933,0.026559985549900439,0.030842506301487216
Inflation,PCEPILFE,3,month_end,pre_release,2025-08,Inflation Ridge-AR Ensemble,1,2.7212078521923644,3.3243504113493376,3.302163525567309,-0.026271452239887694,-0.022186885782028654
Inflation,PCEPILFE,3,month_end,pre_release,2025-09,Inflation Ridge-AR Ensemble,1,2.374861315144372,2.6842757729061626,2.7971590910226314,0.082598104839701689,0.11288331811646879
Inflation,PCEPILFE,3,month_end,pre_release,2025-10,Inflation Ridge-AR Ensemble,1,2.4928010475139928,2.4493990215590715,2.2911950628733972,0.038761237185912387,0.15820395868567427
Inflation,PCEPILFE,3,month_end,pre_release,2025-11,Inflation Ridge-AR Ensemble,1,1.9227148316979026,2.6165670248285497,2.6297200573396351,0.018425523172508229,0.01315303251108535
Inflation,PCEPILFE,3,month_end,pre_release,2025-12,Inflation Ridge-AR Ensemble,1,4.2571398262751359,2.358202047271039,2.479313763348411,-0.44529917850747314,-0.12111171607737203
Inflation,PCEPILFE,3,month_end,pre_release,2026-01,Inflation Ridge-AR Ensemble,1,4.3538864021670065,2.6569854207971844,2.8396101261149385,-0.58644030035974692,-0.1826247053177541
Inflation,PCEPILFE,3,month_end,pre_release,2026-02,Inflation Ridge-AR Ensemble,1,4.3942252510010604,3.1845620479949046,3.130230363514126,0.13439801088599612,0.05433168448077863
Inflation,PCEPILFE,3,month_end,pre_release,2026-03,Inflation Ridge-AR Ensemble,1,3.5138300728842609,3.3141904908159985,3.8361030822703599,0.06400392985038221,0.12263342731783666
Inflation,PCEPILFE,3,month_end,pre_release,2026-04,Inflation Ridge-AR Ensemble,1,2.8638636343949031,3.5168440378263082,3.5454253204785777,0.038142924671780931,0.028581282652269557
Inflation,PCEPILFE,3,month_end,pre_release,2026-05,Inflation Ridge-AR Ensemble,1,3.834474232723295,3.1522920245557291,3.1413461548437445,0.015053967204624097,0.010945869711984635
Labour,CES0500000003,1,month_open,after_week_1,2023-02,Labour Equal-Weight Ensemble,1,2.9046912821033999,3.3470930395280156,3.092114328847563,-0.1605919165215238,-0.25497871068045264
Labour,CES0500000003,1,month_open,after_week_1,2023-03,Labour Equal-Weight Ensemble,1,3.2593953945330156,3.7269034741297116,3.7150276154921626,-0.01096308371202559,-0.011875858637548919
Labour,CES0500000003,1,month_open,after_week_1,2023-04,Labour Equal-Weight Ensemble,1,5.7692418817232749,3.9322851222464408,4.0829639665859832,-0.53087692910786011,-0.15067884433954237
Labour,CES0500000003,1,month_open,after_week_1,2023-05,Labour Equal-Weight Ensemble,1,3.9538750762231345,3.9502018583151322,3.8142181290778403,0.019490570356143828,0.13598372923729185
Labour,CES0500000003,1,month_open,after_week_1,2023-06,Labour Equal-Weight Ensemble,1,4.2959473088599154,3.8473402620350199,3.7488998406072604,0.098012650060685519,0.098440421427759439
Labour,CES0500000003,1,month_open,after_week_1,2023-07,Labour Equal-Weight Ensemble,1,4.9896121783962855,4.0705586944045651,4.1843046080287207,-0.19613902354600921,-0.11374591362415565
Labour,CES0500000003,1,month_open,after_week_1,2023-08,Labour Equal-Weight Ensemble,1,2.8419196231345367,3.8066657190223547,3.8603964036900131,0.10655992299986117,0.053730684667658402
Labour,CES0500000003,1,month_open,after_week_1,2023-09,Labour Equal-Weight Ensemble,1,2.4819036768708003,4.304216324675882,4.2459958528363115,-0.20880218104763548,-0.058220471839570465
Labour,CES0500000003,1,month_open,after_week_1,2023-10,Labour Equal-Weight Ensemble,1,2.473134984027503,3.8762630882543072,3.6721006862807659,-0.53124972169144558,-0.2041624019735413
Labour,CES0500000003,1,month_open,after_week_1,2023-11,Labour Equal-Weight Ensemble,1,4.230321654821978,3.9832078535580258,4.1534591887352761,-0.05515739208219067,-0.17025133517725033
Labour,CES0500000003,1,month_open,after_week_1,2023-12,Labour Equal-Weight Ensemble,1,5.2639359156470888,3.8542391212866676,3.866100519312893,-0.033301256785269517,-0.011861398026225434
Labour,CES0500000003,1,month_open,after_week_1,2024-01,Labour Equal-Weight Ensemble,1,6.6173437171489269,3.7154109691305872,3.7763483008691723,-0.3499587186986961,-0.060937331738585065
Labour,CES0500000003,1,month_open,after_week_1,2024-02,Labour Equal-Weight Ensemble,1,1.7368652619673242,3.9548681983902072,3.6629553899539213,-1.2097138448531051,-0.29191280843628586
Labour,CES0500000003,1,month_open,after_week_1,2024-03,Labour Equal-Weight Ensemble,1,4.1582484577501688,3.8437136319747851,3.9081436958069702,-0.036379764678886928,-0.06443006383218508
Labour,CES0500000003,1,month_open,after_week_1,2024-04,Labour Equal-Weight Ensemble,1,2.4197041181523105,4.0747428298503543,3.9326476320393873,-0.45015506100614511,-0.14209519781096702
Labour,CES0500000003,1,month_open,after_week_1,2024-05,Labour Equal-Weight Ensemble,1,4.822050116609411,4.0079760881634527,4.0826201446938013,-0.11595984042311158,-0.074644056530348557
Labour,CES0500000003,1,month_open,after_week_1,2024-06,Labour Equal-Weight Ensemble,1,3.4334787372383602,4.199940603150341,4.1234282463639813,-0.11143346675458971,-0.076512356786359703
Labour,CES0500000003,1,month_open,after_week_1,2024-07,Labour Equal-Weight Ensemble,1,2.7405093269878833,4.2186111575427914,4.3444631916761098,0.38788297855852738,0.12585203413331847
Labour,CES0500000003,1,month_open,after_week_1,2024-08,Labour Equal-Weight Ensemble,1,4.7808828178496299,4.1446746689364051,3.9417175513959273,0.29943753567872172,0.20295711754047785
Labour,CES0500000003,1,month_open,after_week_1,2024-09,Labour Equal-Weight Ensemble,1,4.4198944995560652,3.7309603461596801,3.7521173034089252,-0.028703884021858084,-0.021156957249245156
Labour,CES0500000003,1,month_open,after_week_1,2024-10,Labour Equal-Weight Ensemble,1,4.4074071300096662,3.7488929489872205,3.7932133186081081,-0.056406888643689646,-0.04432036962088759
Labour,CES0500000003,1,month_open,after_week_1,2024-11,Labour Equal-Weight Ensemble,1,4.3888078179692869,4.5257456279633486,4.4904207101831437,-0.0084267839419048564,-0.035324917780204856
Labour,CES0500000003,1,month_open,after_week_1,2024-12,Labour Equal-Weight Ensemble,1,3.3670055759611017,4.0576287408498493,3.4762668022971233,-0.46502234030049883,-0.581361938552726
Labour,CES0500000003,1,month_open,after_week_1,2025-01,Labour Equal-Weight Ensemble,1,5.7007233103172794,3.7352382609526558,3.539304814843764,0.80859843329913828,0.19593344610889174
Labour,CES0500000003,1,month_open,after_week_1,2025-02,Labour Equal-Weight Ensemble,1,3.3444837702777619,3.7562905597396878,4.0288090663619975,0.29871627901383779,0.2725185066223097
Labour,CES0500000003,1,month_open,after_week_1,2025-03,Labour Equal-Weight Ensemble,1,3.0037562617421187,4.095710826377104,4.1493112396600305,0.11993143620532698,0.053600413282926418
Labour,CES0500000003,1,month_open,after_week_1,2025-04,Labour Equal-Weight Ensemble,1,1.9983351828734897,3.9528643264543888,3.9383560676174008,-0.056503139864535701,-0.014508258836988031
Labour,CES0500000003,1,month_open,after_week_1,2025-05,Labour Equal-Weight Ensemble,1,4.9771950240979024,3.867160444756363,3.8345742601560016,0.073405442857224612,0.032586184600361445
Labour,CES0500000003,1,month_open,after_week_1,2025-06,Labour Equal-Weight Ensemble,1,2.6475465786454322,3.8711852214505504,3.8608409800010897,-0.025208223804968455,-0.010344241449460778
Labour,CES0500000003,1,month_open,after_week_1,2025-07,Labour Equal-Weight Ensemble,1,3.9582223903979141,3.7723866653271743,3.6872104447175218,0.038912557988904306,0.085176220609652464
Labour,CES0500000003,1,month_open,after_week_1,2025-08,Labour Equal-Weight Ensemble,1,3.2894757440626421,3.6085925183627481,3.6387863911487108,0.020182412527983265,0.03019387278596275
Labour,CES0500000003,1,month_open,after_week_1,2025-09,Labour Equal-Weight Ensemble,1,2.948806944617921,3.8865641509349298,3.8893504067776274,0.0052334262118861608,0.0027862558426976491
Labour,CES0500000003,1,month_open,after_week_1,2025-10,Labour Equal-Weight Ensemble,1,5.2273428699233904,3.7859335708443749,3.7859335708443749,0,0
Labour,CES0500000003,1,month_open,after_week_1,2025-11,Labour Equal-Weight Ensemble,1,1.6288858208966417,3.8160018822264861,3.8160018822264861,0,0
Labour,CES0500000003,1,month_open,after_week_1,2025-12,Labour Equal-Weight Ensemble,1,3.8961073186440487,3.6722318004555063,3.6304942442253227,0.020430057657979291,0.041737556230183603
Labour,CES0500000003,1,month_open,after_week_1,2026-01,Labour Equal-Weight Ensemble,1,4.8524125965711207,3.744955256406346,3.8844849239697887,-0.28957778089740627,-0.13952966756344276
Labour,CES0500000003,1,month_open,after_week_1,2026-02,Labour Equal-Weight Ensemble,1,4.8328700039784067,3.7796396033268351,3.8313051909918969,-0.10616220224396766,-0.051665587665061796
Labour,CES0500000003,1,month_open,after_week_1,2026-03,Labour Equal-Weight Ensemble,1,2.8927294040249407,3.8579128475410411,3.9739806582081028,0.23752519503506353,0.11606781066706162
Labour,CES0500000003,1,month_open,after_week_1,2026-04,Labour Equal-Weight Ensemble,1,1.9261641374738403,3.6966508615661731,3.5942729171672441,-0.35203633929698297,-0.102377944398929
Labour,CES0500000003,1,month_open,after_week_1,2026-05,Labour Equal-Weight Ensemble,1,3.8430777442499675,3.6635178924324046,3.6220383998744254,0.016616651377224317,0.041479492557979114
Labour,CES0500000003,1,month_open,after_week_1,2026-06,Labour Equal-Weight Ensemble,1,4.1517007480594614,3.7062910257875679,3.4022355307056049,0.36330829132893799,0.30405549508196295
Labour,CES0500000003,2,after_week_1,after_week_2,2023-02,Labour Equal-Weight Ensemble,1,2.9046912821033999,3.092114328847563,3.1454277615223902,0.022826654072185218,0.053313432674827244
Labour,CES0500000003,2,after_week_1,after_week_2,2023-03,Labour Equal-Weight Ensemble,1,3.2593953945330156,3.7150276154921626,4.0551952931711064,0.42569675789623052,0.34016767767894374
Labour,CES0500000003,2,after_week_1,after_week_2,2023-04,Labour Equal-Weight Ensemble,1,5.7692418817232749,4.0829639665859832,4.0039824783564013,0.27260755409539916,0.078981488229581842
Labour,CES0500000003,2,after_week_1,after_week_2,2023-05,Labour Equal-Weight Ensemble,1,3.9538750762231345,3.8142181290778403,3.8630162523693889,-0.011248737013857537,-0.048798123291548645
Labour,CES0500000003,2,after_week_1,after_week_2,2023-06,Labour Equal-Weight Ensemble,1,4.2959473088599154,3.7488998406072604,3.8067521868636836,-0.059949065136731344,-0.057852346256423104
Labour,CES0500000003,2,after_week_1,after_week_2,2023-07,Labour Equal-Weight Ensemble,1,4.9896121783962855,4.1843046080287207,4.2088758811971179,-0.038971117127043264,-0.024571273168397134
Labour,CES0500000003,2,after_week_1,after_week_2,2023-08,Labour Equal-Weight Ensemble,1,2.8419196231345367,3.8603964036900131,3.9221950190773573,0.1296999785487698,0.061798615387344213
Labour,CES0500000003,2,after_week_1,after_week_2,2023-09,Labour Equal-Weight Ensemble,1,2.4819036768708003,4.2459958528363115,4.2312683193612406,-0.05174455290702662,-0.014727533475070942
Labour,CES0500000003,2,after_week_1,after_week_2,2023-10,Labour Equal-Weight Ensemble,1,2.473134984027503,3.6721006862807659,3.7308865739567456,0.14442030678987772,0.058785887675979698
Labour,CES0500000003,2,after_week_1,after_week_2,2023-11,Labour Equal-Weight Ensemble,1,4.230321654821978,4.1534591887352761,4.1855105157071755,-0.0038998005041632148,-0.032051326971899385
Labour,CES0500000003,2,after_week_1,after_week_2,2023-12,Labour Equal-Weight Ensemble,1,5.2639359156470888,3.866100519312893,3.6003338859113732,0.81362791809601442,0.26576663340151985
Labour,CES0500000003,2,after_week_1,after_week_2,2024-01,Labour Equal-Weight Ensemble,1,6.6173437171489269,3.7763483008691723,3.7770303361751392,-0.0038748531838272982,-0.00068203530596688822
Labour,CES0500000003,2,after_week_1,after_week_2,2024-02,Labour Equal-Weight Ensemble,1,1.7368652619673242,3.6629553899539213,3.6935104935442422,0.11863738112526478,0.030555103590320876
Labour,CES0500000003,2,after_week_1,after_week_2,2024-03,Labour Equal-Weight Ensemble,1,4.1582484577501688,3.9081436958069702,4.1439450203808876,-0.062347803626087113,-0.23580132457391745
Labour,CES0500000003,2,after_week_1,after_week_2,2024-04,Labour Equal-Weight Ensemble,1,2.4197041181523105,3.9326476320393873,3.9262284108038128,-0.019382631863865907,-0.0064192212355744793
Labour,CES0500000003,2,after_week_1,after_week_2,2024-05,Labour Equal-Weight Ensemble,1,4.822050116609411,4.0826201446938013,4.1218189296813348,-0.056432968220416879,-0.039198784987533486
Labour,CES0500000003,2,after_week_1,after_week_2,2024-06,Labour Equal-Weight Ensemble,1,3.4334787372383602,4.1234282463639813,4.1660007592785355,0.060558187631141569,0.042572512914554217
Labour,CES0500000003,2,after_week_1,after_week_2,2024-07,Labour Equal-Weight Ensemble,1,2.7405093269878833,4.3444631916761098,4.3074317641768625,-0.11742207588204723,-0.037031427499247371
Labour,CES0500000003,2,after_week_1,after_week_2,2024-08,Labour Equal-Weight Ensemble,1,4.7808828178496299,3.9417175513959273,3.9362759689409628,0.0091623848011144204,0.0054415824549645109
Labour,CES0500000003,2,after_week_1,after_week_2,2024-09,Labour Equal-Weight Ensemble,1,4.4198944995560652,3.7521173034089252,3.7629099164978705,-0.014297641317985943,-0.010792613088945302
Labour,CES0500000003,2,after_week_1,after_week_2,2024-10,Labour Equal-Weight Ensemble,1,4.4074071300096662,3.7932133186081081,3.858502520371573,-0.075937767482025353,-0.065289201763464977
Labour,CES0500000003,2,after_week_1,after_week_2,2024-11,Labour Equal-Weight Ensemble,1,4.3888078179692869,4.4904207101831437,4.4230123904033736,-0.0091552270886662013,-0.067408319779770132
Labour,CES0500000003,2,after_week_1,after_week_2,2024-12,Labour Equal-Weight Ensemble,1,3.3670055759611017,3.4762668022971233,3.5382542897048079,0.017388106378422506,0.061987487407684672
Labour,CES0500000003,2,after_week_1,after_week_2,2025-01,Labour Equal-Weight Ensemble,1,5.7007233103172794,3.539304814843764,3.5979032496194137,-0.24987770490161942,-0.058598434775649633
Labour,CES0500000003,2,after_week_1,after_week_2,2025-02,Labour Equal-Weight Ensemble,1,3.3444837702777619,4.0288090663619975,4.0299102901915367,0.0015084033403315322,0.0011012238295391441
Labour,CES0500000003,2,after_week_1,after_week_2,2025-03,Labour Equal-Weight Ensemble,1,3.0037562617421187,4.1493112396600305,4.0218364487467859,-0.2758089402610493,-0.12747479091324454
Labour,CES0500000003,2,after_week_1,after_week_2,2025-04,Labour Equal-Weight Ensemble,1,1.9983351828734897,3.9383560676174008,3.9356557501509752,-0.01047005284618896,-0.002700317466425517
Labour,CES0500000003,2,after_week_1,after_week_2,2025-05,Labour Equal-Weight Ensemble,1,4.9771950240979024,3.8345742601560016,3.8327671598741637,0.0041329262205349604,0.0018071002818378368
Labour,CES0500000003,2,after_week_1,after_week_2,2025-06,Labour Equal-Weight Ensemble,1,2.6475465786454322,3.8608409800010897,3.8775165463520529,0.040742817099242323,0.016675566350963233
Labour,CES0500000003,2,after_week_1,after_week_2,2025-07,Labour Equal-Weight Ensemble,1,3.9582223903979141,3.6872104447175218,3.6646234660663217,0.012752853667196196,0.022586978651200074
Labour,CES0500000003,2,after_week_1,after_week_2,2025-08,Labour Equal-Weight Ensemble,1,3.2894757440626421,3.6387863911487108,3.6432614399933101,0.0031463904774590157,0.0044750488445992609
Labour,CES0500000003,2,after_week_1,after_week_2,2025-09,Labour Equal-Weight Ensemble,1,2.948806944617921,3.8893504067776274,3.9088077013765896,0.036979448765849354,0.019457294598962172
Labour,CES0500000003,2,after_week_1,after_week_2,2025-10,Labour Equal-Weight Ensemble,1,5.2273428699233904,3.7859335708443749,3.7859335708443749,0,0
Labour,CES0500000003,2,after_week_1,after_week_2,2025-11,Labour Equal-Weight Ensemble,1,1.6288858208966417,3.8160018822264861,3.8160018822264861,0,0
Labour,CES0500000003,2,after_week_1,after_week_2,2025-12,Labour Equal-Weight Ensemble,1,3.8961073186440487,3.6304942442253227,3.6397277955094562,-0.0048198454194466195,-0.009233551284133501
Labour,CES0500000003,2,after_week_1,after_week_2,2026-01,Labour Equal-Weight Ensemble,1,4.8524125965711207,3.8844849239697887,3.8760558485368981,0.016388520044531063,0.0084290754328906203
Labour,CES0500000003,2,after_week_1,after_week_2,2026-02,Labour Equal-Weight Ensemble,1,4.8328700039784067,3.8313051909918969,3.605077345026654,0.50434273876311253,0.22622784596524292
Labour,CES0500000003,2,after_week_1,after_week_2,2026-03,Labour Equal-Weight Ensemble,1,2.8927294040249407,3.9739806582081028,3.7237847531935224,-0.47845128129094772,-0.25019590501458033
Labour,CES0500000003,2,after_week_1,after_week_2,2026-04,Labour Equal-Weight Ensemble,1,1.9261641374738403,3.5942729171672441,3.6019390138889431,0.0256345355338361,0.007666096721699045
Labour,CES0500000003,2,after_week_1,after_week_2,2026-05,Labour Equal-Weight Ensemble,1,3.8430777442499675,3.6220383998744254,3.7050437379085466,-0.029805004855306048,-0.083005338034121134
Labour,CES0500000003,2,after_week_1,after_week_2,2026-06,Labour Equal-Weight Ensemble,1,4.1517007480594614,3.4022355307056049,3.416266396609394,-0.020834426730482081,-0.014030865903789103
Labour,CES0500000003,3,after_week_2,month_end,2023-02,Labour Equal-Weight Ensemble,1,2.9046912821033999,3.1454277615223902,3.0633886184552463,-0.032769207957878875,-0.082039143067143883
Labour,CES0500000003,3,after_week_2,month_end,2023-03,Labour Equal-Weight Ensemble,1,3.2593953945330156,4.0551952931711064,4.0909145018695101,0.058126547193285139,0.035719208698403726
Labour,CES0500000003,3,after_week_2,month_end,2023-04,Labour Equal-Weight Ensemble,1,5.7692418817232749,4.0039824783564013,4.0560865174452756,-0.18123945902068606,-0.052104039088874288
Labour,CES0500000003,3,after_week_2,month_end,2023-05,Labour Equal-Weight Ensemble,1,3.9538750762231345,3.8630162523693889,3.6886223017675732,0.062103708484286903,0.17439395060181573
Labour,CES0500000003,3,after_week_2,month_end,2023-06,Labour Equal-Weight Ensemble,1,4.2959473088599154,3.8067521868636836,3.8743132343918241,-0.06153657463234416,-0.067561047528140517
Labour,CES0500000003,3,after_week_2,month_end,2023-07,Labour Equal-Weight Ensemble,1,4.9896121783962855,4.2088758811971179,4.1549715728036043,0.08707577473985062,0.053904308393513567
Labour,CES0500000003,3,after_week_2,month_end,2023-08,Labour Equal-Weight Ensemble,1,2.8419196231345367,3.9221950190773573,3.8128378525933848,-0.22431272278391345,-0.10935716648397253
Labour,CES0500000003,3,after_week_2,month_end,2023-09,Labour Equal-Weight Ensemble,1,2.4819036768708003,4.2312683193612406,4.1830026768001822,-0.16653884483496251,-0.048265642561058364
Labour,CES0500000003,3,after_week_2,month_end,2023-10,Labour Equal-Weight Ensemble,1,2.473134984027503,3.7308865739567456,3.8534355012884376,0.32329045598126593,0.12254892733169198
Labour,CES0500000003,3,after_week_2,month_end,2023-11,Labour Equal-Weight Ensemble,1,4.230321654821978,4.1855105157071755,4.1816160575680525,0.00036419701509540553,0.0038944581391229249
Labour,CES0500000003,3,after_week_2,month_end,2023-12,Labour Equal-Weight Ensemble,1,5.2639359156470888,3.6003338859113732,3.4802786834859791,0.41386140849983777,0.12005520242539403
Labour,CES0500000003,3,after_week_2,month_end,2024-01,Labour Equal-Weight Ensemble,1,6.6173437171489269,3.7770303361751392,3.6535059868772897,0.71695398924298104,0.1235243492978495
Labour,CES0500000003,3,after_week_2,month_end,2024-02,Labour Equal-Weight Ensemble,1,1.7368652619673242,3.6935104935442422,3.7624345021224088,0.2744701844097559,0.068924008578166607
Labour,CES0500000003,3,after_week_2,month_end,2024-03,Labour Equal-Weight Ensemble,1,4.1582484577501688,4.1439450203808876,4.0754792230145096,0.006646157898149708,0.068465797366378034
Labour,CES0500000003,3,after_week_2,month_end,2024-04,Labour Equal-Weight Ensemble,1,2.4197041181523105,3.9262284108038128,3.945312535792779,0.057865599626344633,0.019084124988966167
Labour,CES0500000003,3,after_week_2,month_end,2024-05,Labour Equal-Weight Ensemble,1,4.822050116609411,4.1218189296813348,4.1252424295102772,-0.0047827623462580737,-0.0034234998289424112
Labour,CES0500000003,3,after_week_2,month_end,2024-06,Labour Equal-Weight Ensemble,1,3.4334787372383602,4.1660007592785355,4.1117929743640884,-0.07647830848636844,-0.05420778491444711
Labour,CES0500000003,3,after_week_2,month_end,2024-07,Labour Equal-Weight Ensemble,1,2.7405093269878833,4.3074317641768625,4.2175397570386473,-0.27362703287030543,-0.089892007138215213
Labour,CES0500000003,3,after_week_2,month_end,2024-08,Labour Equal-Weight Ensemble,1,4.7808828178496299,3.9362759689409628,3.9165519426831019,0.033707132542708074,0.019724026257860849
Labour,CES0500000003,3,after_week_2,month_end,2024-09,Labour Equal-Weight Ensemble,1,4.4198944995560652,3.7629099164978705,3.5703736123769008,0.29005699537752477,0.19253630412096978
Labour,CES0500000003,3,after_week_2,month_end,2024-10,Labour Equal-Weight Ensemble,1,4.4074071300096662,3.858502520371573,4.1327153999588511,-0.22584072392363755,-0.27421287958727802
Labour,CES0500000003,3,after_week_2,month_end,2024-11,Labour Equal-Weight Ensemble,1,4.3888078179692869,4.4230123904033736,4.4100552891495459,-0.00071849774384274501,-0.012957101253827652
Labour,CES0500000003,3,after_week_2,month_end,2024-12,Labour Equal-Weight Ensemble,1,3.3670055759611017,3.5382542897048079,3.4712235562084359,-0.018464734552040091,-0.067030733496372008
Labour,CES0500000003,3,after_week_2,month_end,2025-01,Labour Equal-Weight Ensemble,1,5.7007233103172794,3.5979032496194137,3.6314795262795809,-0.14008236989472245,-0.03357627666016727
Labour,CES0500000003,3,after_week_2,month_end,2025-02,Labour Equal-Weight Ensemble,1,3.3444837702777619,4.0299102901915367,4.0488567342119559,0.02633175812033306,0.018946444020419229
Labour,CES0500000003,3,after_week_2,month_end,2025-03,Labour Equal-Weight Ensemble,1,3.0037562617421187,4.0218364487467859,3.9738324913594791,-0.095439375902824253,-0.048003957387306784
Labour,CES0500000003,3,after_week_2,month_end,2025-04,Labour Equal-Weight Ensemble,1,1.9983351828734897,3.9356557501509752,3.9115627685220158,-0.092771185909870102,-0.024092981628959453
Labour,CES0500000003,3,after_week_2,month_end,2025-05,Labour Equal-Weight Ensemble,1,4.9771950240979024,3.8327671598741637,3.8407559135193203,-0.018221284359069223,-0.0079887536451566099
Labour,CES0500000003,3,after_week_2,month_end,2025-06,Labour Equal-Weight Ensemble,1,2.6475465786454322,3.8775165463520529,3.9170370056932313,0.098779822905777692,0.039520459341178427
Labour,CES0500000003,3,after_week_2,month_end,2025-07,Labour Equal-Weight Ensemble,1,3.9582223903979141,3.6646234660663217,3.6612779883501361,0.0019756495388443401,0.0033454777161856519
Labour,CES0500000003,3,after_week_2,month_end,2025-08,Labour Equal-Weight Ensemble,1,3.2894757440626421,3.6432614399933101,3.6779154395828102,0.025721078410653825,0.034653999589500106
Labour,CES0500000003,3,after_week_2,month_end,2025-09,Labour Equal-Weight Ensemble,1,2.948806944617921,3.9088077013765896,3.8804067610056525,-0.05372323508356136,-0.0284009403709371
Labour,CES0500000003,3,after_week_2,month_end,2025-10,Labour Equal-Weight Ensemble,1,5.2273428699233904,3.7859335708443749,3.7859335708443749,0,0
Labour,CES0500000003,3,after_week_2,month_end,2025-11,Labour Equal-Weight Ensemble,1,1.6288858208966417,3.8160018822264861,3.7636107365166382,-0.22642620035817007,-0.052391145709847819
Labour,CES0500000003,3,after_week_2,month_end,2025-12,Labour Equal-Weight Ensemble,1,3.8961073186440487,3.6397277955094562,3.5778763688610575,0.035540477517063615,0.061851426648398711
Labour,CES0500000003,3,after_week_2,month_end,2026-01,Labour Equal-Weight Ensemble,1,4.8524125965711207,3.8760558485368981,3.8918550312687401,-0.030601663172325266,-0.015799182731841999
Labour,CES0500000003,3,after_week_2,month_end,2026-02,Labour Equal-Weight Ensemble,1,4.8328700039784067,3.605077345026654,3.5995302091546884,0.013652236119996886,0.0055471358719656472
Labour,CES0500000003,3,after_week_2,month_end,2026-03,Labour Equal-Weight Ensemble,1,2.8927294040249407,3.7237847531935224,3.883653954731217,0.29127847181072219,0.15986920153769457
Labour,CES0500000003,3,after_week_2,month_end,2026-04,Labour Equal-Weight Ensemble,1,1.9261641374738403,3.6019390138889431,3.7376417168498413,0.47322958415788285,0.13570270296089815
Labour,CES0500000003,3,after_week_2,month_end,2026-05,Labour Equal-Weight Ensemble,1,3.8430777442499675,3.7050437379085466,3.6630516492161274,0.013356007986469808,0.041992088692419216
Labour,CES0500000003,3,after_week_2,month_end,2026-06,Labour Equal-Weight Ensemble,1,4.1517007480594614,3.416266396609394,3.5347982593996101,-0.1602950047780633,-0.1185318627902161
Labour,CES0500000003,4,month_end,pre_employment_report,2023-02,Labour Equal-Weight Ensemble,1,2.9046912821033999,3.0633886184552463,3.1515956996831029,0.035776946855201289,0.088207081227856587
Labour,CES0500000003,4,month_end,pre_employment_report,2023-03,Labour Equal-Weight Ensemble,1,3.2593953945330156,4.0909145018695101,4.1378376757135831,0.080236815500038472,0.046923173844072963
Labour,CES0500000003,4,month_end,pre_employment_report,2023-04,Labour Equal-Weight Ensemble,1,5.7692418817232749,4.0560865174452756,4.0500160467945312,0.020836169331951204,0.0060704706507443973
Labour,CES0500000003,4,month_end,pre_employment_report,2023-05,Labour Equal-Weight Ensemble,1,3.9538750762231345,3.6886223017675732,3.6873249924302236,0.00068991281363495194,0.001297309337349617
Labour,CES0500000003,4,month_end,pre_employment_report,2023-06,Labour Equal-Weight Ensemble,1,4.2959473088599154,3.8743132343918241,3.6712446280232953,0.21247814669189602,0.20306860636852875
Labour,CES0500000003,4,month_end,pre_employment_report,2023-07,Labour Equal-Weight Ensemble,1,4.9896121783962855,4.1549715728036043,4.3765555801060598,-0.32078654779693455,-0.22158400730245553
Labour,CES0500000003,4,month_end,pre_employment_report,2023-08,Labour Equal-Weight Ensemble,0,2.8419196231345367,3.8128378525933848,3.8128378525933848,0,0
Labour,CES0500000003,4,month_end,pre_employment_report,2023-09,Labour Equal-Weight Ensemble,1,2.4819036768708003,4.1830026768001822,4.087544555578364,-0.31565517618394567,-0.095458121221818182
Labour,CES0500000003,4,month_end,pre_employment_report,2023-10,Labour Equal-Weight Ensemble,1,2.473134984027503,3.8534355012884376,3.8407983513239472,-0.034726431706155081,-0.012637149964490391
Labour,CES0500000003,4,month_end,pre_employment_report,2023-11,Labour Equal-Weight Ensemble,1,4.230321654821978,4.1816160575680525,4.1618678711574075,0.0023136852941342237,0.019748186410645019
Labour,CES0500000003,4,month_end,pre_employment_report,2023-12,Labour Equal-Weight Ensemble,1,5.2639359156470888,3.4802786834859791,3.496506062538113,-0.057624836179814842,-0.016227379052133895
Labour,CES0500000003,4,month_end,pre_employment_report,2024-01,Labour Equal-Weight Ensemble,1,6.6173437171489269,3.6535059868772897,3.7032100700519557,-0.29215917823903581,-0.049704083174666014
Labour,CES0500000003,4,month_end,pre_employment_report,2024-02,Labour Equal-Weight Ensemble,1,1.7368652619673242,3.7624345021224088,3.9061399710661981,0.60282201687355741,0.14370546894378933
Labour,CES0500000003,4,month_end,pre_employment_report,2024-03,Labour Equal-Weight Ensemble,1,4.1582484577501688,4.0754792230145096,4.1078711304600413,-0.0043128711138300264,-0.032391907445531665
Labour,CES0500000003,4,month_end,pre_employment_report,2024-04,Labour Equal-Weight Ensemble,1,2.4197041181523105,3.945312535792779,3.9948850397440157,0.15371389177103945,0.049572503951236691
Labour,CES0500000003,4,month_end,pre_employment_report,2024-05,Labour Equal-Weight Ensemble,1,4.822050116609411,4.1252424295102772,4.1361643194752586,-0.015101626090092746,-0.010921889964981446
Labour,CES0500000003,4,month_end,pre_employment_report,2024-06,Labour Equal-Weight Ensemble,1,3.4334787372383602,4.1117929743640884,4.0734840228833109,-0.05050343863398371,-0.038308951480777509
Labour,CES0500000003,4,month_end,pre_employment_report,2024-07,Labour Equal-Weight Ensemble,1,2.7405093269878833,4.2175397570386473,4.2292550379286462,0.034744900548572932,0.011715280889998958
Labour,CES0500000003,4,month_end,pre_employment_report,2024-08,Labour Equal-Weight Ensemble,1,4.7808828178496299,3.9165519426831019,3.7985969021446042,0.21781775842632467,0.1179550405384977
Labour,CES0500000003,4,month_end,pre_employment_report,2024-09,Labour Equal-Weight Ensemble,1,4.4198944995560652,3.5703736123769008,3.5153801746603901,0.09646042618780426,0.054993437716510662
Labour,CES0500000003,4,month_end,pre_employment_report,2024-10,Labour Equal-Weight Ensemble,0,4.4074071300096662,4.1327153999588511,4.1327153999588511,0,0
Labour,CES0500000003,4,month_end,pre_employment_report,2024-11,Labour Equal-Weight Ensemble,1,4.3888078179692869,4.4100552891495459,4.1490023231062052,0.057055220334971547,0.21855802368282262
Labour,CES0500000003,4,month_end,pre_employment_report,2024-12,Labour Equal-Weight Ensemble,1,3.3670055759611017,3.4712235562084359,3.6259649080399954,0.056198548263912983,0.15474135183155946
Labour,CES0500000003,4,month_end,pre_employment_report,2025-01,Labour Equal-Weight Ensemble,1,5.7007233103172794,3.6314795262795809,3.7212070687792083,-0.36328528726564224,-0.089727542499627333
Labour,CES0500000003,4,month_end,pre_employment_report,2025-02,Labour Equal-Weight Ensemble,1,3.3444837702777619,4.0488567342119559,4.058767955792784,0.014060625355417133,0.0099112215808281334
Labour,CES0500000003,4,month_end,pre_employment_report,2025-03,Labour Equal-Weight Ensemble,1,3.0037562617421187,3.9738324913594791,4.0429820005971813,0.1389422450302169,0.069149509237702134
Labour,CES0500000003,4,month_end,pre_employment_report,2025-04,Labour Equal-Weight Ensemble,1,1.9983351828734897,3.9115627685220158,3.9371475570436281,0.09855362774876042,0.025584788521612278
Labour,CES0500000003,4,month_end,pre_employment_report,2025-05,Labour Equal-Weight Ensemble,1,4.9771950240979024,3.8407559135193203,3.9196308893054805,-0.17305195285339492,-0.078874975786160206
Labour,CES0500000003,4,month_end,pre_employment_report,2025-06,Labour Equal-Weight Ensemble,1,2.6475465786454322,3.9170370056932313,3.6850341742694099,-0.53522543329238093,-0.23200283142382139
Labour,CES0500000003,4,month_end,pre_employment_report,2025-07,Labour Equal-Weight Ensemble,0,3.9582223903979141,3.6612779883501361,3.6612779883501361,0,0
Labour,CES0500000003,4,month_end,pre_employment_report,2025-08,Labour Equal-Weight Ensemble,1,3.2894757440626421,3.6779154395828102,3.6508324964227477,-0.020306694579558249,-0.027082943160062545
Labour,CES0500000003,4,month_end,pre_employment_report,2025-09,Labour Equal-Weight Ensemble,1,2.948806944617921,3.8804067610056525,3.8804067610056525,0,0
Labour,CES0500000003,4,month_end,pre_employment_report,2025-10,Labour Equal-Weight Ensemble,1,5.2273428699233904,3.7859335708443749,3.9819291526570439,-0.52660544031627965,-0.19599558181266907
Labour,CES0500000003,4,month_end,pre_employment_report,2025-11,Labour Equal-Weight Ensemble,1,1.6288858208966417,3.7636107365166382,4.0137406596629575,1.1304821366183084,0.25012992314631921
Labour,CES0500000003,4,month_end,pre_employment_report,2025-12,Labour Equal-Weight Ensemble,1,3.8961073186440487,3.5778763688610575,3.4940531793084055,0.060376593557140132,0.083823189552652
Labour,CES0500000003,4,month_end,pre_employment_report,2026-01,Labour Equal-Weight Ensemble,1,4.8524125965711207,3.8918550312687401,4.0303251768828376,-0.24684311064989783,-0.13847014561409754
Labour,CES0500000003,4,month_end,pre_employment_report,2026-02,Labour Equal-Weight Ensemble,1,4.8328700039784067,3.5995302091546884,3.6025737308024524,-0.0074981297051692763,-0.0030435216477640026
Labour,CES0500000003,4,month_end,pre_employment_report,2026-03,Labour Equal-Weight Ensemble,1,2.8927294040249407,3.883653954731217,3.8835039518147014,-0.00029726064443058586,-0.00015000291651556807
Labour,CES0500000003,4,month_end,pre_employment_report,2026-04,Labour Equal-Weight Ensemble,1,1.9261641374738403,3.7376417168498413,3.5517854180694246,-0.6388064726567082,-0.18585629878041665
Labour,CES0500000003,4,month_end,pre_employment_report,2026-05,Labour Equal-Weight Ensemble,1,3.8430777442499675,3.6630516492161274,3.647201409666144,0.0059581435568607163,0.015850239549983325
Labour,CES0500000003,4,month_end,pre_employment_report,2026-06,Labour Equal-Weight Ensemble,1,4.1517007480594614,3.5347982593996101,3.5347982593996101,0,0
Labour,PAYEMS,1,month_open,after_week_1,2023-02,Labour 12-Month Mean,1,311,375.25,401.16666666666669,4001.965277777781,25.916666666666686
Labour,PAYEMS,1,month_open,after_week_1,2023-03,Labour 12-Month Mean,1,236,401.16666666666669,401.16666666666669,0,0
Labour,PAYEMS,1,month_open,after_week_1,2023-04,Labour 12-Month Mean,1,253,411.08333333333331,360.25,-13487.77777777777,-50.833333333333314
Labour,PAYEMS,1,month_open,after_week_1,2023-05,Labour 12-Month Mean,1,339,360.25,333,-415.5625,-15.25
Labour,PAYEMS,1,month_open,after_week_1,2023-06,Labour 12-Month Mean,1,209,332.91666666666669,340.66666666666669,1980.7708333333339,7.75
Labour,PAYEMS,1,month_open,after_week_1,2023-07,Labour 12-Month Mean,1,187,340.66666666666669,329.41666666666669,-3330.9375,-11.25
Labour,PAYEMS,1,month_open,after_week_1,2023-08,Labour 12-Month Mean,1,187,316,311.91666666666669,-1036.826388888885,-4.0833333333333144
Labour,PAYEMS,1,month_open,after_week_1,2023-09,Labour 12-Month Mean,1,336,271,271,0,0
Labour,PAYEMS,1,month_open,after_week_1,2023-10,Labour 12-Month Mean,1,150,271,267.16666666666669,-912.97222222221717,-3.8333333333333144
Labour,PAYEMS,1,month_open,after_week_1,2023-11,Labour 12-Month Mean,1,199,266,257.58333333333331,-1056.9930555555579,-8.4166666666666856
Labour,PAYEMS,1,month_open,after_week_1,2023-12,Labour 12-Month Mean,1,216,257.58333333333331,243.08333333333334,-995.66666666666458,-14.499999999999972
Labour,PAYEMS,1,month_open,after_week_1,2024-01,Labour 12-Month Mean,1,353,240.16666666666666,226.66666666666666,3228.75,13.5
Labour,PAYEMS,1,month_open,after_week_1,2024-02,Labour 12-Month Mean,1,275,224.75,254.66666666666666,-2111.6180555555552,-29.916666666666657
Labour,PAYEMS,1,month_open,after_week_1,2024-03,Labour 12-Month Mean,1,303,254.66666666666666,243.91666666666666,1154.7291666666665,10.75
Labour,PAYEMS,1,month_open,after_week_1,2024-04,Labour 12-Month Mean,1,175,230,230.83333333333334,92.361111111112223,0.83333333333334281
Labour,PAYEMS,1,month_open,after_week_1,2024-05,Labour 12-Month Mean,1,272,243.91666666666666,242.08333333333334,106.33333333333223,1.8333333333333144
Labour,PAYEMS,1,month_open,after_week_1,2024-06,Labour 12-Month Mean,1,206,242.08333333333334,232.25,-612.94444444444503,-9.8333333333333428
Labour,PAYEMS,1,month_open,after_week_1,2024-07,Labour 12-Month Mean,1,114,232.25,220.41666666666666,-2658.5555555555584,-11.833333333333343
Labour,PAYEMS,1,month_open,after_week_1,2024-08,Labour 12-Month Mean,1,142,217.58333333333334,215.16666666666666,-359.4791666666697,-2.4166666666666856
Labour,PAYEMS,1,month_open,after_week_1,2024-09,Labour 12-Month Mean,1,254,215.16666666666666,202.16666666666666,1178.6666666666667,13
Labour,PAYEMS,1,month_open,after_week_1,2024-10,Labour 12-Month Mean,1,12,196.5,202.5,2250,6
Labour,PAYEMS,1,month_open,after_week_1,2024-11,Labour 12-Month Mean,1,227,193.83333333333334,193.83333333333334,0,0
Labour,PAYEMS,1,month_open,after_week_1,2024-12,Labour 12-Month Mean,1,256,193.83333333333334,185.75,1070.3680555555566,8.0833333333333428
Labour,PAYEMS,1,month_open,after_week_1,2025-01,Labour 12-Month Mean,1,143,185.75,189.5,334.6875,3.75
Labour,PAYEMS,1,month_open,after_week_1,2025-02,Labour 12-Month Mean,1,151,188.83333333333334,166.33333333333334,-1196.2500000000005,-22.5
Labour,PAYEMS,1,month_open,after_week_1,2025-03,Labour 12-Month Mean,1,228,166.33333333333334,167.66666666666666,-162.66666666666424,-1.3333333333333144
Labour,PAYEMS,1,month_open,after_week_1,2025-04,Labour 12-Month Mean,1,177,162.25,158.25,134,4
Labour,PAYEMS,1,month_open,after_week_1,2025-05,Labour 12-Month Mean,1,139,156.75,151.91666666666666,-148.22222222222246,-4.8333333333333428
Labour,PAYEMS,1,month_open,after_week_1,2025-06,Labour 12-Month Mean,1,147,151.91666666666666,148.91666666666666,-20.499999999999943,-3
Labour,PAYEMS,1,month_open,after_week_1,2025-07,Labour 12-Month Mean,1,73,144.41666666666666,145.75,192.22222222222354,1.3333333333333428
Labour,PAYEMS,1,month_open,after_week_1,2025-08,Labour 12-Month Mean,1,22,129.25,129.25,0,0
Labour,PAYEMS,1,month_open,after_week_1,2025-09,Labour 12-Month Mean,1,119,129.25,126.25,-52.5,-3
Labour,PAYEMS,1,month_open,after_week_1,2025-10,Labour 12-Month Mean,1,-105,122.16666666666667,122.16666666666667,0,0
Labour,PAYEMS,1,month_open,after_week_1,2025-11,Labour 12-Month Mean,1,64,122.16666666666667,122.16666666666667,0,0
Labour,PAYEMS,1,month_open,after_week_1,2025-12,Labour 12-Month Mean,1,50,119.41666666666667,119.41666666666667,0,0
Labour,PAYEMS,1,month_open,after_week_1,2026-01,Labour 12-Month Mean,1,130,106.58333333333333,106.58333333333333,0,0
Labour,PAYEMS,1,month_open,after_week_1,2026-02,Labour 12-Month Mean,1,-92,106.58333333333333,106.58333333333333,0,0
Labour,PAYEMS,1,month_open,after_week_1,2026-03,Labour 12-Month Mean,1,178,53,53,0,0
Labour,PAYEMS,1,month_open,after_week_1,2026-04,Labour 12-Month Mean,1,115,41.916666666666664,41.333333333333336,85.604166666664241,0.58333333333331439
Labour,PAYEMS,1,month_open,after_week_1,2026-05,Labour 12-Month Mean,1,172,41.333333333333336,36.416666666666664,1309.0625000000073,4.9166666666666856
Labour,PAYEMS,1,month_open,after_week_1,2026-06,Labour 12-Month Mean,1,57,35.083333333333336,56.416666666666664,-479.99999999999989,-21.333333333333329
Labour,PAYEMS,2,after_week_1,after_week_2,2023-02,Labour 12-Month Mean,1,311,401.16666666666669,401.16666666666669,0,0
Labour,PAYEMS,2,after_week_1,after_week_2,2023-03,Labour 12-Month Mean,1,236,401.16666666666669,411.08333333333331,3374.1458333333212,9.9166666666666288
Labour,PAYEMS,2,after_week_1,after_week_2,2023-04,Labour 12-Month Mean,1,253,360.25,360.25,0,0
Labour,PAYEMS,2,after_week_1,after_week_2,2023-05,Labour 12-Month Mean,1,339,333,333,0,0
Labour,PAYEMS,2,after_week_1,after_week_2,2023-06,Labour 12-Month Mean,1,209,340.66666666666669,340.66666666666669,0,0
Labour,PAYEMS,2,after_week_1,after_week_2,2023-07,Labour 12-Month Mean,1,187,329.41666666666669,329.41666666666669,0,0
Labour,PAYEMS,2,after_week_1,after_week_2,2023-08,Labour 12-Month Mean,1,187,311.91666666666669,311.91666666666669,0,0
Labour,PAYEMS,2,after_week_1,after_week_2,2023-09,Labour 12-Month Mean,1,336,271,271,0,0
Labour,PAYEMS,2,after_week_1,after_week_2,2023-10,Labour 12-Month Mean,1,150,267.16666666666669,267.16666666666669,0,0
Labour,PAYEMS,2,after_week_1,after_week_2,2023-11,Labour 12-Month Mean,1,199,257.58333333333331,257.58333333333331,0,0
Labour,PAYEMS,2,after_week_1,after_week_2,2023-12,Labour 12-Month Mean,1,216,243.08333333333334,240.16666666666666,-149.47916666666754,-2.9166666666666856
Labour,PAYEMS,2,after_week_1,after_week_2,2024-01,Labour 12-Month Mean,1,353,226.66666666666666,226.66666666666666,0,0
Labour,PAYEMS,2,after_week_1,after_week_2,2024-02,Labour 12-Month Mean,1,275,254.66666666666666,254.66666666666666,0,0
Labour,PAYEMS,2,after_week_1,after_week_2,2024-03,Labour 12-Month Mean,1,303,243.91666666666666,230,1838.1597222222213,13.916666666666657
Labour,PAYEMS,2,after_week_1,after_week_2,2024-04,Labour 12-Month Mean,1,175,230.83333333333334,230.83333333333334,0,0
Labour,PAYEMS,2,after_week_1,after_week_2,2024-05,Labour 12-Month Mean,1,272,242.08333333333334,242.08333333333334,0,0
Labour,PAYEMS,2,after_week_1,after_week_2,2024-06,Labour 12-Month Mean,1,206,232.25,232.25,0,0
Labour,PAYEMS,2,after_week_1,after_week_2,2024-07,Labour 12-Month Mean,1,114,220.41666666666666,220.41666666666666,0,0
Labour,PAYEMS,2,after_week_1,after_week_2,2024-08,Labour 12-Month Mean,1,142,215.16666666666666,215.16666666666666,0,0
Labour,PAYEMS,2,after_week_1,after_week_2,2024-09,Labour 12-Month Mean,1,254,202.16666666666666,202.16666666666666,0,0
Labour,PAYEMS,2,after_week_1,after_week_2,2024-10,Labour 12-Month Mean,1,12,202.5,202.5,0,0
Labour,PAYEMS,2,after_week_1,after_week_2,2024-11,Labour 12-Month Mean,1,227,193.83333333333334,193.83333333333334,0,0
Labour,PAYEMS,2,after_week_1,after_week_2,2024-12,Labour 12-Month Mean,1,256,185.75,185.75,0,0
Labour,PAYEMS,2,after_week_1,after_week_2,2025-01,Labour 12-Month Mean,1,143,189.5,188.83333333333334,-61.555555555554747,-0.66666666666665719
Labour,PAYEMS,2,after_week_1,after_week_2,2025-02,Labour 12-Month Mean,1,151,166.33333333333334,166.33333333333334,0,0
Labour,PAYEMS,2,after_week_1,after_week_2,2025-03,Labour 12-Month Mean,1,228,167.66666666666666,168.16666666666666,-60.083333333333485,-0.5
Labour,PAYEMS,2,after_week_1,after_week_2,2025-04,Labour 12-Month Mean,1,177,158.25,158.25,0,0
Labour,PAYEMS,2,after_week_1,after_week_2,2025-05,Labour 12-Month Mean,1,139,151.91666666666666,151.91666666666666,0,0
Labour,PAYEMS,2,after_week_1,after_week_2,2025-06,Labour 12-Month Mean,1,147,148.91666666666666,148.91666666666666,0,0
Labour,PAYEMS,2,after_week_1,after_week_2,2025-07,Labour 12-Month Mean,1,73,145.75,145.75,0,0
Labour,PAYEMS,2,after_week_1,after_week_2,2025-08,Labour 12-Month Mean,1,22,129.25,129.25,0,0
Labour,PAYEMS,2,after_week_1,after_week_2,2025-09,Labour 12-Month Mean,1,119,126.25,126.25,0,0
Labour,PAYEMS,2,after_week_1,after_week_2,2025-10,Labour 12-Month Mean,1,-105,122.16666666666667,122.16666666666667,0,0
Labour,PAYEMS,2,after_week_1,after_week_2,2025-11,Labour 12-Month Mean,1,64,122.16666666666667,122.16666666666667,0,0
Labour,PAYEMS,2,after_week_1,after_week_2,2025-12,Labour 12-Month Mean,1,50,119.41666666666667,109.33333333333333,-1298.2291666666683,-10.083333333333343
Labour,PAYEMS,2,after_week_1,after_week_2,2026-01,Labour 12-Month Mean,1,130,106.58333333333333,106.58333333333333,0,0
Labour,PAYEMS,2,after_week_1,after_week_2,2026-02,Labour 12-Month Mean,1,-92,106.58333333333333,53,-18410.340277777774,-53.583333333333314
Labour,PAYEMS,2,after_week_1,after_week_2,2026-03,Labour 12-Month Mean,1,178,53,60.75,-1877.4375,-7.75
Labour,PAYEMS,2,after_week_1,after_week_2,2026-04,Labour 12-Month Mean,1,115,41.333333333333336,41.333333333333336,0,0
Labour,PAYEMS,2,after_week_1,after_week_2,2026-05,Labour 12-Month Mean,1,172,36.416666666666664,35.083333333333336,363.33333333332848,1.3333333333333144
Labour,PAYEMS,2,after_week_1,after_week_2,2026-06,Labour 12-Month Mean,1,57,56.416666666666664,56.416666666666664,0,0
Labour,PAYEMS,3,after_week_2,month_end,2023-02,Labour 12-Month Mean,1,311,401.16666666666669,401.16666666666669,0,0
Labour,PAYEMS,3,after_week_2,month_end,2023-03,Labour 12-Month Mean,1,236,411.08333333333331,411.08333333333331,0,0
Labour,PAYEMS,3,after_week_2,month_end,2023-04,Labour 12-Month Mean,1,253,360.25,360.25,0,0
Labour,PAYEMS,3,after_week_2,month_end,2023-05,Labour 12-Month Mean,1,339,333,332.91666666666669,1.0069444444442155,0.083333333333314386
Labour,PAYEMS,3,after_week_2,month_end,2023-06,Labour 12-Month Mean,1,209,340.66666666666669,340.66666666666669,0,0
Labour,PAYEMS,3,after_week_2,month_end,2023-07,Labour 12-Month Mean,1,187,329.41666666666669,329.41666666666669,0,0
Labour,PAYEMS,3,after_week_2,month_end,2023-08,Labour 12-Month Mean,1,187,311.91666666666669,280.16666666666669,-6924.1458333333339,-31.75
Labour,PAYEMS,3,after_week_2,month_end,2023-09,Labour 12-Month Mean,1,336,271,271,0,0
Labour,PAYEMS,3,after_week_2,month_end,2023-10,Labour 12-Month Mean,1,150,267.16666666666669,267.16666666666669,0,0
Labour,PAYEMS,3,after_week_2,month_end,2023-11,Labour 12-Month Mean,1,199,257.58333333333331,257.58333333333331,0,0
Labour,PAYEMS,3,after_week_2,month_end,2023-12,Labour 12-Month Mean,1,216,240.16666666666666,240.16666666666666,0,0
Labour,PAYEMS,3,after_week_2,month_end,2024-01,Labour 12-Month Mean,1,353,226.66666666666666,224.75,487.95138888888687,1.9166666666666572
Labour,PAYEMS,3,after_week_2,month_end,2024-02,Labour 12-Month Mean,1,275,254.66666666666666,254.66666666666666,0,0
Labour,PAYEMS,3,after_week_2,month_end,2024-03,Labour 12-Month Mean,1,303,230,230,0,0
Labour,PAYEMS,3,after_week_2,month_end,2024-04,Labour 12-Month Mean,1,175,230.83333333333334,230.83333333333334,0,0
Labour,PAYEMS,3,after_week_2,month_end,2024-05,Labour 12-Month Mean,1,272,242.08333333333334,242.08333333333334,0,0
Labour,PAYEMS,3,after_week_2,month_end,2024-06,Labour 12-Month Mean,1,206,232.25,232.25,0,0
Labour,PAYEMS,3,after_week_2,month_end,2024-07,Labour 12-Month Mean,1,114,220.41666666666666,217.58333333333334,-594.99999999999454,-2.8333333333333144
Labour,PAYEMS,3,after_week_2,month_end,2024-08,Labour 12-Month Mean,1,142,215.16666666666666,215.16666666666666,0,0
Labour,PAYEMS,3,after_week_2,month_end,2024-09,Labour 12-Month Mean,1,254,202.16666666666666,202.16666666666666,0,0
Labour,PAYEMS,3,after_week_2,month_end,2024-10,Labour 12-Month Mean,1,12,202.5,203.16666666666666,254.44444444443798,0.66666666666665719
Labour,PAYEMS,3,after_week_2,month_end,2024-11,Labour 12-Month Mean,1,227,193.83333333333334,193.83333333333334,0,0
Labour,PAYEMS,3,after_week_2,month_end,2024-12,Labour 12-Month Mean,1,256,185.75,185.75,0,0
Labour,PAYEMS,3,after_week_2,month_end,2025-01,Labour 12-Month Mean,1,143,188.83333333333334,188.83333333333334,0,0
Labour,PAYEMS,3,after_week_2,month_end,2025-02,Labour 12-Month Mean,1,151,166.33333333333334,166.33333333333334,0,0
Labour,PAYEMS,3,after_week_2,month_end,2025-03,Labour 12-Month Mean,1,228,168.16666666666666,168.16666666666666,0,0
Labour,PAYEMS,3,after_week_2,month_end,2025-04,Labour 12-Month Mean,1,177,158.25,156.75,58.5,1.5
Labour,PAYEMS,3,after_week_2,month_end,2025-05,Labour 12-Month Mean,1,139,151.91666666666666,151.91666666666666,0,0
Labour,PAYEMS,3,after_week_2,month_end,2025-06,Labour 12-Month Mean,1,147,148.91666666666666,148.91666666666666,0,0
Labour,PAYEMS,3,after_week_2,month_end,2025-07,Labour 12-Month Mean,1,73,145.75,150.75,752.5,5
Labour,PAYEMS,3,after_week_2,month_end,2025-08,Labour 12-Month Mean,1,22,129.25,129.25,0,0
Labour,PAYEMS,3,after_week_2,month_end,2025-09,Labour 12-Month Mean,1,119,126.25,122.16666666666667,-42.534722222222193,-4.0833333333333286
Labour,PAYEMS,3,after_week_2,month_end,2025-10,Labour 12-Month Mean,1,-105,122.16666666666667,122.16666666666667,0,0
Labour,PAYEMS,3,after_week_2,month_end,2025-11,Labour 12-Month Mean,1,64,122.16666666666667,119.41666666666667,-312.35416666666697,-2.75
Labour,PAYEMS,3,after_week_2,month_end,2025-12,Labour 12-Month Mean,1,50,109.33333333333333,106.58333333333333,-318.77083333333348,-2.75
Labour,PAYEMS,3,after_week_2,month_end,2026-01,Labour 12-Month Mean,1,130,106.58333333333333,106.58333333333333,0,0
Labour,PAYEMS,3,after_week_2,month_end,2026-02,Labour 12-Month Mean,1,-92,53,53,0,0
Labour,PAYEMS,3,after_week_2,month_end,2026-03,Labour 12-Month Mean,1,178,60.75,41.916666666666664,4771.1111111111131,18.833333333333343
Labour,PAYEMS,3,after_week_2,month_end,2026-04,Labour 12-Month Mean,1,115,41.333333333333336,41.333333333333336,0,0
Labour,PAYEMS,3,after_week_2,month_end,2026-05,Labour 12-Month Mean,1,172,35.083333333333336,35.083333333333336,0,0
Labour,PAYEMS,3,after_week_2,month_end,2026-06,Labour 12-Month Mean,1,57,56.416666666666664,67.25,104.72222222222221,9.6666666666666643
Labour,PAYEMS,4,month_end,pre_employment_report,2023-02,Labour 12-Month Mean,1,311,401.16666666666669,413.91666666666669,2461.8125,12.75
Labour,PAYEMS,4,month_end,pre_employment_report,2023-03,Labour 12-Month Mean,1,236,411.08333333333331,361.66666666666669,-14862.062499999989,-49.416666666666629
Labour,PAYEMS,4,month_end,pre_employment_report,2023-04,Labour 12-Month Mean,1,253,360.25,345.41666666666669,-2961.722222222219,-14.833333333333314
Labour,PAYEMS,4,month_end,pre_employment_report,2023-05,Labour 12-Month Mean,1,339,332.91666666666669,332.91666666666669,0,0
Labour,PAYEMS,4,month_end,pre_employment_report,2023-06,Labour 12-Month Mean,1,209,340.66666666666669,338.58333333333331,-544.27083333334303,-2.0833333333333712
Labour,PAYEMS,4,month_end,pre_employment_report,2023-07,Labour 12-Month Mean,1,187,329.41666666666669,316,-3641.5069444444489,-13.416666666666686
Labour,PAYEMS,4,month_end,pre_employment_report,2023-08,Labour 12-Month Mean,0,187,280.16666666666669,280.16666666666669,0,0
Labour,PAYEMS,4,month_end,pre_employment_report,2023-09,Labour 12-Month Mean,1,336,271,257.25,1976.5625,13.75
Labour,PAYEMS,4,month_end,pre_employment_report,2023-10,Labour 12-Month Mean,1,150,267.16666666666669,266,-272.02777777778283,-1.1666666666666856
Labour,PAYEMS,4,month_end,pre_employment_report,2023-11,Labour 12-Month Mean,1,199,257.58333333333331,243.08333333333334,-1488.6666666666636,-14.499999999999972
Labour,PAYEMS,4,month_end,pre_employment_report,2023-12,Labour 12-Month Mean,1,216,240.16666666666666,232.58333333333334,-309.02083333333263,-7.5833333333333144
Labour,PAYEMS,4,month_end,pre_employment_report,2024-01,Labour 12-Month Mean,1,353,224.75,224.75,0,0
Labour,PAYEMS,4,month_end,pre_employment_report,2024-02,Labour 12-Month Mean,1,275,254.66666666666666,243.91666666666666,552.72916666666674,10.75
Labour,PAYEMS,4,month_end,pre_employment_report,2024-03,Labour 12-Month Mean,1,303,230,229,147,1
Labour,PAYEMS,4,month_end,pre_employment_report,2024-04,Labour 12-Month Mean,1,175,230.83333333333334,243.91666666666666,1632.1458333333312,13.083333333333314
Labour,PAYEMS,4,month_end,pre_employment_report,2024-05,Labour 12-Month Mean,1,272,242.08333333333334,233.5,587.24305555555611,8.5833333333333428
Labour,PAYEMS,4,month_end,pre_employment_report,2024-06,Labour 12-Month Mean,1,206,232.25,229.66666666666666,-128.95138888888937,-2.5833333333333428
Labour,PAYEMS,4,month_end,pre_employment_report,2024-07,Labour 12-Month Mean,1,114,217.58333333333334,217.58333333333334,0,0
Labour,PAYEMS,4,month_end,pre_employment_report,2024-08,Labour 12-Month Mean,1,142,215.16666666666666,209.33333333333334,-819.5833333333303,-5.8333333333333144
Labour,PAYEMS,4,month_end,pre_employment_report,2024-09,Labour 12-Month Mean,1,254,202.16666666666666,196.5,619.55555555555475,5.6666666666666572
Labour,PAYEMS,4,month_end,pre_employment_report,2024-10,Labour 12-Month Mean,0,12,203.16666666666666,203.16666666666666,0,0
Labour,PAYEMS,4,month_end,pre_employment_report,2024-11,Labour 12-Month Mean,1,227,193.83333333333334,181.08333333333334,1008.3124999999998,12.75
Labour,PAYEMS,4,month_end,pre_employment_report,2024-12,Labour 12-Month Mean,1,256,185.75,189.5,-512.8125,-3.75
Labour,PAYEMS,4,month_end,pre_employment_report,2025-01,Labour 12-Month Mean,1,143,188.83333333333334,186,-251.69444444444525,-2.8333333333333428
Labour,PAYEMS,4,month_end,pre_employment_report,2025-02,Labour 12-Month Mean,1,151,166.33333333333334,166.33333333333334,0,0
Labour,PAYEMS,4,month_end,pre_employment_report,2025-03,Labour 12-Month Mean,1,228,168.16666666666666,162.25,743.03472222222126,5.9166666666666572
Labour,PAYEMS,4,month_end,pre_employment_report,2025-04,Labour 12-Month Mean,1,177,156.75,156.75,0,0
Labour,PAYEMS,4,month_end,pre_employment_report,2025-05,Labour 12-Month Mean,1,139,151.91666666666666,156.83333333333334,151.18750000000057,4.9166666666666856
Labour,PAYEMS,4,month_end,pre_employment_report,2025-06,Labour 12-Month Mean,1,147,148.91666666666666,144.41666666666666,3.0000000000000857,0.66666666666668561
Labour,PAYEMS,4,month_end,pre_employment_report,2025-07,Labour 12-Month Mean,0,73,150.75,150.75,0,0
Labour,PAYEMS,4,month_end,pre_employment_report,2025-08,Labour 12-Month Mean,1,22,129.25,128,-266.5625,-1.25
Labour,PAYEMS,4,month_end,pre_employment_report,2025-09,Labour 12-Month Mean,1,119,122.16666666666667,122.16666666666667,0,0
Labour,PAYEMS,4,month_end,pre_employment_report,2025-10,Labour 12-Month Mean,1,-105,122.16666666666667,109.33333333333333,-5665.9166666666861,-12.833333333333371
Labour,PAYEMS,4,month_end,pre_employment_report,2025-11,Labour 12-Month Mean,1,64,119.41666666666667,109.33333333333333,-1015.8958333333339,-10.083333333333343
Labour,PAYEMS,4,month_end,pre_employment_report,2025-12,Labour 12-Month Mean,1,50,106.58333333333333,106.58333333333333,0,0
Labour,PAYEMS,4,month_end,pre_employment_report,2026-01,Labour 12-Month Mean,1,130,106.58333333333333,106.58333333333333,0,0
Labour,PAYEMS,4,month_end,pre_employment_report,2026-02,Labour 12-Month Mean,1,-92,53,53,0,0
Labour,PAYEMS,4,month_end,pre_employment_report,2026-03,Labour 12-Month Mean,1,178,41.916666666666664,41.916666666666664,0,0
Labour,PAYEMS,4,month_end,pre_employment_report,2026-04,Labour 12-Month Mean,1,115,41.333333333333336,36.416666666666664,748.56250000000273,4.9166666666666856
Labour,PAYEMS,4,month_end,pre_employment_report,2026-05,Labour 12-Month Mean,1,172,35.083333333333336,48.666666666666664,-3535.0624999999964,-13.583333333333314
Labour,PAYEMS,4,month_end,pre_employment_report,2026-06,Labour 12-Month Mean,1,57,67.25,67.25,0,0
Labour,UNRATE,1,month_open,after_week_1,2023-02,Labour AR(1),1,3.6000000000000001,3.6612899293685683,3.6612899293685683,0,0
Labour,UNRATE,1,month_open,after_week_1,2023-03,Labour AR(1),1,3.5,3.6612899293685683,3.6612899293685683,0,0
Labour,UNRATE,1,month_open,after_week_1,2023-04,Labour AR(1),1,3.3999999999999999,3.5643396374394993,3.7522907595414581,0.097101262824551379,0.18795112210195875
Labour,UNRATE,1,month_open,after_week_1,2023-05,Labour AR(1),1,3.7000000000000002,3.7522907595414581,3.6556009512011589,-0.00076304799918068197,-0.0078917107426166311
Labour,UNRATE,1,month_open,after_week_1,2023-06,Labour AR(1),1,3.6000000000000001,3.558708373507359,3.558708373507359,0,0
Labour,UNRATE,1,month_open,after_week_1,2023-07,Labour AR(1),1,3.5,3.558708373507359,3.8419607541086744,0.11349048423069373,0.28325238060131541
Labour,UNRATE,1,month_open,after_week_1,2023-08,Labour AR(1),1,3.7999999999999998,3.7455131929395886,3.7455131929395886,0,0
Labour,UNRATE,1,month_open,after_week_1,2023-09,Labour AR(1),1,3.7999999999999998,3.6488785587704804,3.6488785587704804,0,0
Labour,UNRATE,1,month_open,after_week_1,2023-10,Labour AR(1),1,3.8999999999999999,3.6488785587704804,3.9323519999492214,-0.062015326344476603,-0.21876944128029807
Labour,UNRATE,1,month_open,after_week_1,2023-11,Labour AR(1),1,3.7000000000000002,3.9310630405168068,3.9310630405168068,0,0
Labour,UNRATE,1,month_open,after_week_1,2023-12,Labour AR(1),1,3.7000000000000002,3.9310630405168068,4.0247234316056186,0.05205517834085735,0.093660391088811856
Labour,UNRATE,1,month_open,after_week_1,2024-01,Labour AR(1),1,3.7000000000000002,4.0247234316056186,3.8381733480555575,-0.08635343292084656,-0.18655008355006109
Labour,UNRATE,1,month_open,after_week_1,2024-02,Labour AR(1),1,3.8999999999999999,3.8343677875845561,3.8343677875845561,0,0
Labour,UNRATE,1,month_open,after_week_1,2024-03,Labour AR(1),1,3.7999999999999998,3.8343677875845561,3.8330539906491472,-8.8578525623258207e-05,-0.0013137969354088952
Labour,UNRATE,1,month_open,after_week_1,2024-04,Labour AR(1),1,3.8999999999999999,3.8330539906491472,4.0216604042158073,0.010319485785949182,0.054714394864954663
Labour,UNRATE,1,month_open,after_week_1,2024-05,Labour AR(1),1,4,3.9256934518479012,3.9256934518479012,0,0
Labour,UNRATE,1,month_open,after_week_1,2024-06,Labour AR(1),1,4.0999999999999996,3.9256934518479012,4.0194879520762496,-0.023900582867823598,-0.093794500228348454
Labour,UNRATE,1,month_open,after_week_1,2024-07,Labour AR(1),1,4.2999999999999998,4.0194879520762496,4.1133519095415121,-0.043849499358576495,-0.093863957465262438
Labour,UNRATE,1,month_open,after_week_1,2024-08,Labour AR(1),1,4.2000000000000002,4.2072771242095097,4.2072771242095097,0,0
Labour,UNRATE,1,month_open,after_week_1,2024-09,Labour AR(1),1,4.0999999999999996,4.2072771242095097,4.3960328121301346,0.07612704447901314,0.18875568792062491
Labour,UNRATE,1,month_open,after_week_1,2024-10,Labour AR(1),1,4.0999999999999996,4.300601936106986,4.300601936106986,0,0
Labour,UNRATE,1,month_open,after_week_1,2024-11,Labour AR(1),1,4.2000000000000002,4.205054557438574,4.205054557438574,0,0
Labour,UNRATE,1,month_open,after_week_1,2024-12,Labour AR(1),1,4.0999999999999996,4.205054557438574,4.2042576964192797,-0.00016679277595996189,-0.00079686101929432596
Labour,UNRATE,1,month_open,after_week_1,2025-01,Labour AR(1),1,4,4.2042576964192797,4.2983243931154727,0.047276236981204429,0.094066696696192942
Labour,UNRATE,1,month_open,after_week_1,2025-02,Labour AR(1),1,4.0999999999999996,4.298251586519287,4.2026916370767751,-0.028758119231906305,-0.095559949442511893
Labour,UNRATE,1,month_open,after_week_1,2025-03,Labour AR(1),1,4.2000000000000002,4.2026916370767751,4.2026916370767751,0,0
Labour,UNRATE,1,month_open,after_week_1,2025-04,Labour AR(1),1,4.2000000000000002,4.2011332435481075,4.2011332435481075,0,0
Labour,UNRATE,1,month_open,after_week_1,2025-05,Labour AR(1),1,4.2000000000000002,4.2953002691272619,4.2953002691272619,0,0
Labour,UNRATE,1,month_open,after_week_1,2025-06,Labour AR(1),1,4.0999999999999996,4.2953002691272619,4.2946377345376803,-0.00025834741522044041,-0.00066253458958165368
Labour,UNRATE,1,month_open,after_week_1,2025-07,Labour AR(1),1,4.2000000000000002,4.2939843483277977,4.2939843483277977,0,0
Labour,UNRATE,1,month_open,after_week_1,2025-08,Labour AR(1),1,4.2999999999999998,4.1984209601996412,4.1984209601996412,0,0
Labour,UNRATE,1,month_open,after_week_1,2025-09,Labour AR(1),1,4.4000000000000004,4.1984209601996412,4.2926652340979494,-0.029113357315586716,-0.094244273898308251
Labour,UNRATE,1,month_open,after_week_1,2025-11,Labour AR(1),1,4.5999999999999996,4.3869467836402611,4.3869467836402611,0,0
Labour,UNRATE,1,month_open,after_week_1,2025-12,Labour AR(1),1,4.4000000000000004,4.3869467836402611,4.3869467836402611,0,0
Labour,UNRATE,1,month_open,after_week_1,2026-01,Labour AR(1),1,4.2999999999999998,4.4812609064717037,4.4812609064717037,0,0
Labour,UNRATE,1,month_open,after_week_1,2026-02,Labour AR(1),1,4.4000000000000004,4.481393647249563,4.481393647249563,0,0
Labour,UNRATE,1,month_open,after_week_1,2026-03,Labour AR(1),1,4.2999999999999998,4.481393647249563,4.481393647249563,0,0
Labour,UNRATE,1,month_open,after_week_1,2026-04,Labour AR(1),1,4.2999999999999998,4.480894729032137,4.480894729032137,0,0
Labour,UNRATE,1,month_open,after_week_1,2026-05,Labour AR(1),1,4.2999999999999998,4.480894729032137,4.3855365553831689,-0.025406400684792399,-0.095358173648968148
Labour,UNRATE,1,month_open,after_week_1,2026-06,Labour AR(1),1,4.2000000000000002,4.3855365553831689,4.3855365553831689,0,0
Labour,UNRATE,2,after_week_1,after_week_2,2023-02,Labour AR(1),1,3.6000000000000001,3.6612899293685683,3.6612899293685683,0,0
Labour,UNRATE,2,after_week_1,after_week_2,2023-03,Labour AR(1),1,3.5,3.6612899293685683,3.5643396374394993,-0.02187485236987154,-0.09695029192906901
Labour,UNRATE,2,after_week_1,after_week_2,2023-04,Labour AR(1),1,3.3999999999999999,3.7522907595414581,3.7522907595414581,0,0
Labour,UNRATE,2,after_week_1,after_week_2,2023-05,Labour AR(1),1,3.7000000000000002,3.6556009512011589,3.6556009512011589,0,0
Labour,UNRATE,2,after_week_1,after_week_2,2023-06,Labour AR(1),1,3.6000000000000001,3.558708373507359,3.558708373507359,0,0
Labour,UNRATE,2,after_week_1,after_week_2,2023-07,Labour AR(1),1,3.5,3.8419607541086744,3.8419607541086744,0,0
Labour,UNRATE,2,after_week_1,after_week_2,2023-08,Labour AR(1),1,3.7999999999999998,3.7455131929395886,3.7455131929395886,0,0
Labour,UNRATE,2,after_week_1,after_week_2,2023-09,Labour AR(1),1,3.7999999999999998,3.6488785587704804,3.6488785587704804,0,0
Labour,UNRATE,2,after_week_1,after_week_2,2023-10,Labour AR(1),1,3.8999999999999999,3.9323519999492214,3.9323519999492214,0,0
Labour,UNRATE,2,after_week_1,after_week_2,2023-11,Labour AR(1),1,3.7000000000000002,3.9310630405168068,3.9310630405168068,0,0
Labour,UNRATE,2,after_week_1,after_week_2,2023-12,Labour AR(1),1,3.7000000000000002,4.0247234316056186,4.0247234316056186,0,0
Labour,UNRATE,2,after_week_1,after_week_2,2024-01,Labour AR(1),1,3.7000000000000002,3.8381733480555575,3.8357077885559399,-0.00067527023813856654,-0.0024655594996176866
Labour,UNRATE,2,after_week_1,after_week_2,2024-02,Labour AR(1),1,3.8999999999999999,3.8343677875845561,3.8343677875845561,0,0
Labour,UNRATE,2,after_week_1,after_week_2,2024-03,Labour AR(1),1,3.7999999999999998,3.8330539906491472,3.8330539906491472,0,0
Labour,UNRATE,2,after_week_1,after_week_2,2024-04,Labour AR(1),1,3.8999999999999999,4.0216604042158073,4.0216604042158073,0,0
Labour,UNRATE,2,after_week_1,after_week_2,2024-05,Labour AR(1),1,4,3.9256934518479012,3.9256934518479012,0,0
Labour,UNRATE,2,after_week_1,after_week_2,2024-06,Labour AR(1),1,4.0999999999999996,4.0194879520762496,4.0194879520762496,0,0
Labour,UNRATE,2,after_week_1,after_week_2,2024-07,Labour AR(1),1,4.2999999999999998,4.1133519095415121,4.1133519095415121,0,0
Labour,UNRATE,2,after_week_1,after_week_2,2024-08,Labour AR(1),1,4.2000000000000002,4.2072771242095097,4.2072771242095097,0,0
Labour,UNRATE,2,after_week_1,after_week_2,2024-09,Labour AR(1),1,4.0999999999999996,4.3960328121301346,4.3960328121301346,0,0
Labour,UNRATE,2,after_week_1,after_week_2,2024-10,Labour AR(1),1,4.0999999999999996,4.300601936106986,4.300601936106986,0,0
Labour,UNRATE,2,after_week_1,after_week_2,2024-11,Labour AR(1),1,4.2000000000000002,4.205054557438574,4.205054557438574,0,0
Labour,UNRATE,2,after_week_1,after_week_2,2024-12,Labour AR(1),1,4.0999999999999996,4.2042576964192797,4.2042576964192797,0,0
Labour,UNRATE,2,after_week_1,after_week_2,2025-01,Labour AR(1),1,4,4.2983243931154727,4.298251586519287,-4.3434666443339931e-05,-7.280659618569274e-05
Labour,UNRATE,2,after_week_1,after_week_2,2025-02,Labour AR(1),1,4.0999999999999996,4.2026916370767751,4.2026916370767751,0,0
Labour,UNRATE,2,after_week_1,after_week_2,2025-03,Labour AR(1),1,4.2000000000000002,4.2026916370767751,4.1070121562327824,0.0086394941783234369,0.090296206690442915
Labour,UNRATE,2,after_week_1,after_week_2,2025-04,Labour AR(1),1,4.2000000000000002,4.2011332435481075,4.2011332435481075,0,0
Labour,UNRATE,2,after_week_1,after_week_2,2025-05,Labour AR(1),1,4.2000000000000002,4.2953002691272619,4.2953002691272619,0,0
Labour,UNRATE,2,after_week_1,after_week_2,2025-06,Labour AR(1),1,4.0999999999999996,4.2946377345376803,4.2946377345376803,0,0
Labour,UNRATE,2,after_week_1,after_week_2,2025-07,Labour AR(1),1,4.2000000000000002,4.2939843483277977,4.2939843483277977,0,0
Labour,UNRATE,2,after_week_1,after_week_2,2025-08,Labour AR(1),1,4.2999999999999998,4.1984209601996412,4.1984209601996412,0,0
Labour,UNRATE,2,after_week_1,after_week_2,2025-09,Labour AR(1),1,4.4000000000000004,4.2926652340979494,4.2926652340979494,0,0
Labour,UNRATE,2,after_week_1,after_week_2,2025-11,Labour AR(1),1,4.5999999999999996,4.3869467836402611,4.3869467836402611,0,0
Labour,UNRATE,2,after_week_1,after_week_2,2025-12,Labour AR(1),1,4.4000000000000004,4.3869467836402611,4.4812609064717037,0.0064329484632687584,0.068207690111964148
Labour,UNRATE,2,after_week_1,after_week_2,2026-01,Labour AR(1),1,4.2999999999999998,4.4812609064717037,4.481393647249563,4.8139047555177672e-05,0.00013274077785929705
Labour,UNRATE,2,after_week_1,after_week_2,2026-02,Labour AR(1),1,4.4000000000000004,4.481393647249563,4.481393647249563,0,0
Labour,UNRATE,2,after_week_1,after_week_2,2026-03,Labour AR(1),1,4.2999999999999998,4.481393647249563,4.481393647249563,0,0
Labour,UNRATE,2,after_week_1,after_week_2,2026-04,Labour AR(1),1,4.2999999999999998,4.480894729032137,4.480894729032137,0,0
Labour,UNRATE,2,after_week_1,after_week_2,2026-05,Labour AR(1),1,4.2999999999999998,4.3855365553831689,4.3855365553831689,0,0
Labour,UNRATE,2,after_week_1,after_week_2,2026-06,Labour AR(1),1,4.2000000000000002,4.3855365553831689,4.3855365553831689,0,0
Labour,UNRATE,3,after_week_2,month_end,2023-02,Labour AR(1),1,3.6000000000000001,3.6612899293685683,3.6612899293685683,0,0
Labour,UNRATE,3,after_week_2,month_end,2023-03,Labour AR(1),1,3.5,3.5643396374394993,3.5643396374394993,0,0
Labour,UNRATE,3,after_week_2,month_end,2023-04,Labour AR(1),1,3.3999999999999999,3.7522907595414581,3.7522907595414581,0,0
Labour,UNRATE,3,after_week_2,month_end,2023-05,Labour AR(1),1,3.7000000000000002,3.6556009512011589,3.558708373507359,0.017992048182694127,0.096892577693799886
Labour,UNRATE,3,after_week_2,month_end,2023-06,Labour AR(1),1,3.6000000000000001,3.558708373507359,3.558708373507359,0,0
Labour,UNRATE,3,after_week_2,month_end,2023-07,Labour AR(1),1,3.5,3.8419607541086744,3.8419607541086744,0,0
Labour,UNRATE,3,after_week_2,month_end,2023-08,Labour AR(1),1,3.7999999999999998,3.7455131929395886,3.6488785587704804,0.019868877855648618,0.096634634169108224
Labour,UNRATE,3,after_week_2,month_end,2023-09,Labour AR(1),1,3.7999999999999998,3.6488785587704804,3.6488785587704804,0,0
Labour,UNRATE,3,after_week_2,month_end,2023-10,Labour AR(1),1,3.8999999999999999,3.9323519999492214,3.9323519999492214,0,0
Labour,UNRATE,3,after_week_2,month_end,2023-11,Labour AR(1),1,3.7000000000000002,3.9310630405168068,3.9310630405168068,0,0
Labour,UNRATE,3,after_week_2,month_end,2023-12,Labour AR(1),1,3.7000000000000002,4.0247234316056186,4.0247234316056186,0,0
Labour,UNRATE,3,after_week_2,month_end,2024-01,Labour AR(1),1,3.7000000000000002,3.8357077885559399,3.8343677875845561,-0.00036190153437529182,-0.0013400009713837591
Labour,UNRATE,3,after_week_2,month_end,2024-02,Labour AR(1),1,3.8999999999999999,3.8343677875845561,3.8343677875845561,0,0
Labour,UNRATE,3,after_week_2,month_end,2024-03,Labour AR(1),1,3.7999999999999998,3.8330539906491472,3.8330539906491472,0,0
Labour,UNRATE,3,after_week_2,month_end,2024-04,Labour AR(1),1,3.8999999999999999,4.0216604042158073,4.0216604042158073,0,0
Labour,UNRATE,3,after_week_2,month_end,2024-05,Labour AR(1),1,4,3.9256934518479012,3.9256934518479012,0,0
Labour,UNRATE,3,after_week_2,month_end,2024-06,Labour AR(1),1,4.0999999999999996,4.0194879520762496,4.0194879520762496,0,0
Labour,UNRATE,3,after_week_2,month_end,2024-07,Labour AR(1),1,4.2999999999999998,4.1133519095415121,4.2072771242095097,-0.026239977976941165,-0.093925214667997636
Labour,UNRATE,3,after_week_2,month_end,2024-08,Labour AR(1),1,4.2000000000000002,4.2072771242095097,4.2072771242095097,0,0
Labour,UNRATE,3,after_week_2,month_end,2024-09,Labour AR(1),1,4.0999999999999996,4.3960328121301346,4.3960328121301346,0,0
Labour,UNRATE,3,after_week_2,month_end,2024-10,Labour AR(1),1,4.0999999999999996,4.300601936106986,4.205054557438574,-0.029204676731256728,-0.095547378668412009
Labour,UNRATE,3,after_week_2,month_end,2024-11,Labour AR(1),1,4.2000000000000002,4.205054557438574,4.205054557438574,0,0
Labour,UNRATE,3,after_week_2,month_end,2024-12,Labour AR(1),1,4.0999999999999996,4.2042576964192797,4.2042576964192797,0,0
Labour,UNRATE,3,after_week_2,month_end,2025-01,Labour AR(1),1,4,4.298251586519287,4.298251586519287,0,0
Labour,UNRATE,3,after_week_2,month_end,2025-02,Labour AR(1),1,4.0999999999999996,4.2026916370767751,4.2026916370767751,0,0
Labour,UNRATE,3,after_week_2,month_end,2025-03,Labour AR(1),1,4.2000000000000002,4.1070121562327824,4.1070121562327824,0,0
Labour,UNRATE,3,after_week_2,month_end,2025-04,Labour AR(1),1,4.2000000000000002,4.2011332435481075,4.2953002691272619,0.0090808570547891918,0.094167025579154462
Labour,UNRATE,3,after_week_2,month_end,2025-05,Labour AR(1),1,4.2000000000000002,4.2953002691272619,4.2953002691272619,0,0
Labour,UNRATE,3,after_week_2,month_end,2025-06,Labour AR(1),1,4.0999999999999996,4.2946377345376803,4.2946377345376803,0,0
Labour,UNRATE,3,after_week_2,month_end,2025-07,Labour AR(1),1,4.2000000000000002,4.2939843483277977,4.1984209601996412,-0.0088305643639096671,-0.092405308527438557
Labour,UNRATE,3,after_week_2,month_end,2025-08,Labour AR(1),1,4.2999999999999998,4.1984209601996412,4.1984209601996412,0,0
Labour,UNRATE,3,after_week_2,month_end,2025-09,Labour AR(1),1,4.4000000000000004,4.2926652340979494,4.3869467836402611,-0.011350365513913913,-0.094281549542311716
Labour,UNRATE,3,after_week_2,month_end,2025-11,Labour AR(1),1,4.5999999999999996,4.3869467836402611,4.3869467836402611,0,0
Labour,UNRATE,3,after_week_2,month_end,2025-12,Labour AR(1),1,4.4000000000000004,4.4812609064717037,4.4812609064717037,0,0
Labour,UNRATE,3,after_week_2,month_end,2026-01,Labour AR(1),1,4.2999999999999998,4.481393647249563,4.481393647249563,0,0
Labour,UNRATE,3,after_week_2,month_end,2026-02,Labour AR(1),1,4.4000000000000004,4.481393647249563,4.481393647249563,0,0
Labour,UNRATE,3,after_week_2,month_end,2026-03,Labour AR(1),1,4.2999999999999998,4.481393647249563,4.480894729032137,-0.0001807522708886164,-0.00049891821742598097
Labour,UNRATE,3,after_week_2,month_end,2026-04,Labour AR(1),1,4.2999999999999998,4.480894729032137,4.480894729032137,0,0
Labour,UNRATE,3,after_week_2,month_end,2026-05,Labour AR(1),1,4.2999999999999998,4.3855365553831689,4.3855365553831689,0,0
Labour,UNRATE,3,after_week_2,month_end,2026-06,Labour AR(1),1,4.2000000000000002,4.3855365553831689,4.3849962773877911,-0.00020019073611115407,-0.00054027799537781362
Labour,UNRATE,4,month_end,pre_employment_report,2023-02,Labour AR(1),1,3.6000000000000001,3.6612899293685683,3.5643396374394993,-0.0024847939840577215,-0.025629566808067494
Labour,UNRATE,4,month_end,pre_employment_report,2023-03,Labour AR(1),1,3.5,3.5643396374394993,3.7522907595414581,0.059511038404159597,0.18795112210195875
Labour,UNRATE,4,month_end,pre_employment_report,2023-04,Labour AR(1),1,3.3999999999999999,3.7522907595414581,3.6556009512011589,-0.058776933003360232,-0.096689808340299166
Labour,UNRATE,4,month_end,pre_employment_report,2023-05,Labour AR(1),1,3.7000000000000002,3.558708373507359,3.558708373507359,0,0
Labour,UNRATE,4,month_end,pre_employment_report,2023-06,Labour AR(1),1,3.6000000000000001,3.558708373507359,3.8419607541086744,0.056840008110430593,0.20066912761603328
Labour,UNRATE,4,month_end,pre_employment_report,2023-07,Labour AR(1),1,3.5,3.8419607541086744,3.7455131929395886,-0.056660429443181635,-0.096447561169085816
Labour,UNRATE,4,month_end,pre_employment_report,2023-08,Labour AR(1),0,3.7999999999999998,3.6488785587704804,3.6488785587704804,0,0
Labour,UNRATE,4,month_end,pre_employment_report,2023-09,Labour AR(1),1,3.7999999999999998,3.6488785587704804,3.9323519999492214,-0.0053206381087283587,-0.018769441280297894
Labour,UNRATE,4,month_end,pre_employment_report,2023-10,Labour AR(1),1,3.8999999999999999,3.9323519999492214,3.9310630405168068,-8.1739414565639573e-05,-0.0012889594324145826
Labour,UNRATE,4,month_end,pre_employment_report,2023-11,Labour AR(1),1,3.7000000000000002,3.9310630405168068,4.0247234316056186,0.05205517834085735,0.093660391088811856
Labour,UNRATE,4,month_end,pre_employment_report,2023-12,Labour AR(1),1,3.7000000000000002,4.0247234316056186,3.8337032739758574,-0.087568741561865615,-0.19102015762976121
Labour,UNRATE,4,month_end,pre_employment_report,2024-01,Labour AR(1),1,3.7000000000000002,3.8343677875845561,3.8343677875845561,0,0
Labour,UNRATE,4,month_end,pre_employment_report,2024-02,Labour AR(1),1,3.8999999999999999,3.8343677875845561,3.8330539906491472,0.00017418086145852118,0.0013137969354088952
Labour,UNRATE,4,month_end,pre_employment_report,2024-03,Labour AR(1),1,3.7999999999999998,3.8330539906491472,4.0216604042158073,0.048040768499281232,0.18860641356666008
Labour,UNRATE,4,month_end,pre_employment_report,2024-04,Labour AR(1),1,3.8999999999999999,4.0216604042158073,3.9256934518479012,-0.014141100486093218,-0.095966952367906089
Labour,UNRATE,4,month_end,pre_employment_report,2024-05,Labour AR(1),1,4,3.9256934518479012,4.0194879520762496,-0.005141682822153975,-0.054818596075849158
Labour,UNRATE,4,month_end,pre_employment_report,2024-06,Labour AR(1),1,4.0999999999999996,4.0194879520762496,4.1133519095415121,-0.0063039163724714848,-0.067160138382237555
Labour,UNRATE,4,month_end,pre_employment_report,2024-07,Labour AR(1),1,4.2999999999999998,4.2072771242095097,4.2072771242095097,0,0
Labour,UNRATE,4,month_end,pre_employment_report,2024-08,Labour AR(1),1,4.2000000000000002,4.2072771242095097,4.3960328121301346,0.038375906894887964,0.18875568792062491
Labour,UNRATE,4,month_end,pre_employment_report,2024-09,Labour AR(1),1,4.0999999999999996,4.3960328121301346,4.300601936106986,-0.047394289087804339,-0.095430876023148592
Labour,UNRATE,4,month_end,pre_employment_report,2024-10,Labour AR(1),0,4.0999999999999996,4.205054557438574,4.205054557438574,0,0
Labour,UNRATE,4,month_end,pre_employment_report,2024-11,Labour AR(1),1,4.2000000000000002,4.205054557438574,4.2042576964192797,-7.420572101096572e-06,-0.00079686101929432596
Labour,UNRATE,4,month_end,pre_employment_report,2024-12,Labour AR(1),1,4.0999999999999996,4.2042576964192797,4.2983243931154727,0.028462897641965912,0.094066696696192942
Labour,UNRATE,4,month_end,pre_employment_report,2025-01,Labour AR(1),1,4,4.298251586519287,4.2026916370767751,-0.047870109120408622,-0.095559949442511893
Labour,UNRATE,4,month_end,pre_employment_report,2025-02,Labour AR(1),1,4.0999999999999996,4.2026916370767751,4.2026916370767751,0,0
Labour,UNRATE,4,month_end,pre_employment_report,2025-03,Labour AR(1),1,4.2000000000000002,4.1070121562327824,4.2011332435481075,-0.0086454548475371797,-0.091854600219110516
Labour,UNRATE,4,month_end,pre_employment_report,2025-04,Labour AR(1),1,4.2000000000000002,4.2953002691272619,4.2953002691272619,0,0
Labour,UNRATE,4,month_end,pre_employment_report,2025-05,Labour AR(1),1,4.2000000000000002,4.2953002691272619,4.2946377345376803,-0.00012584049730410968,-0.00066253458958165368
Labour,UNRATE,4,month_end,pre_employment_report,2025-06,Labour AR(1),1,4.0999999999999996,4.2946377345376803,4.2939843483277977,-0.00025392030980013469,-0.00065338620988253382
Labour,UNRATE,4,month_end,pre_employment_report,2025-07,Labour AR(1),0,4.2000000000000002,4.1984209601996412,4.1984209601996412,0,0
Labour,UNRATE,4,month_end,pre_employment_report,2025-08,Labour AR(1),1,4.2999999999999998,4.1984209601996412,4.2926652340979494,-0.010264502535924964,-0.094244273898308251
Labour,UNRATE,4,month_end,pre_employment_report,2025-09,Labour AR(1),1,4.4000000000000004,4.3869467836402611,4.3869467836402611,0,0
Labour,UNRATE,4,month_end,pre_employment_report,2025-11,Labour AR(1),1,4.5999999999999996,4.3869467836402611,4.4812609064717037,-0.031292700669308136,-0.094314122831442582
Labour,UNRATE,4,month_end,pre_employment_report,2025-12,Labour AR(1),1,4.4000000000000004,4.4812609064717037,4.4812609064717037,0,0
Labour,UNRATE,4,month_end,pre_employment_report,2026-01,Labour AR(1),1,4.2999999999999998,4.481393647249563,4.481393647249563,0,0
Labour,UNRATE,4,month_end,pre_employment_report,2026-02,Labour AR(1),1,4.4000000000000004,4.481393647249563,4.481393647249563,0,0
Labour,UNRATE,4,month_end,pre_employment_report,2026-03,Labour AR(1),1,4.2999999999999998,4.480894729032137,4.480894729032137,0,0
Labour,UNRATE,4,month_end,pre_employment_report,2026-04,Labour AR(1),1,4.2999999999999998,4.480894729032137,4.3855365553831689,-0.025406400684792399,-0.095358173648968148
Labour,UNRATE,4,month_end,pre_employment_report,2026-05,Labour AR(1),1,4.2999999999999998,4.3855365553831689,4.3855365553831689,0,0
Labour,UNRATE,4,month_end,pre_employment_report,2026-06,Labour AR(1),1,4.2000000000000002,4.3849962773877911,4.3849962773877911,0,0
