domain_name,target_series,stage_order,forecast_stage,target_period,stage_policy_model,fixed_model,same_model,forecast_date,information_set_hash,actual,stage_policy_point_forecast,fixed_point_forecast,delta_squared_error,delta_abs_error
GDP,GDPC1,1,early_quarter,2023Q2,Dynamic Factor Model,Dynamic Factor Model,1,2023-04-15,97052d29d1e71671d498ad806edcade585a14f270027abf402e131ee4ec301c2,2.3856035174837587,2.4868470617010976,2.4868470617010976,0,0
GDP,GDPC1,1,early_quarter,2023Q3,Dynamic Factor Model,Dynamic Factor Model,1,2023-07-15,20be4290c6d3a959e03d9a290768095bb7a2e61d71db805608c0c690b2997f81,4.7627638591336563,2.4301648462742493,2.4301648462742493,0,0
GDP,GDPC1,1,early_quarter,2023Q4,Dynamic Factor Model,Dynamic Factor Model,1,2023-10-15,1368f9461847c0ef28f0e4e40e524224a5e0c8fb7526118cbb369e5c3a602ad3,3.2268142583689041,2.4567534688899682,2.4567534688899682,0,0
GDP,GDPC1,1,early_quarter,2024Q1,Dynamic Factor Model,Dynamic Factor Model,1,2024-01-15,041eb1a4b5d8f71022febf79d70887a3dcc2db791732ad2dc8705dd7ee914e9d,1.5773785873641089,2.6107423850476468,2.6107423850476468,0,0
GDP,GDPC1,1,early_quarter,2024Q2,Dynamic Factor Model,Dynamic Factor Model,1,2024-04-15,3a266ef691028333a442e543c5d94fccb20fefd818814709090889719d0ed566,2.8020392666775251,2.7778115888870167,2.7778115888870167,0,0
GDP,GDPC1,1,early_quarter,2024Q3,Dynamic Factor Model,Dynamic Factor Model,1,2024-07-15,7ffbaa741c865f35fb13e25dc70894cb9828f7c1775f55d4563711a3d26e977b,2.7863912480171393,2.4147085887846713,2.4147085887846713,0,0
GDP,GDPC1,1,early_quarter,2024Q4,Dynamic Factor Model,Dynamic Factor Model,1,2024-10-15,6a572e1a901bff826331902980c13708a43416331b4fa9900e9319a3c5b15652,2.2264988560046106,2.8399705638099797,2.8399705638099797,0,0
GDP,GDPC1,1,early_quarter,2025Q1,Dynamic Factor Model,Dynamic Factor Model,1,2025-01-15,cc7868bcd9e04a1bf4a1285ec98493ebbf57727b571aa9257e329f1a33364d28,-0.27643155746019943,2.7735007573044714,2.7735007573044714,0,0
GDP,GDPC1,1,early_quarter,2025Q2,Dynamic Factor Model,Dynamic Factor Model,1,2025-04-15,1c87ea7d59c641078cc22ac2e429e3be781cbe5abd2806ad1beea4cca5672f2f,2.9250519832658028,2.4835642539617417,2.4835642539617417,0,0
GDP,GDPC1,1,early_quarter,2025Q3,Dynamic Factor Model,Dynamic Factor Model,1,2025-07-15,e7def4e38af92f8fb4d68f55a1228107df651ddf5274c0e66d46d31a2deaa559,4.2511297453771135,2.5451584654074622,2.5451584654074622,0,0
GDP,GDPC1,1,early_quarter,2025Q4,Dynamic Factor Model,Dynamic Factor Model,1,2025-10-15,c6b9ec2eea097207dac72c9b562a122174f53e5cb4dc21529723525b8ce897f0,1.4125209345351664,1.962860695264586,1.962860695264586,0,0
GDP,GDPC1,1,early_quarter,2026Q1,Dynamic Factor Model,Dynamic Factor Model,1,2026-01-15,45dd404584619b54df9d08325bcd88c3d45398a3edf347e5cf76632d58e5c22a,1.9701855346021091,2.5193798658793018,2.5193798658793018,0,0
GDP,GDPC1,2,after_month_1,2023Q2,Dynamic Factor Model,Dynamic Factor Model,1,2023-05-15,185a96db51d8310aa003fdfdec1f331b1816bfd346f47452689cc7165421d7c1,2.3856035174837587,2.4992570090371475,2.4992570090371475,0,0
GDP,GDPC1,2,after_month_1,2023Q3,Dynamic Factor Model,Dynamic Factor Model,1,2023-08-15,d00cd325dcaa84eb781ca545a2809a877d07bacbc040dc8619d55246a0a18475,4.7627638591336563,2.5481136604813108,2.5481136604813108,0,0
GDP,GDPC1,2,after_month_1,2023Q4,Dynamic Factor Model,Dynamic Factor Model,1,2023-11-15,366dd9422899a40caf9ef5f980ce77b11eb61dde525b3b589a79ef565270c9a9,3.2268142583689041,2.5015111157239915,2.5015111157239915,0,0
GDP,GDPC1,2,after_month_1,2024Q1,Dynamic Factor Model,Dynamic Factor Model,1,2024-02-15,1d74feacf71dfe3def2d98a1df8e2bf95dbbfaa08a07fdb8665700b2a09cf77f,1.5773785873641089,2.7168169218981379,2.7168169218981379,0,0
GDP,GDPC1,2,after_month_1,2024Q2,Dynamic Factor Model,Dynamic Factor Model,1,2024-05-15,ac5de9680f939aaeb08cf5a58836fa7de7e2be76e0e5d75777e9e8b861ba916d,2.8020392666775251,2.4160073852916923,2.4160073852916923,0,0
GDP,GDPC1,2,after_month_1,2024Q3,Dynamic Factor Model,Dynamic Factor Model,1,2024-08-15,6e416ee46bf91520c991264b75452e514fbbe61251ee64c8134199f04e191c88,2.7863912480171393,1.8813085519709605,1.8813085519709605,0,0
GDP,GDPC1,2,after_month_1,2024Q4,Dynamic Factor Model,Dynamic Factor Model,1,2024-11-15,b10b79740792bdcb1f2e1b2f5645e961bebdddc1ae20402b24c0914574a1943a,2.2264988560046106,2.4958852419776352,2.4958852419776352,0,0
GDP,GDPC1,2,after_month_1,2025Q1,Dynamic Factor Model,Dynamic Factor Model,1,2025-02-15,a68a4e42d0695d51d102bcfedd1d199609fa61a40ea27d6cb344a0ad86eb7eb7,-0.27643155746019943,2.9832929871803047,2.9832929871803047,0,0
GDP,GDPC1,2,after_month_1,2025Q2,Dynamic Factor Model,Dynamic Factor Model,1,2025-05-15,32e7550c5daeedf8df46042cb189f2347ca73e543d1ffd90be17b021a34560f8,2.9250519832658028,2.0034269768871531,2.0034269768871531,0,0
GDP,GDPC1,2,after_month_1,2025Q3,Dynamic Factor Model,Dynamic Factor Model,1,2025-08-15,7b3e95f884b36b09d4745877772cd041eecd5a47112306e3327bbb71664e70a5,4.2511297453771135,2.256528272269362,2.256528272269362,0,0
GDP,GDPC1,2,after_month_1,2025Q4,Dynamic Factor Model,Dynamic Factor Model,1,2025-11-15,d89e7f2e0a2512a63cc9fa6b1c53604130ef4671ddc2337e6841aaada1eb9de2,1.4125209345351664,1.7365958319597818,1.7365958319597818,0,0
GDP,GDPC1,2,after_month_1,2026Q1,Dynamic Factor Model,Dynamic Factor Model,1,2026-02-15,7e4bb5ccffc875ee05bb59f8f24bd7da52e50f2d62c6d5c5056684a5448317ca,1.9701855346021091,2.8159737333676316,2.8159737333676316,0,0
GDP,GDPC1,3,after_month_2,2023Q2,Bridge–DFM Ensemble,Dynamic Factor Model,0,2023-06-15,a8b961264008cc1541772e36da84e1d842149200fb47a562a9ea314c5d761d45,2.3856035174837587,2.3459478743075555,2.3600895468070138,0.00092160733602455233,0.014141672499458302
GDP,GDPC1,3,after_month_2,2023Q3,Bridge–DFM Ensemble,Dynamic Factor Model,0,2023-09-15,68b8f5b6e39dec114be0cd067ff17a64ff5eec9c9dd8adc5d419e681381ebaab,4.7627638591336563,2.1794200406009305,2.2089652788112901,0.15177809589471192,0.029545238210359592
GDP,GDPC1,3,after_month_2,2023Q4,Bridge–DFM Ensemble,Dynamic Factor Model,0,2023-12-15,5797ab6ad14b2f66c30698acee8cb2b2f26f3342d4c41aeb4f756ac9cfe62be4,3.2268142583689041,2.3825579122736817,2.6256979404842857,0.35142795029489438,0.24314002821060399
GDP,GDPC1,3,after_month_2,2024Q1,Bridge–DFM Ensemble,Dynamic Factor Model,0,2024-03-15,f9f2bb1d737deb3582e7a3d6289523e6216cbd88764af99b6d7b0812ccf0509f,1.5773785873641089,1.5695699885769705,2.3693532792372904,-0.62716293835260239,-0.78416609308604324
GDP,GDPC1,3,after_month_2,2024Q2,Bridge–DFM Ensemble,Dynamic Factor Model,0,2024-06-15,1a0463c654a82f156ecd741b2edeeeac379563a27527da814901df90dfe62a91,2.8020392666775251,2.2801762982087608,2.2816295370280471,0.0015146711451876627,0.0014532388192862733
GDP,GDPC1,3,after_month_2,2024Q3,Bridge–DFM Ensemble,Dynamic Factor Model,0,2024-09-15,f62a0e022c76f08f0ac74560a98cb583e5ba844cf7ab968bd8a0b024f26d88f7,2.7863912480171393,1.1486244347223555,1.9262733342602174,1.9424773091641916,0.77764889953786187
GDP,GDPC1,3,after_month_2,2024Q4,Bridge–DFM Ensemble,Dynamic Factor Model,0,2024-12-15,3e5df345871aa435469d99befddf11d5c1aa3867733f1e986f9182e8fe0f11eb,2.2264988560046106,1.962646656556656,2.4820627078383493,0.0043051007894260862,0.0082883476142159296
GDP,GDPC1,3,after_month_2,2025Q1,Bridge–DFM Ensemble,Dynamic Factor Model,0,2025-03-15,b0f2dc6ca91e754f555e396502fddf5f2284374abdbcb6f03f71efe4ed88cfa1,-0.27643155746019943,2.3145635657787023,2.9085739636448014,-3.4310044408215656,-0.5940103978660991
GDP,GDPC1,3,after_month_2,2025Q2,Bridge–DFM Ensemble,Dynamic Factor Model,0,2025-06-15,6bed1b832b7e14c8c4d7028fadb497806bd86851cd6db358d4fac57f7ed17910,2.9250519832658028,1.990361667207023,1.9169146448282597,-0.14269490621787184,-0.073447022378763327
GDP,GDPC1,3,after_month_2,2025Q3,Bridge–DFM Ensemble,Dynamic Factor Model,0,2025-09-15,ea82d19c2bb1d0c015dd8baa335cd3370b0b7a1577715386d59ab4c165aa20d6,4.2511297453771135,1.6711641922597553,2.0596476561174404,1.8536285077262136,0.38848346385768506
GDP,GDPC1,3,after_month_2,2025Q4,Bridge–DFM Ensemble,Dynamic Factor Model,0,2025-12-15,31be881528c069f87a41fd489e0fe6a4007aae61c4e5823e06793bfc2e6dc4d9,1.4125209345351664,1.3434763958319373,1.5540148523459492,-0.015253380452702869,-0.07244937910755378
GDP,GDPC1,3,after_month_2,2026Q1,Bridge–DFM Ensemble,Dynamic Factor Model,0,2026-03-15,6edb1c0eca6c4f43375ff90581f955eaa237da3077c0ee9bf8ad48ccf16bebd9,1.9701855346021091,3.3208306644829619,2.4606476079488746,1.5836892214792577,0.86018305653408733
GDP,GDPC1,4,quarter_end,2023Q2,Rolling Bridge–DFM Ensemble,Dynamic Factor Model,0,2023-06-30,d2a4faf8f2f065dc1fcb8c9fe6b90b47cc74154982e316fc98dbe01a716c5dcd,2.3856035174837587,2.5758594883958725,2.4905470899241857,0.025184181071151959,0.085312398471686812
GDP,GDPC1,4,quarter_end,2023Q3,Rolling Bridge–DFM Ensemble,Dynamic Factor Model,0,2023-09-30,588e1f94b2938e60a97d99487f041f3d765875319fb8b98c6caad9ac2b5d9a4e,4.7627638591336563,1.9381876977046764,2.2091870619886409,1.4574760327954763,0.27099936428396454
GDP,GDPC1,4,quarter_end,2023Q4,Rolling Bridge–DFM Ensemble,Dynamic Factor Model,0,2023-12-31,600cd2c28ef4e95515c8b407d5b6ebfd790e007f65aea60ab51321b6705c0649,3.2268142583689041,2.5620464730925132,2.637172568661883,0.094238886100726782,0.075126095569369777
GDP,GDPC1,4,quarter_end,2024Q1,Rolling Bridge–DFM Ensemble,Dynamic Factor Model,0,2024-03-31,1658fbeddc2752fb8c25c2388ba43bc05d0233164413c39e7a14e97ee2b0a3d0,1.5773785873641089,2.1749332201062299,2.4317414054079749,-0.37286428574428498,-0.25680818530174498
GDP,GDPC1,4,quarter_end,2024Q2,Rolling Bridge–DFM Ensemble,Dynamic Factor Model,0,2024-06-30,ba0029243e834874f05403d27bc5b3d73696ca03aab348d721cade95fb249ae9,2.8020392666775251,2.1608104972489843,2.2836201143474395,0.1424159172401962,0.12280961709845517
GDP,GDPC1,4,quarter_end,2024Q3,Rolling Bridge–DFM Ensemble,Dynamic Factor Model,0,2024-09-30,ff82e80036e5da9663853b0954826f1da046f49b1a9b73047a4ac229626f4afc,2.7863912480171393,1.7912006643019205,1.9201507439964098,0.24003168710935052,0.12895007969448935
GDP,GDPC1,4,quarter_end,2024Q4,Rolling Bridge–DFM Ensemble,Dynamic Factor Model,0,2024-12-31,b901b76f09ab0c3a28a8b155015fe3e15f062329708375a148ce72ea6c7eb60a,2.2264988560046106,2.0331562983931417,2.4511923644063938,-0.013105828134158025,-0.031350950790314247
GDP,GDPC1,4,quarter_end,2025Q1,Rolling Bridge–DFM Ensemble,Dynamic Factor Model,0,2025-03-31,8c8cd884bf69611dfdc2a3e9b30e5fd689cbfd92d7cd47a0f97c54e88359a7cf,-0.27643155746019943,2.7652363678292318,2.9625422320665162,-1.2392074415065402,-0.19730586423728447
GDP,GDPC1,4,quarter_end,2025Q2,Rolling Bridge–DFM Ensemble,Dynamic Factor Model,0,2025-06-30,a4ea51a64cdb93cacf997cc10427cc83afe4ebb964468cbbe2850b037620ccc6,2.9250519832658028,1.6292375252773108,1.8045198174046218,0.42354277480246005,0.17528229212731095
GDP,GDPC1,4,quarter_end,2025Q3,Rolling Bridge–DFM Ensemble,Dynamic Factor Model,0,2025-09-30,61a2f111cd6d546eb8f42c02e95464e5ab3db2ec0e511c44277d357fd308e9d2,4.2511297453771135,1.4710991975581944,2.1025258619379548,3.1120711988765253,0.63142666437976036
GDP,GDPC1,4,quarter_end,2025Q4,Rolling Bridge–DFM Ensemble,Dynamic Factor Model,0,2025-12-31,3f921aff67b1bdd9a20c1566e18cd6b802df54416bc8771c71e73ba3dc229693,1.4125209345351664,1.2440376293243163,1.7889503579753649,-0.11331248669674784,-0.2079461182293485
GDP,GDPC1,4,quarter_end,2026Q1,Rolling Bridge–DFM Ensemble,Dynamic Factor Model,0,2026-03-31,c4a02f0026a9fe88fd4ddd26fd297d3c97936ae5780c3d8d4f793d9d3bdc075d,1.9701855346021091,3.1302605046477519,2.4940361121547241,1.0713545085241907,0.63622439249302776
GDP,GDPC1,5,pre_advance_release,2023Q2,Dynamic Factor Model,Dynamic Factor Model,1,2023-07-26,60c1db290f75d36ad115d1fde40c00acbf1079eaa10fa7c38aa69ca52b51358f,2.3856035174837587,2.3510759369600653,2.3510759369600653,0,0
GDP,GDPC1,5,pre_advance_release,2023Q3,Dynamic Factor Model,Dynamic Factor Model,1,2023-10-25,574ecc1edcd1778087aa997e15cf770f271e63be12540ec8d0f19f49090394cd,4.7627638591336563,2.2665938227062492,2.2665938227062492,0,0
GDP,GDPC1,5,pre_advance_release,2023Q4,Dynamic Factor Model,Dynamic Factor Model,1,2024-01-24,ec75059ad4fac68c4ae07c5a6549e78083a3c21a41466dfc9cb1fdfd26f455c6,3.2268142583689041,2.578204568898951,2.578204568898951,0,0
GDP,GDPC1,5,pre_advance_release,2024Q1,Dynamic Factor Model,Dynamic Factor Model,1,2024-04-24,24c18e676da3696b50110cf87ff544c84243bea1624dc51a9c0b25d429ba1d0c,1.5773785873641089,2.4891613323420634,2.4891613323420634,0,0
GDP,GDPC1,5,pre_advance_release,2024Q2,Dynamic Factor Model,Dynamic Factor Model,1,2024-07-24,1f383ededc5c247e5a4e6a54cd758cc67ce1505fedd2b239d9a2523bbe9ec6c4,2.8020392666775251,2.2868633831457497,2.2868633831457497,0,0
GDP,GDPC1,5,pre_advance_release,2024Q3,Dynamic Factor Model,Dynamic Factor Model,1,2024-10-29,c02e18ccb870d5579389b3f837620ae383a0af40ede65123f21d4aa873f3f0f5,2.7863912480171393,2.0176625696966592,2.0176625696966592,0,0
GDP,GDPC1,5,pre_advance_release,2024Q4,Dynamic Factor Model,Dynamic Factor Model,1,2025-01-29,60ce7e0ddbfa889efd14fb252117431ed6ce95231c4c801be218200d4fb63103,2.2264988560046106,2.4514065363205746,2.4514065363205746,0,0
GDP,GDPC1,5,pre_advance_release,2025Q1,Dynamic Factor Model,Dynamic Factor Model,1,2025-04-29,d72f63793f30fe37b0ba0f32772380fb66aa0d4b9fb2f400ecb2087b15e3c774,-0.27643155746019943,2.9741429691758174,2.9741429691758174,0,0
GDP,GDPC1,5,pre_advance_release,2025Q2,Dynamic Factor Model,Dynamic Factor Model,1,2025-07-29,364f92c145d08ccef85a61d43b6c8716c1ec443c02244c4178f279cdd2485d29,2.9250519832658028,1.8313188729557819,1.8313188729557819,0,0
GDP,GDPC1,5,pre_advance_release,2025Q3,Dynamic Factor Model,Dynamic Factor Model,1,2025-12-22,2d04211d093ff7091d66a0b57b8dcef74b2a751b0022415a956b23d332d5a739,4.2511297453771135,2.2561662933363342,2.2561662933363342,0,0
GDP,GDPC1,5,pre_advance_release,2025Q4,Dynamic Factor Model,Dynamic Factor Model,1,2026-02-19,0278feb160f44b023d860b5053e7c7bbeeeb8db6bf8f4dd0deb3974f35e892f0,1.4125209345351664,1.8005327659206583,1.8005327659206583,0,0
GDP,GDPC1,5,pre_advance_release,2026Q1,Dynamic Factor Model,Dynamic Factor Model,1,2026-04-29,523f72b5935c3f3c8a9e7760cfcfab5626484cc86bd821e5128197d7e26a8200,1.9701855346021091,2.4233479275160388,2.4233479275160388,0,0
Inflation,CPIAUCSL,1,month_open,2023-02,Inflation Ridge-AR Ensemble,Inflation Bridge Ridge,0,2023-02-01,30bd2a746b5627992ad31d6598e4a35a8669f48041c568df44c48cf034f7b626,4.4318730380084048,1.8666441852025841,3.1648313408531235,4.9750044049373319,1.2981871556505395
Inflation,CPIAUCSL,1,month_open,2023-03,Inflation Ridge-AR Ensemble,Inflation Bridge Ridge,0,2023-03-01,db99f1f4d4d3334eaef59b89950f48ee9bb1f8678fcf1d30d0bfaa5b720ee4df,0.63633472696977833,4.6972658040869746,4.745551896762886,-0.39450453542624686,-0.048286092675911441
Inflation,CPIAUCSL,1,month_open,2023-04,Inflation Ridge-AR Ensemble,Inflation Bridge Ridge,0,2023-04-01,32673152a99d3263f3f9ed8560cc6ba755c24bb424dae7e956134f442cc46d9a,4.4053058606191797,2.7693402781276886,1.900371973925701,-3.5983103896085744,-0.86896830420198778
Inflation,CPIAUCSL,1,month_open,2023-05,Inflation Ridge-AR Ensemble,Inflation Bridge Ridge,0,2023-05-01,c40dc0e288acf44de093f257dd91ced1a042449c69581796e5c72d64a383200e,1.4885883415676204,2.1349793531768544,2.8206654449785864,-1.3566080695425407,-0.68568609180173201
Inflation,CPIAUCSL,1,month_open,2023-06,Inflation Ridge-AR Ensemble,Inflation Bridge Ridge,0,2023-06-01,7651bf41614253de85a8ccd1403b43ce653e69223fde0edfebb94e51992102ba,2.1622873911194773,3.1834252193096595,2.757104447263675,0.68891513388091252,0.42632077204598451
Inflation,CPIAUCSL,1,month_open,2023-07,Inflation Ridge-AR Ensemble,Inflation Bridge Ridge,0,2023-07-01,772d853be45298023544f2d92b64ba3a8f809b150ffaa189716d3bcf8d0d4e4d,2.0006943267020461,2.4347883462412021,2.9234719119716108,-0.66308085407626771,-0.48868356573040872
Inflation,CPIAUCSL,1,month_open,2023-08,Inflation Ridge-AR Ensemble,Inflation Bridge Ridge,0,2023-08-01,14e5e80143efbaecbec28ae3af68a385e1236611e647b34a42dcabbed821774f,7.5504206569227961,3.4340780500206596,4.5405355832203274,7.8848683005009637,1.1064575331996682
Inflation,CPIAUCSL,1,month_open,2023-09,Inflation Ridge-AR Ensemble,Inflation Bridge Ridge,0,2023-09-01,b85a328ae132025b941fa72de3c6759b46734f451777c72148c74dfd12a5e3ce,4.7393951626556685,3.7606285144972906,5.2868535004825148,0.65827351989105254,0.43130831033153161
Inflation,CPIAUCSL,1,month_open,2023-10,Inflation Ridge-AR Ensemble,Inflation Bridge Ridge,0,2023-10-01,3a26df0d3895e07bab51d56556b6001227ed70942d6dda4e93c5ebce84cdeebc,0.53844904171214125,4.8284941639858969,4.266656558017857,4.5049558665064087,0.56183760596803989
Inflation,CPIAUCSL,1,month_open,2023-11,Inflation Ridge-AR Ensemble,Inflation Bridge Ridge,0,2023-11-01,a5393d6ec69e1d357cf1f32af81147b0f60146446a8004226b89cc12f838810d,1.1619142598910059,4.39271512093792,4.9848901022206613,-4.1770700872946573,-0.59217498128274126
Inflation,CPIAUCSL,1,month_open,2023-12,Inflation Ridge-AR Ensemble,Inflation Bridge Ridge,0,2023-12-01,743e6919713900b76e677717cd1a66869d15bf5ff291e59b557bcbce3da349f9,3.6305472050568,1.6576627430541697,1.8816762483349487,0.83372347714620476,0.22401350528077901
Inflation,CPIAUCSL,1,month_open,2024-01,Inflation Ridge-AR Ensemble,Inflation Bridge Ridge,0,2024-01-01,1c9d7a507fb5ecf3beece8ebfe371399356d8179c0ea445c88bafdbb78fed0f5,3.6596101950234328,2.6507719044608749,3.5230319839173605,0.99910108875624914,0.87226007945648565
Inflation,CPIAUCSL,1,month_open,2024-02,Inflation Ridge-AR Ensemble,Inflation Bridge Ridge,0,2024-02-01,4acd561b9e983aecffffe0fb830530af2b93463dfc296c45ebca9c5842b184ab,5.2930544512420852,3.1570378397136345,3.1515486161631374,-0.023480276951697299,-0.0054892235504970799
Inflation,CPIAUCSL,1,month_open,2024-03,Inflation Ridge-AR Ensemble,Inflation Bridge Ridge,0,2024-03-01,f9ba877379756fdb8fb080f7d9c3d4a9398f93a116a9f04c27f138d329ec8492,4.52827819934285,4.4255062642257315,5.6754836588160416,-1.3055182955973792,-1.044433524356073
Inflation,CPIAUCSL,1,month_open,2024-04,Inflation Ridge-AR Ensemble,Inflation Bridge Ridge,0,2024-04-01,0765f629012b7882da9b07236737a448cea652d24c7d60f9c5500570f2be42f0,3.7490617076503696,3.8415214723765136,3.5911642273954074,-0.016382806177652268,-0.065437715528818163
Inflation,CPIAUCSL,1,month_open,2024-05,Inflation Ridge-AR Ensemble,Inflation Bridge Ridge,0,2024-05-01,01c59925fab16ba62b08a4763c2108a3b840145569e7ae080f15c6b5d2a754f9,0.068961994298533114,3.6265154642031567,3.5796114403758725,0.33152715798729737,0.046904023827284202
Inflation,CPIAUCSL,1,month_open,2024-06,Inflation Ridge-AR Ensemble,Inflation Bridge Ridge,0,2024-06-01,8df009ea9d2a3f9378f43651fc146c649cbd57f03acc45894e67af75e79ca32e,-0.67446518795364341,3.2497043836814505,3.2563527943725585,-0.052223183232277037,-0.0066484106911079976
Inflation,CPIAUCSL,1,month_open,2024-07,Inflation Ridge-AR Ensemble,Inflation Bridge Ridge,0,2024-07-01,51458cda1e8975e0ed110d3f82c5cf2cf16a0d63c40603694e9ed66d3bc9304b,1.8576952015390447,1.475471748151056,1.7565326444915557,0.13586090537145351,0.28106089634049969
Inflation,CPIAUCSL,1,month_open,2024-08,Inflation Ridge-AR Ensemble,Inflation Bridge Ridge,0,2024-08-01,a112ff08058f0ed6b24978daadcc77bb5ae2d8ab5ba3c1e31f65365a8134444f,2.244545826505373,1.8196362199092095,2.8737454575260157,-0.21534400189880648,-0.20429002442447919
Inflation,CPIAUCSL,1,month_open,2024-09,Inflation Ridge-AR Ensemble,Inflation Bridge Ridge,0,2024-09-01,a4f2ce8b6294e6f997b4fa92a73e47d06c9f8dd431c4c1d7c0d58e46b718aec4,2.1564651235159715,1.3471319256623808,0.51939661222839861,-2.024973085501391,-0.82773531343398221
Inflation,CPIAUCSL,1,month_open,2024-10,Inflation Ridge-AR Ensemble,Inflation Bridge Ridge,0,2024-10-01,0bde9a780e20438090ae0e0b5c7664c57538f6fb2853ee43e735662b6f0ae5ed,2.9250657197465557,2.9364875057628934,3.4843145438374581,-0.31262879005125405,-0.54782703807456468
Inflation,CPIAUCSL,1,month_open,2024-11,Inflation Ridge-AR Ensemble,Inflation Bridge Ridge,0,2024-11-01,8fbc267d6510a2526ff236f920e15de7594349e15a1107540271af3c6f63de6b,3.7487271246416043,3.1143321349001818,3.8899265196103667,0.38251973386947496,0.49319559477266006
Inflation,CPIAUCSL,1,month_open,2024-12,Inflation Ridge-AR Ensemble,Inflation Bridge Ridge,0,2024-12-01,6f071f53641ab5669bd9c3e9ac58244f7ce194bf4d227b5a47d3306dd9d31e8c,4.7082186032746165,3.2464652934125939,3.7269446928323351,1.1738242515778916,0.48047939941974116
Inflation,CPIAUCSL,1,month_open,2025-01,Inflation Ridge-AR Ensemble,Inflation Bridge Ridge,0,2025-01-01,389b699d6ba53b4ddc2823f5497c49f5c4f63a4d2e4a79feaff2786ceb71e114,5.5901805067371413,2.9472097924397458,2.6683686745675463,-1.5516901859725607,-0.27884111787219945
Inflation,CPIAUCSL,1,month_open,2025-02,Inflation Ridge-AR Ensemble,Inflation Bridge Ridge,0,2025-02-01,520eafa0eb29b1e17eb789a2a666532291471ee0160e11583aac20c80f2780e3,2.58835746917363,3.6949255660253817,3.6238954403781531,0.15215406316372793,0.071030125647228548
Inflation,CPIAUCSL,1,month_open,2025-03,Inflation Ridge-AR Ensemble,Inflation Bridge Ridge,0,2025-03-01,99002d090aac3c99b6a5e65528af95de7db34a797d8721a66bf57268fba73838,-0.60057243312350295,3.9580185421924252,3.6678016266287115,2.5617345662662281,0.29021691556371376
Inflation,CPIAUCSL,1,month_open,2025-04,Inflation Ridge-AR Ensemble,Inflation Bridge Ridge,0,2025-04-01,3fac28a31e3115ea7a05c745cc72d0d68471fb790ec671f5a3fd961496a7d37b,2.6477658507008783,2.8198662764447029,3.0456165569269631,-0.12866662790338873,-0.2257502804822602
Inflation,CPIAUCSL,1,month_open,2025-05,Inflation Ridge-AR Ensemble,Inflation Bridge Ridge,0,2025-05-01,38513725ec1266da0ac97cd68420c2f9f6030f68252cc43abc3fb2c49d9f5d72,0.96988463715668161,2.5071594387786313,4.1761252135478948,-7.916764817995654,-1.6689657747692634
Inflation,CPIAUCSL,1,month_open,2025-06,Inflation Ridge-AR Ensemble,Inflation Bridge Ridge,0,2025-06-01,8d91cc0728b8c06e53a9622cdfcbcc61efaa18b181eeb87e724f180a66aab16b,3.4388261759264793,4.1227400346073928,5.6270319221317706,-4.3205062216300387,-1.5042918875243778
Inflation,CPIAUCSL,1,month_open,2025-07,Inflation Ridge-AR Ensemble,Inflation Bridge Ridge,0,2025-07-01,81ecbbe883965eb9bddb6fe8c361df19948898a537ee9f03d17e4588a3db6147,2.3566269040241394,5.2564911607965357,8.8127564334835586,-33.272395793451778,-3.556265272687023
Inflation,CPIAUCSL,1,month_open,2025-08,Inflation Ridge-AR Ensemble,Inflation Bridge Ridge,0,2025-08-01,2868338271635f2e33b6bd4259bb12fd3a8d8bd6015f077624f0fb6c1906a95f,4.5806691138956523,3.8041855695281956,4.5621894382864916,0.60258519626282825,0.75800386875829595
Inflation,CPIAUCSL,1,month_open,2025-09,Inflation Ridge-AR Ensemble,Inflation Bridge Ridge,0,2025-09-01,27cf3cc721e01366a148aa02a178f1d65934bbe2524f53b11dc66d2aae8469cf,3.7200600398769268,4.182558109507025,5.9074071962151971,-4.5705831179295497,-1.7248490867081721
Inflation,CPIAUCSL,1,month_open,2025-11,Inflation Ridge-AR Ensemble,Inflation Bridge Ridge,0,2025-11-01,57f8728243173a1dd4bd43995690d4a1595bc35b855470de81b388149c7a8cb7,2.4502664045531475,2.6153379805492465,2.0251482294885155,-0.15347683756844724,-0.260046599068533
Inflation,CPIAUCSL,1,month_open,2025-12,Inflation Ridge-AR Ensemble,Inflation Bridge Ridge,0,2025-12-01,ee6e91bc7e7cad2988c033393fa68b30e4ffa0373ce5fcb2d141041c4aa65895,3.6826071315459785,3.4522724478756155,3.699017164141253,0.052784777331748224,0.21392465107508851
Inflation,CPIAUCSL,1,month_open,2026-02,Inflation Ridge-AR Ensemble,Inflation Bridge Ridge,0,2026-02-01,73baf19b287be04e4e6938422cd5d63c7ea06adda39d5054a35d9a768d3017e9,3.1997670507312392,4.2398283050988113,5.2741288785876455,-3.2212495800311229,-1.0343005734888342
Inflation,CPIAUCSL,1,month_open,2026-03,Inflation Ridge-AR Ensemble,Inflation Bridge Ridge,0,2026-03-01,c4485dd6273eeb7f4e3ae5268017d64f68ec76849aea6bd5ad20ed6987aa5b9b,10.337074927015166,4.1302475580686835,5.1524097033749632,11.643952506679,1.0221621453062797
Inflation,CPIAUCSL,1,month_open,2026-04,Inflation Ridge-AR Ensemble,Inflation Bridge Ridge,0,2026-04-01,5607ec8bb9be56ed471fea98ce825532c79d22ff0e9ff105adc5cd7fd0ce8640,7.6559788889596803,5.6505067187716422,8.1929280247808816,3.7336042509395839,1.4685230343668367
Inflation,CPIAUCSL,1,month_open,2026-05,Inflation Ridge-AR Ensemble,Inflation Bridge Ridge,0,2026-05-01,ecce58d78881f1fa52eea024f09cf047c9ca1eea60292d769f6573282836f872,5.6615940286512512,5.5005696601914664,4.1270964552940157,-2.3287539554013716,-1.3734732048974507
Inflation,CPIAUCSL,1,month_open,2026-06,Inflation Ridge-AR Ensemble,Inflation Bridge Ridge,0,2026-06-01,f0df781ab2f261271b2366f61a81fc49bbdfc7e9b97072503f64ad3b16b226f6,-5.0805195408127446,7.3528206009709756,7.831598336853034,-12.134841005445793,-0.47877773588205841
Inflation,CPIAUCSL,2,mid_month,2023-02,Inflation Bridge Ridge,Inflation Bridge Ridge,1,2023-02-15,8a6aa5b331d2800440fc5070284d13bec46ca8e8cf8f0b64f2d774d7a346d845,4.4318730380084048,3.2228808132249891,3.2228808132249891,0,0
Inflation,CPIAUCSL,2,mid_month,2023-03,Inflation Bridge Ridge,Inflation Bridge Ridge,1,2023-03-15,c24597678917fa9998f96e86831764202da9a46463c27a4e17b3e2dbde45d766,0.63633472696977833,3.7537713775668817,3.7537713775668817,0,0
Inflation,CPIAUCSL,2,mid_month,2023-04,Inflation Bridge Ridge,Inflation Bridge Ridge,1,2023-04-15,24f87b813e26fb3b81c056ed9d88901f2c30ae987130cda85ad254b128511a68,4.4053058606191797,-0.42593691255574795,-0.42593691255574795,0,0
Inflation,CPIAUCSL,2,mid_month,2023-05,Inflation Bridge Ridge,Inflation Bridge Ridge,1,2023-05-15,5a53e4c54994844b836b9488eadd3536e0c958570641ae4d93cd978d90c91e5c,1.4885883415676204,4.6653386479855783,4.6653386479855783,0,0
Inflation,CPIAUCSL,2,mid_month,2023-06,Inflation Bridge Ridge,Inflation Bridge Ridge,1,2023-06-15,1d08b874d7bce4f6418361d7e9e35acbb28fb786e60bda8c15f016e0a267febc,2.1622873911194773,1.7248623542939545,1.7248623542939545,0,0
Inflation,CPIAUCSL,2,mid_month,2023-07,Inflation Bridge Ridge,Inflation Bridge Ridge,1,2023-07-15,89027fe9e485f8e383ea0d772ef18067f845d85a2ef90610397154b79eacb5e0,2.0006943267020461,2.8068642491670963,2.8068642491670963,0,0
Inflation,CPIAUCSL,2,mid_month,2023-08,Inflation Bridge Ridge,Inflation Bridge Ridge,1,2023-08-15,9cc2c2745a298698df6c4f34ca2408a44f30fa474f8671fa4f1e4295603404a2,7.5504206569227961,4.8343448155525497,4.8343448155525497,0,0
Inflation,CPIAUCSL,2,mid_month,2023-09,Inflation Bridge Ridge,Inflation Bridge Ridge,1,2023-09-15,61e5ff22c1712efb73e9d56a561747473a23ba97f849c34eb9865177f289d33f,4.7393951626556685,5.4288142821168464,5.4288142821168464,0,0
Inflation,CPIAUCSL,2,mid_month,2023-10,Inflation Bridge Ridge,Inflation Bridge Ridge,1,2023-10-15,a424c78a7cd11f5b4ff41db85df2beea0102fc337d3c877f62063e1e9488380d,0.53844904171214125,5.9405372338341405,5.9405372338341405,0,0
Inflation,CPIAUCSL,2,mid_month,2023-11,Inflation Bridge Ridge,Inflation Bridge Ridge,1,2023-11-15,e8d35d9b894396dbacce853bbcba41da9c87e799884c4d13d86a672843c9a2f9,1.1619142598910059,2.681796419379685,2.681796419379685,0,0
Inflation,CPIAUCSL,2,mid_month,2023-12,Inflation Bridge Ridge,Inflation Bridge Ridge,1,2023-12-15,5df490ec980999cf3b758b948dbb6f3f3a4033a284583dd5839079d626dfd73c,3.6305472050568,2.7923017136407724,2.7923017136407724,0,0
Inflation,CPIAUCSL,2,mid_month,2024-01,Inflation Bridge Ridge,Inflation Bridge Ridge,1,2024-01-15,82d6c3d39139ad4d032d65475f1827d5719054f56653a8b93a2e9cff9dc268d7,3.6596101950234328,3.4890365421259566,3.4890365421259566,0,0
Inflation,CPIAUCSL,2,mid_month,2024-02,Inflation Bridge Ridge,Inflation Bridge Ridge,1,2024-02-15,ae89d3ae96b6270f5992f8c6f7491518dcf032586320f2b75a3b0fa9c8312b34,5.2930544512420852,3.9870257058296557,3.9870257058296557,0,0
Inflation,CPIAUCSL,2,mid_month,2024-03,Inflation Bridge Ridge,Inflation Bridge Ridge,1,2024-03-15,579708298d18115ae7a6ec5713142c458e6f1054da00080213fc09c492efe402,4.52827819934285,4.8360658262085012,4.8360658262085012,0,0
Inflation,CPIAUCSL,2,mid_month,2024-04,Inflation Bridge Ridge,Inflation Bridge Ridge,1,2024-04-15,4d2fb4af32164d7f9a5e2ce4cb4b96b3bb1b170fb3146c81bc70cc545eb356a4,3.7490617076503696,3.3976295108394243,3.3976295108394243,0,0
Inflation,CPIAUCSL,2,mid_month,2024-05,Inflation Bridge Ridge,Inflation Bridge Ridge,1,2024-05-15,f8524ab49b321d39909136fdc89da4dd16e9e21c7dc4142a838e625a326a841a,0.068961994298533114,3.0703217149271853,3.0703217149271853,0,0
Inflation,CPIAUCSL,2,mid_month,2024-06,Inflation Bridge Ridge,Inflation Bridge Ridge,1,2024-06-15,8f3e0cacb6f5af3c402bd46a804aa094a4b9e3ff43005992f708204b5d9b79d0,-0.67446518795364341,2.4004994573660055,2.4004994573660055,0,0
Inflation,CPIAUCSL,2,mid_month,2024-07,Inflation Bridge Ridge,Inflation Bridge Ridge,1,2024-07-15,8b37166569a0120b18ae657209b4910e4e7ef479ae0a46c72bee134c5d001a17,1.8576952015390447,1.9986421176203157,1.9986421176203157,0,0
Inflation,CPIAUCSL,2,mid_month,2024-08,Inflation Bridge Ridge,Inflation Bridge Ridge,1,2024-08-15,fa9e12b484b7d8bc14896092f0ddc4148dd4794cc6e70e6c1c1a4703b49a12ec,2.244545826505373,3.3980361091665356,3.3980361091665356,0,0
Inflation,CPIAUCSL,2,mid_month,2024-09,Inflation Bridge Ridge,Inflation Bridge Ridge,1,2024-09-15,9eaddcf55f5ea463c414d7a32478e44de862df2cbe57a61fa8fe6c57c33a23af,2.1564651235159715,1.4465338272942099,1.4465338272942099,0,0
Inflation,CPIAUCSL,2,mid_month,2024-10,Inflation Bridge Ridge,Inflation Bridge Ridge,1,2024-10-15,281ef6d0ed34ad60e3a6479629efbf14508596ff807cbfede4c02a667a6a9c09,2.9250657197465557,2.2267361403672932,2.2267361403672932,0,0
Inflation,CPIAUCSL,2,mid_month,2024-11,Inflation Bridge Ridge,Inflation Bridge Ridge,1,2024-11-15,36fd9369adf963255b6d0dc6bfedf8df0cd8f430d322cb6c028fc59762580e69,3.7487271246416043,4.5441170549946204,4.5441170549946204,0,0
Inflation,CPIAUCSL,2,mid_month,2024-12,Inflation Bridge Ridge,Inflation Bridge Ridge,1,2024-12-15,4925dfcc401cd3311c63ac760762c3439a1d77b3c135b122d2eaf7506fc49e9f,4.7082186032746165,2.6184970813073263,2.6184970813073263,0,0
Inflation,CPIAUCSL,2,mid_month,2025-01,Inflation Bridge Ridge,Inflation Bridge Ridge,1,2025-01-15,3ff4b4a58df1a34813b2d029a9dc117317582329e8dc28eb4cfba8db95609656,5.5901805067371413,3.2239881873736835,3.2239881873736835,0,0
Inflation,CPIAUCSL,2,mid_month,2025-02,Inflation Bridge Ridge,Inflation Bridge Ridge,1,2025-02-15,77935a6b7e8590ae56b673746dd11c03e8013a8116de06bcf9e7a2e79722dbab,2.58835746917363,4.8022254275769853,4.8022254275769853,0,0
Inflation,CPIAUCSL,2,mid_month,2025-03,Inflation Bridge Ridge,Inflation Bridge Ridge,1,2025-03-15,a4596cd791cf25c2e3be094fbed422c8ea71bba5088165fa51c3f55bc98a05b1,-0.60057243312350295,2.6512643889871801,2.6512643889871801,0,0
Inflation,CPIAUCSL,2,mid_month,2025-04,Inflation Bridge Ridge,Inflation Bridge Ridge,1,2025-04-15,fe544582802ce78164d2f9946be70ae8f561acf20ee60340ea51cdc031bfad68,2.6477658507008783,3.0437550069501249,3.0437550069501249,0,0
Inflation,CPIAUCSL,2,mid_month,2025-05,Inflation Bridge Ridge,Inflation Bridge Ridge,1,2025-05-15,beb2033f3f4408775fdb588cf33aa1c013f251b8121752be6abcc6971daabee5,0.96988463715668161,4.8897224747734462,4.8897224747734462,0,0
Inflation,CPIAUCSL,2,mid_month,2025-06,Inflation Bridge Ridge,Inflation Bridge Ridge,1,2025-06-15,1deb686f98f2c1468c9d8e9a93f2d32fd49221c0670748676ff98f18ce5f4847,3.4388261759264793,5.4070421559945334,5.4070421559945334,0,0
Inflation,CPIAUCSL,2,mid_month,2025-07,Inflation Bridge Ridge,Inflation Bridge Ridge,1,2025-07-15,d5a81ce68e562b1b92e44ba335e058dbb779bc21f2c1956ad31a4af9bcaa6c51,2.3566269040241394,8.5023513103184598,8.5023513103184598,0,0
Inflation,CPIAUCSL,2,mid_month,2025-08,Inflation Bridge Ridge,Inflation Bridge Ridge,1,2025-08-15,e47c815a59b47610b59e20d6e220a73ba12cec1a412d75391fea041062127ff1,4.5806691138956523,4.5514333697076754,4.5514333697076754,0,0
Inflation,CPIAUCSL,2,mid_month,2025-09,Inflation Bridge Ridge,Inflation Bridge Ridge,1,2025-09-15,8fa2211d8d49c444f0fa6a3540e6d69708634a565703c8a53134dad86b3cd623,3.7200600398769268,5.2282010006046171,5.2282010006046171,0,0
Inflation,CPIAUCSL,2,mid_month,2025-11,Inflation Bridge Ridge,Inflation Bridge Ridge,1,2025-11-15,a30b24c3aec0c444516e10ac972a8f39f5ca6f30519ff5671d4d5ed7d8868b9c,2.4502664045531475,2.0608644898857942,2.0608644898857942,0,0
Inflation,CPIAUCSL,2,mid_month,2025-12,Inflation Bridge Ridge,Inflation Bridge Ridge,1,2025-12-15,3389a3ec5508babdfe1230051c4ba6510ad8f8da1e4dd7149f40c47c5df03f07,3.6826071315459785,3.6414558188575898,3.6414558188575898,0,0
Inflation,CPIAUCSL,2,mid_month,2026-01,Inflation Bridge Ridge,Inflation Bridge Ridge,1,2026-01-15,cfb289d3004dff8b82f1b1283696bf08de8b77938400844f89ea386e5f86fc9f,2.0483625585395515,3.9650540623152768,3.9650540623152768,0,0
Inflation,CPIAUCSL,2,mid_month,2026-02,Inflation Bridge Ridge,Inflation Bridge Ridge,1,2026-02-15,cd51542895b567294160f02ecc7906eed6b35270ef578fe4677bf606ed4c31e6,3.1997670507312392,4.2978718197903687,4.2978718197903687,0,0
Inflation,CPIAUCSL,2,mid_month,2026-03,Inflation Bridge Ridge,Inflation Bridge Ridge,1,2026-03-15,a716019482770d8d4f56e8c48b980d939a63d38b3494709513c425e46466b436,10.337074927015166,5.1826470224366368,5.1826470224366368,0,0
Inflation,CPIAUCSL,2,mid_month,2026-04,Inflation Bridge Ridge,Inflation Bridge Ridge,1,2026-04-15,0f309fffb4256000594f4a61b6cf248566025fd62a7ee11ec444b991e5dc2ea8,7.6559788889596803,9.1683410046561011,9.1683410046561011,0,0
Inflation,CPIAUCSL,2,mid_month,2026-05,Inflation Bridge Ridge,Inflation Bridge Ridge,1,2026-05-15,09c0637b340d3561ff0b0bb18908b61a785ebba2ab34b086e758b763931bda60,5.6615940286512512,6.5370909233916583,6.5370909233916583,0,0
Inflation,CPIAUCSL,2,mid_month,2026-06,Inflation Bridge Ridge,Inflation Bridge Ridge,1,2026-06-15,f4397e66e5c38a308cf0c52dcc87caad0d2761acffbce156b355b4d1a7eb71b3,-5.0805195408127446,5.0568945567606427,5.0568945567606427,0,0
Inflation,CPIAUCSL,3,month_end,2023-02,Inflation Bridge Ridge,Inflation Bridge Ridge,1,2023-02-28,cb70f1083227814a12434e0b70c1200ca41999978ef528db99612996b9f10dfd,4.4318730380084048,4.1255911250407973,4.1255911250407973,0,0
Inflation,CPIAUCSL,3,month_end,2023-03,Inflation Bridge Ridge,Inflation Bridge Ridge,1,2023-03-31,dbd9eef0029676b046856fff4475ab9b8493c33323f171e88807ce15d8dfd6c8,0.63633472696977833,3.7537713775668817,3.7537713775668817,0,0
Inflation,CPIAUCSL,3,month_end,2023-04,Inflation Bridge Ridge,Inflation Bridge Ridge,1,2023-04-30,b21663aae72afaada0e5e4c60247f75fc2908ae0e0a8fac2b14e3eb37a170755,4.4053058606191797,-0.42593691255574795,-0.42593691255574795,0,0
Inflation,CPIAUCSL,3,month_end,2023-05,Inflation Bridge Ridge,Inflation Bridge Ridge,1,2023-05-31,d1d37f7b62b103a5c74d2bf435831aaeb9e86c1d4234ce128b98eb56d3f035b8,1.4885883415676204,4.6653386479855783,4.6653386479855783,0,0
Inflation,CPIAUCSL,3,month_end,2023-06,Inflation Bridge Ridge,Inflation Bridge Ridge,1,2023-06-30,b92ae93bc8ff4e7485c1447cd9cb23ba00c85f6fed425f139954b509402dc803,2.1622873911194773,1.7248623542939545,1.7248623542939545,0,0
Inflation,CPIAUCSL,3,month_end,2023-07,Inflation Bridge Ridge,Inflation Bridge Ridge,1,2023-07-31,8abf16ba027a6d7454bffeb54143bf215ce42b236ff9002b8da5a7bc61e1a7e1,2.0006943267020461,2.8068642491670963,2.8068642491670963,0,0
Inflation,CPIAUCSL,3,month_end,2023-08,Inflation Bridge Ridge,Inflation Bridge Ridge,1,2023-08-31,c299c45efa306601544e041365cc364368d1840074da8d2a35e92e74b808789c,7.5504206569227961,4.8343448155525497,4.8343448155525497,0,0
Inflation,CPIAUCSL,3,month_end,2023-09,Inflation Bridge Ridge,Inflation Bridge Ridge,1,2023-09-30,a8b9090e854655e2a7df78c3a56653fd01ce034c9dc56dbec062b83091192828,4.7393951626556685,5.434618905422079,5.434618905422079,0,0
Inflation,CPIAUCSL,3,month_end,2023-10,Inflation Bridge Ridge,Inflation Bridge Ridge,1,2023-10-31,2949285386a43565a033f492f774a76efe02f8f074faff23a4539ac02b94dea7,0.53844904171214125,5.9405372338341405,5.9405372338341405,0,0
Inflation,CPIAUCSL,3,month_end,2023-11,Inflation Bridge Ridge,Inflation Bridge Ridge,1,2023-11-30,10b81e01adda2a8d5cfb24c7264c7fc5a0a37d36fb8da475fa1bd9f9b40dd447,1.1619142598910059,2.681796419379685,2.681796419379685,0,0
Inflation,CPIAUCSL,3,month_end,2023-12,Inflation Bridge Ridge,Inflation Bridge Ridge,1,2023-12-31,f7b61655455882d5c1efa87a7335a050e0b97a1ca437ec972e0b8e402ece3e3e,3.6305472050568,2.7923017136407724,2.7923017136407724,0,0
Inflation,CPIAUCSL,3,month_end,2024-01,Inflation Bridge Ridge,Inflation Bridge Ridge,1,2024-01-31,bd4850b054c3eb496d5f50f993746b4865bae6c15ef731f72f55168c4d365e20,3.6596101950234328,3.4890365421259566,3.4890365421259566,0,0
Inflation,CPIAUCSL,3,month_end,2024-02,Inflation Bridge Ridge,Inflation Bridge Ridge,1,2024-02-29,94b0121ab2e59c8cd66e8ebbe56a6b7f55071b97d156e84142e41ce7c1772b2f,5.2930544512420852,4.3175245412419478,4.3175245412419478,0,0
Inflation,CPIAUCSL,3,month_end,2024-03,Inflation Bridge Ridge,Inflation Bridge Ridge,1,2024-03-31,2c9265b86c22ac75b6b440afc4255aaaf6e9144c87eb36fe2f27cf8020b2bd66,4.52827819934285,4.8360658262085012,4.8360658262085012,0,0
Inflation,CPIAUCSL,3,month_end,2024-04,Inflation Bridge Ridge,Inflation Bridge Ridge,1,2024-04-30,2bc305f36c3ba0e98f4ecc69dc238a3f07b3bf0a383760a4532ed7ac5ba82ab7,3.7490617076503696,3.3976295108394243,3.3976295108394243,0,0
Inflation,CPIAUCSL,3,month_end,2024-05,Inflation Bridge Ridge,Inflation Bridge Ridge,1,2024-05-31,c7e6964b907aa355aff058ac24e3731618d442b832672a50e47f940da5d99bae,0.068961994298533114,3.0703217149271853,3.0703217149271853,0,0
Inflation,CPIAUCSL,3,month_end,2024-06,Inflation Bridge Ridge,Inflation Bridge Ridge,1,2024-06-30,f61e25d323addbc947aef69d4a6645eee37fe34e04218f81f074d92d6f25fdbc,-0.67446518795364341,2.4004994573660055,2.4004994573660055,0,0
Inflation,CPIAUCSL,3,month_end,2024-07,Inflation Bridge Ridge,Inflation Bridge Ridge,1,2024-07-31,4444c837b9e1bb7e2369c4e3f7525b22b8b23c68632f7995ae7f6e154980a9b5,1.8576952015390447,1.9986421176203157,1.9986421176203157,0,0
Inflation,CPIAUCSL,3,month_end,2024-08,Inflation Bridge Ridge,Inflation Bridge Ridge,1,2024-08-31,975f0f7bce29d3578fe95867292a231210d9665e24b282f3c98cd445a4013738,2.244545826505373,3.3980361091665356,3.3980361091665356,0,0
Inflation,CPIAUCSL,3,month_end,2024-09,Inflation Bridge Ridge,Inflation Bridge Ridge,1,2024-09-30,b6bee9ad676dc47da00976fdab4f72e2dff4dfe25f601d84c903e65ea49d6619,2.1564651235159715,1.4465338272942099,1.4465338272942099,0,0
Inflation,CPIAUCSL,3,month_end,2024-10,Inflation Bridge Ridge,Inflation Bridge Ridge,1,2024-10-31,315aa6a0e3c63760a0afafac1887fe823da9d7b61d94e35e52efe814a60bb91c,2.9250657197465557,2.2267361403672932,2.2267361403672932,0,0
Inflation,CPIAUCSL,3,month_end,2024-11,Inflation Bridge Ridge,Inflation Bridge Ridge,1,2024-11-30,f67b4451a859fc166da895fd1d8dccc8037ac41a1e16090faf7e836d82e4ef22,3.7487271246416043,4.5441170549946204,4.5441170549946204,0,0
Inflation,CPIAUCSL,3,month_end,2024-12,Inflation Bridge Ridge,Inflation Bridge Ridge,1,2024-12-31,8574a194618655b44eb397389c5b4a7bce7898daa54e9edad0c97cb2628ee6d0,4.7082186032746165,2.6184970813073263,2.6184970813073263,0,0
Inflation,CPIAUCSL,3,month_end,2025-01,Inflation Bridge Ridge,Inflation Bridge Ridge,1,2025-01-31,cf745204f8c9d26b75d81c1780ea4f01273605a5ead0b81dc2e61019860aaf1f,5.5901805067371413,3.2239881873736835,3.2239881873736835,0,0
Inflation,CPIAUCSL,3,month_end,2025-02,Inflation Bridge Ridge,Inflation Bridge Ridge,1,2025-02-28,e26de1349bb35395a2d76fd9e3b5ca4fc45149090d088cbf20a5d243b236d6a0,2.58835746917363,4.8022254275769853,4.8022254275769853,0,0
Inflation,CPIAUCSL,3,month_end,2025-03,Inflation Bridge Ridge,Inflation Bridge Ridge,1,2025-03-31,ff1e125c2651ba28a35d3b52ac457f2ffe9b5f311a64fbf6ae36791a2bbc4c93,-0.60057243312350295,2.6512643889871801,2.6512643889871801,0,0
Inflation,CPIAUCSL,3,month_end,2025-04,Inflation Bridge Ridge,Inflation Bridge Ridge,1,2025-04-30,01869ca8e91ca3e95bec284761aedf74b03544d1243f3e2a886db2375c506dae,2.6477658507008783,3.0437550069501249,3.0437550069501249,0,0
Inflation,CPIAUCSL,3,month_end,2025-05,Inflation Bridge Ridge,Inflation Bridge Ridge,1,2025-05-31,1f607479c05382ea374c7b50f04d5f017c832d7641854a9de18ecb19cdac9ad8,0.96988463715668161,4.8897224747734462,4.8897224747734462,0,0
Inflation,CPIAUCSL,3,month_end,2025-06,Inflation Bridge Ridge,Inflation Bridge Ridge,1,2025-06-30,3a596ce8bd19787adfea2353c83c68ff87059b095ef44b36309a152b1ded1535,3.4388261759264793,5.4070421559945334,5.4070421559945334,0,0
Inflation,CPIAUCSL,3,month_end,2025-07,Inflation Bridge Ridge,Inflation Bridge Ridge,1,2025-07-31,c599993131755f7f523fd9c095d4570ed3be10d315a40a0314e17e5506ec8fbc,2.3566269040241394,8.7806393449302789,8.7806393449302789,0,0
Inflation,CPIAUCSL,3,month_end,2025-08,Inflation Bridge Ridge,Inflation Bridge Ridge,1,2025-08-31,b1a9e98e2e3262cc13c5b11665f2077ce68ca878b5a5c06b399ce23652bfce39,4.5806691138956523,4.5514333697076754,4.5514333697076754,0,0
Inflation,CPIAUCSL,3,month_end,2025-09,Inflation Bridge Ridge,Inflation Bridge Ridge,1,2025-09-30,4951a7a0c610a8376679beb26661d0117edd1c1a5c25f1d918cbe313039d1f5a,3.7200600398769268,5.2282010006046171,5.2282010006046171,0,0
Inflation,CPIAUCSL,3,month_end,2025-11,Inflation Bridge Ridge,Inflation Bridge Ridge,1,2025-11-30,97aef115dc6f92dced31def01056939bfb7aab522f4603e63143a71eb9ae46ff,2.4502664045531475,3.2950541719944346,3.2950541719944346,0,0
Inflation,CPIAUCSL,3,month_end,2025-12,Inflation Bridge Ridge,Inflation Bridge Ridge,1,2025-12-31,dc60f4cd3bce75ce0efc64f31e6f9de8061443310b9ae870ddf49df14f2cfbde,3.6826071315459785,3.7512282646765924,3.7512282646765924,0,0
Inflation,CPIAUCSL,3,month_end,2026-01,Inflation Bridge Ridge,Inflation Bridge Ridge,1,2026-01-31,0736c15c75330e9d810eac066a22ee0073738685446c386b435a850ed06dd859,2.0483625585395515,4.1834368658581234,4.1834368658581234,0,0
Inflation,CPIAUCSL,3,month_end,2026-02,Inflation Bridge Ridge,Inflation Bridge Ridge,1,2026-02-28,41bd86fc73bf948e4c3bf08a2672d2e03a1e39f36302592e36cea3ecf9c33843,3.1997670507312392,4.1354703360910445,4.1354703360910445,0,0
Inflation,CPIAUCSL,3,month_end,2026-03,Inflation Bridge Ridge,Inflation Bridge Ridge,1,2026-03-31,81bd444227eff91c88ecdb6492c29771f11ab96aa5a422e5d09a72f1e610316e,10.337074927015166,5.4510838652181643,5.4510838652181643,0,0
Inflation,CPIAUCSL,3,month_end,2026-04,Inflation Bridge Ridge,Inflation Bridge Ridge,1,2026-04-30,d2bcf6a3dd2d72ab4fdfc3aea17e5d3513254a63dba602b2c252f030c6a9ced3,7.6559788889596803,9.1683410046561011,9.1683410046561011,0,0
Inflation,CPIAUCSL,3,month_end,2026-05,Inflation Bridge Ridge,Inflation Bridge Ridge,1,2026-05-31,553bf3f082f734a2a8963337ee9d14d499e35a41ec8fb28aeac183d8744b1f4c,5.6615940286512512,6.5370909233916583,6.5370909233916583,0,0
Inflation,CPIAUCSL,3,month_end,2026-06,Inflation Bridge Ridge,Inflation Bridge Ridge,1,2026-06-30,940b4ce22c10e895338bda0a11319316665ac5f2c98f8c30b9ca1a7f95c4cd7c,-5.0805195408127446,5.0568945567606427,5.0568945567606427,0,0
Inflation,CPIAUCSL,4,pre_release,2023-02,Inflation Bridge Ridge,Inflation Bridge Ridge,1,2023-03-13,c91425f67efe5d51fa6c27e95c6daeb7211d5f17f38bbcfc50975816d8e59904,4.4318730380084048,4.0805814745681142,4.0805814745681142,0,0
Inflation,CPIAUCSL,4,pre_release,2023-03,Inflation Bridge Ridge,Inflation Bridge Ridge,1,2023-04-11,dd6b39c918271d98b4c0205aaf3ae8860e4f295e048987ee9f3eecb5caa2b4e1,0.63633472696977833,3.7645340498841433,3.7645340498841433,0,0
Inflation,CPIAUCSL,4,pre_release,2023-04,Inflation Bridge Ridge,Inflation Bridge Ridge,1,2023-05-09,70701eb87515f29a738d6afead804bcdb00ca733c833b7095fc8089cf0302b75,4.4053058606191797,-0.36242735873923015,-0.36242735873923015,0,0
Inflation,CPIAUCSL,4,pre_release,2023-05,Inflation Bridge Ridge,Inflation Bridge Ridge,1,2023-06-12,9ce9a11105821e09ff3008847fd55292b5213ee91304d12308ed111816d924ef,1.4885883415676204,4.6066229494516087,4.6066229494516087,0,0
Inflation,CPIAUCSL,4,pre_release,2023-06,Inflation Bridge Ridge,Inflation Bridge Ridge,1,2023-07-11,2a791de08fcd83b9da63bfc41e2aa43b28f7fa855d6cb2e4109483b71383a620,2.1622873911194773,1.7725588297610395,1.7725588297610395,0,0
Inflation,CPIAUCSL,4,pre_release,2023-07,Inflation Bridge Ridge,Inflation Bridge Ridge,1,2023-08-09,fbfcd5e1bcab8eba5d5eb6f41cf1dee16231cac9b6fc80ef24dcbc88d6667b6c,2.0006943267020461,2.8313497838680934,2.8313497838680934,0,0
Inflation,CPIAUCSL,4,pre_release,2023-08,Inflation Bridge Ridge,Inflation Bridge Ridge,1,2023-09-12,25036deadb3b0974afcbd24f1c13ad75fca3516d83838819ad05562fc6cf1f50,7.5504206569227961,4.8343448155525497,4.8343448155525497,0,0
Inflation,CPIAUCSL,4,pre_release,2023-09,Inflation Bridge Ridge,Inflation Bridge Ridge,1,2023-10-11,21e8f51745d87973df7091e4c63e8d6e289c7b50ac4eaf3a2bf13a70b5955472,4.7393951626556685,5.9245621870887959,5.9245621870887959,0,0
Inflation,CPIAUCSL,4,pre_release,2023-10,Inflation Bridge Ridge,Inflation Bridge Ridge,1,2023-11-13,508a6fa229a72de922c208cdcf66979fb0652faae6f37031c057f20f41931596,0.53844904171214125,6.0489502111041293,6.0489502111041293,0,0
Inflation,CPIAUCSL,4,pre_release,2023-11,Inflation Bridge Ridge,Inflation Bridge Ridge,1,2023-12-11,b1d936cd65211c1b933891530f1a91b5ea36297c7469e408579fb74042f24d0c,1.1619142598910059,2.6044799994600552,2.6044799994600552,0,0
Inflation,CPIAUCSL,4,pre_release,2023-12,Inflation Bridge Ridge,Inflation Bridge Ridge,1,2024-01-10,593cd9c098e01d09baa005c378be568ef6cd4675bbf4c1ef0a7e03241c3af37a,3.6305472050568,2.925313473547114,2.925313473547114,0,0
Inflation,CPIAUCSL,4,pre_release,2024-01,Inflation Bridge Ridge,Inflation Bridge Ridge,1,2024-02-12,c67b4c5c714111f4012f45549254a6c32d7eaa433a717cd59ca31b1234a2c4cc,3.6596101950234328,3.1353736257692963,3.1353736257692963,0,0
Inflation,CPIAUCSL,4,pre_release,2024-02,Inflation Bridge Ridge,Inflation Bridge Ridge,1,2024-03-11,64eb8b3e8e40f520a5bec425ce6d83750dae8082514d7f2907c8ba36a5eaf194,5.2930544512420852,4.2429130651995752,4.2429130651995752,0,0
Inflation,CPIAUCSL,4,pre_release,2024-03,Inflation Bridge Ridge,Inflation Bridge Ridge,1,2024-04-09,81300715ea8c17f006072264728a850f799b2cfe6d33b097c9a2d90df5c84355,4.52827819934285,4.8324480069685274,4.8324480069685274,0,0
Inflation,CPIAUCSL,4,pre_release,2024-04,Inflation Bridge Ridge,Inflation Bridge Ridge,1,2024-05-14,69b562985c72ea58a6f109f19be17757104184293040c15f86548a388761b6d6,3.7490617076503696,3.24079597998906,3.24079597998906,0,0
Inflation,CPIAUCSL,4,pre_release,2024-05,Inflation Bridge Ridge,Inflation Bridge Ridge,1,2024-06-11,b0165e42263269201ce12104f2a4007fff14112853d63ff28577dd787a10aa26,0.068961994298533114,3.1179220374840471,3.1179220374840471,0,0
Inflation,CPIAUCSL,4,pre_release,2024-06,Inflation Bridge Ridge,Inflation Bridge Ridge,1,2024-07-10,feb20eafe417ed2c35ebf583174b5456926d2d5aa7d42713c3f7e5164901e1a8,-0.67446518795364341,2.3591587913050271,2.3591587913050271,0,0
Inflation,CPIAUCSL,4,pre_release,2024-07,Inflation Bridge Ridge,Inflation Bridge Ridge,1,2024-08-13,c04c5f081a7c1083c0aaf1c7356c3f3100ca5445c1a8baafca429072dcbeee6f,1.8576952015390447,2.0145940894801755,2.0145940894801755,0,0
Inflation,CPIAUCSL,4,pre_release,2024-08,Inflation Bridge Ridge,Inflation Bridge Ridge,1,2024-09-10,8325a4c7cdf0b28d25fc412263b269053dadff35986ccac6f3c1431c401d41e3,2.244545826505373,3.3980361091665356,3.3980361091665356,0,0
Inflation,CPIAUCSL,4,pre_release,2024-09,Inflation Bridge Ridge,Inflation Bridge Ridge,1,2024-10-09,c9401f67e6ad4670ac24bb91c911ccfdea1f98ebee9b1a954d9cd2384b04b3c7,2.1564651235159715,1.4969192081432048,1.4969192081432048,0,0
Inflation,CPIAUCSL,4,pre_release,2024-10,Inflation Bridge Ridge,Inflation Bridge Ridge,1,2024-11-12,036ca471d19012cf8313570a1011de96afd4f5e3fde14c45b4757c66338d7e7b,2.9250657197465557,2.1467435604628378,2.1467435604628378,0,0
Inflation,CPIAUCSL,4,pre_release,2024-11,Inflation Bridge Ridge,Inflation Bridge Ridge,1,2024-12-10,c51ca46b65532da316e0321617a851132efebe0d8012805f7b4ddd1c6ac0a449,3.7487271246416043,4.5943501131828404,4.5943501131828404,0,0
Inflation,CPIAUCSL,4,pre_release,2024-12,Inflation Bridge Ridge,Inflation Bridge Ridge,1,2025-01-14,a43f51314268b7c4f486e9eec75b112cf7838256290a77b402b2982bddd9d714,4.7082186032746165,2.4906309103464661,2.4906309103464661,0,0
Inflation,CPIAUCSL,4,pre_release,2025-01,Inflation Bridge Ridge,Inflation Bridge Ridge,1,2025-02-11,efb15a76a4f20c96957632b8a1dd2f0fb4eabda20986f8f74b4159785eedca75,5.5901805067371413,3.1674396277840868,3.1674396277840868,0,0
Inflation,CPIAUCSL,4,pre_release,2025-02,Inflation Bridge Ridge,Inflation Bridge Ridge,1,2025-03-11,13bfc7fbf793c2e38d708d17bfd066c186a8351be81df43aec800ce4733c6dd5,2.58835746917363,4.6661729683441679,4.6661729683441679,0,0
Inflation,CPIAUCSL,4,pre_release,2025-03,Inflation Bridge Ridge,Inflation Bridge Ridge,1,2025-04-09,6ee57b25a8f1560c08a912a4e1c781ff4a065f3296cfe2b411e6a85e2c8f9edf,-0.60057243312350295,2.5868269558528314,2.5868269558528314,0,0
Inflation,CPIAUCSL,4,pre_release,2025-04,Inflation Bridge Ridge,Inflation Bridge Ridge,1,2025-05-12,cef4370625020bb3e3f95d6999a4ed1addfe150b7a3c12ccecf7c41a4ea97c36,2.6477658507008783,3.0418573007583718,3.0418573007583718,0,0
Inflation,CPIAUCSL,4,pre_release,2025-05,Inflation Bridge Ridge,Inflation Bridge Ridge,1,2025-06-10,7dcec96e0a8708a06ce4ce778883c605a8413744f037739f26b3893ae87b58c4,0.96988463715668161,4.9892807312578356,4.9892807312578356,0,0
Inflation,CPIAUCSL,4,pre_release,2025-06,Inflation Bridge Ridge,Inflation Bridge Ridge,1,2025-07-14,59721ef3b05b09fb4738c0c60e768b9b11f4444fcf6bc6572002a529028c0dea,3.4388261759264793,5.342849368356438,5.342849368356438,0,0
Inflation,CPIAUCSL,4,pre_release,2025-07,Inflation Bridge Ridge,Inflation Bridge Ridge,1,2025-08-11,6ee08cccf5bf6d92e31cc207c866be6f578c82e87deacb54920f68035ee6929f,2.3566269040241394,8.8484483723666347,8.8484483723666347,0,0
Inflation,CPIAUCSL,4,pre_release,2025-08,Inflation Bridge Ridge,Inflation Bridge Ridge,1,2025-09-10,baf934395f0cc498a909e0e54e40c5c6436593944be45f097769a2fde8346241,4.5806691138956523,4.3402959048580003,4.3402959048580003,0,0
Inflation,CPIAUCSL,4,pre_release,2025-09,Inflation Bridge Ridge,Inflation Bridge Ridge,1,2025-10-23,3497d92bc4f4c05de960b5c11017722f6b9f6e10ccd75825232041b9ae0e9365,3.7200600398769268,5.2282010006046171,5.2282010006046171,0,0
Inflation,CPIAUCSL,4,pre_release,2025-11,Inflation Bridge Ridge,Inflation Bridge Ridge,1,2025-12-17,090267d51086d80eeb00018aad6ab0058f0a67d4c87176cf13f3a794831a1f48,2.4502664045531475,3.4658743510397305,3.4658743510397305,0,0
Inflation,CPIAUCSL,4,pre_release,2025-12,Inflation Bridge Ridge,Inflation Bridge Ridge,1,2026-01-12,06c6f5cad8ca94360e2b4860fb696c4ccf56d0d88b6d5b2fc71c7d33a027606c,3.6826071315459785,3.9081599393360986,3.9081599393360986,0,0
Inflation,CPIAUCSL,4,pre_release,2026-01,Inflation Bridge Ridge,Inflation Bridge Ridge,1,2026-02-12,59f01cf051efe0c9bd6b99e7bafe82f1061b26faa2fba8ddc8cd34111e35a06e,2.0483625585395515,4.0674584306313175,4.0674584306313175,0,0
Inflation,CPIAUCSL,4,pre_release,2026-02,Inflation Bridge Ridge,Inflation Bridge Ridge,1,2026-03-10,e986dc890a793a3554d53121448ed2d86fb6f45d9163e133f9427d304bf6e548,3.1997670507312392,4.1354703360910445,4.1354703360910445,0,0
Inflation,CPIAUCSL,4,pre_release,2026-03,Inflation Bridge Ridge,Inflation Bridge Ridge,1,2026-04-09,1d43e6aabd38f4ea3cc2c2a23b661b33fd8503daf4dc9a0701709bec9e62af7b,10.337074927015166,5.3425802759138907,5.3425802759138907,0,0
Inflation,CPIAUCSL,4,pre_release,2026-04,Inflation Bridge Ridge,Inflation Bridge Ridge,1,2026-05-11,2d8036b0f3006633ecba032108a6cfc51fc1b9b1ddcaf398b8cc517f0f32d691,7.6559788889596803,9.0591309682754577,9.0591309682754577,0,0
Inflation,CPIAUCSL,4,pre_release,2026-05,Inflation Bridge Ridge,Inflation Bridge Ridge,1,2026-06-09,4429753f988a428fe54757cdcb1e35a02aad40ed2845ebc6222a4d500633b537,5.6615940286512512,6.5370909233916583,6.5370909233916583,0,0
Inflation,CPIAUCSL,4,pre_release,2026-06,Inflation Bridge Ridge,Inflation Bridge Ridge,1,2026-07-13,6a79eecb50495e80698ce87648ca902391c45569dae7e021997c036212197499,-5.0805195408127446,4.9929139763518613,4.9929139763518613,0,0
Inflation,CPILFESL,1,month_open,2023-02,Inflation 12-Month Mean,Inflation Ridge-AR Ensemble,0,2023-02-01,30bd2a746b5627992ad31d6598e4a35a8669f48041c568df44c48cf034f7b626,5.4109378199150626,5.5342045369646264,3.4701011415086289,-3.7516523287155414,-1.8175699613568699
Inflation,CPILFESL,1,month_open,2023-03,Inflation 12-Month Mean,Inflation Ridge-AR Ensemble,0,2023-03-01,db99f1f4d4d3334eaef59b89950f48ee9bb1f8678fcf1d30d0bfaa5b720ee4df,4.6084972365690646,5.3991608874064845,4.9589508535281208,0.5023312711158725,0.44021003387836366
Inflation,CPILFESL,1,month_open,2023-04,Inflation 12-Month Mean,Inflation Ridge-AR Ensemble,0,2023-04-01,32673152a99d3263f3f9ed8560cc6ba755c24bb424dae7e956134f442cc46d9a,4.9002158887912373,5.3787171473290485,4.3250145658031247,-0.10189310754500572,-0.096700064450301326
Inflation,CPILFESL,1,month_open,2023-05,Inflation 12-Month Mean,Inflation Ridge-AR Ensemble,0,2023-05-01,c40dc0e288acf44de093f257dd91ced1a042449c69581796e5c72d64a383200e,5.2155904950303977,5.4512507424956169,3.3082660135454214,-3.5823509254365655,-1.6716642340197572
Inflation,CPILFESL,1,month_open,2023-06,Inflation 12-Month Mean,Inflation Ridge-AR Ensemble,0,2023-06-01,7651bf41614253de85a8ccd1403b43ce653e69223fde0edfebb94e51992102ba,1.8892028838219943,5.3888148042622319,4.1582905160723573,7.0985249108558497,1.2305242881898746
Inflation,CPILFESL,1,month_open,2023-07,Inflation 12-Month Mean,Inflation Ridge-AR Ensemble,0,2023-07-01,772d853be45298023544f2d92b64ba3a8f809b150ffaa189716d3bcf8d0d4e4d,1.9134356114534512,5.191516900032056,4.2085030009648055,5.478482612130704,0.98301389906725056
Inflation,CPILFESL,1,month_open,2023-08,Inflation 12-Month Mean,Inflation Ridge-AR Ensemble,0,2023-08-01,14e5e80143efbaecbec28ae3af68a385e1236611e647b34a42dcabbed821774f,3.3373130933370021,4.746493801489482,2.1851832627621031,0.65838712172857905,0.25705087757758083
Inflation,CPILFESL,1,month_open,2023-09,Inflation 12-Month Mean,Inflation Ridge-AR Ensemble,0,2023-09-01,b85a328ae132025b941fa72de3c6759b46734f451777c72148c74dfd12a5e3ce,3.8689617311792546,4.5975969759440183,2.7651414654471447,-0.68750985912749862,-0.37518502096734618
Inflation,CPILFESL,1,month_open,2023-10,Inflation 12-Month Mean,Inflation Ridge-AR Ensemble,0,2023-10-01,3a26df0d3895e07bab51d56556b6001227ed70942d6dda4e93c5ebce84cdeebc,2.7162863311584573,4.2962239449521711,3.4471939968496397,1.9619768477140411,0.84902994810253141
Inflation,CPILFESL,1,month_open,2023-11,Inflation 12-Month Mean,Inflation Ridge-AR Ensemble,0,2023-11-01,a5393d6ec69e1d357cf1f32af81147b0f60146446a8004226b89cc12f838810d,3.4097929346401656,4.0471861668014419,4.2245051873031016,-0.25748592223411704,-0.17731902050165971
Inflation,CPILFESL,1,month_open,2023-12,Inflation 12-Month Mean,Inflation Ridge-AR Ensemble,0,2023-12-01,743e6919713900b76e677717cd1a66869d15bf5ff291e59b557bcbce3da349f9,3.7028361810513388,3.940919140268484,2.6537981346183703,-1.0437973273943062,-0.81095508721582332
Inflation,CPILFESL,1,month_open,2024-01,Inflation 12-Month Mean,Inflation Ridge-AR Ensemble,0,2024-01-01,1c9d7a507fb5ecf3beece8ebfe371399356d8179c0ea445c88bafdbb78fed0f5,4.6994628665117943,3.9155255137049316,3.2910578036618556,-1.3690470479355081,-0.624467710043076
Inflation,CPILFESL,1,month_open,2024-02,Inflation 12-Month Mean,Inflation Ridge-AR Ensemble,0,2024-02-01,4acd561b9e983aecffffe0fb830530af2b93463dfc296c45ebca9c5842b184ab,4.293317468662039,3.8255710997768588,3.1723772073777745,-1.0377204037627641,-0.65319389239908432
Inflation,CPILFESL,1,month_open,2024-03,Inflation 12-Month Mean,Inflation Ridge-AR Ensemble,0,2024-03-01,f9ba877379756fdb8fb080f7d9c3d4a9398f93a116a9f04c27f138d329ec8492,4.3007465415762169,3.8014970397399317,4.3059825694943479,0.24922264909541952,0.49401347391815431
Inflation,CPILFESL,1,month_open,2024-04,Inflation 12-Month Mean,Inflation Ridge-AR Ensemble,0,2024-04-01,0765f629012b7882da9b07236737a448cea652d24c7d60f9c5500570f2be42f0,3.4960297145268271,3.6929169971996245,3.36217459787993,0.020847409825723612,0.063032166025900338
Inflation,CPILFESL,1,month_open,2024-05,Inflation 12-Month Mean,Inflation Ridge-AR Ensemble,0,2024-05-01,01c59925fab16ba62b08a4763c2108a3b840145569e7ae080f15c6b5d2a754f9,1.9554491698148269,3.7269716083999427,3.5066055875347901,0.73220551817672641,0.22036602086515256
Inflation,CPILFESL,1,month_open,2024-06,Inflation 12-Month Mean,Inflation Ridge-AR Ensemble,0,2024-06-01,8df009ea9d2a3f9378f43651fc146c649cbd57f03acc45894e67af75e79ca32e,0.77676495203746754,3.5517006146931429,3.3873036552257689,0.88535561103423355,0.16439695946737398
Inflation,CPILFESL,1,month_open,2024-07,Inflation 12-Month Mean,Inflation Ridge-AR Ensemble,0,2024-07-01,51458cda1e8975e0ed110d3f82c5cf2cf16a0d63c40603694e9ed66d3bc9304b,1.9811120946506833,3.3541766155985364,2.3785861926608121,1.727320520096792,0.97559042293772436
Inflation,CPILFESL,1,month_open,2024-08,Inflation 12-Month Mean,Inflation Ridge-AR Ensemble,0,2024-08-01,a112ff08058f0ed6b24978daadcc77bb5ae2d8ab5ba3c1e31f65365a8134444f,3.3671574140669236,3.224392028417622,1.7023502362711627,-2.7512009839006928,-1.5220417921464593
Inflation,CPILFESL,1,month_open,2024-09,Inflation 12-Month Mean,Inflation Ridge-AR Ensemble,0,2024-09-01,a4f2ce8b6294e6f997b4fa92a73e47d06c9f8dd431c4c1d7c0d58e46b718aec4,3.7431240197996374,3.1626500814945224,2.1939170435141246,-2.0630922623202506,-0.96873303798039778
Inflation,CPILFESL,1,month_open,2024-10,Inflation 12-Month Mean,Inflation Ridge-AR Ensemble,0,2024-10-01,0bde9a780e20438090ae0e0b5c7664c57538f6fb2853ee43e735662b6f0ae5ed,3.3584847110301297,3.2133728942186579,3.3270995214170265,0.020072409251275704,0.11372662719836857
Inflation,CPILFESL,1,month_open,2024-11,Inflation 12-Month Mean,Inflation Ridge-AR Ensemble,0,2024-11-01,8fbc267d6510a2526ff236f920e15de7594349e15a1107540271af3c6f63de6b,3.69131922257111,3.2067440888396526,3.0636123850315125,-0.15920281366310282,-0.14313170380814011
Inflation,CPILFESL,1,month_open,2024-12,Inflation 12-Month Mean,Inflation Ridge-AR Ensemble,0,2024-12-01,6f071f53641ab5669bd9c3e9ac58244f7ce194bf4d227b5a47d3306dd9d31e8c,2.6970477578299068,3.2467594283499324,3.1037192037641068,0.13680125576770416,0.14304022458582555
Inflation,CPILFESL,1,month_open,2025-01,Inflation 12-Month Mean,Inflation Ridge-AR Ensemble,0,2025-01-01,389b699d6ba53b4ddc2823f5497c49f5c4f63a4d2e4a79feaff2786ceb71e114,5.3441646267824439,3.2468687084294956,2.7806057439976999,-2.1731839763646281,-0.46626296443179571
Inflation,CPILFESL,1,month_open,2025-02,Inflation 12-Month Mean,Inflation Ridge-AR Ensemble,0,2025-02-01,520eafa0eb29b1e17eb789a2a666532291471ee0160e11583aac20c80f2780e3,2.7166452189845813,3.1966679944231302,2.5997562793265168,0.21675884072534085,0.3631338357804843
Inflation,CPILFESL,1,month_open,2025-03,Inflation 12-Month Mean,Inflation Ridge-AR Ensemble,0,2025-03-01,99002d090aac3c99b6a5e65528af95de7db34a797d8721a66bf57268fba73838,0.67820143281487333,3.2390710102012221,4.3070929814157282,-6.610800879123774,-1.068021971214506
Inflation,CPILFESL,1,month_open,2025-04,Inflation 12-Month Mean,Inflation Ridge-AR Ensemble,0,2025-04-01,3fac28a31e3115ea7a05c745cc72d0d68471fb790ec671f5a3fd961496a7d37b,2.8376507842686749,3.0952660529359299,2.6749107821755462,0.039881318369230478,0.094875266574126371
Inflation,CPILFESL,1,month_open,2025-05,Inflation 12-Month Mean,Inflation Ridge-AR Ensemble,0,2025-05-01,38513725ec1266da0ac97cd68420c2f9f6030f68252cc43abc3fb2c49d9f5d72,1.5576688590009269,2.7700118393334527,2.4036440764314229,0.75410143345497638,0.36636776290202988
Inflation,CPILFESL,1,month_open,2025-06,Inflation 12-Month Mean,Inflation Ridge-AR Ensemble,0,2025-06-01,8d91cc0728b8c06e53a9622cdfcbcc61efaa18b181eeb87e724f180a66aab16b,2.7357167584597164,2.7435395795799344,4.1635411824078306,-2.0386213890924854,-1.4200016028278961
Inflation,CPILFESL,1,month_open,2025-07,Inflation 12-Month Mean,Inflation Ridge-AR Ensemble,0,2025-07-01,81ecbbe883965eb9bddb6fe8c361df19948898a537ee9f03d17e4588a3db6147,3.8619108814820891,2.7295552454034144,3.2711279532100654,0.93320481822147283,0.54157270780665101
Inflation,CPILFESL,1,month_open,2025-08,Inflation 12-Month Mean,Inflation Ridge-AR Ensemble,0,2025-08-01,2868338271635f2e33b6bd4259bb12fd3a8d8bd6015f077624f0fb6c1906a95f,4.1442886423073588,2.8663934135200186,3.0749435584237812,0.48951730733147292,0.20855014490376256
Inflation,CPILFESL,1,month_open,2025-09,Inflation 12-Month Mean,Inflation Ridge-AR Ensemble,0,2025-09-01,27cf3cc721e01366a148aa02a178f1d65934bbe2524f53b11dc66d2aae8469cf,2.7222557806510395,3.0030561669606826,3.8292223971597754,-1.146526233113154,-0.82616623019909285
Inflation,CPILFESL,1,month_open,2025-11,Inflation 12-Month Mean,Inflation Ridge-AR Ensemble,0,2025-11-01,57f8728243173a1dd4bd43995690d4a1595bc35b855470de81b388149c7a8cb7,1.9080731336838852,2.9806759113750303,2.2436833819651847,1.0378424799593247,0.73699252940984561
Inflation,CPILFESL,1,month_open,2025-12,Inflation 12-Month Mean,Inflation Ridge-AR Ensemble,0,2025-12-01,ee6e91bc7e7cad2988c033393fa68b30e4ffa0373ce5fcb2d141041c4aa65895,2.8672810687485395,2.9806759113750303,2.7051553402317339,-0.013426361512818346,-0.048730885890314823
Inflation,CPILFESL,1,month_open,2026-02,Inflation 12-Month Mean,Inflation Ridge-AR Ensemble,0,2026-02-01,73baf19b287be04e4e6938422cd5d63c7ea06adda39d5054a35d9a768d3017e9,2.5898059744083213,2.9806759113750303,3.313582100431983,-0.37107257297746032,-0.33290618905695268
Inflation,CPILFESL,1,month_open,2026-03,Inflation 12-Month Mean,Inflation Ridge-AR Ensemble,0,2026-03-01,c4485dd6273eeb7f4e3ae5268017d64f68ec76849aea6bd5ad20ed6987aa5b9b,2.3472435020018168,2.9752636133045129,3.2041223063827111,-0.33983202519658007,-0.22885869307819817
Inflation,CPILFESL,1,month_open,2026-04,Inflation 12-Month Mean,Inflation Ridge-AR Ensemble,0,2026-04-01,5607ec8bb9be56ed471fea98ce825532c79d22ff0e9ff105adc5cd7fd0ce8640,4.5090466859679879,2.9752636133045129,2.9763824858106753,0.0034309635451559295,0.0011188725061623828
Inflation,CPILFESL,1,month_open,2026-05,Inflation 12-Month Mean,Inflation Ridge-AR Ensemble,0,2026-05-01,ecce58d78881f1fa52eea024f09cf047c9ca1eea60292d769f6573282836f872,2.4945507714519977,2.8598763159886076,2.6601082484021719,0.1060534753168631,0.19976806758643573
Inflation,CPILFESL,1,month_open,2026-06,Inflation 12-Month Mean,Inflation Ridge-AR Ensemble,0,2026-06-01,f0df781ab2f261271b2366f61a81fc49bbdfc7e9b97072503f64ad3b16b226f6,-0.19994465863675259,2.8598763159886076,4.382343552546712,-11.634860853593667,-1.5224672365581045
Inflation,CPILFESL,2,mid_month,2023-02,Inflation Ridge-AR Ensemble,Inflation Ridge-AR Ensemble,1,2023-02-15,8a6aa5b331d2800440fc5070284d13bec46ca8e8cf8f0b64f2d774d7a346d845,5.4109378199150626,4.2597767031627445,4.2597767031627445,0,0
Inflation,CPILFESL,2,mid_month,2023-03,Inflation Ridge-AR Ensemble,Inflation Ridge-AR Ensemble,1,2023-03-15,c24597678917fa9998f96e86831764202da9a46463c27a4e17b3e2dbde45d766,4.6084972365690646,4.990866999372912,4.990866999372912,0,0
Inflation,CPILFESL,2,mid_month,2023-04,Inflation Ridge-AR Ensemble,Inflation Ridge-AR Ensemble,1,2023-04-15,24f87b813e26fb3b81c056ed9d88901f2c30ae987130cda85ad254b128511a68,4.9002158887912373,3.534537903566326,3.534537903566326,0,0
Inflation,CPILFESL,2,mid_month,2023-05,Inflation Ridge-AR Ensemble,Inflation Ridge-AR Ensemble,1,2023-05-15,5a53e4c54994844b836b9488eadd3536e0c958570641ae4d93cd978d90c91e5c,5.2155904950303977,3.8256857059840823,3.8256857059840823,0,0
Inflation,CPILFESL,2,mid_month,2023-06,Inflation Ridge-AR Ensemble,Inflation Ridge-AR Ensemble,1,2023-06-15,1d08b874d7bce4f6418361d7e9e35acbb28fb786e60bda8c15f016e0a267febc,1.8892028838219943,4.2916143348777123,4.2916143348777123,0,0
Inflation,CPILFESL,2,mid_month,2023-07,Inflation Ridge-AR Ensemble,Inflation Ridge-AR Ensemble,1,2023-07-15,89027fe9e485f8e383ea0d772ef18067f845d85a2ef90610397154b79eacb5e0,1.9134356114534512,1.9683769549409791,1.9683769549409791,0,0
Inflation,CPILFESL,2,mid_month,2023-08,Inflation Ridge-AR Ensemble,Inflation Ridge-AR Ensemble,1,2023-08-15,9cc2c2745a298698df6c4f34ca2408a44f30fa474f8671fa4f1e4295603404a2,3.3373130933370021,2.2759002318066148,2.2759002318066148,0,0
Inflation,CPILFESL,2,mid_month,2023-09,Inflation Ridge-AR Ensemble,Inflation Ridge-AR Ensemble,1,2023-09-15,61e5ff22c1712efb73e9d56a561747473a23ba97f849c34eb9865177f289d33f,3.8689617311792546,3.5093873612893232,3.5093873612893232,0,0
Inflation,CPILFESL,2,mid_month,2023-10,Inflation Ridge-AR Ensemble,Inflation Ridge-AR Ensemble,1,2023-10-15,a424c78a7cd11f5b4ff41db85df2beea0102fc337d3c877f62063e1e9488380d,2.7162863311584573,3.7504245861980898,3.7504245861980898,0,0
Inflation,CPILFESL,2,mid_month,2023-11,Inflation Ridge-AR Ensemble,Inflation Ridge-AR Ensemble,1,2023-11-15,e8d35d9b894396dbacce853bbcba41da9c87e799884c4d13d86a672843c9a2f9,3.4097929346401656,3.0642478727311682,3.0642478727311682,0,0
Inflation,CPILFESL,2,mid_month,2023-12,Inflation Ridge-AR Ensemble,Inflation Ridge-AR Ensemble,1,2023-12-15,5df490ec980999cf3b758b948dbb6f3f3a4033a284583dd5839079d626dfd73c,3.7028361810513388,3.361276502355043,3.361276502355043,0,0
Inflation,CPILFESL,2,mid_month,2024-01,Inflation Ridge-AR Ensemble,Inflation Ridge-AR Ensemble,1,2024-01-15,82d6c3d39139ad4d032d65475f1827d5719054f56653a8b93a2e9cff9dc268d7,4.6994628665117943,3.4500890862621989,3.4500890862621989,0,0
Inflation,CPILFESL,2,mid_month,2024-02,Inflation Ridge-AR Ensemble,Inflation Ridge-AR Ensemble,1,2024-02-15,ae89d3ae96b6270f5992f8c6f7491518dcf032586320f2b75a3b0fa9c8312b34,4.293317468662039,3.8332771750763417,3.8332771750763417,0,0
Inflation,CPILFESL,2,mid_month,2024-03,Inflation Ridge-AR Ensemble,Inflation Ridge-AR Ensemble,1,2024-03-15,579708298d18115ae7a6ec5713142c458e6f1054da00080213fc09c492efe402,4.3007465415762169,3.7261952946963603,3.7261952946963603,0,0
Inflation,CPILFESL,2,mid_month,2024-04,Inflation Ridge-AR Ensemble,Inflation Ridge-AR Ensemble,1,2024-04-15,4d2fb4af32164d7f9a5e2ce4cb4b96b3bb1b170fb3146c81bc70cc545eb356a4,3.4960297145268271,3.4527889281432902,3.4527889281432902,0,0
Inflation,CPILFESL,2,mid_month,2024-05,Inflation Ridge-AR Ensemble,Inflation Ridge-AR Ensemble,1,2024-05-15,f8524ab49b321d39909136fdc89da4dd16e9e21c7dc4142a838e625a326a841a,1.9554491698148269,3.0784567564805796,3.0784567564805796,0,0
Inflation,CPILFESL,2,mid_month,2024-06,Inflation Ridge-AR Ensemble,Inflation Ridge-AR Ensemble,1,2024-06-15,8f3e0cacb6f5af3c402bd46a804aa094a4b9e3ff43005992f708204b5d9b79d0,0.77676495203746754,2.3719032959484876,2.3719032959484876,0,0
Inflation,CPILFESL,2,mid_month,2024-07,Inflation Ridge-AR Ensemble,Inflation Ridge-AR Ensemble,1,2024-07-15,8b37166569a0120b18ae657209b4910e4e7ef479ae0a46c72bee134c5d001a17,1.9811120946506833,1.7923580712176785,1.7923580712176785,0,0
Inflation,CPILFESL,2,mid_month,2024-08,Inflation Ridge-AR Ensemble,Inflation Ridge-AR Ensemble,1,2024-08-15,fa9e12b484b7d8bc14896092f0ddc4148dd4794cc6e70e6c1c1a4703b49a12ec,3.3671574140669236,2.1451212942563451,2.1451212942563451,0,0
Inflation,CPILFESL,2,mid_month,2024-09,Inflation Ridge-AR Ensemble,Inflation Ridge-AR Ensemble,1,2024-09-15,9eaddcf55f5ea463c414d7a32478e44de862df2cbe57a61fa8fe6c57c33a23af,3.7431240197996374,3.3786565651980904,3.3786565651980904,0,0
Inflation,CPILFESL,2,mid_month,2024-10,Inflation Ridge-AR Ensemble,Inflation Ridge-AR Ensemble,1,2024-10-15,281ef6d0ed34ad60e3a6479629efbf14508596ff807cbfede4c02a667a6a9c09,3.3584847110301297,3.3265955260613609,3.3265955260613609,0,0
Inflation,CPILFESL,2,mid_month,2024-11,Inflation Ridge-AR Ensemble,Inflation Ridge-AR Ensemble,1,2024-11-15,36fd9369adf963255b6d0dc6bfedf8df0cd8f430d322cb6c028fc59762580e69,3.69131922257111,2.968039183211916,2.968039183211916,0,0
Inflation,CPILFESL,2,mid_month,2024-12,Inflation Ridge-AR Ensemble,Inflation Ridge-AR Ensemble,1,2024-12-15,4925dfcc401cd3311c63ac760762c3439a1d77b3c135b122d2eaf7506fc49e9f,2.6970477578299068,3.3115114753206902,3.3115114753206902,0,0
Inflation,CPILFESL,2,mid_month,2025-01,Inflation Ridge-AR Ensemble,Inflation Ridge-AR Ensemble,1,2025-01-15,3ff4b4a58df1a34813b2d029a9dc117317582329e8dc28eb4cfba8db95609656,5.3441646267824439,2.2341629777139236,2.2341629777139236,0,0
Inflation,CPILFESL,2,mid_month,2025-02,Inflation Ridge-AR Ensemble,Inflation Ridge-AR Ensemble,1,2025-02-15,77935a6b7e8590ae56b673746dd11c03e8013a8116de06bcf9e7a2e79722dbab,2.7166452189845813,4.3148921090567249,4.3148921090567249,0,0
Inflation,CPILFESL,2,mid_month,2025-03,Inflation Ridge-AR Ensemble,Inflation Ridge-AR Ensemble,1,2025-03-15,a4596cd791cf25c2e3be094fbed422c8ea71bba5088165fa51c3f55bc98a05b1,0.67820143281487333,2.8685882644265188,2.8685882644265188,0,0
Inflation,CPILFESL,2,mid_month,2025-04,Inflation Ridge-AR Ensemble,Inflation Ridge-AR Ensemble,1,2025-04-15,fe544582802ce78164d2f9946be70ae8f561acf20ee60340ea51cdc031bfad68,2.8376507842686749,1.5543670679004937,1.5543670679004937,0,0
Inflation,CPILFESL,2,mid_month,2025-05,Inflation Ridge-AR Ensemble,Inflation Ridge-AR Ensemble,1,2025-05-15,beb2033f3f4408775fdb588cf33aa1c013f251b8121752be6abcc6971daabee5,1.5576688590009269,3.6256741499511906,3.6256741499511906,0,0
Inflation,CPILFESL,2,mid_month,2025-06,Inflation Ridge-AR Ensemble,Inflation Ridge-AR Ensemble,1,2025-06-15,1deb686f98f2c1468c9d8e9a93f2d32fd49221c0670748676ff98f18ce5f4847,2.7357167584597164,3.3811846956151879,3.3811846956151879,0,0
Inflation,CPILFESL,2,mid_month,2025-07,Inflation Ridge-AR Ensemble,Inflation Ridge-AR Ensemble,1,2025-07-15,d5a81ce68e562b1b92e44ba335e058dbb779bc21f2c1956ad31a4af9bcaa6c51,3.8619108814820891,3.7038572577172522,3.7038572577172522,0,0
Inflation,CPILFESL,2,mid_month,2025-08,Inflation Ridge-AR Ensemble,Inflation Ridge-AR Ensemble,1,2025-08-15,e47c815a59b47610b59e20d6e220a73ba12cec1a412d75391fea041062127ff1,4.1442886423073588,3.9141656390867441,3.9141656390867441,0,0
Inflation,CPILFESL,2,mid_month,2025-09,Inflation Ridge-AR Ensemble,Inflation Ridge-AR Ensemble,1,2025-09-15,8fa2211d8d49c444f0fa6a3540e6d69708634a565703c8a53134dad86b3cd623,2.7222557806510395,3.6765006066388093,3.6765006066388093,0,0
Inflation,CPILFESL,2,mid_month,2025-11,Inflation Ridge-AR Ensemble,Inflation Ridge-AR Ensemble,1,2025-11-15,a30b24c3aec0c444516e10ac972a8f39f5ca6f30519ff5671d4d5ed7d8868b9c,1.9080731336838852,2.2225369834027928,2.2225369834027928,0,0
Inflation,CPILFESL,2,mid_month,2025-12,Inflation Ridge-AR Ensemble,Inflation Ridge-AR Ensemble,1,2025-12-15,3389a3ec5508babdfe1230051c4ba6510ad8f8da1e4dd7149f40c47c5df03f07,2.8672810687485395,2.7007659600276539,2.7007659600276539,0,0
Inflation,CPILFESL,2,mid_month,2026-01,Inflation Ridge-AR Ensemble,Inflation Ridge-AR Ensemble,1,2026-01-15,cfb289d3004dff8b82f1b1283696bf08de8b77938400844f89ea386e5f86fc9f,3.5353249355654981,2.7684663028011336,2.7684663028011336,0,0
Inflation,CPILFESL,2,mid_month,2026-02,Inflation Ridge-AR Ensemble,Inflation Ridge-AR Ensemble,1,2026-02-15,cd51542895b567294160f02ecc7906eed6b35270ef578fe4677bf606ed4c31e6,2.5898059744083213,3.4310254077582929,3.4310254077582929,0,0
Inflation,CPILFESL,2,mid_month,2026-03,Inflation Ridge-AR Ensemble,Inflation Ridge-AR Ensemble,1,2026-03-15,a716019482770d8d4f56e8c48b980d939a63d38b3494709513c425e46466b436,2.3472435020018168,3.1463563106658849,3.1463563106658849,0,0
Inflation,CPILFESL,2,mid_month,2026-04,Inflation Ridge-AR Ensemble,Inflation Ridge-AR Ensemble,1,2026-04-15,0f309fffb4256000594f4a61b6cf248566025fd62a7ee11ec444b991e5dc2ea8,4.5090466859679879,2.7294962047362237,2.7294962047362237,0,0
Inflation,CPILFESL,2,mid_month,2026-05,Inflation Ridge-AR Ensemble,Inflation Ridge-AR Ensemble,1,2026-05-15,09c0637b340d3561ff0b0bb18908b61a785ebba2ab34b086e758b763931bda60,2.4945507714519977,3.5859107865127502,3.5859107865127502,0,0
Inflation,CPILFESL,2,mid_month,2026-06,Inflation Ridge-AR Ensemble,Inflation Ridge-AR Ensemble,1,2026-06-15,f4397e66e5c38a308cf0c52dcc87caad0d2761acffbce156b355b4d1a7eb71b3,-0.19994465863675259,3.6023937986689507,3.6023937986689507,0,0
Inflation,CPILFESL,3,month_end,2023-02,Inflation Ridge-AR Ensemble,Inflation Ridge-AR Ensemble,1,2023-02-28,cb70f1083227814a12434e0b70c1200ca41999978ef528db99612996b9f10dfd,5.4109378199150626,4.5299707217486356,4.5299707217486356,0,0
Inflation,CPILFESL,3,month_end,2023-03,Inflation Ridge-AR Ensemble,Inflation Ridge-AR Ensemble,1,2023-03-31,dbd9eef0029676b046856fff4475ab9b8493c33323f171e88807ce15d8dfd6c8,4.6084972365690646,4.990866999372912,4.990866999372912,0,0
Inflation,CPILFESL,3,month_end,2023-04,Inflation Ridge-AR Ensemble,Inflation Ridge-AR Ensemble,1,2023-04-30,b21663aae72afaada0e5e4c60247f75fc2908ae0e0a8fac2b14e3eb37a170755,4.9002158887912373,3.534537903566326,3.534537903566326,0,0
Inflation,CPILFESL,3,month_end,2023-05,Inflation Ridge-AR Ensemble,Inflation Ridge-AR Ensemble,1,2023-05-31,d1d37f7b62b103a5c74d2bf435831aaeb9e86c1d4234ce128b98eb56d3f035b8,5.2155904950303977,3.8256857059840823,3.8256857059840823,0,0
Inflation,CPILFESL,3,month_end,2023-06,Inflation Ridge-AR Ensemble,Inflation Ridge-AR Ensemble,1,2023-06-30,b92ae93bc8ff4e7485c1447cd9cb23ba00c85f6fed425f139954b509402dc803,1.8892028838219943,4.2916143348777123,4.2916143348777123,0,0
Inflation,CPILFESL,3,month_end,2023-07,Inflation Ridge-AR Ensemble,Inflation Ridge-AR Ensemble,1,2023-07-31,8abf16ba027a6d7454bffeb54143bf215ce42b236ff9002b8da5a7bc61e1a7e1,1.9134356114534512,1.9683769549409791,1.9683769549409791,0,0
Inflation,CPILFESL,3,month_end,2023-08,Inflation Ridge-AR Ensemble,Inflation Ridge-AR Ensemble,1,2023-08-31,c299c45efa306601544e041365cc364368d1840074da8d2a35e92e74b808789c,3.3373130933370021,2.2759002318066148,2.2759002318066148,0,0
Inflation,CPILFESL,3,month_end,2023-09,Inflation Ridge-AR Ensemble,Inflation Ridge-AR Ensemble,1,2023-09-30,a8b9090e854655e2a7df78c3a56653fd01ce034c9dc56dbec062b83091192828,3.8689617311792546,3.5081151219415201,3.5081151219415201,0,0
Inflation,CPILFESL,3,month_end,2023-10,Inflation Ridge-AR Ensemble,Inflation Ridge-AR Ensemble,1,2023-10-31,2949285386a43565a033f492f774a76efe02f8f074faff23a4539ac02b94dea7,2.7162863311584573,3.7504245861980898,3.7504245861980898,0,0
Inflation,CPILFESL,3,month_end,2023-11,Inflation Ridge-AR Ensemble,Inflation Ridge-AR Ensemble,1,2023-11-30,10b81e01adda2a8d5cfb24c7264c7fc5a0a37d36fb8da475fa1bd9f9b40dd447,3.4097929346401656,3.0642478727311682,3.0642478727311682,0,0
Inflation,CPILFESL,3,month_end,2023-12,Inflation Ridge-AR Ensemble,Inflation Ridge-AR Ensemble,1,2023-12-31,f7b61655455882d5c1efa87a7335a050e0b97a1ca437ec972e0b8e402ece3e3e,3.7028361810513388,3.361276502355043,3.361276502355043,0,0
Inflation,CPILFESL,3,month_end,2024-01,Inflation Ridge-AR Ensemble,Inflation Ridge-AR Ensemble,1,2024-01-31,bd4850b054c3eb496d5f50f993746b4865bae6c15ef731f72f55168c4d365e20,4.6994628665117943,3.4500890862621989,3.4500890862621989,0,0
Inflation,CPILFESL,3,month_end,2024-02,Inflation Ridge-AR Ensemble,Inflation Ridge-AR Ensemble,1,2024-02-29,94b0121ab2e59c8cd66e8ebbe56a6b7f55071b97d156e84142e41ce7c1772b2f,4.293317468662039,3.9452901270316674,3.9452901270316674,0,0
Inflation,CPILFESL,3,month_end,2024-03,Inflation Ridge-AR Ensemble,Inflation Ridge-AR Ensemble,1,2024-03-31,2c9265b86c22ac75b6b440afc4255aaaf6e9144c87eb36fe2f27cf8020b2bd66,4.3007465415762169,3.7261952946963603,3.7261952946963603,0,0
Inflation,CPILFESL,3,month_end,2024-04,Inflation Ridge-AR Ensemble,Inflation Ridge-AR Ensemble,1,2024-04-30,2bc305f36c3ba0e98f4ecc69dc238a3f07b3bf0a383760a4532ed7ac5ba82ab7,3.4960297145268271,3.4527889281432902,3.4527889281432902,0,0
Inflation,CPILFESL,3,month_end,2024-05,Inflation Ridge-AR Ensemble,Inflation Ridge-AR Ensemble,1,2024-05-31,c7e6964b907aa355aff058ac24e3731618d442b832672a50e47f940da5d99bae,1.9554491698148269,3.0784567564805796,3.0784567564805796,0,0
Inflation,CPILFESL,3,month_end,2024-06,Inflation Ridge-AR Ensemble,Inflation Ridge-AR Ensemble,1,2024-06-30,f61e25d323addbc947aef69d4a6645eee37fe34e04218f81f074d92d6f25fdbc,0.77676495203746754,2.3719032959484876,2.3719032959484876,0,0
Inflation,CPILFESL,3,month_end,2024-07,Inflation Ridge-AR Ensemble,Inflation Ridge-AR Ensemble,1,2024-07-31,4444c837b9e1bb7e2369c4e3f7525b22b8b23c68632f7995ae7f6e154980a9b5,1.9811120946506833,1.7923580712176785,1.7923580712176785,0,0
Inflation,CPILFESL,3,month_end,2024-08,Inflation Ridge-AR Ensemble,Inflation Ridge-AR Ensemble,1,2024-08-31,975f0f7bce29d3578fe95867292a231210d9665e24b282f3c98cd445a4013738,3.3671574140669236,2.1451212942563451,2.1451212942563451,0,0
Inflation,CPILFESL,3,month_end,2024-09,Inflation Ridge-AR Ensemble,Inflation Ridge-AR Ensemble,1,2024-09-30,b6bee9ad676dc47da00976fdab4f72e2dff4dfe25f601d84c903e65ea49d6619,3.7431240197996374,3.3786565651980904,3.3786565651980904,0,0
Inflation,CPILFESL,3,month_end,2024-10,Inflation Ridge-AR Ensemble,Inflation Ridge-AR Ensemble,1,2024-10-31,315aa6a0e3c63760a0afafac1887fe823da9d7b61d94e35e52efe814a60bb91c,3.3584847110301297,3.3265955260613609,3.3265955260613609,0,0
Inflation,CPILFESL,3,month_end,2024-11,Inflation Ridge-AR Ensemble,Inflation Ridge-AR Ensemble,1,2024-11-30,f67b4451a859fc166da895fd1d8dccc8037ac41a1e16090faf7e836d82e4ef22,3.69131922257111,2.968039183211916,2.968039183211916,0,0
Inflation,CPILFESL,3,month_end,2024-12,Inflation Ridge-AR Ensemble,Inflation Ridge-AR Ensemble,1,2024-12-31,8574a194618655b44eb397389c5b4a7bce7898daa54e9edad0c97cb2628ee6d0,2.6970477578299068,3.3115114753206902,3.3115114753206902,0,0
Inflation,CPILFESL,3,month_end,2025-01,Inflation Ridge-AR Ensemble,Inflation Ridge-AR Ensemble,1,2025-01-31,cf745204f8c9d26b75d81c1780ea4f01273605a5ead0b81dc2e61019860aaf1f,5.3441646267824439,2.2341629777139236,2.2341629777139236,0,0
Inflation,CPILFESL,3,month_end,2025-02,Inflation Ridge-AR Ensemble,Inflation Ridge-AR Ensemble,1,2025-02-28,e26de1349bb35395a2d76fd9e3b5ca4fc45149090d088cbf20a5d243b236d6a0,2.7166452189845813,4.3148921090567249,4.3148921090567249,0,0
Inflation,CPILFESL,3,month_end,2025-03,Inflation Ridge-AR Ensemble,Inflation Ridge-AR Ensemble,1,2025-03-31,ff1e125c2651ba28a35d3b52ac457f2ffe9b5f311a64fbf6ae36791a2bbc4c93,0.67820143281487333,2.8685882644265188,2.8685882644265188,0,0
Inflation,CPILFESL,3,month_end,2025-04,Inflation Ridge-AR Ensemble,Inflation Ridge-AR Ensemble,1,2025-04-30,01869ca8e91ca3e95bec284761aedf74b03544d1243f3e2a886db2375c506dae,2.8376507842686749,1.5543670679004937,1.5543670679004937,0,0
Inflation,CPILFESL,3,month_end,2025-05,Inflation Ridge-AR Ensemble,Inflation Ridge-AR Ensemble,1,2025-05-31,1f607479c05382ea374c7b50f04d5f017c832d7641854a9de18ecb19cdac9ad8,1.5576688590009269,3.6256741499511906,3.6256741499511906,0,0
Inflation,CPILFESL,3,month_end,2025-06,Inflation Ridge-AR Ensemble,Inflation Ridge-AR Ensemble,1,2025-06-30,3a596ce8bd19787adfea2353c83c68ff87059b095ef44b36309a152b1ded1535,2.7357167584597164,3.3811846956151879,3.3811846956151879,0,0
Inflation,CPILFESL,3,month_end,2025-07,Inflation Ridge-AR Ensemble,Inflation Ridge-AR Ensemble,1,2025-07-31,c599993131755f7f523fd9c095d4570ed3be10d315a40a0314e17e5506ec8fbc,3.8619108814820891,3.7065183923708931,3.7065183923708931,0,0
Inflation,CPILFESL,3,month_end,2025-08,Inflation Ridge-AR Ensemble,Inflation Ridge-AR Ensemble,1,2025-08-31,b1a9e98e2e3262cc13c5b11665f2077ce68ca878b5a5c06b399ce23652bfce39,4.1442886423073588,3.9141656390867441,3.9141656390867441,0,0
Inflation,CPILFESL,3,month_end,2025-09,Inflation Ridge-AR Ensemble,Inflation Ridge-AR Ensemble,1,2025-09-30,4951a7a0c610a8376679beb26661d0117edd1c1a5c25f1d918cbe313039d1f5a,2.7222557806510395,3.6765006066388093,3.6765006066388093,0,0
Inflation,CPILFESL,3,month_end,2025-11,Inflation Ridge-AR Ensemble,Inflation Ridge-AR Ensemble,1,2025-11-30,97aef115dc6f92dced31def01056939bfb7aab522f4603e63143a71eb9ae46ff,1.9080731336838852,2.4867004127702668,2.4867004127702668,0,0
Inflation,CPILFESL,3,month_end,2025-12,Inflation Ridge-AR Ensemble,Inflation Ridge-AR Ensemble,1,2025-12-31,dc60f4cd3bce75ce0efc64f31e6f9de8061443310b9ae870ddf49df14f2cfbde,2.8672810687485395,2.6618007118803688,2.6618007118803688,0,0
Inflation,CPILFESL,3,month_end,2026-01,Inflation Ridge-AR Ensemble,Inflation Ridge-AR Ensemble,1,2026-01-31,0736c15c75330e9d810eac066a22ee0073738685446c386b435a850ed06dd859,3.5353249355654981,2.8502876077401798,2.8502876077401798,0,0
Inflation,CPILFESL,3,month_end,2026-02,Inflation Ridge-AR Ensemble,Inflation Ridge-AR Ensemble,1,2026-02-28,41bd86fc73bf948e4c3bf08a2672d2e03a1e39f36302592e36cea3ecf9c33843,2.5898059744083213,3.4116653735796474,3.4116653735796474,0,0
Inflation,CPILFESL,3,month_end,2026-03,Inflation Ridge-AR Ensemble,Inflation Ridge-AR Ensemble,1,2026-03-31,81bd444227eff91c88ecdb6492c29771f11ab96aa5a422e5d09a72f1e610316e,2.3472435020018168,3.2338299462807401,3.2338299462807401,0,0
Inflation,CPILFESL,3,month_end,2026-04,Inflation Ridge-AR Ensemble,Inflation Ridge-AR Ensemble,1,2026-04-30,d2bcf6a3dd2d72ab4fdfc3aea17e5d3513254a63dba602b2c252f030c6a9ced3,4.5090466859679879,2.7294962047362237,2.7294962047362237,0,0
Inflation,CPILFESL,3,month_end,2026-05,Inflation Ridge-AR Ensemble,Inflation Ridge-AR Ensemble,1,2026-05-31,553bf3f082f734a2a8963337ee9d14d499e35a41ec8fb28aeac183d8744b1f4c,2.4945507714519977,3.5859107865127502,3.5859107865127502,0,0
Inflation,CPILFESL,3,month_end,2026-06,Inflation Ridge-AR Ensemble,Inflation Ridge-AR Ensemble,1,2026-06-30,940b4ce22c10e895338bda0a11319316665ac5f2c98f8c30b9ca1a7f95c4cd7c,-0.19994465863675259,3.6023937986689507,3.6023937986689507,0,0
Inflation,CPILFESL,4,pre_release,2023-02,Inflation Ridge-AR Ensemble,Inflation Ridge-AR Ensemble,1,2023-03-13,c91425f67efe5d51fa6c27e95c6daeb7211d5f17f38bbcfc50975816d8e59904,5.4109378199150626,4.5272670103841399,4.5272670103841399,0,0
Inflation,CPILFESL,4,pre_release,2023-03,Inflation Ridge-AR Ensemble,Inflation Ridge-AR Ensemble,1,2023-04-11,dd6b39c918271d98b4c0205aaf3ae8860e4f295e048987ee9f3eecb5caa2b4e1,4.6084972365690646,4.9752337902191712,4.9752337902191712,0,0
Inflation,CPILFESL,4,pre_release,2023-04,Inflation Ridge-AR Ensemble,Inflation Ridge-AR Ensemble,1,2023-05-09,70701eb87515f29a738d6afead804bcdb00ca733c833b7095fc8089cf0302b75,4.9002158887912373,3.5229674959756818,3.5229674959756818,0,0
Inflation,CPILFESL,4,pre_release,2023-05,Inflation Ridge-AR Ensemble,Inflation Ridge-AR Ensemble,1,2023-06-12,9ce9a11105821e09ff3008847fd55292b5213ee91304d12308ed111816d924ef,5.2155904950303977,3.7979752935335451,3.7979752935335451,0,0
Inflation,CPILFESL,4,pre_release,2023-06,Inflation Ridge-AR Ensemble,Inflation Ridge-AR Ensemble,1,2023-07-11,2a791de08fcd83b9da63bfc41e2aa43b28f7fa855d6cb2e4109483b71383a620,1.8892028838219943,4.2939016591480916,4.2939016591480916,0,0
Inflation,CPILFESL,4,pre_release,2023-07,Inflation Ridge-AR Ensemble,Inflation Ridge-AR Ensemble,1,2023-08-09,fbfcd5e1bcab8eba5d5eb6f41cf1dee16231cac9b6fc80ef24dcbc88d6667b6c,1.9134356114534512,2.0050840372950107,2.0050840372950107,0,0
Inflation,CPILFESL,4,pre_release,2023-08,Inflation Ridge-AR Ensemble,Inflation Ridge-AR Ensemble,1,2023-09-12,25036deadb3b0974afcbd24f1c13ad75fca3516d83838819ad05562fc6cf1f50,3.3373130933370021,2.2759002318066148,2.2759002318066148,0,0
Inflation,CPILFESL,4,pre_release,2023-09,Inflation Ridge-AR Ensemble,Inflation Ridge-AR Ensemble,1,2023-10-11,21e8f51745d87973df7091e4c63e8d6e289c7b50ac4eaf3a2bf13a70b5955472,3.8689617311792546,3.5731038372532655,3.5731038372532655,0,0
Inflation,CPILFESL,4,pre_release,2023-10,Inflation Ridge-AR Ensemble,Inflation Ridge-AR Ensemble,1,2023-11-13,508a6fa229a72de922c208cdcf66979fb0652faae6f37031c057f20f41931596,2.7162863311584573,3.7823942116855935,3.7823942116855935,0,0
Inflation,CPILFESL,4,pre_release,2023-11,Inflation Ridge-AR Ensemble,Inflation Ridge-AR Ensemble,1,2023-12-11,b1d936cd65211c1b933891530f1a91b5ea36297c7469e408579fb74042f24d0c,3.4097929346401656,3.0767853570773265,3.0767853570773265,0,0
Inflation,CPILFESL,4,pre_release,2023-12,Inflation Ridge-AR Ensemble,Inflation Ridge-AR Ensemble,1,2024-01-10,593cd9c098e01d09baa005c378be568ef6cd4675bbf4c1ef0a7e03241c3af37a,3.7028361810513388,3.3343588009284364,3.3343588009284364,0,0
Inflation,CPILFESL,4,pre_release,2024-01,Inflation Ridge-AR Ensemble,Inflation Ridge-AR Ensemble,1,2024-02-12,c67b4c5c714111f4012f45549254a6c32d7eaa433a717cd59ca31b1234a2c4cc,4.6994628665117943,3.271221175351303,3.271221175351303,0,0
Inflation,CPILFESL,4,pre_release,2024-02,Inflation Ridge-AR Ensemble,Inflation Ridge-AR Ensemble,1,2024-03-11,64eb8b3e8e40f520a5bec425ce6d83750dae8082514d7f2907c8ba36a5eaf194,4.293317468662039,3.9466937547370136,3.9466937547370136,0,0
Inflation,CPILFESL,4,pre_release,2024-03,Inflation Ridge-AR Ensemble,Inflation Ridge-AR Ensemble,1,2024-04-09,81300715ea8c17f006072264728a850f799b2cfe6d33b097c9a2d90df5c84355,4.3007465415762169,3.7404703002941471,3.7404703002941471,0,0
Inflation,CPILFESL,4,pre_release,2024-04,Inflation Ridge-AR Ensemble,Inflation Ridge-AR Ensemble,1,2024-05-14,69b562985c72ea58a6f109f19be17757104184293040c15f86548a388761b6d6,3.4960297145268271,3.4020494980817562,3.4020494980817562,0,0
Inflation,CPILFESL,4,pre_release,2024-05,Inflation Ridge-AR Ensemble,Inflation Ridge-AR Ensemble,1,2024-06-11,b0165e42263269201ce12104f2a4007fff14112853d63ff28577dd787a10aa26,1.9554491698148269,3.0812543917356687,3.0812543917356687,0,0
Inflation,CPILFESL,4,pre_release,2024-06,Inflation Ridge-AR Ensemble,Inflation Ridge-AR Ensemble,1,2024-07-10,feb20eafe417ed2c35ebf583174b5456926d2d5aa7d42713c3f7e5164901e1a8,0.77676495203746754,2.3905180151730976,2.3905180151730976,0,0
Inflation,CPILFESL,4,pre_release,2024-07,Inflation Ridge-AR Ensemble,Inflation Ridge-AR Ensemble,1,2024-08-13,c04c5f081a7c1083c0aaf1c7356c3f3100ca5445c1a8baafca429072dcbeee6f,1.9811120946506833,1.8077378756832885,1.8077378756832885,0,0
Inflation,CPILFESL,4,pre_release,2024-08,Inflation Ridge-AR Ensemble,Inflation Ridge-AR Ensemble,1,2024-09-10,8325a4c7cdf0b28d25fc412263b269053dadff35986ccac6f3c1431c401d41e3,3.3671574140669236,2.1451212942563451,2.1451212942563451,0,0
Inflation,CPILFESL,4,pre_release,2024-09,Inflation Ridge-AR Ensemble,Inflation Ridge-AR Ensemble,1,2024-10-09,c9401f67e6ad4670ac24bb91c911ccfdea1f98ebee9b1a954d9cd2384b04b3c7,3.7431240197996374,3.3967090661105481,3.3967090661105481,0,0
Inflation,CPILFESL,4,pre_release,2024-10,Inflation Ridge-AR Ensemble,Inflation Ridge-AR Ensemble,1,2024-11-12,036ca471d19012cf8313570a1011de96afd4f5e3fde14c45b4757c66338d7e7b,3.3584847110301297,3.3127356311400638,3.3127356311400638,0,0
Inflation,CPILFESL,4,pre_release,2024-11,Inflation Ridge-AR Ensemble,Inflation Ridge-AR Ensemble,1,2024-12-10,c51ca46b65532da316e0321617a851132efebe0d8012805f7b4ddd1c6ac0a449,3.69131922257111,2.9860472856082425,2.9860472856082425,0,0
Inflation,CPILFESL,4,pre_release,2024-12,Inflation Ridge-AR Ensemble,Inflation Ridge-AR Ensemble,1,2025-01-14,a43f51314268b7c4f486e9eec75b112cf7838256290a77b402b2982bddd9d714,2.6970477578299068,3.3068283700033554,3.3068283700033554,0,0
Inflation,CPILFESL,4,pre_release,2025-01,Inflation Ridge-AR Ensemble,Inflation Ridge-AR Ensemble,1,2025-02-11,efb15a76a4f20c96957632b8a1dd2f0fb4eabda20986f8f74b4159785eedca75,5.3441646267824439,2.2245725693047902,2.2245725693047902,0,0
Inflation,CPILFESL,4,pre_release,2025-02,Inflation Ridge-AR Ensemble,Inflation Ridge-AR Ensemble,1,2025-03-11,13bfc7fbf793c2e38d708d17bfd066c186a8351be81df43aec800ce4733c6dd5,2.7166452189845813,4.3075787165678854,4.3075787165678854,0,0
Inflation,CPILFESL,4,pre_release,2025-03,Inflation Ridge-AR Ensemble,Inflation Ridge-AR Ensemble,1,2025-04-09,6ee57b25a8f1560c08a912a4e1c781ff4a065f3296cfe2b411e6a85e2c8f9edf,0.67820143281487333,2.8578943345784209,2.8578943345784209,0,0
Inflation,CPILFESL,4,pre_release,2025-04,Inflation Ridge-AR Ensemble,Inflation Ridge-AR Ensemble,1,2025-05-12,cef4370625020bb3e3f95d6999a4ed1addfe150b7a3c12ccecf7c41a4ea97c36,2.8376507842686749,1.5624004264248135,1.5624004264248135,0,0
Inflation,CPILFESL,4,pre_release,2025-05,Inflation Ridge-AR Ensemble,Inflation Ridge-AR Ensemble,1,2025-06-10,7dcec96e0a8708a06ce4ce778883c605a8413744f037739f26b3893ae87b58c4,1.5576688590009269,3.6248601106454279,3.6248601106454279,0,0
Inflation,CPILFESL,4,pre_release,2025-06,Inflation Ridge-AR Ensemble,Inflation Ridge-AR Ensemble,1,2025-07-14,59721ef3b05b09fb4738c0c60e768b9b11f4444fcf6bc6572002a529028c0dea,2.7357167584597164,3.3802130308000775,3.3802130308000775,0,0
Inflation,CPILFESL,4,pre_release,2025-07,Inflation Ridge-AR Ensemble,Inflation Ridge-AR Ensemble,1,2025-08-11,6ee08cccf5bf6d92e31cc207c866be6f578c82e87deacb54920f68035ee6929f,3.8619108814820891,3.7086718883769771,3.7086718883769771,0,0
Inflation,CPILFESL,4,pre_release,2025-08,Inflation Ridge-AR Ensemble,Inflation Ridge-AR Ensemble,1,2025-09-10,baf934395f0cc498a909e0e54e40c5c6436593944be45f097769a2fde8346241,4.1442886423073588,3.8424122364079931,3.8424122364079931,0,0
Inflation,CPILFESL,4,pre_release,2025-09,Inflation Ridge-AR Ensemble,Inflation Ridge-AR Ensemble,1,2025-10-23,3497d92bc4f4c05de960b5c11017722f6b9f6e10ccd75825232041b9ae0e9365,2.7222557806510395,3.6765006066388093,3.6765006066388093,0,0
Inflation,CPILFESL,4,pre_release,2025-11,Inflation Ridge-AR Ensemble,Inflation Ridge-AR Ensemble,1,2025-12-17,090267d51086d80eeb00018aad6ab0058f0a67d4c87176cf13f3a794831a1f48,1.9080731336838852,2.5276372279023938,2.5276372279023938,0,0
Inflation,CPILFESL,4,pre_release,2025-12,Inflation Ridge-AR Ensemble,Inflation Ridge-AR Ensemble,1,2026-01-12,06c6f5cad8ca94360e2b4860fb696c4ccf56d0d88b6d5b2fc71c7d33a027606c,2.8672810687485395,2.6816075765147573,2.6816075765147573,0,0
Inflation,CPILFESL,4,pre_release,2026-01,Inflation Ridge-AR Ensemble,Inflation Ridge-AR Ensemble,1,2026-02-12,59f01cf051efe0c9bd6b99e7bafe82f1061b26faa2fba8ddc8cd34111e35a06e,3.5353249355654981,2.7560598576583168,2.7560598576583168,0,0
Inflation,CPILFESL,4,pre_release,2026-02,Inflation Ridge-AR Ensemble,Inflation Ridge-AR Ensemble,1,2026-03-10,e986dc890a793a3554d53121448ed2d86fb6f45d9163e133f9427d304bf6e548,2.5898059744083213,3.4116653735796474,3.4116653735796474,0,0
Inflation,CPILFESL,4,pre_release,2026-03,Inflation Ridge-AR Ensemble,Inflation Ridge-AR Ensemble,1,2026-04-09,1d43e6aabd38f4ea3cc2c2a23b661b33fd8503daf4dc9a0701709bec9e62af7b,2.3472435020018168,3.2330561023586464,3.2330561023586464,0,0
Inflation,CPILFESL,4,pre_release,2026-04,Inflation Ridge-AR Ensemble,Inflation Ridge-AR Ensemble,1,2026-05-11,2d8036b0f3006633ecba032108a6cfc51fc1b9b1ddcaf398b8cc517f0f32d691,4.5090466859679879,2.7295274023031313,2.7295274023031313,0,0
Inflation,CPILFESL,4,pre_release,2026-05,Inflation Ridge-AR Ensemble,Inflation Ridge-AR Ensemble,1,2026-06-09,4429753f988a428fe54757cdcb1e35a02aad40ed2845ebc6222a4d500633b537,2.4945507714519977,3.5859107865127502,3.5859107865127502,0,0
Inflation,CPILFESL,4,pre_release,2026-06,Inflation Ridge-AR Ensemble,Inflation Ridge-AR Ensemble,1,2026-07-13,6a79eecb50495e80698ce87648ca902391c45569dae7e021997c036212197499,-0.19994465863675259,3.5867111867197288,3.5867111867197288,0,0
Inflation,PCEPI,1,month_open,2023-02,Inflation Bridge Ridge,Inflation Bridge Ridge,1,2023-02-01,30bd2a746b5627992ad31d6598e4a35a8669f48041c568df44c48cf034f7b626,3.1517949298315528,2.7573214027279773,2.7573214027279773,0,0
Inflation,PCEPI,1,month_open,2023-03,Inflation Bridge Ridge,Inflation Bridge Ridge,1,2023-03-01,db99f1f4d4d3334eaef59b89950f48ee9bb1f8678fcf1d30d0bfaa5b720ee4df,0.91193354873695398,3.2894006363189887,3.2894006363189887,0,0
Inflation,PCEPI,1,month_open,2023-04,Inflation Bridge Ridge,Inflation Bridge Ridge,1,2023-04-01,32673152a99d3263f3f9ed8560cc6ba755c24bb424dae7e956134f442cc46d9a,4.3590925437339223,2.2939012884956536,2.2939012884956536,0,0
Inflation,PCEPI,1,month_open,2023-05,Inflation Bridge Ridge,Inflation Bridge Ridge,1,2023-05-01,c40dc0e288acf44de093f257dd91ced1a042449c69581796e5c72d64a383200e,1.5410617006217819,3.0355456566594077,3.0355456566594077,0,0
Inflation,PCEPI,1,month_open,2023-06,Inflation Bridge Ridge,Inflation Bridge Ridge,1,2023-06-01,7651bf41614253de85a8ccd1403b43ce653e69223fde0edfebb94e51992102ba,1.9358574497093883,2.2486936909516286,2.2486936909516286,0,0
Inflation,PCEPI,1,month_open,2023-07,Inflation Bridge Ridge,Inflation Bridge Ridge,1,2023-07-01,772d853be45298023544f2d92b64ba3a8f809b150ffaa189716d3bcf8d0d4e4d,2.5544057811611509,2.3186301563881706,2.3186301563881706,0,0
Inflation,PCEPI,1,month_open,2023-08,Inflation Bridge Ridge,Inflation Bridge Ridge,1,2023-08-01,14e5e80143efbaecbec28ae3af68a385e1236611e647b34a42dcabbed821774f,4.721852085725331,3.2013071720310005,3.2013071720310005,0,0
Inflation,PCEPI,1,month_open,2023-09,Inflation Bridge Ridge,Inflation Bridge Ridge,1,2023-09-01,b85a328ae132025b941fa72de3c6759b46734f451777c72148c74dfd12a5e3ce,4.269709166791813,4.3178246083802234,4.3178246083802234,0,0
Inflation,PCEPI,1,month_open,2023-10,Inflation Bridge Ridge,Inflation Bridge Ridge,1,2023-10-01,3a26df0d3895e07bab51d56556b6001227ed70942d6dda4e93c5ebce84cdeebc,0.59330065894869222,3.706593123458473,3.706593123458473,0,0
Inflation,PCEPI,1,month_open,2023-11,Inflation Bridge Ridge,Inflation Bridge Ridge,1,2023-11-01,a5393d6ec69e1d357cf1f32af81147b0f60146446a8004226b89cc12f838810d,-0.860920908897711,3.9824634208968535,3.9824634208968535,0,0
Inflation,PCEPI,1,month_open,2023-12,Inflation Bridge Ridge,Inflation Bridge Ridge,1,2023-12-01,743e6919713900b76e677717cd1a66869d15bf5ff291e59b557bcbce3da349f9,2.0079217012643369,1.8014168431717761,1.8014168431717761,0,0
Inflation,PCEPI,1,month_open,2024-01,Inflation Bridge Ridge,Inflation Bridge Ridge,1,2024-01-01,1c9d7a507fb5ecf3beece8ebfe371399356d8179c0ea445c88bafdbb78fed0f5,4.1328162960482473,3.1269406219156437,3.1269406219156437,0,0
Inflation,PCEPI,1,month_open,2024-02,Inflation Bridge Ridge,Inflation Bridge Ridge,1,2024-02-01,4acd561b9e983aecffffe0fb830530af2b93463dfc296c45ebca9c5842b184ab,3.9898815716419733,2.5288939370429384,2.5288939370429384,0,0
Inflation,PCEPI,1,month_open,2024-03,Inflation Bridge Ridge,Inflation Bridge Ridge,1,2024-03-01,f9ba877379756fdb8fb080f7d9c3d4a9398f93a116a9f04c27f138d329ec8492,3.86713396031233,4.3909651913884726,4.3909651913884726,0,0
Inflation,PCEPI,1,month_open,2024-04,Inflation Bridge Ridge,Inflation Bridge Ridge,1,2024-04-01,0765f629012b7882da9b07236737a448cea652d24c7d60f9c5500570f2be42f0,3.0752100527589477,2.9962382374478915,2.9962382374478915,0,0
Inflation,PCEPI,1,month_open,2024-05,Inflation Bridge Ridge,Inflation Bridge Ridge,1,2024-05-01,01c59925fab16ba62b08a4763c2108a3b840145569e7ae080f15c6b5d2a754f9,-0.097480930346449668,2.6626914552346999,2.6626914552346999,0,0
Inflation,PCEPI,1,month_open,2024-06,Inflation Bridge Ridge,Inflation Bridge Ridge,1,2024-06-01,8df009ea9d2a3f9378f43651fc146c649cbd57f03acc45894e67af75e79ca32e,0.94484742430545055,2.582655288798136,2.582655288798136,0,0
Inflation,PCEPI,1,month_open,2024-07,Inflation Bridge Ridge,Inflation Bridge Ridge,1,2024-07-01,51458cda1e8975e0ed110d3f82c5cf2cf16a0d63c40603694e9ed66d3bc9304b,1.8591450193301995,1.3985376063093837,1.3985376063093837,0,0
Inflation,PCEPI,1,month_open,2024-08,Inflation Bridge Ridge,Inflation Bridge Ridge,1,2024-08-01,a112ff08058f0ed6b24978daadcc77bb5ae2d8ab5ba3c1e31f65365a8134444f,1.0872555632399639,2.1750647122739002,2.1750647122739002,0,0
Inflation,PCEPI,1,month_open,2024-09,Inflation Bridge Ridge,Inflation Bridge Ridge,1,2024-09-01,a4f2ce8b6294e6f997b4fa92a73e47d06c9f8dd431c4c1d7c0d58e46b718aec4,2.1030278800367341,0.1936478714286074,0.1936478714286074,0,0
Inflation,PCEPI,1,month_open,2024-10,Inflation Bridge Ridge,Inflation Bridge Ridge,1,2024-10-01,0bde9a780e20438090ae0e0b5c7664c57538f6fb2853ee43e735662b6f0ae5ed,2.853033899934232,2.5692101208750553,2.5692101208750553,0,0
Inflation,PCEPI,1,month_open,2024-11,Inflation Bridge Ridge,Inflation Bridge Ridge,1,2024-11-01,8fbc267d6510a2526ff236f920e15de7594349e15a1107540271af3c6f63de6b,1.5349653145793951,2.6096961700112296,2.6096961700112296,0,0
Inflation,PCEPI,1,month_open,2024-12,Inflation Bridge Ridge,Inflation Bridge Ridge,1,2024-12-01,6f071f53641ab5669bd9c3e9ac58244f7ce194bf4d227b5a47d3306dd9d31e8c,3.063929851709446,2.8341833906251268,2.8341833906251268,0,0
Inflation,PCEPI,1,month_open,2025-01,Inflation Bridge Ridge,Inflation Bridge Ridge,1,2025-01-01,389b699d6ba53b4ddc2823f5497c49f5c4f63a4d2e4a79feaff2786ceb71e114,3.8984766867979914,2.4842930055502226,2.4842930055502226,0,0
Inflation,PCEPI,1,month_open,2025-02,Inflation Bridge Ridge,Inflation Bridge Ridge,1,2025-02-01,520eafa0eb29b1e17eb789a2a666532291471ee0160e11583aac20c80f2780e3,3.9331903834629145,3.0105972501462417,3.0105972501462417,0,0
Inflation,PCEPI,1,month_open,2025-03,Inflation Bridge Ridge,Inflation Bridge Ridge,1,2025-03-01,99002d090aac3c99b6a5e65528af95de7db34a797d8721a66bf57268fba73838,-0.53435115386761822,3.1470797874454091,3.1470797874454091,0,0
Inflation,PCEPI,1,month_open,2025-04,Inflation Bridge Ridge,Inflation Bridge Ridge,1,2025-04-01,3fac28a31e3115ea7a05c745cc72d0d68471fb790ec671f5a3fd961496a7d37b,1.201745492554096,2.4800699304825615,2.4800699304825615,0,0
Inflation,PCEPI,1,month_open,2025-05,Inflation Bridge Ridge,Inflation Bridge Ridge,1,2025-05-01,38513725ec1266da0ac97cd68420c2f9f6030f68252cc43abc3fb2c49d9f5d72,1.6282550732857004,3.437431009019686,3.437431009019686,0,0
Inflation,PCEPI,1,month_open,2025-06,Inflation Bridge Ridge,Inflation Bridge Ridge,1,2025-06-01,8d91cc0728b8c06e53a9622cdfcbcc61efaa18b181eeb87e724f180a66aab16b,3.3613467356538251,3.9505178052096506,3.9505178052096506,0,0
Inflation,PCEPI,1,month_open,2025-07,Inflation Bridge Ridge,Inflation Bridge Ridge,1,2025-07-01,81ecbbe883965eb9bddb6fe8c361df19948898a537ee9f03d17e4588a3db6147,2.3685838825748817,6.997585534720498,6.997585534720498,0,0
Inflation,PCEPI,1,month_open,2025-08,Inflation Bridge Ridge,Inflation Bridge Ridge,1,2025-08-01,2868338271635f2e33b6bd4259bb12fd3a8d8bd6015f077624f0fb6c1906a95f,3.1718828697414381,3.6146965406952694,3.6146965406952694,0,0
Inflation,PCEPI,1,month_open,2025-09,Inflation Bridge Ridge,Inflation Bridge Ridge,1,2025-09-01,27cf3cc721e01366a148aa02a178f1d65934bbe2524f53b11dc66d2aae8469cf,3.2199871816310122,4.5344842435816162,4.5344842435816162,0,0
Inflation,PCEPI,1,month_open,2025-10,Inflation Bridge Ridge,Inflation Bridge Ridge,1,2025-10-01,77cea1b106e2fc84b2125af518a060fe03a859fb6171bd7971f64a4a145cc30f,1.9072005517838164,2.8218008626792637,2.8218008626792637,0,0
Inflation,PCEPI,1,month_open,2025-11,Inflation Bridge Ridge,Inflation Bridge Ridge,1,2025-11-01,57f8728243173a1dd4bd43995690d4a1595bc35b855470de81b388149c7a8cb7,2.4851427874558851,1.761624140005748,1.761624140005748,0,0
Inflation,PCEPI,1,month_open,2026-02,Inflation Bridge Ridge,Inflation Bridge Ridge,1,2026-02-01,73baf19b287be04e4e6938422cd5d63c7ea06adda39d5054a35d9a768d3017e9,4.4951177501893369,4.74029563764568,4.74029563764568,0,0
Inflation,PCEPI,1,month_open,2026-03,Inflation Bridge Ridge,Inflation Bridge Ridge,1,2026-03-01,c4485dd6273eeb7f4e3ae5268017d64f68ec76849aea6bd5ad20ed6987aa5b9b,7.9437456213664603,4.3421939512585706,4.3421939512585706,0,0
Inflation,PCEPI,1,month_open,2026-04,Inflation Bridge Ridge,Inflation Bridge Ridge,1,2026-04-01,5607ec8bb9be56ed471fea98ce825532c79d22ff0e9ff105adc5cd7fd0ce8640,4.7856219395313815,7.1336345125190084,7.1336345125190084,0,0
Inflation,PCEPI,1,month_open,2026-05,Inflation Bridge Ridge,Inflation Bridge Ridge,1,2026-05-01,ecce58d78881f1fa52eea024f09cf047c9ca1eea60292d769f6573282836f872,5.3858700130746229,3.9653758419135441,3.9653758419135441,0,0
Inflation,PCEPI,2,mid_month,2023-02,Inflation Bridge Ridge,Inflation Bridge Ridge,1,2023-02-15,8a6aa5b331d2800440fc5070284d13bec46ca8e8cf8f0b64f2d774d7a346d845,3.1517949298315528,2.1713827242889967,2.1713827242889967,0,0
Inflation,PCEPI,2,mid_month,2023-03,Inflation Bridge Ridge,Inflation Bridge Ridge,1,2023-03-15,c24597678917fa9998f96e86831764202da9a46463c27a4e17b3e2dbde45d766,0.91193354873695398,2.4859491751368314,2.4859491751368314,0,0
Inflation,PCEPI,2,mid_month,2023-04,Inflation Bridge Ridge,Inflation Bridge Ridge,1,2023-04-15,24f87b813e26fb3b81c056ed9d88901f2c30ae987130cda85ad254b128511a68,4.3590925437339223,1.2223148820682201,1.2223148820682201,0,0
Inflation,PCEPI,2,mid_month,2023-05,Inflation Bridge Ridge,Inflation Bridge Ridge,1,2023-05-15,5a53e4c54994844b836b9488eadd3536e0c958570641ae4d93cd978d90c91e5c,1.5410617006217819,4.1542795792369134,4.1542795792369134,0,0
Inflation,PCEPI,2,mid_month,2023-06,Inflation Bridge Ridge,Inflation Bridge Ridge,1,2023-06-15,1d08b874d7bce4f6418361d7e9e35acbb28fb786e60bda8c15f016e0a267febc,1.9358574497093883,1.8695112580684894,1.8695112580684894,0,0
Inflation,PCEPI,2,mid_month,2023-07,Inflation Bridge Ridge,Inflation Bridge Ridge,1,2023-07-15,89027fe9e485f8e383ea0d772ef18067f845d85a2ef90610397154b79eacb5e0,2.5544057811611509,2.1520965757313744,2.1520965757313744,0,0
Inflation,PCEPI,2,mid_month,2023-08,Inflation Bridge Ridge,Inflation Bridge Ridge,1,2023-08-15,9cc2c2745a298698df6c4f34ca2408a44f30fa474f8671fa4f1e4295603404a2,4.721852085725331,3.5068532133761674,3.5068532133761674,0,0
Inflation,PCEPI,2,mid_month,2023-09,Inflation Bridge Ridge,Inflation Bridge Ridge,1,2023-09-15,61e5ff22c1712efb73e9d56a561747473a23ba97f849c34eb9865177f289d33f,4.269709166791813,3.9611788972341624,3.9611788972341624,0,0
Inflation,PCEPI,2,mid_month,2023-10,Inflation Bridge Ridge,Inflation Bridge Ridge,1,2023-10-15,a424c78a7cd11f5b4ff41db85df2beea0102fc337d3c877f62063e1e9488380d,0.59330065894869222,5.1127406322474371,5.1127406322474371,0,0
Inflation,PCEPI,2,mid_month,2023-11,Inflation Bridge Ridge,Inflation Bridge Ridge,1,2023-11-15,e8d35d9b894396dbacce853bbcba41da9c87e799884c4d13d86a672843c9a2f9,-0.860920908897711,2.5947975672919252,2.5947975672919252,0,0
Inflation,PCEPI,2,mid_month,2023-12,Inflation Bridge Ridge,Inflation Bridge Ridge,1,2023-12-15,5df490ec980999cf3b758b948dbb6f3f3a4033a284583dd5839079d626dfd73c,2.0079217012643369,2.5192089935597837,2.5192089935597837,0,0
Inflation,PCEPI,2,mid_month,2024-01,Inflation Bridge Ridge,Inflation Bridge Ridge,1,2024-01-15,82d6c3d39139ad4d032d65475f1827d5719054f56653a8b93a2e9cff9dc268d7,4.1328162960482473,2.9590474092836345,2.9590474092836345,0,0
Inflation,PCEPI,2,mid_month,2024-02,Inflation Bridge Ridge,Inflation Bridge Ridge,1,2024-02-15,ae89d3ae96b6270f5992f8c6f7491518dcf032586320f2b75a3b0fa9c8312b34,3.9898815716419733,3.0228426901651413,3.0228426901651413,0,0
Inflation,PCEPI,2,mid_month,2024-03,Inflation Bridge Ridge,Inflation Bridge Ridge,1,2024-03-15,579708298d18115ae7a6ec5713142c458e6f1054da00080213fc09c492efe402,3.86713396031233,3.5065426106606035,3.5065426106606035,0,0
Inflation,PCEPI,2,mid_month,2024-04,Inflation Bridge Ridge,Inflation Bridge Ridge,1,2024-04-15,4d2fb4af32164d7f9a5e2ce4cb4b96b3bb1b170fb3146c81bc70cc545eb356a4,3.0752100527589477,2.9698065503391433,2.9698065503391433,0,0
Inflation,PCEPI,2,mid_month,2024-05,Inflation Bridge Ridge,Inflation Bridge Ridge,1,2024-05-15,f8524ab49b321d39909136fdc89da4dd16e9e21c7dc4142a838e625a326a841a,-0.097480930346449668,2.3637925602557415,2.3637925602557415,0,0
Inflation,PCEPI,2,mid_month,2024-06,Inflation Bridge Ridge,Inflation Bridge Ridge,1,2024-06-15,8f3e0cacb6f5af3c402bd46a804aa094a4b9e3ff43005992f708204b5d9b79d0,0.94484742430545055,2.3053679762368167,2.3053679762368167,0,0
Inflation,PCEPI,2,mid_month,2024-07,Inflation Bridge Ridge,Inflation Bridge Ridge,1,2024-07-15,8b37166569a0120b18ae657209b4910e4e7ef479ae0a46c72bee134c5d001a17,1.8591450193301995,1.9529959683000189,1.9529959683000189,0,0
Inflation,PCEPI,2,mid_month,2024-08,Inflation Bridge Ridge,Inflation Bridge Ridge,1,2024-08-15,fa9e12b484b7d8bc14896092f0ddc4148dd4794cc6e70e6c1c1a4703b49a12ec,1.0872555632399639,2.1413830784621752,2.1413830784621752,0,0
Inflation,PCEPI,2,mid_month,2024-09,Inflation Bridge Ridge,Inflation Bridge Ridge,1,2024-09-15,9eaddcf55f5ea463c414d7a32478e44de862df2cbe57a61fa8fe6c57c33a23af,2.1030278800367341,0.88919215689310405,0.88919215689310405,0,0
Inflation,PCEPI,2,mid_month,2024-10,Inflation Bridge Ridge,Inflation Bridge Ridge,1,2024-10-15,281ef6d0ed34ad60e3a6479629efbf14508596ff807cbfede4c02a667a6a9c09,2.853033899934232,1.7337699652236815,1.7337699652236815,0,0
Inflation,PCEPI,2,mid_month,2024-11,Inflation Bridge Ridge,Inflation Bridge Ridge,1,2024-11-15,36fd9369adf963255b6d0dc6bfedf8df0cd8f430d322cb6c028fc59762580e69,1.5349653145793951,2.9612499300405952,2.9612499300405952,0,0
Inflation,PCEPI,2,mid_month,2024-12,Inflation Bridge Ridge,Inflation Bridge Ridge,1,2024-12-15,4925dfcc401cd3311c63ac760762c3439a1d77b3c135b122d2eaf7506fc49e9f,3.063929851709446,2.1915645193095123,2.1915645193095123,0,0
Inflation,PCEPI,2,mid_month,2025-01,Inflation Bridge Ridge,Inflation Bridge Ridge,1,2025-01-15,3ff4b4a58df1a34813b2d029a9dc117317582329e8dc28eb4cfba8db95609656,3.8984766867979914,2.5192396467671525,2.5192396467671525,0,0
Inflation,PCEPI,2,mid_month,2025-02,Inflation Bridge Ridge,Inflation Bridge Ridge,1,2025-02-15,77935a6b7e8590ae56b673746dd11c03e8013a8116de06bcf9e7a2e79722dbab,3.9331903834629145,3.701796807378487,3.701796807378487,0,0
Inflation,PCEPI,2,mid_month,2025-03,Inflation Bridge Ridge,Inflation Bridge Ridge,1,2025-03-15,a4596cd791cf25c2e3be094fbed422c8ea71bba5088165fa51c3f55bc98a05b1,-0.53435115386761822,2.6573239003655753,2.6573239003655753,0,0
Inflation,PCEPI,2,mid_month,2025-04,Inflation Bridge Ridge,Inflation Bridge Ridge,1,2025-04-15,fe544582802ce78164d2f9946be70ae8f561acf20ee60340ea51cdc031bfad68,1.201745492554096,2.7845953328967354,2.7845953328967354,0,0
Inflation,PCEPI,2,mid_month,2025-05,Inflation Bridge Ridge,Inflation Bridge Ridge,1,2025-05-15,beb2033f3f4408775fdb588cf33aa1c013f251b8121752be6abcc6971daabee5,1.6282550732857004,3.655057205750369,3.655057205750369,0,0
Inflation,PCEPI,2,mid_month,2025-06,Inflation Bridge Ridge,Inflation Bridge Ridge,1,2025-06-15,1deb686f98f2c1468c9d8e9a93f2d32fd49221c0670748676ff98f18ce5f4847,3.3613467356538251,4.9881211500246732,4.9881211500246732,0,0
Inflation,PCEPI,2,mid_month,2025-07,Inflation Bridge Ridge,Inflation Bridge Ridge,1,2025-07-15,d5a81ce68e562b1b92e44ba335e058dbb779bc21f2c1956ad31a4af9bcaa6c51,2.3685838825748817,6.7170431752163555,6.7170431752163555,0,0
Inflation,PCEPI,2,mid_month,2025-08,Inflation Bridge Ridge,Inflation Bridge Ridge,1,2025-08-15,e47c815a59b47610b59e20d6e220a73ba12cec1a412d75391fea041062127ff1,3.1718828697414381,4.4044624285462604,4.4044624285462604,0,0
Inflation,PCEPI,2,mid_month,2025-09,Inflation Bridge Ridge,Inflation Bridge Ridge,1,2025-09-15,8fa2211d8d49c444f0fa6a3540e6d69708634a565703c8a53134dad86b3cd623,3.2199871816310122,3.3972914613952527,3.3972914613952527,0,0
Inflation,PCEPI,2,mid_month,2025-10,Inflation Bridge Ridge,Inflation Bridge Ridge,1,2025-10-15,c6c5f41d3f5eaa0a763e2e8adc74c8f91044cce653da16ab169e850e99ccb5e0,1.9072005517838164,2.8161650278721355,2.8161650278721355,0,0
Inflation,PCEPI,2,mid_month,2025-11,Inflation Bridge Ridge,Inflation Bridge Ridge,1,2025-11-15,a30b24c3aec0c444516e10ac972a8f39f5ca6f30519ff5671d4d5ed7d8868b9c,2.4851427874558851,1.7915181156633864,1.7915181156633864,0,0
Inflation,PCEPI,2,mid_month,2025-12,Inflation Bridge Ridge,Inflation Bridge Ridge,1,2025-12-15,3389a3ec5508babdfe1230051c4ba6510ad8f8da1e4dd7149f40c47c5df03f07,4.2624502468136427,3.2433380468385371,3.2433380468385371,0,0
Inflation,PCEPI,2,mid_month,2026-02,Inflation Bridge Ridge,Inflation Bridge Ridge,1,2026-02-15,cd51542895b567294160f02ecc7906eed6b35270ef578fe4677bf606ed4c31e6,4.4951177501893369,4.3086759596206425,4.3086759596206425,0,0
Inflation,PCEPI,2,mid_month,2026-03,Inflation Bridge Ridge,Inflation Bridge Ridge,1,2026-03-15,a716019482770d8d4f56e8c48b980d939a63d38b3494709513c425e46466b436,7.9437456213664603,4.5214186407291859,4.5214186407291859,0,0
Inflation,PCEPI,2,mid_month,2026-04,Inflation Bridge Ridge,Inflation Bridge Ridge,1,2026-04-15,0f309fffb4256000594f4a61b6cf248566025fd62a7ee11ec444b991e5dc2ea8,4.7856219395313815,6.5729435373133915,6.5729435373133915,0,0
Inflation,PCEPI,2,mid_month,2026-05,Inflation Bridge Ridge,Inflation Bridge Ridge,1,2026-05-15,09c0637b340d3561ff0b0bb18908b61a785ebba2ab34b086e758b763931bda60,5.3858700130746229,5.7106213243457091,5.7106213243457091,0,0
Inflation,PCEPI,3,month_end,2023-02,Inflation Bridge Ridge,Inflation Bridge Ridge,1,2023-02-28,cb70f1083227814a12434e0b70c1200ca41999978ef528db99612996b9f10dfd,3.1517949298315528,3.0360676939443927,3.0360676939443927,0,0
Inflation,PCEPI,3,month_end,2023-03,Inflation Bridge Ridge,Inflation Bridge Ridge,1,2023-03-31,dbd9eef0029676b046856fff4475ab9b8493c33323f171e88807ce15d8dfd6c8,0.91193354873695398,2.9449606843327785,2.9449606843327785,0,0
Inflation,PCEPI,3,month_end,2023-04,Inflation Bridge Ridge,Inflation Bridge Ridge,1,2023-04-30,b21663aae72afaada0e5e4c60247f75fc2908ae0e0a8fac2b14e3eb37a170755,4.3590925437339223,1.2441291201757454,1.2441291201757454,0,0
Inflation,PCEPI,3,month_end,2023-05,Inflation Bridge Ridge,Inflation Bridge Ridge,1,2023-05-31,d1d37f7b62b103a5c74d2bf435831aaeb9e86c1d4234ce128b98eb56d3f035b8,1.5410617006217819,3.904137367586455,3.904137367586455,0,0
Inflation,PCEPI,3,month_end,2023-06,Inflation Bridge Ridge,Inflation Bridge Ridge,1,2023-06-30,b92ae93bc8ff4e7485c1447cd9cb23ba00c85f6fed425f139954b509402dc803,1.9358574497093883,1.918701251894233,1.918701251894233,0,0
Inflation,PCEPI,3,month_end,2023-07,Inflation Bridge Ridge,Inflation Bridge Ridge,1,2023-07-31,8abf16ba027a6d7454bffeb54143bf215ce42b236ff9002b8da5a7bc61e1a7e1,2.5544057811611509,2.0646986880000435,2.0646986880000435,0,0
Inflation,PCEPI,3,month_end,2023-08,Inflation Bridge Ridge,Inflation Bridge Ridge,1,2023-08-31,c299c45efa306601544e041365cc364368d1840074da8d2a35e92e74b808789c,4.721852085725331,3.3275475428019958,3.3275475428019958,0,0
Inflation,PCEPI,3,month_end,2023-09,Inflation Bridge Ridge,Inflation Bridge Ridge,1,2023-09-30,a8b9090e854655e2a7df78c3a56653fd01ce034c9dc56dbec062b83091192828,4.269709166791813,3.6355534410087333,3.6355534410087333,0,0
Inflation,PCEPI,3,month_end,2023-10,Inflation Bridge Ridge,Inflation Bridge Ridge,1,2023-10-31,2949285386a43565a033f492f774a76efe02f8f074faff23a4539ac02b94dea7,0.59330065894869222,5.1463744215294325,5.1463744215294325,0,0
Inflation,PCEPI,3,month_end,2023-11,Inflation Bridge Ridge,Inflation Bridge Ridge,1,2023-11-30,10b81e01adda2a8d5cfb24c7264c7fc5a0a37d36fb8da475fa1bd9f9b40dd447,-0.860920908897711,2.5206203151082285,2.5206203151082285,0,0
Inflation,PCEPI,3,month_end,2023-12,Inflation Bridge Ridge,Inflation Bridge Ridge,1,2023-12-31,f7b61655455882d5c1efa87a7335a050e0b97a1ca437ec972e0b8e402ece3e3e,2.0079217012643369,2.2138609303166317,2.2138609303166317,0,0
Inflation,PCEPI,3,month_end,2024-01,Inflation Bridge Ridge,Inflation Bridge Ridge,1,2024-01-31,bd4850b054c3eb496d5f50f993746b4865bae6c15ef731f72f55168c4d365e20,4.1328162960482473,3.0147876069679098,3.0147876069679098,0,0
Inflation,PCEPI,3,month_end,2024-02,Inflation Bridge Ridge,Inflation Bridge Ridge,1,2024-02-29,94b0121ab2e59c8cd66e8ebbe56a6b7f55071b97d156e84142e41ce7c1772b2f,3.9898815716419733,3.6420905116992159,3.6420905116992159,0,0
Inflation,PCEPI,3,month_end,2024-03,Inflation Bridge Ridge,Inflation Bridge Ridge,1,2024-03-31,2c9265b86c22ac75b6b440afc4255aaaf6e9144c87eb36fe2f27cf8020b2bd66,3.86713396031233,3.4641148750714836,3.4641148750714836,0,0
Inflation,PCEPI,3,month_end,2024-04,Inflation Bridge Ridge,Inflation Bridge Ridge,1,2024-04-30,2bc305f36c3ba0e98f4ecc69dc238a3f07b3bf0a383760a4532ed7ac5ba82ab7,3.0752100527589477,3.0159550536735309,3.0159550536735309,0,0
Inflation,PCEPI,3,month_end,2024-05,Inflation Bridge Ridge,Inflation Bridge Ridge,1,2024-05-31,c7e6964b907aa355aff058ac24e3731618d442b832672a50e47f940da5d99bae,-0.097480930346449668,2.3263448862219218,2.3263448862219218,0,0
Inflation,PCEPI,3,month_end,2024-06,Inflation Bridge Ridge,Inflation Bridge Ridge,1,2024-06-30,f61e25d323addbc947aef69d4a6645eee37fe34e04218f81f074d92d6f25fdbc,0.94484742430545055,2.095041496431044,2.095041496431044,0,0
Inflation,PCEPI,3,month_end,2024-07,Inflation Bridge Ridge,Inflation Bridge Ridge,1,2024-07-31,4444c837b9e1bb7e2369c4e3f7525b22b8b23c68632f7995ae7f6e154980a9b5,1.8591450193301995,1.861066474463003,1.861066474463003,0,0
Inflation,PCEPI,3,month_end,2024-08,Inflation Bridge Ridge,Inflation Bridge Ridge,1,2024-08-31,975f0f7bce29d3578fe95867292a231210d9665e24b282f3c98cd445a4013738,1.0872555632399639,2.1951627397699576,2.1951627397699576,0,0
Inflation,PCEPI,3,month_end,2024-09,Inflation Bridge Ridge,Inflation Bridge Ridge,1,2024-09-30,b6bee9ad676dc47da00976fdab4f72e2dff4dfe25f601d84c903e65ea49d6619,2.1030278800367341,0.85293564158874302,0.85293564158874302,0,0
Inflation,PCEPI,3,month_end,2024-10,Inflation Bridge Ridge,Inflation Bridge Ridge,1,2024-10-31,315aa6a0e3c63760a0afafac1887fe823da9d7b61d94e35e52efe814a60bb91c,2.853033899934232,1.75144625366997,1.75144625366997,0,0
Inflation,PCEPI,3,month_end,2024-11,Inflation Bridge Ridge,Inflation Bridge Ridge,1,2024-11-30,f67b4451a859fc166da895fd1d8dccc8037ac41a1e16090faf7e836d82e4ef22,1.5349653145793951,3.061414227230292,3.061414227230292,0,0
Inflation,PCEPI,3,month_end,2024-12,Inflation Bridge Ridge,Inflation Bridge Ridge,1,2024-12-31,8574a194618655b44eb397389c5b4a7bce7898daa54e9edad0c97cb2628ee6d0,3.063929851709446,2.0205431137594685,2.0205431137594685,0,0
Inflation,PCEPI,3,month_end,2025-01,Inflation Bridge Ridge,Inflation Bridge Ridge,1,2025-01-31,cf745204f8c9d26b75d81c1780ea4f01273605a5ead0b81dc2e61019860aaf1f,3.8984766867979914,2.6451558608176375,2.6451558608176375,0,0
Inflation,PCEPI,3,month_end,2025-02,Inflation Bridge Ridge,Inflation Bridge Ridge,1,2025-02-28,e26de1349bb35395a2d76fd9e3b5ca4fc45149090d088cbf20a5d243b236d6a0,3.9331903834629145,3.7439837508072946,3.7439837508072946,0,0
Inflation,PCEPI,3,month_end,2025-03,Inflation Bridge Ridge,Inflation Bridge Ridge,1,2025-03-31,ff1e125c2651ba28a35d3b52ac457f2ffe9b5f311a64fbf6ae36791a2bbc4c93,-0.53435115386761822,2.6548639087741668,2.6548639087741668,0,0
Inflation,PCEPI,3,month_end,2025-04,Inflation Bridge Ridge,Inflation Bridge Ridge,1,2025-04-30,01869ca8e91ca3e95bec284761aedf74b03544d1243f3e2a886db2375c506dae,1.201745492554096,2.2947542507569776,2.2947542507569776,0,0
Inflation,PCEPI,3,month_end,2025-05,Inflation Bridge Ridge,Inflation Bridge Ridge,1,2025-05-31,1f607479c05382ea374c7b50f04d5f017c832d7641854a9de18ecb19cdac9ad8,1.6282550732857004,3.3079411463002741,3.3079411463002741,0,0
Inflation,PCEPI,3,month_end,2025-06,Inflation Bridge Ridge,Inflation Bridge Ridge,1,2025-06-30,3a596ce8bd19787adfea2353c83c68ff87059b095ef44b36309a152b1ded1535,3.3613467356538251,4.5341896461632327,4.5341896461632327,0,0
Inflation,PCEPI,3,month_end,2025-07,Inflation Bridge Ridge,Inflation Bridge Ridge,1,2025-07-31,c599993131755f7f523fd9c095d4570ed3be10d315a40a0314e17e5506ec8fbc,2.3685838825748817,6.6069770783249258,6.6069770783249258,0,0
Inflation,PCEPI,3,month_end,2025-08,Inflation Bridge Ridge,Inflation Bridge Ridge,1,2025-08-31,b1a9e98e2e3262cc13c5b11665f2077ce68ca878b5a5c06b399ce23652bfce39,3.1718828697414381,4.0118406200436327,4.0118406200436327,0,0
Inflation,PCEPI,3,month_end,2025-09,Inflation Bridge Ridge,Inflation Bridge Ridge,1,2025-09-30,4951a7a0c610a8376679beb26661d0117edd1c1a5c25f1d918cbe313039d1f5a,3.2199871816310122,3.681746966245016,3.681746966245016,0,0
Inflation,PCEPI,3,month_end,2025-10,Inflation Bridge Ridge,Inflation Bridge Ridge,1,2025-10-31,8995f69569616b837ffa6c9c7e80cfd607ac6237363941ecf7e07ae5cc8ac4c2,1.9072005517838164,1.9435426692907678,1.9435426692907678,0,0
Inflation,PCEPI,3,month_end,2025-11,Inflation Bridge Ridge,Inflation Bridge Ridge,1,2025-11-30,97aef115dc6f92dced31def01056939bfb7aab522f4603e63143a71eb9ae46ff,2.4851427874558851,2.8081554519237124,2.8081554519237124,0,0
Inflation,PCEPI,3,month_end,2025-12,Inflation Bridge Ridge,Inflation Bridge Ridge,1,2025-12-31,dc60f4cd3bce75ce0efc64f31e6f9de8061443310b9ae870ddf49df14f2cfbde,4.2624502468136427,3.2807346083798028,3.2807346083798028,0,0
Inflation,PCEPI,3,month_end,2026-01,Inflation Bridge Ridge,Inflation Bridge Ridge,1,2026-01-31,0736c15c75330e9d810eac066a22ee0073738685446c386b435a850ed06dd859,3.298343588451047,3.8078377764552411,3.8078377764552411,0,0
Inflation,PCEPI,3,month_end,2026-02,Inflation Bridge Ridge,Inflation Bridge Ridge,1,2026-02-28,41bd86fc73bf948e4c3bf08a2672d2e03a1e39f36302592e36cea3ecf9c33843,4.4951177501893369,3.88999986264932,3.88999986264932,0,0
Inflation,PCEPI,3,month_end,2026-03,Inflation Bridge Ridge,Inflation Bridge Ridge,1,2026-03-31,81bd444227eff91c88ecdb6492c29771f11ab96aa5a422e5d09a72f1e610316e,7.9437456213664603,4.7527733782429351,4.7527733782429351,0,0
Inflation,PCEPI,3,month_end,2026-04,Inflation Bridge Ridge,Inflation Bridge Ridge,1,2026-04-30,d2bcf6a3dd2d72ab4fdfc3aea17e5d3513254a63dba602b2c252f030c6a9ced3,4.7856219395313815,6.8037525382382213,6.8037525382382213,0,0
Inflation,PCEPI,3,month_end,2026-05,Inflation Bridge Ridge,Inflation Bridge Ridge,1,2026-05-31,553bf3f082f734a2a8963337ee9d14d499e35a41ec8fb28aeac183d8744b1f4c,5.3858700130746229,5.5907847680997289,5.5907847680997289,0,0
Inflation,PCEPI,4,pre_release,2023-02,Inflation Bridge Ridge,Inflation Bridge Ridge,1,2023-03-30,f18c27cb48b63da3f062cf3ae7d98aa879ff09f8ebd0f6bb1f92236556421c31,3.1517949298315528,2.8986421630198387,2.8986421630198387,0,0
Inflation,PCEPI,4,pre_release,2023-03,Inflation Bridge Ridge,Inflation Bridge Ridge,1,2023-04-27,29097ad9b5073a41f06fb341aa7f7cc04a72b8b4188a6b90617f5b8b92785f49,0.91193354873695398,3.1523108623372504,3.1523108623372504,0,0
Inflation,PCEPI,4,pre_release,2023-04,Inflation Bridge Ridge,Inflation Bridge Ridge,1,2023-05-25,090681ae626b03fd705b63a1dc68229c5998bb9977f3b78cd57de0d0a37edcf2,4.3590925437339223,1.4991735144775726,1.4991735144775726,0,0
Inflation,PCEPI,4,pre_release,2023-05,Inflation Bridge Ridge,Inflation Bridge Ridge,1,2023-06-29,56d9fa514efeac808f233e9604b3a29b4ebc18aa9e28a7b6dffb56cf73731141,1.5410617006217819,3.8333407117633245,3.8333407117633245,0,0
Inflation,PCEPI,4,pre_release,2023-06,Inflation Bridge Ridge,Inflation Bridge Ridge,1,2023-07-27,09b0df7d3b2489924b28454ae3093b018e7154d1730fba4562453c6c00d7d830,1.9358574497093883,1.6364333875733403,1.6364333875733403,0,0
Inflation,PCEPI,4,pre_release,2023-07,Inflation Bridge Ridge,Inflation Bridge Ridge,1,2023-08-30,8064fe024cfb5d10725c6fee6bf417f2402ae91f2306b3b66708ab97f942cf67,2.5544057811611509,2.1782310097524142,2.1782310097524142,0,0
Inflation,PCEPI,4,pre_release,2023-08,Inflation Bridge Ridge,Inflation Bridge Ridge,1,2023-09-28,dd02531d2f17ef234098f9bba8c7a8d9025b577d74fadd26a2cd04f8bb9500a5,4.721852085725331,3.2927005180547146,3.2927005180547146,0,0
Inflation,PCEPI,4,pre_release,2023-09,Inflation Bridge Ridge,Inflation Bridge Ridge,1,2023-10-26,10c23c386dbc4cecb90a813dd8c10c2f628bc36d10ed2fd4ebee43d33029bbcc,4.269709166791813,3.9891792432148696,3.9891792432148696,0,0
Inflation,PCEPI,4,pre_release,2023-10,Inflation Bridge Ridge,Inflation Bridge Ridge,1,2023-11-29,1eade0273f3f46e6428c1160b72768021434ff136af13d22a98105782650ec41,0.59330065894869222,5.290955210081556,5.290955210081556,0,0
Inflation,PCEPI,4,pre_release,2023-11,Inflation Bridge Ridge,Inflation Bridge Ridge,1,2023-12-21,80167160ef7eb08ebf3c8a898b98d14c9aba76e419f9a1024b63f58a2c02537c,-0.860920908897711,2.4885743160202125,2.4885743160202125,0,0
Inflation,PCEPI,4,pre_release,2023-12,Inflation Bridge Ridge,Inflation Bridge Ridge,1,2024-01-25,9a266eeee56fe1c97f50071e007c9688b9548475e73a1ca8b42d4ea8fdeb90e7,2.0079217012643369,2.2612406770855902,2.2612406770855902,0,0
Inflation,PCEPI,4,pre_release,2024-01,Inflation Bridge Ridge,Inflation Bridge Ridge,1,2024-02-28,4a80c6259c94adcc0c0cb7f634e570a85306241b54e976d50e2d2e2e9957bd2a,4.1328162960482473,3.1088011518912086,3.1088011518912086,0,0
Inflation,PCEPI,4,pre_release,2024-02,Inflation Bridge Ridge,Inflation Bridge Ridge,1,2024-03-28,4f4e7f91a64bd975e81a2454a36631701afe9b359ec97445e1c7ee7fcb03072d,3.9898815716419733,3.7068046001875357,3.7068046001875357,0,0
Inflation,PCEPI,4,pre_release,2024-03,Inflation Bridge Ridge,Inflation Bridge Ridge,1,2024-04-25,43a68da20840f683bc7f8e65f81aced8d7d68c35cea1780f398bd53baa023732,3.86713396031233,3.5427239703356275,3.5427239703356275,0,0
Inflation,PCEPI,4,pre_release,2024-04,Inflation Bridge Ridge,Inflation Bridge Ridge,1,2024-05-30,1daadabbd579d87990dc805c584632fa97f3e043b7a911b9c4a17d40fdd3d09b,3.0752100527589477,2.8731601315984152,2.8731601315984152,0,0
Inflation,PCEPI,4,pre_release,2024-05,Inflation Bridge Ridge,Inflation Bridge Ridge,1,2024-06-27,f7738a0ded3772665e08dc685517f855a7c555aea2f28e9d1b33db4abac55a2c,-0.097480930346449668,2.4276512811163395,2.4276512811163395,0,0
Inflation,PCEPI,4,pre_release,2024-06,Inflation Bridge Ridge,Inflation Bridge Ridge,1,2024-07-25,6818b9c66ea138eb09f60ccff4d558b4bbe0f789914b5eafbc5ed0068e10f2a6,0.94484742430545055,2.1618930017934876,2.1618930017934876,0,0
Inflation,PCEPI,4,pre_release,2024-07,Inflation Bridge Ridge,Inflation Bridge Ridge,1,2024-08-29,6f10ec17ab2445f64ecfd3fb89c58bc203bc3e319b2f02cc6b0232fde7ec6115,1.8591450193301995,1.8816747884267095,1.8816747884267095,0,0
Inflation,PCEPI,4,pre_release,2024-08,Inflation Bridge Ridge,Inflation Bridge Ridge,1,2024-09-26,612501246cdbbb670b24503a02b42f6a19c3c7be782b1193010f1bb84ec6afa4,1.0872555632399639,2.1430367182339385,2.1430367182339385,0,0
Inflation,PCEPI,4,pre_release,2024-09,Inflation Bridge Ridge,Inflation Bridge Ridge,1,2024-10-30,3ff0a5780a5a9483314e40a28f3400533417752a371907c1525cf16982b56a47,2.1030278800367341,0.97219191532237703,0.97219191532237703,0,0
Inflation,PCEPI,4,pre_release,2024-10,Inflation Bridge Ridge,Inflation Bridge Ridge,1,2024-11-26,45d862156b94a6a7f03b2ec671d97b083759df6b695448b894d0663e46c6d49e,2.853033899934232,1.679643055743907,1.679643055743907,0,0
Inflation,PCEPI,4,pre_release,2024-11,Inflation Bridge Ridge,Inflation Bridge Ridge,1,2024-12-19,5366330acbda0d3c13de32d32063810fb729fef576f4ee00324557eb5cb4f532,1.5349653145793951,3.3409161528174893,3.3409161528174893,0,0
Inflation,PCEPI,4,pre_release,2024-12,Inflation Bridge Ridge,Inflation Bridge Ridge,1,2025-01-30,c766b855d0a50b79bbedcd8f0ee9924231cbd4cf8f28037b1b73905895da46ed,3.063929851709446,1.9273028297916242,1.9273028297916242,0,0
Inflation,PCEPI,4,pre_release,2025-01,Inflation Bridge Ridge,Inflation Bridge Ridge,1,2025-02-27,51e104e77429f239e0a593cd375aac2d25733e53e8f5f909e4db0927b82a2a20,3.8984766867979914,2.4657248096195654,2.4657248096195654,0,0
Inflation,PCEPI,4,pre_release,2025-02,Inflation Bridge Ridge,Inflation Bridge Ridge,1,2025-03-27,2675cc36802548a8bf92f8939c4c947ad22507bbf04e34cf68b91118995c7a44,3.9331903834629145,3.7144221511137063,3.7144221511137063,0,0
Inflation,PCEPI,4,pre_release,2025-03,Inflation Bridge Ridge,Inflation Bridge Ridge,1,2025-04-29,aa66a4e9b18cbddefea26b46a68b1d05331715d962e78aa33e3770b56f600abd,-0.53435115386761822,2.6196511896455914,2.6196511896455914,0,0
Inflation,PCEPI,4,pre_release,2025-04,Inflation Bridge Ridge,Inflation Bridge Ridge,1,2025-05-29,dfd4c22c68c07c0c1a1e9da6646723680f1d4ec238c278793ec5d3343fe7e46d,1.201745492554096,2.7949332340941826,2.7949332340941826,0,0
Inflation,PCEPI,4,pre_release,2025-05,Inflation Bridge Ridge,Inflation Bridge Ridge,1,2025-06-26,3f9e99a93705cfa6498d615ae7b0ef9f3ca9a6d82d96c7912b4fee0cd03e9396,1.6282550732857004,3.455480154938221,3.455480154938221,0,0
Inflation,PCEPI,4,pre_release,2025-06,Inflation Bridge Ridge,Inflation Bridge Ridge,1,2025-07-30,a5f9d0f0b07b798a9a65afa1708af887f721ac169883be36d0ca5a3487c22206,3.3613467356538251,4.6319223168749026,4.6319223168749026,0,0
Inflation,PCEPI,4,pre_release,2025-07,Inflation Bridge Ridge,Inflation Bridge Ridge,1,2025-08-28,65ae5950d21ad83a6eb71fe44a26e015be00c45db3373d6a2338d70214f49180,2.3685838825748817,6.7703059387954827,6.7703059387954827,0,0
Inflation,PCEPI,4,pre_release,2025-08,Inflation Bridge Ridge,Inflation Bridge Ridge,1,2025-09-25,5c470165df67edfa0f98501880808cce8a280e8511d55c0989d8c7bee4edb323,3.1718828697414381,3.7823732234040621,3.7823732234040621,0,0
Inflation,PCEPI,4,pre_release,2025-09,Inflation Bridge Ridge,Inflation Bridge Ridge,1,2025-12-04,ffe372b3361af0436cf015ec125f471c45ae765daaf6db38fae4fe45dd403c52,3.2199871816310122,4.0409638341439829,4.0409638341439829,0,0
Inflation,PCEPI,4,pre_release,2025-10,Inflation Bridge Ridge,Inflation Bridge Ridge,1,2026-01-21,7fd9ac3d0967c686efc22d6efd14b3dba883f3940746a7f120c105669eb618b6,1.9072005517838164,2.5955207280138888,2.5955207280138888,0,0
Inflation,PCEPI,4,pre_release,2025-11,Inflation Bridge Ridge,Inflation Bridge Ridge,1,2026-01-21,7fd9ac3d0967c686efc22d6efd14b3dba883f3940746a7f120c105669eb618b6,2.4851427874558851,3.2013883837068811,3.2013883837068811,0,0
Inflation,PCEPI,4,pre_release,2025-12,Inflation Bridge Ridge,Inflation Bridge Ridge,1,2026-02-19,3622390db633fb07272e56cac8b8affccada5719daa520693b1bb1b5c71750e4,4.2624502468136427,3.4838381831808403,3.4838381831808403,0,0
Inflation,PCEPI,4,pre_release,2026-01,Inflation Bridge Ridge,Inflation Bridge Ridge,1,2026-03-12,99d38e269cf3025e327a5fa9b27e0361e14543f262ba6a2f12fcd662154e56e0,3.298343588451047,3.6381999663876536,3.6381999663876536,0,0
Inflation,PCEPI,4,pre_release,2026-02,Inflation Bridge Ridge,Inflation Bridge Ridge,1,2026-04-08,906d03539627b9cbf66ccd44a0e1f99dbce9a037f9549c918529dd3158256644,4.4951177501893369,3.7655576176931915,3.7655576176931915,0,0
Inflation,PCEPI,4,pre_release,2026-03,Inflation Bridge Ridge,Inflation Bridge Ridge,1,2026-04-29,24eb3ff77ceab4a4b4036721aeff07bd8b28c3685a4a313d23e0ef731054b634,7.9437456213664603,4.499710668308289,4.499710668308289,0,0
Inflation,PCEPI,4,pre_release,2026-04,Inflation Bridge Ridge,Inflation Bridge Ridge,1,2026-05-27,8e8a11d4ecb1d5893322150856bafdaab66150218314885da4a5acca20ab1b1f,4.7856219395313815,6.9660567515618457,6.9660567515618457,0,0
Inflation,PCEPI,4,pre_release,2026-05,Inflation Bridge Ridge,Inflation Bridge Ridge,1,2026-06-24,45ffd06e4a40c3554161f6121d49026c4b88f646d0ab65040ac6d57149e459d7,5.3858700130746229,5.3715549149774784,5.3715549149774784,0,0
Inflation,PCEPILFE,1,month_open,2023-02,Inflation Bridge Ridge,Inflation Bridge Ridge,1,2023-02-01,30bd2a746b5627992ad31d6598e4a35a8669f48041c568df44c48cf034f7b626,3.5927744819368002,3.6242534588784245,3.6242534588784245,0,0
Inflation,PCEPILFE,1,month_open,2023-03,Inflation Bridge Ridge,Inflation Bridge Ridge,1,2023-03-01,db99f1f4d4d3334eaef59b89950f48ee9bb1f8678fcf1d30d0bfaa5b720ee4df,3.3620345288436937,4.6595101618044676,4.6595101618044676,0,0
Inflation,PCEPILFE,1,month_open,2023-04,Inflation Bridge Ridge,Inflation Bridge Ridge,1,2023-04-01,32673152a99d3263f3f9ed8560cc6ba755c24bb424dae7e956134f442cc46d9a,4.554585141444889,3.2654754144011613,3.2654754144011613,0,0
Inflation,PCEPILFE,1,month_open,2023-05,Inflation Bridge Ridge,Inflation Bridge Ridge,1,2023-05-01,c40dc0e288acf44de093f257dd91ced1a042449c69581796e5c72d64a383200e,3.770491061349901,3.0481480458652217,3.0481480458652217,0,0
Inflation,PCEPILFE,1,month_open,2023-06,Inflation Bridge Ridge,Inflation Bridge Ridge,1,2023-06-01,7651bf41614253de85a8ccd1403b43ce653e69223fde0edfebb94e51992102ba,1.9843224364830547,3.3009235670685637,3.3009235670685637,0,0
Inflation,PCEPILFE,1,month_open,2023-07,Inflation Bridge Ridge,Inflation Bridge Ridge,1,2023-07-01,772d853be45298023544f2d92b64ba3a8f809b150ffaa189716d3bcf8d0d4e4d,2.587969751250796,3.6206979745649881,3.6206979745649881,0,0
Inflation,PCEPILFE,1,month_open,2023-08,Inflation Bridge Ridge,Inflation Bridge Ridge,1,2023-08-01,14e5e80143efbaecbec28ae3af68a385e1236611e647b34a42dcabbed821774f,1.7367228667325207,1.9208254838887413,1.9208254838887413,0,0
Inflation,PCEPILFE,1,month_open,2023-09,Inflation Bridge Ridge,Inflation Bridge Ridge,1,2023-09-01,b85a328ae132025b941fa72de3c6759b46734f451777c72148c74dfd12a5e3ce,3.5771121539678319,3.2351885626269943,3.2351885626269943,0,0
Inflation,PCEPILFE,1,month_open,2023-10,Inflation Bridge Ridge,Inflation Bridge Ridge,1,2023-10-01,3a26df0d3895e07bab51d56556b6001227ed70942d6dda4e93c5ebce84cdeebc,1.9598534466631179,2.7861230288553873,2.7861230288553873,0,0
Inflation,PCEPILFE,1,month_open,2023-11,Inflation Bridge Ridge,Inflation Bridge Ridge,1,2023-11-01,a5393d6ec69e1d357cf1f32af81147b0f60146446a8004226b89cc12f838810d,0.69967933346966049,3.7556095101591773,3.7556095101591773,0,0
Inflation,PCEPILFE,1,month_open,2023-12,Inflation Bridge Ridge,Inflation Bridge Ridge,1,2023-12-01,743e6919713900b76e677717cd1a66869d15bf5ff291e59b557bcbce3da349f9,2.0567268806672701,1.9331196614103625,1.9331196614103625,0,0
Inflation,PCEPILFE,1,month_open,2024-01,Inflation Bridge Ridge,Inflation Bridge Ridge,1,2024-01-01,1c9d7a507fb5ecf3beece8ebfe371399356d8179c0ea445c88bafdbb78fed0f5,4.9768647459384141,1.6882827056769956,1.6882827056769956,0,0
Inflation,PCEPILFE,1,month_open,2024-02,Inflation Bridge Ridge,Inflation Bridge Ridge,1,2024-02-01,4acd561b9e983aecffffe0fb830530af2b93463dfc296c45ebca9c5842b184ab,3.1337047897789461,2.1080291687477599,2.1080291687477599,0,0
Inflation,PCEPILFE,1,month_open,2024-03,Inflation Bridge Ridge,Inflation Bridge Ridge,1,2024-03-01,f9ba877379756fdb8fb080f7d9c3d4a9398f93a116a9f04c27f138d329ec8492,3.7950008157764614,4.235304325911752,4.235304325911752,0,0
Inflation,PCEPILFE,1,month_open,2024-04,Inflation Bridge Ridge,Inflation Bridge Ridge,1,2024-04-01,0765f629012b7882da9b07236737a448cea652d24c7d60f9c5500570f2be42f0,2.9862652209914131,2.6190519470827911,2.6190519470827911,0,0
Inflation,PCEPILFE,1,month_open,2024-05,Inflation Bridge Ridge,Inflation Bridge Ridge,1,2024-05-01,01c59925fab16ba62b08a4763c2108a3b840145569e7ae080f15c6b5d2a754f9,0.9934874680656236,2.6757553266616769,2.6757553266616769,0,0
Inflation,PCEPILFE,1,month_open,2024-06,Inflation Bridge Ridge,Inflation Bridge Ridge,1,2024-06-01,8df009ea9d2a3f9378f43651fc146c649cbd57f03acc45894e67af75e79ca32e,2.1798014389048603,2.6157081712935466,2.6157081712935466,0,0
Inflation,PCEPILFE,1,month_open,2024-07,Inflation Bridge Ridge,Inflation Bridge Ridge,1,2024-07-01,51458cda1e8975e0ed110d3f82c5cf2cf16a0d63c40603694e9ed66d3bc9304b,1.9319964454560079,1.8675150340250353,1.8675150340250353,0,0
Inflation,PCEPILFE,1,month_open,2024-08,Inflation Bridge Ridge,Inflation Bridge Ridge,1,2024-08-01,a112ff08058f0ed6b24978daadcc77bb5ae2d8ab5ba3c1e31f65365a8134444f,1.5637346144796282,2.1048948327149226,2.1048948327149226,0,0
Inflation,PCEPILFE,1,month_open,2024-09,Inflation Bridge Ridge,Inflation Bridge Ridge,1,2024-09-01,a4f2ce8b6294e6f997b4fa92a73e47d06c9f8dd431c4c1d7c0d58e46b718aec4,3.0422716309459474,1.2003840008236106,1.2003840008236106,0,0
Inflation,PCEPILFE,1,month_open,2024-10,Inflation Bridge Ridge,Inflation Bridge Ridge,1,2024-10-01,0bde9a780e20438090ae0e0b5c7664c57538f6fb2853ee43e735662b6f0ae5ed,3.2676103922955946,1.9436583315565203,1.9436583315565203,0,0
Inflation,PCEPILFE,1,month_open,2024-11,Inflation Bridge Ridge,Inflation Bridge Ridge,1,2024-11-01,8fbc267d6510a2526ff236f920e15de7594349e15a1107540271af3c6f63de6b,1.3783286855243659,2.1216382458586565,2.1216382458586565,0,0
Inflation,PCEPILFE,1,month_open,2024-12,Inflation Bridge Ridge,Inflation Bridge Ridge,1,2024-12-01,6f071f53641ab5669bd9c3e9ac58244f7ce194bf4d227b5a47d3306dd9d31e8c,1.8707672236683237,2.8791556021737943,2.8791556021737943,0,0
Inflation,PCEPILFE,1,month_open,2025-01,Inflation Bridge Ridge,Inflation Bridge Ridge,1,2025-01-01,389b699d6ba53b4ddc2823f5497c49f5c4f63a4d2e4a79feaff2786ceb71e114,3.4117977999773785,1.2755089324414641,1.2755089324414641,0,0
Inflation,PCEPILFE,1,month_open,2025-02,Inflation Bridge Ridge,Inflation Bridge Ridge,1,2025-02-01,520eafa0eb29b1e17eb789a2a666532291471ee0160e11583aac20c80f2780e3,4.3732037451999162,2.2522233076205018,2.2522233076205018,0,0
Inflation,PCEPILFE,1,month_open,2025-03,Inflation Bridge Ridge,Inflation Bridge Ridge,1,2025-03-01,99002d090aac3c99b6a5e65528af95de7db34a797d8721a66bf57268fba73838,0.33590729178136769,2.8948738965356404,2.8948738965356404,0,0
Inflation,PCEPILFE,1,month_open,2025-04,Inflation Bridge Ridge,Inflation Bridge Ridge,1,2025-04-01,3fac28a31e3115ea7a05c745cc72d0d68471fb790ec671f5a3fd961496a7d37b,1.3903484217941298,3.1912116018880998,3.1912116018880998,0,0
Inflation,PCEPILFE,1,month_open,2025-05,Inflation Bridge Ridge,Inflation Bridge Ridge,1,2025-05-01,38513725ec1266da0ac97cd68420c2f9f6030f68252cc43abc3fb2c49d9f5d72,2.143541239825808,2.6049384690894564,2.6049384690894564,0,0
Inflation,PCEPILFE,1,month_open,2025-06,Inflation Bridge Ridge,Inflation Bridge Ridge,1,2025-06-01,8d91cc0728b8c06e53a9622cdfcbcc61efaa18b181eeb87e724f180a66aab16b,3.07225203791468,3.2919639559602731,3.2919639559602731,0,0
Inflation,PCEPILFE,1,month_open,2025-07,Inflation Bridge Ridge,Inflation Bridge Ridge,1,2025-07-01,81ecbbe883965eb9bddb6fe8c361df19948898a537ee9f03d17e4588a3db6147,3.2740877378866884,4.7398972821102205,4.7398972821102205,0,0
Inflation,PCEPILFE,1,month_open,2025-08,Inflation Bridge Ridge,Inflation Bridge Ridge,1,2025-08-01,2868338271635f2e33b6bd4259bb12fd3a8d8bd6015f077624f0fb6c1906a95f,2.7212078521923644,3.671280484244166,3.671280484244166,0,0
Inflation,PCEPILFE,1,month_open,2025-09,Inflation Bridge Ridge,Inflation Bridge Ridge,1,2025-09-01,27cf3cc721e01366a148aa02a178f1d65934bbe2524f53b11dc66d2aae8469cf,2.374861315144372,3.3167596445885712,3.3167596445885712,0,0
Inflation,PCEPILFE,1,month_open,2025-10,Inflation Bridge Ridge,Inflation Bridge Ridge,1,2025-10-01,77cea1b106e2fc84b2125af518a060fe03a859fb6171bd7971f64a4a145cc30f,2.4928010475139928,2.6840223783047237,2.6840223783047237,0,0
Inflation,PCEPILFE,1,month_open,2025-11,Inflation Bridge Ridge,Inflation Bridge Ridge,1,2025-11-01,57f8728243173a1dd4bd43995690d4a1595bc35b855470de81b388149c7a8cb7,1.9227148316979026,2.3703097687094812,2.3703097687094812,0,0
Inflation,PCEPILFE,1,month_open,2026-02,Inflation Bridge Ridge,Inflation Bridge Ridge,1,2026-02-01,73baf19b287be04e4e6938422cd5d63c7ea06adda39d5054a35d9a768d3017e9,4.3942252510010604,3.1372073474103401,3.1372073474103401,0,0
Inflation,PCEPILFE,1,month_open,2026-03,Inflation Bridge Ridge,Inflation Bridge Ridge,1,2026-03-01,c4485dd6273eeb7f4e3ae5268017d64f68ec76849aea6bd5ad20ed6987aa5b9b,3.5138300728842609,3.7316658312511253,3.7316658312511253,0,0
Inflation,PCEPILFE,1,month_open,2026-04,Inflation Bridge Ridge,Inflation Bridge Ridge,1,2026-04-01,5607ec8bb9be56ed471fea98ce825532c79d22ff0e9ff105adc5cd7fd0ce8640,2.8638636343949031,4.3950633820813962,4.3950633820813962,0,0
Inflation,PCEPILFE,1,month_open,2026-05,Inflation Bridge Ridge,Inflation Bridge Ridge,1,2026-05-01,ecce58d78881f1fa52eea024f09cf047c9ca1eea60292d769f6573282836f872,3.834474232723295,3.5895634338275446,3.5895634338275446,0,0
Inflation,PCEPILFE,2,mid_month,2023-02,Inflation Bridge Ridge,Inflation Bridge Ridge,1,2023-02-15,8a6aa5b331d2800440fc5070284d13bec46ca8e8cf8f0b64f2d774d7a346d845,3.5927744819368002,3.3343760947021708,3.3343760947021708,0,0
Inflation,PCEPILFE,2,mid_month,2023-03,Inflation Bridge Ridge,Inflation Bridge Ridge,1,2023-03-15,c24597678917fa9998f96e86831764202da9a46463c27a4e17b3e2dbde45d766,3.3620345288436937,4.6451327584853654,4.6451327584853654,0,0
Inflation,PCEPILFE,2,mid_month,2023-04,Inflation Bridge Ridge,Inflation Bridge Ridge,1,2023-04-15,24f87b813e26fb3b81c056ed9d88901f2c30ae987130cda85ad254b128511a68,4.554585141444889,2.9845343017232007,2.9845343017232007,0,0
Inflation,PCEPILFE,2,mid_month,2023-05,Inflation Bridge Ridge,Inflation Bridge Ridge,1,2023-05-15,5a53e4c54994844b836b9488eadd3536e0c958570641ae4d93cd978d90c91e5c,3.770491061349901,3.2343091420280139,3.2343091420280139,0,0
Inflation,PCEPILFE,2,mid_month,2023-06,Inflation Bridge Ridge,Inflation Bridge Ridge,1,2023-06-15,1d08b874d7bce4f6418361d7e9e35acbb28fb786e60bda8c15f016e0a267febc,1.9843224364830547,3.4374232517643653,3.4374232517643653,0,0
Inflation,PCEPILFE,2,mid_month,2023-07,Inflation Bridge Ridge,Inflation Bridge Ridge,1,2023-07-15,89027fe9e485f8e383ea0d772ef18067f845d85a2ef90610397154b79eacb5e0,2.587969751250796,2.7104716552485124,2.7104716552485124,0,0
Inflation,PCEPILFE,2,mid_month,2023-08,Inflation Bridge Ridge,Inflation Bridge Ridge,1,2023-08-15,9cc2c2745a298698df6c4f34ca2408a44f30fa474f8671fa4f1e4295603404a2,1.7367228667325207,2.0200480920150277,2.0200480920150277,0,0
Inflation,PCEPILFE,2,mid_month,2023-09,Inflation Bridge Ridge,Inflation Bridge Ridge,1,2023-09-15,61e5ff22c1712efb73e9d56a561747473a23ba97f849c34eb9865177f289d33f,3.5771121539678319,2.6887322467960297,2.6887322467960297,0,0
Inflation,PCEPILFE,2,mid_month,2023-10,Inflation Bridge Ridge,Inflation Bridge Ridge,1,2023-10-15,a424c78a7cd11f5b4ff41db85df2beea0102fc337d3c877f62063e1e9488380d,1.9598534466631179,2.8382378972749898,2.8382378972749898,0,0
Inflation,PCEPILFE,2,mid_month,2023-11,Inflation Bridge Ridge,Inflation Bridge Ridge,1,2023-11-15,e8d35d9b894396dbacce853bbcba41da9c87e799884c4d13d86a672843c9a2f9,0.69967933346966049,3.4662864238490756,3.4662864238490756,0,0
Inflation,PCEPILFE,2,mid_month,2023-12,Inflation Bridge Ridge,Inflation Bridge Ridge,1,2023-12-15,5df490ec980999cf3b758b948dbb6f3f3a4033a284583dd5839079d626dfd73c,2.0567268806672701,2.2094656815311411,2.2094656815311411,0,0
Inflation,PCEPILFE,2,mid_month,2024-01,Inflation Bridge Ridge,Inflation Bridge Ridge,1,2024-01-15,82d6c3d39139ad4d032d65475f1827d5719054f56653a8b93a2e9cff9dc268d7,4.9768647459384141,1.7534128138024172,1.7534128138024172,0,0
Inflation,PCEPILFE,2,mid_month,2024-02,Inflation Bridge Ridge,Inflation Bridge Ridge,1,2024-02-15,ae89d3ae96b6270f5992f8c6f7491518dcf032586320f2b75a3b0fa9c8312b34,3.1337047897789461,2.3800162712387354,2.3800162712387354,0,0
Inflation,PCEPILFE,2,mid_month,2024-03,Inflation Bridge Ridge,Inflation Bridge Ridge,1,2024-03-15,579708298d18115ae7a6ec5713142c458e6f1054da00080213fc09c492efe402,3.7950008157764614,3.4405301810299029,3.4405301810299029,0,0
Inflation,PCEPILFE,2,mid_month,2024-04,Inflation Bridge Ridge,Inflation Bridge Ridge,1,2024-04-15,4d2fb4af32164d7f9a5e2ce4cb4b96b3bb1b170fb3146c81bc70cc545eb356a4,2.9862652209914131,2.9176874881892232,2.9176874881892232,0,0
Inflation,PCEPILFE,2,mid_month,2024-05,Inflation Bridge Ridge,Inflation Bridge Ridge,1,2024-05-15,f8524ab49b321d39909136fdc89da4dd16e9e21c7dc4142a838e625a326a841a,0.9934874680656236,2.3779350609798571,2.3779350609798571,0,0
Inflation,PCEPILFE,2,mid_month,2024-06,Inflation Bridge Ridge,Inflation Bridge Ridge,1,2024-06-15,8f3e0cacb6f5af3c402bd46a804aa094a4b9e3ff43005992f708204b5d9b79d0,2.1798014389048603,2.7885721062319093,2.7885721062319093,0,0
Inflation,PCEPILFE,2,mid_month,2024-07,Inflation Bridge Ridge,Inflation Bridge Ridge,1,2024-07-15,8b37166569a0120b18ae657209b4910e4e7ef479ae0a46c72bee134c5d001a17,1.9319964454560079,1.9388279129261465,1.9388279129261465,0,0
Inflation,PCEPILFE,2,mid_month,2024-08,Inflation Bridge Ridge,Inflation Bridge Ridge,1,2024-08-15,fa9e12b484b7d8bc14896092f0ddc4148dd4794cc6e70e6c1c1a4703b49a12ec,1.5637346144796282,1.8634580703036754,1.8634580703036754,0,0
Inflation,PCEPILFE,2,mid_month,2024-09,Inflation Bridge Ridge,Inflation Bridge Ridge,1,2024-09-15,9eaddcf55f5ea463c414d7a32478e44de862df2cbe57a61fa8fe6c57c33a23af,3.0422716309459474,1.6786051105092537,1.6786051105092537,0,0
Inflation,PCEPILFE,2,mid_month,2024-10,Inflation Bridge Ridge,Inflation Bridge Ridge,1,2024-10-15,281ef6d0ed34ad60e3a6479629efbf14508596ff807cbfede4c02a667a6a9c09,3.2676103922955946,1.6960785368547013,1.6960785368547013,0,0
Inflation,PCEPILFE,2,mid_month,2024-11,Inflation Bridge Ridge,Inflation Bridge Ridge,1,2024-11-15,36fd9369adf963255b6d0dc6bfedf8df0cd8f430d322cb6c028fc59762580e69,1.3783286855243659,2.2292870325218468,2.2292870325218468,0,0
Inflation,PCEPILFE,2,mid_month,2024-12,Inflation Bridge Ridge,Inflation Bridge Ridge,1,2024-12-15,4925dfcc401cd3311c63ac760762c3439a1d77b3c135b122d2eaf7506fc49e9f,1.8707672236683237,2.8913349014949583,2.8913349014949583,0,0
Inflation,PCEPILFE,2,mid_month,2025-01,Inflation Bridge Ridge,Inflation Bridge Ridge,1,2025-01-15,3ff4b4a58df1a34813b2d029a9dc117317582329e8dc28eb4cfba8db95609656,3.4117977999773785,1.2768338225437355,1.2768338225437355,0,0
Inflation,PCEPILFE,2,mid_month,2025-02,Inflation Bridge Ridge,Inflation Bridge Ridge,1,2025-02-15,77935a6b7e8590ae56b673746dd11c03e8013a8116de06bcf9e7a2e79722dbab,4.3732037451999162,2.5742438369140883,2.5742438369140883,0,0
Inflation,PCEPILFE,2,mid_month,2025-03,Inflation Bridge Ridge,Inflation Bridge Ridge,1,2025-03-15,a4596cd791cf25c2e3be094fbed422c8ea71bba5088165fa51c3f55bc98a05b1,0.33590729178136769,3.1901828239346175,3.1901828239346175,0,0
Inflation,PCEPILFE,2,mid_month,2025-04,Inflation Bridge Ridge,Inflation Bridge Ridge,1,2025-04-15,fe544582802ce78164d2f9946be70ae8f561acf20ee60340ea51cdc031bfad68,1.3903484217941298,3.3667256877486356,3.3667256877486356,0,0
Inflation,PCEPILFE,2,mid_month,2025-05,Inflation Bridge Ridge,Inflation Bridge Ridge,1,2025-05-15,beb2033f3f4408775fdb588cf33aa1c013f251b8121752be6abcc6971daabee5,2.143541239825808,2.6407729844441161,2.6407729844441161,0,0
Inflation,PCEPILFE,2,mid_month,2025-06,Inflation Bridge Ridge,Inflation Bridge Ridge,1,2025-06-15,1deb686f98f2c1468c9d8e9a93f2d32fd49221c0670748676ff98f18ce5f4847,3.07225203791468,3.8849225128076808,3.8849225128076808,0,0
Inflation,PCEPILFE,2,mid_month,2025-07,Inflation Bridge Ridge,Inflation Bridge Ridge,1,2025-07-15,d5a81ce68e562b1b92e44ba335e058dbb779bc21f2c1956ad31a4af9bcaa6c51,3.2740877378866884,4.5527723056977054,4.5527723056977054,0,0
Inflation,PCEPILFE,2,mid_month,2025-08,Inflation Bridge Ridge,Inflation Bridge Ridge,1,2025-08-15,e47c815a59b47610b59e20d6e220a73ba12cec1a412d75391fea041062127ff1,2.7212078521923644,3.8340572231614383,3.8340572231614383,0,0
Inflation,PCEPILFE,2,mid_month,2025-09,Inflation Bridge Ridge,Inflation Bridge Ridge,1,2025-09-15,8fa2211d8d49c444f0fa6a3540e6d69708634a565703c8a53134dad86b3cd623,2.374861315144372,2.9268797086339049,2.9268797086339049,0,0
Inflation,PCEPILFE,2,mid_month,2025-10,Inflation Bridge Ridge,Inflation Bridge Ridge,1,2025-10-15,c6c5f41d3f5eaa0a763e2e8adc74c8f91044cce653da16ab169e850e99ccb5e0,2.4928010475139928,2.6823929389898526,2.6823929389898526,0,0
Inflation,PCEPILFE,2,mid_month,2025-11,Inflation Bridge Ridge,Inflation Bridge Ridge,1,2025-11-15,a30b24c3aec0c444516e10ac972a8f39f5ca6f30519ff5671d4d5ed7d8868b9c,1.9227148316979026,2.3316921117601708,2.3316921117601708,0,0
Inflation,PCEPILFE,2,mid_month,2025-12,Inflation Bridge Ridge,Inflation Bridge Ridge,1,2025-12-15,3389a3ec5508babdfe1230051c4ba6510ad8f8da1e4dd7149f40c47c5df03f07,4.2571398262751359,2.5532990262294346,2.5532990262294346,0,0
Inflation,PCEPILFE,2,mid_month,2026-02,Inflation Bridge Ridge,Inflation Bridge Ridge,1,2026-02-15,cd51542895b567294160f02ecc7906eed6b35270ef578fe4677bf606ed4c31e6,4.3942252510010604,3.3328514007971624,3.3328514007971624,0,0
Inflation,PCEPILFE,2,mid_month,2026-03,Inflation Bridge Ridge,Inflation Bridge Ridge,1,2026-03-15,a716019482770d8d4f56e8c48b980d939a63d38b3494709513c425e46466b436,3.5138300728842609,4.0045430948010639,4.0045430948010639,0,0
Inflation,PCEPILFE,2,mid_month,2026-04,Inflation Bridge Ridge,Inflation Bridge Ridge,1,2026-04-15,0f309fffb4256000594f4a61b6cf248566025fd62a7ee11ec444b991e5dc2ea8,2.8638636343949031,4.185148753684393,4.185148753684393,0,0
Inflation,PCEPILFE,2,mid_month,2026-05,Inflation Bridge Ridge,Inflation Bridge Ridge,1,2026-05-15,09c0637b340d3561ff0b0bb18908b61a785ebba2ab34b086e758b763931bda60,3.834474232723295,3.8617786375346714,3.8617786375346714,0,0
Inflation,PCEPILFE,3,month_end,2023-02,Inflation Bridge Ridge,Inflation Bridge Ridge,1,2023-02-28,cb70f1083227814a12434e0b70c1200ca41999978ef528db99612996b9f10dfd,3.5927744819368002,4.124299090620184,4.124299090620184,0,0
Inflation,PCEPILFE,3,month_end,2023-03,Inflation Bridge Ridge,Inflation Bridge Ridge,1,2023-03-31,dbd9eef0029676b046856fff4475ab9b8493c33323f171e88807ce15d8dfd6c8,3.3620345288436937,4.044872790420631,4.044872790420631,0,0
Inflation,PCEPILFE,3,month_end,2023-04,Inflation Bridge Ridge,Inflation Bridge Ridge,1,2023-04-30,b21663aae72afaada0e5e4c60247f75fc2908ae0e0a8fac2b14e3eb37a170755,4.554585141444889,2.8961892405978524,2.8961892405978524,0,0
Inflation,PCEPILFE,3,month_end,2023-05,Inflation Bridge Ridge,Inflation Bridge Ridge,1,2023-05-31,d1d37f7b62b103a5c74d2bf435831aaeb9e86c1d4234ce128b98eb56d3f035b8,3.770491061349901,3.4744344730744441,3.4744344730744441,0,0
Inflation,PCEPILFE,3,month_end,2023-06,Inflation Bridge Ridge,Inflation Bridge Ridge,1,2023-06-30,b92ae93bc8ff4e7485c1447cd9cb23ba00c85f6fed425f139954b509402dc803,1.9843224364830547,3.30375020284258,3.30375020284258,0,0
Inflation,PCEPILFE,3,month_end,2023-07,Inflation Bridge Ridge,Inflation Bridge Ridge,1,2023-07-31,8abf16ba027a6d7454bffeb54143bf215ce42b236ff9002b8da5a7bc61e1a7e1,2.587969751250796,2.3391938785512076,2.3391938785512076,0,0
Inflation,PCEPILFE,3,month_end,2023-08,Inflation Bridge Ridge,Inflation Bridge Ridge,1,2023-08-31,c299c45efa306601544e041365cc364368d1840074da8d2a35e92e74b808789c,1.7367228667325207,2.1519150491067824,2.1519150491067824,0,0
Inflation,PCEPILFE,3,month_end,2023-09,Inflation Bridge Ridge,Inflation Bridge Ridge,1,2023-09-30,a8b9090e854655e2a7df78c3a56653fd01ce034c9dc56dbec062b83091192828,3.5771121539678319,2.5095974036463016,2.5095974036463016,0,0
Inflation,PCEPILFE,3,month_end,2023-10,Inflation Bridge Ridge,Inflation Bridge Ridge,1,2023-10-31,2949285386a43565a033f492f774a76efe02f8f074faff23a4539ac02b94dea7,1.9598534466631179,3.301426710842009,3.301426710842009,0,0
Inflation,PCEPILFE,3,month_end,2023-11,Inflation Bridge Ridge,Inflation Bridge Ridge,1,2023-11-30,10b81e01adda2a8d5cfb24c7264c7fc5a0a37d36fb8da475fa1bd9f9b40dd447,0.69967933346966049,3.1010351136496999,3.1010351136496999,0,0
Inflation,PCEPILFE,3,month_end,2023-12,Inflation Bridge Ridge,Inflation Bridge Ridge,1,2023-12-31,f7b61655455882d5c1efa87a7335a050e0b97a1ca437ec972e0b8e402ece3e3e,2.0567268806672701,1.7386116341158033,1.7386116341158033,0,0
Inflation,PCEPILFE,3,month_end,2024-01,Inflation Bridge Ridge,Inflation Bridge Ridge,1,2024-01-31,bd4850b054c3eb496d5f50f993746b4865bae6c15ef731f72f55168c4d365e20,4.9768647459384141,2.1123734407853156,2.1123734407853156,0,0
Inflation,PCEPILFE,3,month_end,2024-02,Inflation Bridge Ridge,Inflation Bridge Ridge,1,2024-02-29,94b0121ab2e59c8cd66e8ebbe56a6b7f55071b97d156e84142e41ce7c1772b2f,3.1337047897789461,3.4047586300767083,3.4047586300767083,0,0
Inflation,PCEPILFE,3,month_end,2024-03,Inflation Bridge Ridge,Inflation Bridge Ridge,1,2024-03-31,2c9265b86c22ac75b6b440afc4255aaaf6e9144c87eb36fe2f27cf8020b2bd66,3.7950008157764614,3.0078277334183352,3.0078277334183352,0,0
Inflation,PCEPILFE,3,month_end,2024-04,Inflation Bridge Ridge,Inflation Bridge Ridge,1,2024-04-30,2bc305f36c3ba0e98f4ecc69dc238a3f07b3bf0a383760a4532ed7ac5ba82ab7,2.9862652209914131,3.0743733985754194,3.0743733985754194,0,0
Inflation,PCEPILFE,3,month_end,2024-05,Inflation Bridge Ridge,Inflation Bridge Ridge,1,2024-05-31,c7e6964b907aa355aff058ac24e3731618d442b832672a50e47f940da5d99bae,0.9934874680656236,2.2064198554431496,2.2064198554431496,0,0
Inflation,PCEPILFE,3,month_end,2024-06,Inflation Bridge Ridge,Inflation Bridge Ridge,1,2024-06-30,f61e25d323addbc947aef69d4a6645eee37fe34e04218f81f074d92d6f25fdbc,2.1798014389048603,2.3027850838736823,2.3027850838736823,0,0
Inflation,PCEPILFE,3,month_end,2024-07,Inflation Bridge Ridge,Inflation Bridge Ridge,1,2024-07-31,4444c837b9e1bb7e2369c4e3f7525b22b8b23c68632f7995ae7f6e154980a9b5,1.9319964454560079,2.2117103847578345,2.2117103847578345,0,0
Inflation,PCEPILFE,3,month_end,2024-08,Inflation Bridge Ridge,Inflation Bridge Ridge,1,2024-08-31,975f0f7bce29d3578fe95867292a231210d9665e24b282f3c98cd445a4013738,1.5637346144796282,1.8002528464543779,1.8002528464543779,0,0
Inflation,PCEPILFE,3,month_end,2024-09,Inflation Bridge Ridge,Inflation Bridge Ridge,1,2024-09-30,b6bee9ad676dc47da00976fdab4f72e2dff4dfe25f601d84c903e65ea49d6619,3.0422716309459474,1.6697675112912858,1.6697675112912858,0,0
Inflation,PCEPILFE,3,month_end,2024-10,Inflation Bridge Ridge,Inflation Bridge Ridge,1,2024-10-31,315aa6a0e3c63760a0afafac1887fe823da9d7b61d94e35e52efe814a60bb91c,3.2676103922955946,2.0325333650816604,2.0325333650816604,0,0
Inflation,PCEPILFE,3,month_end,2024-11,Inflation Bridge Ridge,Inflation Bridge Ridge,1,2024-11-30,f67b4451a859fc166da895fd1d8dccc8037ac41a1e16090faf7e836d82e4ef22,1.3783286855243659,2.3776390047743972,2.3776390047743972,0,0
Inflation,PCEPILFE,3,month_end,2024-12,Inflation Bridge Ridge,Inflation Bridge Ridge,1,2024-12-31,8574a194618655b44eb397389c5b4a7bce7898daa54e9edad0c97cb2628ee6d0,1.8707672236683237,2.4267147598100776,2.4267147598100776,0,0
Inflation,PCEPILFE,3,month_end,2025-01,Inflation Bridge Ridge,Inflation Bridge Ridge,1,2025-01-31,cf745204f8c9d26b75d81c1780ea4f01273605a5ead0b81dc2e61019860aaf1f,3.4117977999773785,1.321774190203352,1.321774190203352,0,0
Inflation,PCEPILFE,3,month_end,2025-02,Inflation Bridge Ridge,Inflation Bridge Ridge,1,2025-02-28,e26de1349bb35395a2d76fd9e3b5ca4fc45149090d088cbf20a5d243b236d6a0,4.3732037451999162,3.0543010934473549,3.0543010934473549,0,0
Inflation,PCEPILFE,3,month_end,2025-03,Inflation Bridge Ridge,Inflation Bridge Ridge,1,2025-03-31,ff1e125c2651ba28a35d3b52ac457f2ffe9b5f311a64fbf6ae36791a2bbc4c93,0.33590729178136769,3.4656797593377506,3.4656797593377506,0,0
Inflation,PCEPILFE,3,month_end,2025-04,Inflation Bridge Ridge,Inflation Bridge Ridge,1,2025-04-30,01869ca8e91ca3e95bec284761aedf74b03544d1243f3e2a886db2375c506dae,1.3903484217941298,2.3943964436840686,2.3943964436840686,0,0
Inflation,PCEPILFE,3,month_end,2025-05,Inflation Bridge Ridge,Inflation Bridge Ridge,1,2025-05-31,1f607479c05382ea374c7b50f04d5f017c832d7641854a9de18ecb19cdac9ad8,2.143541239825808,2.6770741198568713,2.6770741198568713,0,0
Inflation,PCEPILFE,3,month_end,2025-06,Inflation Bridge Ridge,Inflation Bridge Ridge,1,2025-06-30,3a596ce8bd19787adfea2353c83c68ff87059b095ef44b36309a152b1ded1535,3.07225203791468,3.8982702285963571,3.8982702285963571,0,0
Inflation,PCEPILFE,3,month_end,2025-07,Inflation Bridge Ridge,Inflation Bridge Ridge,1,2025-07-31,c599993131755f7f523fd9c095d4570ed3be10d315a40a0314e17e5506ec8fbc,3.2740877378866884,4.6157011459650334,4.6157011459650334,0,0
Inflation,PCEPILFE,3,month_end,2025-08,Inflation Bridge Ridge,Inflation Bridge Ridge,1,2025-08-31,b1a9e98e2e3262cc13c5b11665f2077ce68ca878b5a5c06b399ce23652bfce39,2.7212078521923644,3.7566534131192446,3.7566534131192446,0,0
Inflation,PCEPILFE,3,month_end,2025-09,Inflation Bridge Ridge,Inflation Bridge Ridge,1,2025-09-30,4951a7a0c610a8376679beb26661d0117edd1c1a5c25f1d918cbe313039d1f5a,2.374861315144372,2.8202822442381148,2.8202822442381148,0,0
Inflation,PCEPILFE,3,month_end,2025-10,Inflation Bridge Ridge,Inflation Bridge Ridge,1,2025-10-31,8995f69569616b837ffa6c9c7e80cfd607ac6237363941ecf7e07ae5cc8ac4c2,2.4928010475139928,2.3505287415439335,2.3505287415439335,0,0
Inflation,PCEPILFE,3,month_end,2025-11,Inflation Bridge Ridge,Inflation Bridge Ridge,1,2025-11-30,97aef115dc6f92dced31def01056939bfb7aab522f4603e63143a71eb9ae46ff,1.9227148316979026,2.6848647480828896,2.6848647480828896,0,0
Inflation,PCEPILFE,3,month_end,2025-12,Inflation Bridge Ridge,Inflation Bridge Ridge,1,2025-12-31,dc60f4cd3bce75ce0efc64f31e6f9de8061443310b9ae870ddf49df14f2cfbde,4.2571398262751359,2.4029645454176998,2.4029645454176998,0,0
Inflation,PCEPILFE,3,month_end,2026-01,Inflation Bridge Ridge,Inflation Bridge Ridge,1,2026-01-31,0736c15c75330e9d810eac066a22ee0073738685446c386b435a850ed06dd859,4.3538864021670065,2.9083143647969947,2.9083143647969947,0,0
Inflation,PCEPILFE,3,month_end,2026-02,Inflation Bridge Ridge,Inflation Bridge Ridge,1,2026-02-28,41bd86fc73bf948e4c3bf08a2672d2e03a1e39f36302592e36cea3ecf9c33843,4.3942252510010604,3.761771026513884,3.761771026513884,0,0
Inflation,PCEPILFE,3,month_end,2026-03,Inflation Bridge Ridge,Inflation Bridge Ridge,1,2026-03-31,81bd444227eff91c88ecdb6492c29771f11ab96aa5a422e5d09a72f1e610316e,3.5138300728842609,4.0625503243951897,4.0625503243951897,0,0
Inflation,PCEPILFE,3,month_end,2026-04,Inflation Bridge Ridge,Inflation Bridge Ridge,1,2026-04-30,d2bcf6a3dd2d72ab4fdfc3aea17e5d3513254a63dba602b2c252f030c6a9ced3,2.8638636343949031,3.9789096126599532,3.9789096126599532,0,0
Inflation,PCEPILFE,3,month_end,2026-05,Inflation Bridge Ridge,Inflation Bridge Ridge,1,2026-05-31,553bf3f082f734a2a8963337ee9d14d499e35a41ec8fb28aeac183d8744b1f4c,3.834474232723295,3.6571152667319788,3.6571152667319788,0,0
Inflation,PCEPILFE,4,pre_release,2023-02,Inflation Bridge Ridge,Inflation Bridge Ridge,1,2023-03-30,f18c27cb48b63da3f062cf3ae7d98aa879ff09f8ebd0f6bb1f92236556421c31,3.5927744819368002,4.2340337647504258,4.2340337647504258,0,0
Inflation,PCEPILFE,4,pre_release,2023-03,Inflation Bridge Ridge,Inflation Bridge Ridge,1,2023-04-27,29097ad9b5073a41f06fb341aa7f7cc04a72b8b4188a6b90617f5b8b92785f49,3.3620345288436937,4.0181119135416647,4.0181119135416647,0,0
Inflation,PCEPILFE,4,pre_release,2023-04,Inflation Bridge Ridge,Inflation Bridge Ridge,1,2023-05-25,090681ae626b03fd705b63a1dc68229c5998bb9977f3b78cd57de0d0a37edcf2,4.554585141444889,2.9119510571340399,2.9119510571340399,0,0
Inflation,PCEPILFE,4,pre_release,2023-05,Inflation Bridge Ridge,Inflation Bridge Ridge,1,2023-06-29,56d9fa514efeac808f233e9604b3a29b4ebc18aa9e28a7b6dffb56cf73731141,3.770491061349901,3.3858445976397169,3.3858445976397169,0,0
Inflation,PCEPILFE,4,pre_release,2023-06,Inflation Bridge Ridge,Inflation Bridge Ridge,1,2023-07-27,09b0df7d3b2489924b28454ae3093b018e7154d1730fba4562453c6c00d7d830,1.9843224364830547,3.237675325320164,3.237675325320164,0,0
Inflation,PCEPILFE,4,pre_release,2023-07,Inflation Bridge Ridge,Inflation Bridge Ridge,1,2023-08-30,8064fe024cfb5d10725c6fee6bf417f2402ae91f2306b3b66708ab97f942cf67,2.587969751250796,2.5823442226994047,2.5823442226994047,0,0
Inflation,PCEPILFE,4,pre_release,2023-08,Inflation Bridge Ridge,Inflation Bridge Ridge,1,2023-09-28,dd02531d2f17ef234098f9bba8c7a8d9025b577d74fadd26a2cd04f8bb9500a5,1.7367228667325207,2.0818377961298764,2.0818377961298764,0,0
Inflation,PCEPILFE,4,pre_release,2023-09,Inflation Bridge Ridge,Inflation Bridge Ridge,1,2023-10-26,10c23c386dbc4cecb90a813dd8c10c2f628bc36d10ed2fd4ebee43d33029bbcc,3.5771121539678319,2.6616943583582442,2.6616943583582442,0,0
Inflation,PCEPILFE,4,pre_release,2023-10,Inflation Bridge Ridge,Inflation Bridge Ridge,1,2023-11-29,1eade0273f3f46e6428c1160b72768021434ff136af13d22a98105782650ec41,1.9598534466631179,3.4568223884409917,3.4568223884409917,0,0
Inflation,PCEPILFE,4,pre_release,2023-11,Inflation Bridge Ridge,Inflation Bridge Ridge,1,2023-12-21,80167160ef7eb08ebf3c8a898b98d14c9aba76e419f9a1024b63f58a2c02537c,0.69967933346966049,3.1186638732826286,3.1186638732826286,0,0
Inflation,PCEPILFE,4,pre_release,2023-12,Inflation Bridge Ridge,Inflation Bridge Ridge,1,2024-01-25,9a266eeee56fe1c97f50071e007c9688b9548475e73a1ca8b42d4ea8fdeb90e7,2.0567268806672701,1.6984894326565998,1.6984894326565998,0,0
Inflation,PCEPILFE,4,pre_release,2024-01,Inflation Bridge Ridge,Inflation Bridge Ridge,1,2024-02-28,4a80c6259c94adcc0c0cb7f634e570a85306241b54e976d50e2d2e2e9957bd2a,4.9768647459384141,2.101561024748571,2.101561024748571,0,0
Inflation,PCEPILFE,4,pre_release,2024-02,Inflation Bridge Ridge,Inflation Bridge Ridge,1,2024-03-28,4f4e7f91a64bd975e81a2454a36631701afe9b359ec97445e1c7ee7fcb03072d,3.1337047897789461,3.4616103819655093,3.4616103819655093,0,0
Inflation,PCEPILFE,4,pre_release,2024-03,Inflation Bridge Ridge,Inflation Bridge Ridge,1,2024-04-25,43a68da20840f683bc7f8e65f81aced8d7d68c35cea1780f398bd53baa023732,3.7950008157764614,3.0762073432278259,3.0762073432278259,0,0
Inflation,PCEPILFE,4,pre_release,2024-04,Inflation Bridge Ridge,Inflation Bridge Ridge,1,2024-05-30,1daadabbd579d87990dc805c584632fa97f3e043b7a911b9c4a17d40fdd3d09b,2.9862652209914131,3.1101050112103632,3.1101050112103632,0,0
Inflation,PCEPILFE,4,pre_release,2024-05,Inflation Bridge Ridge,Inflation Bridge Ridge,1,2024-06-27,f7738a0ded3772665e08dc685517f855a7c555aea2f28e9d1b33db4abac55a2c,0.9934874680656236,2.2473233347636232,2.2473233347636232,0,0
Inflation,PCEPILFE,4,pre_release,2024-06,Inflation Bridge Ridge,Inflation Bridge Ridge,1,2024-07-25,6818b9c66ea138eb09f60ccff4d558b4bbe0f789914b5eafbc5ed0068e10f2a6,2.1798014389048603,2.3102134893873663,2.3102134893873663,0,0
Inflation,PCEPILFE,4,pre_release,2024-07,Inflation Bridge Ridge,Inflation Bridge Ridge,1,2024-08-29,6f10ec17ab2445f64ecfd3fb89c58bc203bc3e319b2f02cc6b0232fde7ec6115,1.9319964454560079,2.2837506117357953,2.2837506117357953,0,0
Inflation,PCEPILFE,4,pre_release,2024-08,Inflation Bridge Ridge,Inflation Bridge Ridge,1,2024-09-26,612501246cdbbb670b24503a02b42f6a19c3c7be782b1193010f1bb84ec6afa4,1.5637346144796282,1.8139229793230878,1.8139229793230878,0,0
Inflation,PCEPILFE,4,pre_release,2024-09,Inflation Bridge Ridge,Inflation Bridge Ridge,1,2024-10-30,3ff0a5780a5a9483314e40a28f3400533417752a371907c1525cf16982b56a47,3.0422716309459474,1.7581830380443693,1.7581830380443693,0,0
Inflation,PCEPILFE,4,pre_release,2024-10,Inflation Bridge Ridge,Inflation Bridge Ridge,1,2024-11-26,45d862156b94a6a7f03b2ec671d97b083759df6b695448b894d0663e46c6d49e,3.2676103922955946,1.9868156047190482,1.9868156047190482,0,0
Inflation,PCEPILFE,4,pre_release,2024-11,Inflation Bridge Ridge,Inflation Bridge Ridge,1,2024-12-19,5366330acbda0d3c13de32d32063810fb729fef576f4ee00324557eb5cb4f532,1.3783286855243659,2.5113616234523093,2.5113616234523093,0,0
Inflation,PCEPILFE,4,pre_release,2024-12,Inflation Bridge Ridge,Inflation Bridge Ridge,1,2025-01-30,c766b855d0a50b79bbedcd8f0ee9924231cbd4cf8f28037b1b73905895da46ed,1.8707672236683237,2.4092321740492295,2.4092321740492295,0,0
Inflation,PCEPILFE,4,pre_release,2025-01,Inflation Bridge Ridge,Inflation Bridge Ridge,1,2025-02-27,51e104e77429f239e0a593cd375aac2d25733e53e8f5f909e4db0927b82a2a20,3.4117977999773785,1.2283220570373263,1.2283220570373263,0,0
Inflation,PCEPILFE,4,pre_release,2025-02,Inflation Bridge Ridge,Inflation Bridge Ridge,1,2025-03-27,2675cc36802548a8bf92f8939c4c947ad22507bbf04e34cf68b91118995c7a44,4.3732037451999162,2.9949077150206902,2.9949077150206902,0,0
Inflation,PCEPILFE,4,pre_release,2025-03,Inflation Bridge Ridge,Inflation Bridge Ridge,1,2025-04-29,aa66a4e9b18cbddefea26b46a68b1d05331715d962e78aa33e3770b56f600abd,0.33590729178136769,3.4036356913596482,3.4036356913596482,0,0
Inflation,PCEPILFE,4,pre_release,2025-04,Inflation Bridge Ridge,Inflation Bridge Ridge,1,2025-05-29,dfd4c22c68c07c0c1a1e9da6646723680f1d4ec238c278793ec5d3343fe7e46d,1.3903484217941298,2.5835583538628102,2.5835583538628102,0,0
Inflation,PCEPILFE,4,pre_release,2025-05,Inflation Bridge Ridge,Inflation Bridge Ridge,1,2025-06-26,3f9e99a93705cfa6498d615ae7b0ef9f3ca9a6d82d96c7912b4fee0cd03e9396,2.143541239825808,2.6866586591367723,2.6866586591367723,0,0
Inflation,PCEPILFE,4,pre_release,2025-06,Inflation Bridge Ridge,Inflation Bridge Ridge,1,2025-07-30,a5f9d0f0b07b798a9a65afa1708af887f721ac169883be36d0ca5a3487c22206,3.07225203791468,3.9192653242211768,3.9192653242211768,0,0
Inflation,PCEPILFE,4,pre_release,2025-07,Inflation Bridge Ridge,Inflation Bridge Ridge,1,2025-08-28,65ae5950d21ad83a6eb71fe44a26e015be00c45db3373d6a2338d70214f49180,3.2740877378866884,4.6773861585680079,4.6773861585680079,0,0
Inflation,PCEPILFE,4,pre_release,2025-08,Inflation Bridge Ridge,Inflation Bridge Ridge,1,2025-09-25,5c470165df67edfa0f98501880808cce8a280e8511d55c0989d8c7bee4edb323,2.7212078521923644,3.7122796415551864,3.7122796415551864,0,0
Inflation,PCEPILFE,4,pre_release,2025-09,Inflation Bridge Ridge,Inflation Bridge Ridge,1,2025-12-04,ffe372b3361af0436cf015ec125f471c45ae765daaf6db38fae4fe45dd403c52,2.374861315144372,3.0460488804710528,3.0460488804710528,0,0
Inflation,PCEPILFE,4,pre_release,2025-10,Inflation Bridge Ridge,Inflation Bridge Ridge,1,2026-01-21,7fd9ac3d0967c686efc22d6efd14b3dba883f3940746a7f120c105669eb618b6,2.4928010475139928,2.2689505766224158,2.2689505766224158,0,0
Inflation,PCEPILFE,4,pre_release,2025-11,Inflation Bridge Ridge,Inflation Bridge Ridge,1,2026-01-21,7fd9ac3d0967c686efc22d6efd14b3dba883f3940746a7f120c105669eb618b6,1.9227148316979026,2.9460005655548915,2.9460005655548915,0,0
Inflation,PCEPILFE,4,pre_release,2025-12,Inflation Bridge Ridge,Inflation Bridge Ridge,1,2026-02-19,3622390db633fb07272e56cac8b8affccada5719daa520693b1bb1b5c71750e4,4.2571398262751359,2.5529710498994485,2.5529710498994485,0,0
Inflation,PCEPILFE,4,pre_release,2026-01,Inflation Bridge Ridge,Inflation Bridge Ridge,1,2026-03-12,99d38e269cf3025e327a5fa9b27e0361e14543f262ba6a2f12fcd662154e56e0,4.3538864021670065,3.0718671827539512,3.0718671827539512,0,0
Inflation,PCEPILFE,4,pre_release,2026-02,Inflation Bridge Ridge,Inflation Bridge Ridge,1,2026-04-08,906d03539627b9cbf66ccd44a0e1f99dbce9a037f9549c918529dd3158256644,4.3942252510010604,3.6946300697914447,3.6946300697914447,0,0
Inflation,PCEPILFE,4,pre_release,2026-03,Inflation Bridge Ridge,Inflation Bridge Ridge,1,2026-04-29,24eb3ff77ceab4a4b4036721aeff07bd8b28c3685a4a313d23e0ef731054b634,3.5138300728842609,4.0657179490848252,4.0657179490848252,0,0
Inflation,PCEPILFE,4,pre_release,2026-04,Inflation Bridge Ridge,Inflation Bridge Ridge,1,2026-05-27,8e8a11d4ecb1d5893322150856bafdaab66150218314885da4a5acca20ab1b1f,2.8638636343949031,4.0360721779644928,4.0360721779644928,0,0
Inflation,PCEPILFE,4,pre_release,2026-05,Inflation Bridge Ridge,Inflation Bridge Ridge,1,2026-06-24,45ffd06e4a40c3554161f6121d49026c4b88f646d0ab65040ac6d57149e459d7,3.834474232723295,3.6352235273080096,3.6352235273080096,0,0
Labour,CES0500000003,1,month_open,2023-02,Labour Bridge Ridge,Labour Bridge Ridge,1,2023-02-01,a625e8022d1833e223ee211a4d0dc372e5fd183c04740ebbcd8913bb57033a61,2.9046912821033999,3.4107633483847253,3.4107633483847253,0,0
Labour,CES0500000003,1,month_open,2023-03,Labour Bridge Ridge,Labour Bridge Ridge,1,2023-03-01,9c677fcb35ec200fbad5da0c1d6f9f47034a0a3b1ada1b288239b7872f68ac41,3.2593953945330156,3.9989564676986471,3.9989564676986471,0,0
Labour,CES0500000003,1,month_open,2023-04,Labour Bridge Ridge,Labour Bridge Ridge,1,2023-04-01,de14489ce738d0aa9d434beb29ac87c6b1c1045ae0496fb5e29591065aea364b,5.7692418817232749,4.2465068622776432,4.2465068622776432,0,0
Labour,CES0500000003,1,month_open,2023-05,Labour Bridge Ridge,Labour Bridge Ridge,1,2023-05-01,7f83bf8482e2c2930f8ac46371522cd54958a30311b96105be2e9af7368463e5,3.9538750762231345,4.5804687238570949,4.5804687238570949,0,0
Labour,CES0500000003,1,month_open,2023-06,Labour Bridge Ridge,Labour Bridge Ridge,1,2023-06-01,780a896b5ae77b003c614f12ec4890201f28be64859fea0aac6731484376ca2e,4.2959473088599154,4.4799372160896898,4.4799372160896898,0,0
Labour,CES0500000003,1,month_open,2023-07,Labour Bridge Ridge,Labour Bridge Ridge,1,2023-07-01,3a4c14b4be18f6ceb889d4b76f185b7118870ecdf457828c530aa21dd96674ed,4.9896121783962855,4.7911352992133862,4.7911352992133862,0,0
Labour,CES0500000003,1,month_open,2023-08,Labour Bridge Ridge,Labour Bridge Ridge,1,2023-08-01,ccb96bbce2db9e933322c92059d3ac77bd10deef41331c2b428204b788a4a218,2.8419196231345367,4.1377861407582568,4.1377861407582568,0,0
Labour,CES0500000003,1,month_open,2023-09,Labour Bridge Ridge,Labour Bridge Ridge,1,2023-09-01,34d4cc0b568fa2fe0432876aee9da9fcd5b749809db5f1eb09648c661964643c,2.4819036768708003,5.4220544460165838,5.4220544460165838,0,0
Labour,CES0500000003,1,month_open,2023-10,Labour Bridge Ridge,Labour Bridge Ridge,1,2023-10-01,2501f3ee713082b68040e08e0c96faa39b1d30ed992d5a5e135d82f85e635122,2.473134984027503,4.3333774893569128,4.3333774893569128,0,0
Labour,CES0500000003,1,month_open,2023-11,Labour Bridge Ridge,Labour Bridge Ridge,1,2023-11-01,a54cb0106a3f48fc14619cacce2ee2c6a7574aa8f68f547408b64fcb04c16cfa,4.230321654821978,4.4577189306750729,4.4577189306750729,0,0
Labour,CES0500000003,1,month_open,2023-12,Labour Bridge Ridge,Labour Bridge Ridge,1,2023-12-01,c2c85a0812bf8a07ee4c04256da709a5e1b62f787e0859b5c27c65ff95fde2e3,5.2639359156470888,4.2312709885236774,4.2312709885236774,0,0
Labour,CES0500000003,1,month_open,2024-01,Labour Bridge Ridge,Labour Bridge Ridge,1,2024-01-01,3519333accd53327f1080036a15493a48742a0a34f4f87436c06d7119d3e3764,6.6173437171489269,3.6533491616950062,3.6533491616950062,0,0
Labour,CES0500000003,1,month_open,2024-02,Labour Bridge Ridge,Labour Bridge Ridge,1,2024-02-01,3701b2b60e17f3a387ae6dd4e9bc665cc172f5749b445cec879e69b5b005416e,1.7368652619673242,4.7820641561549806,4.7820641561549806,0,0
Labour,CES0500000003,1,month_open,2024-03,Labour Bridge Ridge,Labour Bridge Ridge,1,2024-03-01,77548f2852b75aef580efa27cc6c20479ec5dc3089e524f4893a7b89b3ff0f3c,4.1582484577501688,4.3073901307237223,4.3073901307237223,0,0
Labour,CES0500000003,1,month_open,2024-04,Labour Bridge Ridge,Labour Bridge Ridge,1,2024-04-01,f3e7ab5cea5b82b2ff68483aefae2427714a7b2b3172e6acc5bdef31debf210b,2.4197041181523105,4.8087116448927496,4.8087116448927496,0,0
Labour,CES0500000003,1,month_open,2024-05,Labour Bridge Ridge,Labour Bridge Ridge,1,2024-05-01,54bb7e70ea519f9b1d13ed3660f1d855156a427c1a91f45267677ad5bbe663f2,4.822050116609411,4.3958221673153899,4.3958221673153899,0,0
Labour,CES0500000003,1,month_open,2024-06,Labour Bridge Ridge,Labour Bridge Ridge,1,2024-06-01,1a29a50fce25676ba4df60dc2a227497d5912955dfc3391913627a002c9252a3,3.4334787372383602,4.8304298017943985,4.8304298017943985,0,0
Labour,CES0500000003,1,month_open,2024-07,Labour Bridge Ridge,Labour Bridge Ridge,1,2024-07-01,4c87aae8629352590fc1e432e4813cbaff4f6e9f6b181cea657a60ee780a4e0c,2.7405093269878833,5.2781535601271301,5.2781535601271301,0,0
Labour,CES0500000003,1,month_open,2024-08,Labour Bridge Ridge,Labour Bridge Ridge,1,2024-08-01,1cb149f34c3a59f532e4c49889de041b32bf26f923648d832d4fb47e89fccca4,4.7808828178496299,5.3316284131277651,5.3316284131277651,0,0
Labour,CES0500000003,1,month_open,2024-09,Labour Bridge Ridge,Labour Bridge Ridge,1,2024-09-01,5fdfc5666824fdc0b1b10afc856fa2d9825c20b59931314ccf7bd7e9db343ae9,4.4198944995560652,4.1042182709255712,4.1042182709255712,0,0
Labour,CES0500000003,1,month_open,2024-10,Labour Bridge Ridge,Labour Bridge Ridge,1,2024-10-01,f7b88be0eee7738e05aa6fee1d30c15c4a80e51c0331616978de0f0bbf3cedcb,4.4074071300096662,4.3287903609226843,4.3287903609226843,0,0
Labour,CES0500000003,1,month_open,2024-11,Labour Bridge Ridge,Labour Bridge Ridge,1,2024-11-01,48f5e811c5e66226b53eaec64496c7be903b86ac794ef9d8d90efc169a49a304,4.3888078179692869,5.5144793100744645,5.5144793100744645,0,0
Labour,CES0500000003,1,month_open,2024-12,Labour Bridge Ridge,Labour Bridge Ridge,1,2024-12-01,65bb2277f867bc39d04bd21dd903761138ec9b7b1607aa99aeb44ec8f6e16bc3,3.3670055759611017,4.7708017785276251,4.7708017785276251,0,0
Labour,CES0500000003,1,month_open,2025-01,Labour Bridge Ridge,Labour Bridge Ridge,1,2025-01-01,232704b0d42e2a1666e5093bd494eef549eea6361b508fa98d4163161219c108,5.7007233103172794,4.675641853393719,4.675641853393719,0,0
Labour,CES0500000003,1,month_open,2025-02,Labour Bridge Ridge,Labour Bridge Ridge,1,2025-02-01,54d87f057dbe572aa4d6800f9f043c021a1b5f0621ff2e5cb1ad699b26014af8,3.3444837702777619,4.0385040572419708,4.0385040572419708,0,0
Labour,CES0500000003,1,month_open,2025-03,Labour Bridge Ridge,Labour Bridge Ridge,1,2025-03-01,1bc4c18efc619ff94240cac4cabc8566a6add3141589d781de955ac10217975e,3.0037562617421187,4.6960726075188948,4.6960726075188948,0,0
Labour,CES0500000003,1,month_open,2025-04,Labour Bridge Ridge,Labour Bridge Ridge,1,2025-04-01,79549f7da5fac61d28805e92085456fd205ab626655c43ab48524b9d93b3ead2,1.9983351828734897,4.7779407063620827,4.7779407063620827,0,0
Labour,CES0500000003,1,month_open,2025-05,Labour Bridge Ridge,Labour Bridge Ridge,1,2025-05-01,75104d601135eddf8c1e3b6c360c34a122a3c061b69b7fae10f981935160c092,4.9771950240979024,4.394647341876496,4.394647341876496,0,0
Labour,CES0500000003,1,month_open,2025-06,Labour Bridge Ridge,Labour Bridge Ridge,1,2025-06-01,02b6774eb3f19b903187739584a159e96a8d8e7537de832aabd525a17ab6b6b0,2.6475465786454322,4.3913246173053624,4.3913246173053624,0,0
Labour,CES0500000003,1,month_open,2025-07,Labour Bridge Ridge,Labour Bridge Ridge,1,2025-07-01,b6b9c06c653e60e89f358828ec8730bc4e680f2fe36784bafa9d410e93efd003,3.9582223903979141,4.7863170211146597,4.7863170211146597,0,0
Labour,CES0500000003,1,month_open,2025-08,Labour Bridge Ridge,Labour Bridge Ridge,1,2025-08-01,2fcac741c98a87ac4181a30967023a1886f8e59147a4827b2b0a1f5ab8858d18,3.2894757440626421,4.0901042999604229,4.0901042999604229,0,0
Labour,CES0500000003,1,month_open,2025-09,Labour Bridge Ridge,Labour Bridge Ridge,1,2025-09-01,56a43cb6d4a83f7018a9e5c08194f26e20ec8059795f73a8315391ae48e158a9,2.948806944617921,4.511112786814353,4.511112786814353,0,0
Labour,CES0500000003,1,month_open,2025-10,Labour Bridge Ridge,Labour Bridge Ridge,1,2025-10-01,52ea09ee5653c4b92176fe231383636eec9c7a0aabcb0a20f703476593b0a995,5.2273428699233904,4.2842602476838998,4.2842602476838998,0,0
Labour,CES0500000003,1,month_open,2025-11,Labour Bridge Ridge,Labour Bridge Ridge,1,2025-11-01,977a5c002ed197043d5d39ecac45bdef20d03cbe8aaa4e545052854d2b848f65,1.6288858208966417,4.3292296776996322,4.3292296776996322,0,0
Labour,CES0500000003,1,month_open,2025-12,Labour Bridge Ridge,Labour Bridge Ridge,1,2025-12-01,58c0cb4c638b2295a728f26941de0aa0d421dc6d67fc92e942c0ebb0e8d4d96f,3.8961073186440487,3.9217710394269001,3.9217710394269001,0,0
Labour,CES0500000003,1,month_open,2026-01,Labour Bridge Ridge,Labour Bridge Ridge,1,2026-01-01,fac6f29d2b652c12cdf69a6e5efa5ffde4c492936a9adc66a209dc433e7273d7,4.8524125965711207,3.8174208535909342,3.8174208535909342,0,0
Labour,CES0500000003,1,month_open,2026-02,Labour Bridge Ridge,Labour Bridge Ridge,1,2026-02-01,e5cdc81382c78fb1f258be68d762c3f7d2cdd962727c129f638e8a8db7f98c73,4.8328700039784067,4.4904971991275824,4.4904971991275824,0,0
Labour,CES0500000003,1,month_open,2026-03,Labour Bridge Ridge,Labour Bridge Ridge,1,2026-03-01,16b1a548967fdcffc384c08ec2ab49737230674e04f3d332ba7f12961213b0d7,2.8927294040249407,4.1895412538409875,4.1895412538409875,0,0
Labour,CES0500000003,1,month_open,2026-04,Labour Bridge Ridge,Labour Bridge Ridge,1,2026-04-01,9df61ce80c86f71100d8b13eb9ef4d8b48d49deb3b3e5e9ce0cac90ff6c6844d,1.9261641374738403,4.2559682025855254,4.2559682025855254,0,0
Labour,CES0500000003,1,month_open,2026-05,Labour Bridge Ridge,Labour Bridge Ridge,1,2026-05-01,6c034c922c5f56744e61d8c891e2a7b7f4a87342629911312ea4e92ca7e1ad5a,3.8430777442499675,3.9203025101020192,3.9203025101020192,0,0
Labour,CES0500000003,1,month_open,2026-06,Labour Bridge Ridge,Labour Bridge Ridge,1,2026-06-01,2a9dcc995e4322da4a57b74e2df32835f188a11d6f41b195fdcafd7580cb2d98,4.1517007480594614,4.68303910188488,4.68303910188488,0,0
Labour,CES0500000003,2,after_week_1,2023-02,Labour Bridge Ridge,Labour Bridge Ridge,1,2023-02-07,bb41d6dfe98a395523c37c474f213db161202a21d6b68c213d32b3cd9487d8ff,2.9046912821033999,2.8277355698790703,2.8277355698790703,0,0
Labour,CES0500000003,2,after_week_1,2023-03,Labour Bridge Ridge,Labour Bridge Ridge,1,2023-03-07,04d542ce609f6ce78f4fb75c8c7f297a3a3521c22fa3383998fa70977d5761ee,3.2593953945330156,3.9770465685541581,3.9770465685541581,0,0
Labour,CES0500000003,2,after_week_1,2023-04,Labour Bridge Ridge,Labour Bridge Ridge,1,2023-04-07,d6291ecb4244544f0603af35576d597cf0ad0e6af414b0dd4da59e14033b9d8b,5.7692418817232749,4.7457300894052441,4.7457300894052441,0,0
Labour,CES0500000003,2,after_week_1,2023-05,Labour Bridge Ridge,Labour Bridge Ridge,1,2023-05-07,534bcacc239f9d9bc0ce2ecfc6f4243a4cb1d4205daaf6b49325cb9c542ba6dc,3.9538750762231345,4.0035435537230999,4.0035435537230999,0,0
Labour,CES0500000003,2,after_week_1,2023-06,Labour Bridge Ridge,Labour Bridge Ridge,1,2023-06-07,6e46d3399a89fbed7a12c75408ae6f4c803fdbf2f2b618c06662410c19837114,4.2959473088599154,4.2293816754062146,4.2293816754062146,0,0
Labour,CES0500000003,2,after_week_1,2023-07,Labour Bridge Ridge,Labour Bridge Ridge,1,2023-07-07,77ba7fefe2849cfab833dadd8c869b78456ad996c7411b1a46556d234973fb79,4.9896121783962855,5.3128796926531132,5.3128796926531132,0,0
Labour,CES0500000003,2,after_week_1,2023-08,Labour Bridge Ridge,Labour Bridge Ridge,1,2023-08-07,b12d207d247e6299aa4c05ccfc0651dad64482d8216ff838262719b475fe8bc0,2.8419196231345367,4.2877442087518665,4.2877442087518665,0,0
Labour,CES0500000003,2,after_week_1,2023-09,Labour Bridge Ridge,Labour Bridge Ridge,1,2023-09-07,5dfa949842e927b33ada7d19d99bd4787428f2e189df197e651ba3958f39b74d,2.4819036768708003,5.3594288986351373,5.3594288986351373,0,0
Labour,CES0500000003,2,after_week_1,2023-10,Labour Bridge Ridge,Labour Bridge Ridge,1,2023-10-07,d9d493e5ffc80c8624d08be9014bd596d65351a375f0f2610c0f89f612f96dda,2.473134984027503,4.3551531835149015,4.3551531835149015,0,0
Labour,CES0500000003,2,after_week_1,2023-11,Labour Bridge Ridge,Labour Bridge Ridge,1,2023-11-07,92bf152df1d49ecadde4f53d12cfe935f7739382310fdbaa04dac35fc39a3ece,4.230321654821978,5.0142883348414342,5.0142883348414342,0,0
Labour,CES0500000003,2,after_week_1,2023-12,Labour Bridge Ridge,Labour Bridge Ridge,1,2023-12-07,48c8b1e298d62e2347ce60adc394dbf07031c5fc7ede397c06bc43220de5f2cf,5.2639359156470888,4.0091128814314114,4.0091128814314114,0,0
Labour,CES0500000003,2,after_week_1,2024-01,Labour Bridge Ridge,Labour Bridge Ridge,1,2024-01-07,a252c50a87f26aba33a12acedf7870a0a48f124684b844c1ad2f0650d5369cd4,6.6173437171489269,4.0259091974380929,4.0259091974380929,0,0
Labour,CES0500000003,2,after_week_1,2024-02,Labour Bridge Ridge,Labour Bridge Ridge,1,2024-02-07,a4241ad2fc581d1496b94a0b1bec695555a3d43881a153582fa6b660ae64a15d,1.7368652619673242,3.8727942618497644,3.8727942618497644,0,0
Labour,CES0500000003,2,after_week_1,2024-03,Labour Bridge Ridge,Labour Bridge Ridge,1,2024-03-07,a8ee776c9f04382a27263870e48955c258b313cab6154421801a9a3c9d2d95cf,4.1582484577501688,4.2683266529298916,4.2683266529298916,0,0
Labour,CES0500000003,2,after_week_1,2024-04,Labour Bridge Ridge,Labour Bridge Ridge,1,2024-04-07,ca78175c4d5921f128c9ea62d66a38c43edce9fd95b11492bfdef46efef9422e,2.4197041181523105,4.3775118387643968,4.3775118387643968,0,0
Labour,CES0500000003,2,after_week_1,2024-05,Labour Bridge Ridge,Labour Bridge Ridge,1,2024-05-07,ba741d1b161e87db6a8511e63833a6c04f0fcbf08a7534893c60302232e6ab6f,4.822050116609411,4.6973922312726879,4.6973922312726879,0,0
Labour,CES0500000003,2,after_week_1,2024-06,Labour Bridge Ridge,Labour Bridge Ridge,1,2024-06-07,a169daa65ea8b174d1c6c12af99fac4c2c993e382e163b9b729280e5bda003f2,3.4334787372383602,4.8088562890069468,4.8088562890069468,0,0
Labour,CES0500000003,2,after_week_1,2024-07,Labour Bridge Ridge,Labour Bridge Ridge,1,2024-07-07,59d76c06705e6428cb53e639d275bd1c60f4cd814f4e38381f010eb1fbfb991c,2.7405093269878833,5.8954828047016505,5.8954828047016505,0,0
Labour,CES0500000003,2,after_week_1,2024-08,Labour Bridge Ridge,Labour Bridge Ridge,1,2024-08-07,e42c04762dad2df063bb0350438ac0035341666051ecdfb9e487763adb761ed9,4.7808828178496299,4.8983050360477929,4.8983050360477929,0,0
Labour,CES0500000003,2,after_week_1,2024-09,Labour Bridge Ridge,Labour Bridge Ridge,1,2024-09-07,6630db4ba0d712d7c49345b6885e146b8167fbe90b0cd4a7afdcd4f8399bcfb9,4.4198944995560652,4.177500679331466,4.177500679331466,0,0
Labour,CES0500000003,2,after_week_1,2024-10,Labour Bridge Ridge,Labour Bridge Ridge,1,2024-10-07,db7b7696e6aae99e7694dd5e1c58c95683a8d4964287ec1a555371478da90ebc,4.4074071300096662,4.4504140722375745,4.4504140722375745,0,0
Labour,CES0500000003,2,after_week_1,2024-11,Labour Bridge Ridge,Labour Bridge Ridge,1,2024-11-07,96e1ec0cf077d79a876d72878c52811dd67fc548936fe8bc4d7a31f5c16a0d3d,4.3888078179692869,5.5170729851990394,5.5170729851990394,0,0
Labour,CES0500000003,2,after_week_1,2024-12,Labour Bridge Ridge,Labour Bridge Ridge,1,2024-12-07,b12f8d34692d44fd7280401e60abc407818c59de8c6522a02b37f0100be55cdb,3.3670055759611017,4.4681550193566535,4.4681550193566535,0,0
Labour,CES0500000003,2,after_week_1,2025-01,Labour Bridge Ridge,Labour Bridge Ridge,1,2025-01-07,4922dff46c56aee99cc2df4e0191b2d1b1854b99292fc5080c21169b2a227bbe,5.7007233103172794,3.298665942714508,3.298665942714508,0,0
Labour,CES0500000003,2,after_week_1,2025-02,Labour Bridge Ridge,Labour Bridge Ridge,1,2025-02-07,93edd098120094468c12061d68adb07729e2994766c3600755c23d0b76750c61,3.3444837702777619,4.5615254226823723,4.5615254226823723,0,0
Labour,CES0500000003,2,after_week_1,2025-03,Labour Bridge Ridge,Labour Bridge Ridge,1,2025-03-07,054bd2f0a117ba037ef1e61ffa5443e5c43f4a7ac0859433ffb20157ae45a464,3.0037562617421187,4.9706625344540205,4.9706625344540205,0,0
Labour,CES0500000003,2,after_week_1,2025-04,Labour Bridge Ridge,Labour Bridge Ridge,1,2025-04-07,38f9c3fd6b2e04c3e040adaa16477edc05783a6cc9be160a94499d836679f8b9,1.9983351828734897,4.6639834741419861,4.6639834741419861,0,0
Labour,CES0500000003,2,after_week_1,2025-05,Labour Bridge Ridge,Labour Bridge Ridge,1,2025-05-07,1277a270d8450380abcfaaad3ec190cb54f3a176d3573292c5ab982d2593bc8e,4.9771950240979024,4.3162901599895127,4.3162901599895127,0,0
Labour,CES0500000003,2,after_week_1,2025-06,Labour Bridge Ridge,Labour Bridge Ridge,1,2025-06-07,83beda7e8df1fea8713ab210f3e177bf0993ab54a8305a67d5576a637bd589a8,2.6475465786454322,4.2194065732378485,4.2194065732378485,0,0
Labour,CES0500000003,2,after_week_1,2025-07,Labour Bridge Ridge,Labour Bridge Ridge,1,2025-07-07,fcaf5bc138fe2f3332d5d1509669235199f952e3a2960a20504ac231e8463b50,3.9582223903979141,4.6051239102632513,4.6051239102632513,0,0
Labour,CES0500000003,2,after_week_1,2025-08,Labour Bridge Ridge,Labour Bridge Ridge,1,2025-08-07,e96b583c044cdd4e56c565cfe33c2b2a448d1affd9b2a1d4f123434714f8f419,3.2894757440626421,4.0672367946800918,4.0672367946800918,0,0
Labour,CES0500000003,2,after_week_1,2025-09,Labour Bridge Ridge,Labour Bridge Ridge,1,2025-09-07,de2edea823cb93c6737bf52e436d82048db9488695b8cfe07863468096cba4a0,2.948806944617921,4.5926466904881114,4.5926466904881114,0,0
Labour,CES0500000003,2,after_week_1,2025-10,Labour Bridge Ridge,Labour Bridge Ridge,1,2025-10-07,360b1bf55e81a63dface52829e6e00ba960cea56442717def8f2f6b1f1a7555d,5.2273428699233904,4.2842602476838998,4.2842602476838998,0,0
Labour,CES0500000003,2,after_week_1,2025-11,Labour Bridge Ridge,Labour Bridge Ridge,1,2025-11-07,ca8b81a0095c12210660a4fb6cc9660677d5e71f1aec8d56d540e31fa3056ad8,1.6288858208966417,4.3292296776996322,4.3292296776996322,0,0
Labour,CES0500000003,2,after_week_1,2025-12,Labour Bridge Ridge,Labour Bridge Ridge,1,2025-12-07,3e12e701e5a2d64154efe9bea276c8029ad622a52886daabaede35dd87e07236,3.8961073186440487,3.8824004584045473,3.8824004584045473,0,0
Labour,CES0500000003,2,after_week_1,2026-01,Labour Bridge Ridge,Labour Bridge Ridge,1,2026-01-07,d43da6537ff4bcad48bd47092b820d596fcb9c64db7fa6c95a58451e5a56770d,4.8524125965711207,4.6353960925688478,4.6353960925688478,0,0
Labour,CES0500000003,2,after_week_1,2026-02,Labour Bridge Ridge,Labour Bridge Ridge,1,2026-02-07,37c69c231cbac476995f7ae8103aef740098628d299161150c826005831eadd2,4.8328700039784067,4.3340436747278268,4.3340436747278268,0,0
Labour,CES0500000003,2,after_week_1,2026-03,Labour Bridge Ridge,Labour Bridge Ridge,1,2026-03-07,f7b758ab5cd15f34035c7f85593761ad6610b9cf39f92cf30fe1302005238127,2.8927294040249407,4.8052098272888815,4.8052098272888815,0,0
Labour,CES0500000003,2,after_week_1,2026-04,Labour Bridge Ridge,Labour Bridge Ridge,1,2026-04-07,756f7615f928dae9df0542acd7dbc63ca7013dc60608c838446f6205be7d8080,1.9261641374738403,4.0637489000984699,4.0637489000984699,0,0
Labour,CES0500000003,2,after_week_1,2026-05,Labour Bridge Ridge,Labour Bridge Ridge,1,2026-05-07,c1a70b31504609df70e57a8900964825b53d74c5d0f5fd5f3c774df3b96ba5b0,3.8430777442499675,4.3192730920287046,4.3192730920287046,0,0
Labour,CES0500000003,2,after_week_1,2026-06,Labour Bridge Ridge,Labour Bridge Ridge,1,2026-06-07,8784239341aa001ab1647806c07a3f0361b1419a04dfa39baa7e045cd22234ad,4.1517007480594614,3.7528679506671478,3.7528679506671478,0,0
Labour,CES0500000003,3,after_week_2,2023-02,Labour Bridge Ridge,Labour Bridge Ridge,1,2023-02-14,8493c3522808cec4223f6f3d60cef7f8cb31652eb221cdb7aeb18631eac2e8ad,2.9046912821033999,2.8611715090271082,2.8611715090271082,0,0
Labour,CES0500000003,3,after_week_2,2023-03,Labour Bridge Ridge,Labour Bridge Ridge,1,2023-03-14,20c40afbcca5c648db06a4273bcffc60ee94d000b3934a3793b1cb51918278bb,3.2593953945330156,4.3777331480532453,4.3777331480532453,0,0
Labour,CES0500000003,3,after_week_2,2023-04,Labour Bridge Ridge,Labour Bridge Ridge,1,2023-04-14,67ee23bbaa58d22cbf3c8878e5129f497073227cf66af8559e3990e7ed85be3f,5.7692418817232749,4.6016604797866218,4.6016604797866218,0,0
Labour,CES0500000003,3,after_week_2,2023-05,Labour Bridge Ridge,Labour Bridge Ridge,1,2023-05-14,b003a900f1a4b4c48d303b15f513372ec6de625c0248d6c2eaa4985d38abb73e,3.9538750762231345,4.0405991092466227,4.0405991092466227,0,0
Labour,CES0500000003,3,after_week_2,2023-06,Labour Bridge Ridge,Labour Bridge Ridge,1,2023-06-14,734ba86a6992f197f3ad1bf69bd17c3d9183d762c13d6d479bb70ac3ab3b0c76,4.2959473088599154,4.2701582480648703,4.2701582480648703,0,0
Labour,CES0500000003,3,after_week_2,2023-07,Labour Bridge Ridge,Labour Bridge Ridge,1,2023-07-14,e4811844862e309cfc8322d765ffa7a257731b6fe4cf0af7302c064d6f2e7608,4.9896121783962855,5.3861473407917533,5.3861473407917533,0,0
Labour,CES0500000003,3,after_week_2,2023-08,Labour Bridge Ridge,Labour Bridge Ridge,1,2023-08-14,ded400bd99d0525f109e312456fba5df514a4d773b390ecc853d70110c30193b,2.8419196231345367,4.3343772081684131,4.3343772081684131,0,0
Labour,CES0500000003,3,after_week_2,2023-09,Labour Bridge Ridge,Labour Bridge Ridge,1,2023-09-14,b92020924c9b8daef618fd1bf659b4548d6867910f86e626465a464ba71cce2d,2.4819036768708003,5.3155740159421079,5.3155740159421079,0,0
Labour,CES0500000003,3,after_week_2,2023-10,Labour Bridge Ridge,Labour Bridge Ridge,1,2023-10-14,c8bb26bc6ccd1e562376422f23b273f0897968f271d71fef3c2c57267c55258c,2.473134984027503,4.4201485844702617,4.4201485844702617,0,0
Labour,CES0500000003,3,after_week_2,2023-11,Labour Bridge Ridge,Labour Bridge Ridge,1,2023-11-14,f5c0f612dc58e9016dc44763f1e1b02ededc60d3770a17e50bdb3572bb610a1c,4.230321654821978,5.0648064507304049,5.0648064507304049,0,0
Labour,CES0500000003,3,after_week_2,2023-12,Labour Bridge Ridge,Labour Bridge Ridge,1,2023-12-14,aff022967a092f45ea0cc83de606b7add419d69251ad673c8850e401433d4a81,5.2639359156470888,3.2656347508094248,3.2656347508094248,0,0
Labour,CES0500000003,3,after_week_2,2024-01,Labour Bridge Ridge,Labour Bridge Ridge,1,2024-01-14,4137aca638b70cbdb714544313f398ba6149872c41a12595f85b84fec079499b,6.6173437171489269,4.0234149166767645,4.0234149166767645,0,0
Labour,CES0500000003,3,after_week_2,2024-02,Labour Bridge Ridge,Labour Bridge Ridge,1,2024-02-14,e66a3d829626762dc37bc2abaef61abbae0b316e83b458eb9e862f6e10aab1d2,1.7368652619673242,3.9018671705830892,3.9018671705830892,0,0
Labour,CES0500000003,3,after_week_2,2024-03,Labour Bridge Ridge,Labour Bridge Ridge,1,2024-03-14,6082a0e5af4d013b8a575a7e0c2f72c977bf815d00f07e82c024da13b8dbdd8c,4.1582484577501688,5.0738806579658728,5.0738806579658728,0,0
Labour,CES0500000003,3,after_week_2,2024-04,Labour Bridge Ridge,Labour Bridge Ridge,1,2024-04-14,f361a111d81ddea7281c1841c3e7377ead6751e7738e314e5c5a783bd67b93a7,2.4197041181523105,4.3833625457826564,4.3833625457826564,0,0
Labour,CES0500000003,3,after_week_2,2024-05,Labour Bridge Ridge,Labour Bridge Ridge,1,2024-05-14,8aaa812faa2efa57d1e16617bd809a906549a3d52532e4eb2aa5a91bf3174426,4.822050116609411,4.7123856525357537,4.7123856525357537,0,0
Labour,CES0500000003,3,after_week_2,2024-06,Labour Bridge Ridge,Labour Bridge Ridge,1,2024-06-14,5b118d1a38fdc61e0354d414940750989584533b032f3ebc5108ce5237a83dda,3.4334787372383602,4.8900505351465178,4.8900505351465178,0,0
Labour,CES0500000003,3,after_week_2,2024-07,Labour Bridge Ridge,Labour Bridge Ridge,1,2024-07-14,b9d9d06b76243fbeb3e3c4f0ee993d001c65ada355bcca8b593fcb3afbe8683b,2.7405093269878833,5.8931292227355971,5.8931292227355971,0,0
Labour,CES0500000003,3,after_week_2,2024-08,Labour Bridge Ridge,Labour Bridge Ridge,1,2024-08-14,68ab36fad37d8d08cf9611ee2be678ce8b335aca49799811a4838a7bdc8c0a82,4.7808828178496299,4.9042901759344675,4.9042901759344675,0,0
Labour,CES0500000003,3,after_week_2,2024-09,Labour Bridge Ridge,Labour Bridge Ridge,1,2024-09-14,814ee909d35ffc640fcbea52b33bfdb18fdaecd4e09d342999f2426fec159eec,4.4198944995560652,4.1828840590099468,4.1828840590099468,0,0
Labour,CES0500000003,3,after_week_2,2024-10,Labour Bridge Ridge,Labour Bridge Ridge,1,2024-10-14,61b8d5b40194c98196c5f929ef9c999e7e018da38356e02462e8016b1c5c8cb9,4.4074071300096662,4.4829748224419284,4.4829748224419284,0,0
Labour,CES0500000003,3,after_week_2,2024-11,Labour Bridge Ridge,Labour Bridge Ridge,1,2024-11-14,215c1be6722346fedf96008e93374abccf3a01c6c1ba6059675edd4b9ce324ea,4.3888078179692869,5.3630950984835994,5.3630950984835994,0,0
Labour,CES0500000003,3,after_week_2,2024-12,Labour Bridge Ridge,Labour Bridge Ridge,1,2024-12-14,d3c3c0e7405a14727e41d886ce321ba0ab55bd204b29cf9a0eeaca5c20ea4ea8,3.3670055759611017,4.486715895148107,4.486715895148107,0,0
Labour,CES0500000003,3,after_week_2,2025-01,Labour Bridge Ridge,Labour Bridge Ridge,1,2025-01-14,4b93e5cdf0425cd1cc7f61e84aa17c7dca1aaf5c8808b9ff6e9e159f8e2eb790,5.7007233103172794,3.4449177763657794,3.4449177763657794,0,0
Labour,CES0500000003,3,after_week_2,2025-02,Labour Bridge Ridge,Labour Bridge Ridge,1,2025-02-14,22b8da27f748fc8795008423c52ac6d06223d40a9b614318c2cdfde7d1a7f7e4,3.3444837702777619,4.4961503585404872,4.4961503585404872,0,0
Labour,CES0500000003,3,after_week_2,2025-03,Labour Bridge Ridge,Labour Bridge Ridge,1,2025-03-14,9cf450f9b31e54e708500e903cf3587e84972f39f67c485e2e322be211f2980e,3.0037562617421187,5.5338945909631274,5.5338945909631274,0,0
Labour,CES0500000003,3,after_week_2,2025-04,Labour Bridge Ridge,Labour Bridge Ridge,1,2025-04-14,9a23e979555fdbc6d14c6e1f43c1d3c6518de5890fe29d3f9aa359c8ccdec8a4,1.9983351828734897,4.6502271282151124,4.6502271282151124,0,0
Labour,CES0500000003,3,after_week_2,2025-05,Labour Bridge Ridge,Labour Bridge Ridge,1,2025-05-14,213c183aeee6eec37fe9f7d97708b57570c27ee87cfb24ea035a6736a5562a7f,4.9771950240979024,4.3155713860167655,4.3155713860167655,0,0
Labour,CES0500000003,3,after_week_2,2025-06,Labour Bridge Ridge,Labour Bridge Ridge,1,2025-06-14,2564788b5d1c10d7b86de0010b313903faea9132d4a494b277bcf0770590cc5b,2.6475465786454322,4.2335978611917593,4.2335978611917593,0,0
Labour,CES0500000003,3,after_week_2,2025-07,Labour Bridge Ridge,Labour Bridge Ridge,1,2025-07-14,1d642d82148daeb467d53ad4ca7cb5a0683458f104637af0db56793bf314b3b7,3.9582223903979141,4.630053516691941,4.630053516691941,0,0
Labour,CES0500000003,3,after_week_2,2025-08,Labour Bridge Ridge,Labour Bridge Ridge,1,2025-08-14,c3f066641b9fa527f7df4b280e9f7960a407b74c79d35fc133459acfda7eae9c,3.2894757440626421,4.0795713426932405,4.0795713426932405,0,0
Labour,CES0500000003,3,after_week_2,2025-09,Labour Bridge Ridge,Labour Bridge Ridge,1,2025-09-14,fb1375351bcb66a8ebe84262496380f7546d5de53dce37c8bb491382c2e5a504,2.948806944617921,4.5596450810551374,4.5596450810551374,0,0
Labour,CES0500000003,3,after_week_2,2025-10,Labour Bridge Ridge,Labour Bridge Ridge,1,2025-10-14,fb99f5e2d83988b21675b8e517a9d2ad3e1e5dbf58c99242db9372de579fc9de,5.2273428699233904,4.2842602476838998,4.2842602476838998,0,0
Labour,CES0500000003,3,after_week_2,2025-11,Labour Bridge Ridge,Labour Bridge Ridge,1,2025-11-14,fce261c232d8f7fc7176fbc41f5bc9f760fd4c375ab1f47f68118cb00ac9f65f,1.6288858208966417,4.3292296776996322,4.3292296776996322,0,0
Labour,CES0500000003,3,after_week_2,2025-12,Labour Bridge Ridge,Labour Bridge Ridge,1,2025-12-14,75d0ef6ecaab0a4dcc8eca7c1982f999d0fde8656a1445135f3843c530e18e15,3.8961073186440487,3.4944199351408036,3.4944199351408036,0,0
Labour,CES0500000003,3,after_week_2,2026-01,Labour Bridge Ridge,Labour Bridge Ridge,1,2026-01-14,f5b2998c2021fe2be01a4d559269087f59f319630d1c9c4e67dbf8d0e0073a04,4.8524125965711207,4.6325235518607037,4.6325235518607037,0,0
Labour,CES0500000003,3,after_week_2,2026-02,Labour Bridge Ridge,Labour Bridge Ridge,1,2026-02-14,80041a019a51c1f914d20ffc21c55e1aa914c77955be7e9ec773633233791864,4.8328700039784067,3.4249279436167113,3.4249279436167113,0,0
Labour,CES0500000003,3,after_week_2,2026-03,Labour Bridge Ridge,Labour Bridge Ridge,1,2026-03-14,80f673451026065a08158f9ad45264f9545624108dcbb152c0a0a194392e4665,2.8927294040249407,4.7453606234694519,4.7453606234694519,0,0
Labour,CES0500000003,3,after_week_2,2026-04,Labour Bridge Ridge,Labour Bridge Ridge,1,2026-04-14,8629ac2b41f90c9aeeb10f8c512b4f6fab7ad55f787730548b9a49b370b1d2da,1.9261641374738403,4.0068078152780089,4.0068078152780089,0,0
Labour,CES0500000003,3,after_week_2,2026-05,Labour Bridge Ridge,Labour Bridge Ridge,1,2026-05-14,0caf7bc06b0509c09b64ca8b897e8f5a13585e8a2ebddb51be170b64ab40ea7f,3.8430777442499675,4.5045176025526468,4.5045176025526468,0,0
Labour,CES0500000003,3,after_week_2,2026-06,Labour Bridge Ridge,Labour Bridge Ridge,1,2026-06-14,3e5fe4178128c4c9c691c210afb5c33042b4f830dfae2cf299efd5ce99376254,4.1517007480594614,3.7304815449600017,3.7304815449600017,0,0
Labour,CES0500000003,4,month_end,2023-02,Labour Equal-Weight Ensemble,Labour Bridge Ridge,0,2023-02-28,6279ba25f52d576567d18e8c8d0c041afe74443b1991c4639a039fa121bde214,2.9046912821033999,3.0633886184552463,2.8216062599893368,0.018281723665476736,0.075612314237783362
Labour,CES0500000003,4,month_end,2023-03,Labour Equal-Weight Ensemble,Labour Bridge Ridge,0,2023-03-31,97c2667ce008751c1b7129bd44acbe9aa35adf09d5459c5a81e6a34249711428,3.2593953945330156,4.0909145018695101,4.4795914452305059,-0.7974543762720715,-0.38867694336099579
Labour,CES0500000003,4,month_end,2023-04,Labour Equal-Weight Ensemble,Labour Bridge Ridge,0,2023-04-30,e811f526b64f8e7326cd3d36e4d2062d605e0421fec2fb11ecf8d12b27b2c893,5.7692418817232749,4.0560865174452756,4.721887007320352,1.8379490692189222,0.66580048987507645
Labour,CES0500000003,4,month_end,2023-05,Labour Equal-Weight Ensemble,Labour Bridge Ridge,0,2023-05-31,47a3ec2530f58d9c3b9b533370d871a212d295cc2d8510e172b9cf67c635cc4e,3.9538750762231345,3.6886223017675732,4.1368184994044901,0.036890738271060305,0.082309351274205689
Labour,CES0500000003,4,month_end,2023-06,Labour Equal-Weight Ensemble,Labour Bridge Ridge,0,2023-06-30,84395dc96d4f2a5c9468cb5755d3d1d33991b8259cb83f65753aa4f99fc85048,4.2959473088599154,3.8743132343918241,4.3250479850280374,0.17692844339912209,0.39253339829996925
Labour,CES0500000003,4,month_end,2023-07,Labour Equal-Weight Ensemble,Labour Bridge Ridge,0,2023-07-31,fbc319d6b5ac0fd2775cd9c76bd4dcd8de1f4360e65a63d4718ace7671787554,4.9896121783962855,4.1549715728036043,5.2227400536978594,0.64227633426149133,0.60151273029110719
Labour,CES0500000003,4,month_end,2023-08,Labour Equal-Weight Ensemble,Labour Bridge Ridge,0,2023-08-31,98f13c26d07eaf0eb0e880cd715440adc3fbae7968b44b9231773834cccf4443,2.8419196231345367,3.8128378525933848,4.4318535078284107,-1.5852075494022486,-0.61901565523502589
Labour,CES0500000003,4,month_end,2023-09,Labour Equal-Weight Ensemble,Labour Bridge Ridge,0,2023-09-30,67078a8f26e3a5e1d4f32ab4069129481cef2e548278a60daddb0f9108f5e2ed,2.4819036768708003,4.1830026768001822,5.1211384729257947,-4.0718225011467046,-0.93813579612561249
Labour,CES0500000003,4,month_end,2023-10,Labour Equal-Weight Ensemble,Labour Bridge Ridge,0,2023-10-31,dafc9e6a287c630203f0500d569d359231ed7e0bc3cadecea74f0289ddd91749,2.473134984027503,3.8534355012884376,4.7231076588512266,-3.157147519502618,-0.86967215756278904
Labour,CES0500000003,4,month_end,2023-11,Labour Equal-Weight Ensemble,Labour Bridge Ridge,0,2023-11-30,699604e989d8b352ecf5a2746628df7956010c4a22358acf6525a9a470e4964b,4.230321654821978,4.1816160575680525,4.8889280362340122,-0.43139013043279228,-0.60990078415810878
Labour,CES0500000003,4,month_end,2023-12,Labour Equal-Weight Ensemble,Labour Bridge Ridge,0,2023-12-31,276f8d1dd873542255063c66d57a96bd3f3eb179ef1c67bd1b2b9304a8d82da6,5.2639359156470888,3.4802786834859791,3.1472816189076473,-1.2987922900649091,-0.33299706457833178
Labour,CES0500000003,4,month_end,2024-01,Labour Equal-Weight Ensemble,Labour Bridge Ridge,0,2024-01-31,8b7ca7ee27539c100809fb99a89db4363c964d7ce55b3e34fa72dabf6ba8438d,6.6173437171489269,3.6535059868772897,3.97597570668262,1.8075091246669936,0.32246971980533035
Labour,CES0500000003,4,month_end,2024-02,Labour Equal-Weight Ensemble,Labour Bridge Ridge,0,2024-02-29,04841ef40dafcdc536a79240e7a22a4ea8336419419f1ec8074618f2a3963450,1.7368652619673242,3.7624345021224088,4.0607238501606098,-1.297387991257243,-0.29828934803820095
Labour,CES0500000003,4,month_end,2024-03,Labour Equal-Weight Ensemble,Labour Bridge Ridge,0,2024-03-31,d8f9cec934588cef4f635943e0a3012b5d783790202aef237ba7b866779390e9,4.1582484577501688,4.0754792230145096,4.948933883608416,-0.61833269644591116,-0.70791619112258797
Labour,CES0500000003,4,month_end,2024-04,Labour Equal-Weight Ensemble,Labour Bridge Ridge,0,2024-04-30,c8a398c207425212c887b26d5dbe108904be6744256a227a3bf1b8630afe050c,2.4197041181523105,3.945312535792779,4.4812860733306907,-1.922639113941659,-0.53597353753791177
Labour,CES0500000003,4,month_end,2024-05,Labour Equal-Weight Ensemble,Labour Bridge Ridge,0,2024-05-31,4c4446c658be80fb35aa570dec5ca427851a31b7ddfe358ae6a03c9b0edc48ec,4.822050116609411,4.1252424295102772,4.6774991093507801,0.46464595910095952,0.55225667984050286
Labour,CES0500000003,4,month_end,2024-06,Labour Equal-Weight Ensemble,Labour Bridge Ridge,0,2024-06-30,66b68196eefe79db940752639d613747ca2ba48e5ea9ffb2463ea72cace78419,3.4334787372383602,4.1117929743640884,4.8932934743759011,-1.670948862476489,-0.7815005000118127
Labour,CES0500000003,4,month_end,2024-07,Labour Equal-Weight Ensemble,Labour Bridge Ridge,0,2024-07-31,c3a0cfd07a89a9461ffab86252ae088529cb2362cc99b544dee29cdc48adf2f6,2.7405093269878833,4.2175397570386473,5.3828498645496916,-4.8003446251464812,-1.1653101075110444
Labour,CES0500000003,4,month_end,2024-08,Labour Equal-Weight Ensemble,Labour Bridge Ridge,0,2024-08-31,732c63f7ec21aca5181fcbf6a7ce6e57eecc05a6e05ae98f806fe33824c84b98,4.7808828178496299,3.9165519426831019,4.6289801535859159,0.72399344235572149,0.71242821090281394
Labour,CES0500000003,4,month_end,2024-09,Labour Equal-Weight Ensemble,Labour Bridge Ridge,0,2024-09-30,01cfebddb7a8f5d4de9b24b54aa2c3119e470edbe7ad3c651429945bc92b3825,4.4198944995560652,3.5703736123769008,4.0253638419365094,0.5660312979519555,0.45499022955960866
Labour,CES0500000003,4,month_end,2024-10,Labour Equal-Weight Ensemble,Labour Bridge Ridge,0,2024-10-31,bb84d013a9a2a7b27d5fe0aa8e8d9395b3a3d825ace33a5cbb55efc1207025e5,4.4074071300096662,4.1327153999588511,4.5190197854652014,0.062998161700473898,0.16307907459527993
Labour,CES0500000003,4,month_end,2024-11,Labour Equal-Weight Ensemble,Labour Bridge Ridge,0,2024-11-30,47f401181e8f074bd710761ba1e46076c3e0995fa29431b0fde81a166a48cb18,4.3888078179692869,4.4100552891495459,5.3470482854956689,-0.9177733385736232,-0.93699299634612299
Labour,CES0500000003,4,month_end,2024-12,Labour Equal-Weight Ensemble,Labour Bridge Ridge,0,2024-12-31,761459f7a6b227c41ed280a4a05d2437356630df52b11dc143100317fe789afd,3.3670055759611017,3.4712235562084359,4.3977539654580351,-1.051580855043688,-0.92653040924959917
Labour,CES0500000003,4,month_end,2025-01,Labour Equal-Weight Ensemble,Labour Bridge Ridge,0,2025-01-31,bc182377d8909f138a980f0f2af1a3b5342236e8fb97dc046d48ba4782727463,5.7007233103172794,3.6314795262795809,3.6821821722171739,0.207261511576184,0.050702645937592994
Labour,CES0500000003,4,month_end,2025-02,Labour Equal-Weight Ensemble,Labour Bridge Ridge,0,2025-02-28,008dc5003c888083c121f90abe86553ff4e5ca7037c97c44fa1bdda536129088,3.3444837702777619,4.0488567342119559,4.5124666204640596,-0.86804266600786617,-0.46360988625210364
Labour,CES0500000003,4,month_end,2025-03,Labour Equal-Weight Ensemble,Labour Bridge Ridge,0,2025-03-31,bc04457d4517591c1730c971e9ba798296295a2942edca566dc5fb768e1ee180,3.0037562617421187,3.9738324913594791,5.4738373182977185,-5.1602525346861938,-1.5000048269382393
Labour,CES0500000003,4,month_end,2025-04,Labour Equal-Weight Ensemble,Labour Bridge Ridge,0,2025-04-30,6dcf1b1fbb1683899ae0571023bb9a23c38b5900f187f0d317ccba88c6a32075,1.9983351828734897,3.9115627685220158,4.5555120193722685,-2.878713578639414,-0.64394925085025267
Labour,CES0500000003,4,month_end,2025-05,Labour Equal-Weight Ensemble,Labour Bridge Ridge,0,2025-05-31,8814e19f98ccf79260e2df771557f49f21b55de93e6451e4f28fc8adfb2e4008,4.9771950240979024,3.8407559135193203,4.3809185253680454,0.93594818911510158,0.54016261184872505
Labour,CES0500000003,4,month_end,2025-06,Labour Equal-Weight Ensemble,Labour Bridge Ridge,0,2025-06-30,7b456dd2caa6006bbe768b4f8f087f1aeecd143f3c5cc3fa1bebc2b73e5c09d3,2.6475465786454322,3.9170370056932313,4.2946911205697118,-1.1014791976249414,-0.37765411487648048
Labour,CES0500000003,4,month_end,2025-07,Labour Equal-Weight Ensemble,Labour Bridge Ridge,0,2025-07-31,4d961af8bf48247227b9886247f41c6245bc2a7c214e9b6a5e509260eb549c2a,3.9582223903979141,3.6612779883501361,4.0662229597189627,0.076511854933841827,0.18894383272672943
Labour,CES0500000003,4,month_end,2025-08,Labour Equal-Weight Ensemble,Labour Bridge Ridge,0,2025-08-31,6c62b6995120e86b0d022a54a9fe4b3b17a236c6a063d185b725ab3453847f74,3.2894757440626421,3.6779154395828102,4.0611020436210481,-0.44452174911439807,-0.3831866040382379
Labour,CES0500000003,4,month_end,2025-09,Labour Equal-Weight Ensemble,Labour Bridge Ridge,0,2025-09-30,8370e6bddaf1ac9bdd5f8039854e4d3bf31c27979ed1408ff01f7f76beffc2e6,2.948806944617921,3.8804067610056525,4.5058945716299519,-1.5566436603003024,-0.62548781062429937
Labour,CES0500000003,4,month_end,2025-10,Labour Equal-Weight Ensemble,Labour Bridge Ridge,0,2025-10-31,9de3aa1627a6c212eec7e285c9949b1a9f5f06e5b9d4a1f7141ab72ba522eb0a,5.2273428699233904,3.7859335708443749,4.2842602476838998,1.1882559351013451,0.49832667683952492
Labour,CES0500000003,4,month_end,2025-11,Labour Equal-Weight Ensemble,Labour Bridge Ridge,0,2025-11-30,0c896a2302e5e5210650a5bcc02de10294e49638d0e25e558104a6669ae65edd,1.6288858208966417,3.7636107365166382,4.2542172141739751,-2.3353144591587034,-0.49060647765733689
Labour,CES0500000003,4,month_end,2025-12,Labour Equal-Weight Ensemble,Labour Bridge Ridge,0,2025-12-31,17f9c04874b999f3808b7961e7affc0f1aac0cbea808e40e38082edb0d6d1831,3.8961073186440487,3.5778763688610575,3.6240728840298893,0.027268203783939252,0.04619651516883172
Labour,CES0500000003,4,month_end,2026-01,Labour Equal-Weight Ensemble,Labour Bridge Ridge,0,2026-01-31,5be923ed610a63b5e8d0127b7176fb220b55dd1a9efc221ebe5f38b499ee9a2d,4.8524125965711207,3.8918550312687401,4.7045142980798431,0.90079692956302204,0.81265926681110301
Labour,CES0500000003,4,month_end,2026-02,Labour Equal-Weight Ensemble,Labour Bridge Ridge,0,2026-02-28,da7fe850311202997c3df1f480d1ecd82e7a36fa5c90ab9bc02c6f4e527081cf,4.8328700039784067,3.5995302091546884,3.5189868543128822,-0.20516188147918735,-0.080543354841806192
Labour,CES0500000003,4,month_end,2026-03,Labour Equal-Weight Ensemble,Labour Bridge Ridge,0,2026-03-31,0b3941461f2aa9c93166e499ca454e286199ed8cb9170c88f5a48c886b779fc5,2.8927294040249407,3.883653954731217,4.2078408685129798,-0.74758669883543927,-0.32418691378176279
Labour,CES0500000003,4,month_end,2026-04,Labour Equal-Weight Ensemble,Labour Bridge Ridge,0,2026-04-30,e9b2931657ea7e2c64fdec1868969d68b6fa4f0098307b891f6492385ff27cfe,1.9261641374738403,3.7376417168498413,4.2189885708044104,-1.9755928614957137,-0.48134685395456911
Labour,CES0500000003,4,month_end,2026-05,Labour Equal-Weight Ensemble,Labour Bridge Ridge,0,2026-05-31,1a433339712659ccc8304b58487b1d8576405e57dfadf386daff065d937734e8,3.8430777442499675,3.6630516492161274,4.6210989778755094,-0.57290764507907677,-0.59799513859170172
Labour,CES0500000003,4,month_end,2026-06,Labour Equal-Weight Ensemble,Labour Bridge Ridge,0,2026-06-30,cfc5d3f5304c510ad3b5c71a0b1da69b55da82e144777d9838460b3ef80935bd,4.1517007480594614,3.5347982593996101,3.7537641974488336,0.22221518220283323,0.21896593804922349
Labour,CES0500000003,5,pre_employment_report,2023-02,Labour Equal-Weight Ensemble,Labour Bridge Ridge,0,2023-03-09,ea1953db71ea93329228e0be21b528f4229ee4087001f532d032e7c08430992a,2.9046912821033999,3.1515956996831029,2.495662697586452,-0.10634259153156563,-0.16212416693724485
Labour,CES0500000003,5,pre_employment_report,2023-03,Labour Equal-Weight Ensemble,Labour Bridge Ridge,0,2023-04-06,c56eac5a7e701385dda0a1d390a232e05d0df7e0b23351958797c02c8a6db216,3.2593953945330156,4.1378376757135831,4.7904572791224913,-1.5724896530769579,-0.65261960340890823
Labour,CES0500000003,5,pre_employment_report,2023-04,Labour Equal-Weight Ensemble,Labour Bridge Ridge,0,2023-05-04,a45b23477f7ad3211864f8b90308b33a3f4a5dcbe3bc716e61bd4072869944fa,5.7692418817232749,4.0500160467945312,4.4410016384813353,1.1915153277190289,0.39098559168680413
Labour,CES0500000003,5,pre_employment_report,2023-05,Labour Equal-Weight Ensemble,Labour Bridge Ridge,0,2023-06-01,780a896b5ae77b003c614f12ec4890201f28be64859fea0aac6731484376ca2e,3.9538750762231345,3.6873249924302236,4.1303543047904157,0.039904029054305151,0.090070855225629742
Labour,CES0500000003,5,pre_employment_report,2023-06,Labour Equal-Weight Ensemble,Labour Bridge Ridge,0,2023-07-06,bf8f19819a871ad1c1d1cd6fc4b976ae7385ba2db41b40831f7e51fb5f1e5a12,4.2959473088599154,3.6712446280232953,3.8812457979022508,0.21827609625389,0.21000116987895545
Labour,CES0500000003,5,pre_employment_report,2023-07,Labour Equal-Weight Ensemble,Labour Bridge Ridge,0,2023-08-03,1fbb51fcff7e9a26b23c58e68f7f791da8a62fbf6323c2c5f244c8a399327bee,4.9896121783962855,4.3765555801060598,5.3246926417922849,0.26355947575750538,0.27797613489422623
Labour,CES0500000003,5,pre_employment_report,2023-08,Labour Equal-Weight Ensemble,Labour Bridge Ridge,0,2023-08-31,98f13c26d07eaf0eb0e880cd715440adc3fbae7968b44b9231773834cccf4443,2.8419196231345367,3.8128378525933848,4.4318535078284107,-1.5852075494022486,-0.61901565523502589
Labour,CES0500000003,5,pre_employment_report,2023-09,Labour Equal-Weight Ensemble,Labour Bridge Ridge,0,2023-10-05,28723410f143be952a4248168e4ee6e9eacf07eb0d4d374ff5b2e1472ee4ed0b,2.4819036768708003,4.087544555578364,5.6098979912684213,-7.2062657995270456,-1.5223534356900572
Labour,CES0500000003,5,pre_employment_report,2023-10,Labour Equal-Weight Ensemble,Labour Bridge Ridge,0,2023-11-02,d4fe0e651754d4e46172c21d3bfe0cc37f332928bbeddc93a54c9d86da74dfec,2.473134984027503,3.8407983513239472,4.3408671123017308,-1.6179202167431281,-0.50006876097778363
Labour,CES0500000003,5,pre_employment_report,2023-11,Labour Equal-Weight Ensemble,Labour Bridge Ridge,0,2023-12-07,48c8b1e298d62e2347ce60adc394dbf07031c5fc7ede397c06bc43220de5f2cf,4.230321654821978,4.1618678711574075,4.4756092228806201,-0.055480070546127191,-0.17683378439407171
Labour,CES0500000003,5,pre_employment_report,2023-12,Labour Equal-Weight Ensemble,Labour Bridge Ridge,0,2024-01-04,c5e56cffe44735191f46e496aa0b24ddf4cd493263fa7c72f17608600b8da4fa,5.2639359156470888,3.496506062538113,3.3118551151845863,-0.68681116587350877,-0.18465094735352672
Labour,CES0500000003,5,pre_employment_report,2024-01,Labour Equal-Weight Ensemble,Labour Bridge Ridge,0,2024-02-01,3701b2b60e17f3a387ae6dd4e9bc665cc172f5749b445cec879e69b5b005416e,6.6173437171489269,3.7032100700519557,4.0786884614138135,2.0474044056711804,0.37547839136185779
Labour,CES0500000003,5,pre_employment_report,2024-02,Labour Equal-Weight Ensemble,Labour Bridge Ridge,0,2024-03-07,a8ee776c9f04382a27263870e48955c258b313cab6154421801a9a3c9d2d95cf,1.7368652619673242,3.9061399710661981,4.1930902637635725,-1.3272884959129758,-0.28695029269737438
Labour,CES0500000003,5,pre_employment_report,2024-03,Labour Equal-Weight Ensemble,Labour Bridge Ridge,0,2024-04-04,3c614a922141ff47ddcbb53904e11bec16d45036125079e935570cd818d20308,4.1582484577501688,4.1078711304600413,5.1306366705577133,-0.94300096130215383,-0.92201088551741694
Labour,CES0500000003,5,pre_employment_report,2024-04,Labour Equal-Weight Ensemble,Labour Bridge Ridge,0,2024-05-02,c19c383bf66ea97e8440e09bbf68fb6cae777bb3d7dda974dc99d85629750969,2.4197041181523105,3.9948850397440157,4.2509648958409265,-0.87232110015422126,-0.25607985609691086
Labour,CES0500000003,5,pre_employment_report,2024-05,Labour Equal-Weight Ensemble,Labour Bridge Ridge,0,2024-06-06,e5739ff7426bc2d03e33812e3dc053aafe2e99bdd80ee86b4d90b7ea686d5a11,4.822050116609411,4.1361643194752586,4.8742257995557372,0.467717024819436,0.63371011418782608
Labour,CES0500000003,5,pre_employment_report,2024-06,Labour Equal-Weight Ensemble,Labour Bridge Ridge,0,2024-07-04,6497673dc139911c57af9fc6a34db5905086eb186e0aca8fadc5040ec52000fe,3.4334787372383602,4.0734840228833109,5.1901703146039724,-2.6763585323338077,-1.1166862917206615
Labour,CES0500000003,5,pre_employment_report,2024-07,Labour Equal-Weight Ensemble,Labour Bridge Ridge,0,2024-08-01,1cb149f34c3a59f532e4c49889de041b32bf26f923648d832d4fb47e89fccca4,2.7405093269878833,4.2292550379286462,5.3994618288384562,-4.853664615252903,-1.1702067909098099
Labour,CES0500000003,5,pre_employment_report,2024-08,Labour Equal-Weight Ensemble,Labour Bridge Ridge,0,2024-09-05,24a267aaceb23a104c9ca97b400f9fb58668961c2456c19611e82d7266e00b5e,4.7808828178496299,3.7985969021446042,4.4995755135661604,0.88575182074922831,0.70097861142155615
Labour,CES0500000003,5,pre_employment_report,2024-09,Labour Equal-Weight Ensemble,Labour Bridge Ridge,0,2024-10-03,85384614c03de2ae9110b37baa3cac585f55f2fcf76aaaa0322fc5ef4b037c14,4.4198944995560652,3.5153801746603901,3.8532581538655437,0.49706941568397073,0.33787797920515361
Labour,CES0500000003,5,pre_employment_report,2024-10,Labour Equal-Weight Ensemble,Labour Bridge Ridge,0,2024-10-31,bb84d013a9a2a7b27d5fe0aa8e8d9395b3a3d825ace33a5cbb55efc1207025e5,4.4074071300096662,4.1327153999588511,4.5190197854652014,0.062998161700473898,0.16307907459527993
Labour,CES0500000003,5,pre_employment_report,2024-11,Labour Equal-Weight Ensemble,Labour Bridge Ridge,0,2024-12-05,8508c1e46daa20337ca3613a5e44f3d99c40f85a4a8627509a10a97d7b3f22b7,4.3888078179692869,4.1490023231062052,5.9281324415601535,-2.3120136214266358,-1.299519128727785
Labour,CES0500000003,5,pre_employment_report,2024-12,Labour Equal-Weight Ensemble,Labour Bridge Ridge,0,2025-01-09,a9d997314e99be04688b87f0fa8abb96895adeb156522b3fd9b3bf5733a710ce,3.3670055759611017,3.6259649080399954,3.735225092322171,-0.068525676558433057,-0.10926018428217565
Labour,CES0500000003,5,pre_employment_report,2025-01,Labour Equal-Weight Ensemble,Labour Bridge Ridge,0,2025-02-06,d7a1933298a6c1eafdc265f1fcaef2b01689992bda7854961bda82dd6f236d48,5.7007233103172794,3.7212070687792083,3.792883083688261,0.27863022016914663,0.071676014909052732
Labour,CES0500000003,5,pre_employment_report,2025-02,Labour Equal-Weight Ensemble,Labour Bridge Ridge,0,2025-03-06,9ffd3f9202ace8cf1da7b1c03d131c29c1c9dd1d8971d2ee9f2081b84239a5a3,3.3444837702777619,4.058767955792784,4.5348645828096394,-0.90680458116719453,-0.4760966270168554
Labour,CES0500000003,5,pre_employment_report,2025-03,Labour Equal-Weight Ensemble,Labour Bridge Ridge,0,2025-04-03,31ea4c9aa3e553fd66fc90d0dd85528f33587c204bc8248b227aca4b2e36df5d,3.0037562617421187,4.0429820005971813,4.8413978588982705,-2.2969365032997615,-0.79841585830108919
Labour,CES0500000003,5,pre_employment_report,2025-04,Labour Equal-Weight Ensemble,Labour Bridge Ridge,0,2025-05-01,75104d601135eddf8c1e3b6c360c34a122a3c061b69b7fae10f981935160c092,1.9983351828734897,3.9371475570436281,4.5938305415070761,-2.9776027344532405,-0.65668298446344808
Labour,CES0500000003,5,pre_employment_report,2025-05,Labour Equal-Weight Ensemble,Labour Bridge Ridge,0,2025-06-05,67b0243a3d7a58d67ae63e1e4f7c7e9ac44ec4b6923aa2f940a86dde6890a140,4.9771950240979024,3.9196308893054805,4.4020381842706371,0.78763650879915725,0.48240729496515655
Labour,CES0500000003,5,pre_employment_report,2025-06,Labour Equal-Weight Ensemble,Labour Bridge Ridge,0,2025-07-02,78d55cfdf9cd0d23d2462d64acbbde0fa06facc98833bfd6d481ac34ca86290b,2.6475465786454322,3.6850341742694099,4.3569246720179384,-1.8455929550282022,-0.67189049774852849
Labour,CES0500000003,5,pre_employment_report,2025-07,Labour Equal-Weight Ensemble,Labour Bridge Ridge,0,2025-07-31,4d961af8bf48247227b9886247f41c6245bc2a7c214e9b6a5e509260eb549c2a,3.9582223903979141,3.6612779883501361,4.0662229597189627,0.076511854933841827,0.18894383272672943
Labour,CES0500000003,5,pre_employment_report,2025-08,Labour Equal-Weight Ensemble,Labour Bridge Ridge,0,2025-09-04,bc9a81409939e0bfa9d677aeb16622edab37721b5b13a6522d9bb51234d21353,3.2894757440626421,3.6508324964227477,4.1016048200573509,-0.52897493359977688,-0.45077232363460329
Labour,CES0500000003,5,pre_employment_report,2025-09,Labour Equal-Weight Ensemble,Labour Bridge Ridge,0,2025-11-19,5a7cfc6a74b6b09b4fa07ebbd9b0e05841092b974ddb2f28af3796f79fcda4f3,2.948806944617921,3.8804067610056525,4.5058945716299519,-1.5566436603003024,-0.62548781062429937
Labour,CES0500000003,5,pre_employment_report,2025-10,Labour Equal-Weight Ensemble,Labour Bridge Ridge,0,2025-12-15,f98a1afbb63fe46a326528c231b267a54ab54163e5726a6c2ac0f36fad7972c3,5.2273428699233904,3.9819291526570439,5.1084328958966783,1.5369157452321456,1.1265037432396343
Labour,CES0500000003,5,pre_employment_report,2025-11,Labour Equal-Weight Ensemble,Labour Bridge Ridge,0,2025-12-15,f98a1afbb63fe46a326528c231b267a54ab54163e5726a6c2ac0f36fad7972c3,1.6288858208966417,4.0137406596629575,4.4843747832010497,-2.466284611855194,-0.4706341235380922
Labour,CES0500000003,5,pre_employment_report,2025-12,Labour Equal-Weight Ensemble,Labour Bridge Ridge,0,2026-01-08,7f2574b0e02739ebd85c44cb6e8a029224cac4418bcd3f9b7fd238cef0330635,3.8961073186440487,3.4940531793084055,3.9023150444635224,0.16160899509707502,0.39584641351616945
Labour,CES0500000003,5,pre_employment_report,2026-01,Labour Equal-Weight Ensemble,Labour Bridge Ridge,0,2026-02-10,fee22f4da32cbfc3f29b149dfc127e9e54c4e3051c2cf9b3852d4873286d2847,4.8524125965711207,4.0303251768828376,4.7767197465811426,0.67009831807013398,0.74639456969830498
Labour,CES0500000003,5,pre_employment_report,2026-02,Labour Equal-Weight Ensemble,Labour Bridge Ridge,0,2026-03-05,36b785424159da4fdf5b6c9479a7b2a92ea365c14a7224f96e2d6728a732524f,4.8328700039784067,3.6025737308024524,3.5281787178182293,-0.1885904323916554,-0.074395012984223019
Labour,CES0500000003,5,pre_employment_report,2026-03,Labour Equal-Weight Ensemble,Labour Bridge Ridge,0,2026-04-02,45a17d7fe6bdfd8cff1f18fa59146367abf91a4f48b35e20fdf663b9168460ab,2.8927294040249407,3.8835039518147014,4.2141549314743498,-0.76453122004694429,-0.3306509796596484
Labour,CES0500000003,5,pre_employment_report,2026-04,Labour Equal-Weight Ensemble,Labour Bridge Ridge,0,2026-05-07,c1a70b31504609df70e57a8900964825b53d74c5d0f5fd5f3c774df3b96ba5b0,1.9261641374738403,3.5517854180694246,4.3251006962190131,-3.1122520649589038,-0.77331527814958845
Labour,CES0500000003,5,pre_employment_report,2026-05,Labour Equal-Weight Ensemble,Labour Bridge Ridge,0,2026-06-04,92a663192feec587f3176af523495241328ecabc278f467430e3efe81b876abe,3.8430777442499675,3.647201409666144,4.6022403259986877,-0.5379602870773883,-0.56328624716489673
Labour,CES0500000003,5,pre_employment_report,2026-06,Labour Equal-Weight Ensemble,Labour Bridge Ridge,0,2026-07-01,4ddd519170c9cffa44842a12fe5193c70298c5681d7a3335155c60f1a9b10bf1,4.1517007480594614,3.5347982593996101,3.7537641974488336,0.22221518220283323,0.21896593804922349
Labour,PAYEMS,1,month_open,2023-02,Labour 12-Month Mean,Labour Bridge Ridge,0,2023-02-01,a625e8022d1833e223ee211a4d0dc372e5fd183c04740ebbcd8913bb57033a61,311,375.25,344.92089020795555,2977.4357074998252,30.329109792044449
Labour,PAYEMS,1,month_open,2023-03,Labour 12-Month Mean,Labour Bridge Ridge,0,2023-03-01,9c677fcb35ec200fbad5da0c1d6f9f47034a0a3b1ada1b288239b7872f68ac41,236,401.16666666666669,318.92910184804663,20402.791844454092,82.237564818620058
Labour,PAYEMS,1,month_open,2023-04,Labour 12-Month Mean,Labour Bridge Ridge,0,2023-04-01,de14489ce738d0aa9d434beb29ac87c6b1c1045ae0496fb5e29591065aea364b,253,411.08333333333331,235.82368759446274,24695.314569925158,140.90702092779605
Labour,PAYEMS,1,month_open,2023-05,Labour 12-Month Mean,Labour Bridge Ridge,0,2023-05-01,7f83bf8482e2c2930f8ac46371522cd54958a30311b96105be2e9af7368463e5,339,360.25,177.51988131687835,-25624.266229915051,-140.23011868312165
Labour,PAYEMS,1,month_open,2023-06,Labour 12-Month Mean,Labour Bridge Ridge,0,2023-06-01,780a896b5ae77b003c614f12ec4890201f28be64859fea0aac6731484376ca2e,209,332.91666666666669,301.07785680949053,6877.0085631487418,31.838809857176159
Labour,PAYEMS,1,month_open,2023-07,Labour 12-Month Mean,Labour Bridge Ridge,0,2023-07-01,3a4c14b4be18f6ceb889d4b76f185b7118870ecdf457828c530aa21dd96674ed,187,340.66666666666669,37.738790104212413,1334.5356648900852,4.4054567708790842
Labour,PAYEMS,1,month_open,2023-08,Labour 12-Month Mean,Labour Bridge Ridge,0,2023-08-01,ccb96bbce2db9e933322c92059d3ac77bd10deef41331c2b428204b788a4a218,187,316,472.60948841038197,-64931.779870040118,-156.60948841038197
Labour,PAYEMS,1,month_open,2023-09,Labour 12-Month Mean,Labour Bridge Ridge,0,2023-09-01,34d4cc0b568fa2fe0432876aee9da9fcd5b749809db5f1eb09648c661964643c,336,271,252.11014089545353,-2812.5084605806587,-18.889859104546474
Labour,PAYEMS,1,month_open,2023-10,Labour 12-Month Mean,Labour Bridge Ridge,0,2023-10-01,2501f3ee713082b68040e08e0c96faa39b1d30ed992d5a5e135d82f85e635122,150,271,614.40312825856029,-201029.26553633681,-343.40312825856029
Labour,PAYEMS,1,month_open,2023-11,Labour 12-Month Mean,Labour Bridge Ridge,0,2023-11-01,a54cb0106a3f48fc14619cacce2ee2c6a7574aa8f68f547408b64fcb04c16cfa,199,266,312.80869032386522,-8463.4179932334537,-46.808690323865221
Labour,PAYEMS,1,month_open,2023-12,Labour 12-Month Mean,Labour Bridge Ridge,0,2023-12-01,c2c85a0812bf8a07ee4c04256da709a5e1b62f787e0859b5c27c65ff95fde2e3,216,257.58333333333331,28.017258315499731,-33608.337560110449,-146.39940835116695
Labour,PAYEMS,1,month_open,2024-01,Labour 12-Month Mean,Labour Bridge Ridge,0,2024-01-01,3519333accd53327f1080036a15493a48742a0a34f4f87436c06d7119d3e3764,353,240.16666666666666,470.5823662796401,-1094.2517488083322,-4.7490329463067553
Labour,PAYEMS,1,month_open,2024-02,Labour 12-Month Mean,Labour Bridge Ridge,0,2024-02-01,3701b2b60e17f3a387ae6dd4e9bc665cc172f5749b445cec879e69b5b005416e,275,224.75,211.46548756948641,-1511.5717697830855,-13.284512430513587
Labour,PAYEMS,1,month_open,2024-03,Labour 12-Month Mean,Labour Bridge Ridge,0,2024-03-01,77548f2852b75aef580efa27cc6c20479ec5dc3089e524f4893a7b89b3ff0f3c,303,254.66666666666666,238.30554644348126,-1849.2612098654481,-16.361120223185395
Labour,PAYEMS,1,month_open,2024-04,Labour 12-Month Mean,Labour Bridge Ridge,0,2024-04-01,f3e7ab5cea5b82b2ff68483aefae2427714a7b2b3172e6acc5bdef31debf210b,175,230,243.32435638808374,-1643.21767584588,-13.324356388083743
Labour,PAYEMS,1,month_open,2024-05,Labour 12-Month Mean,Labour Bridge Ridge,0,2024-05-01,54bb7e70ea519f9b1d13ed3660f1d855156a427c1a91f45267677ad5bbe663f2,272,243.91666666666666,339.84704665225212,-3814.5481283217637,-39.763713318918775
Labour,PAYEMS,1,month_open,2024-06,Labour 12-Month Mean,Labour Bridge Ridge,0,2024-06-01,1a29a50fce25676ba4df60dc2a227497d5912955dfc3391913627a002c9252a3,206,242.08333333333334,182.59012101605407,753.98451040145164,12.673454349387413
Labour,PAYEMS,1,month_open,2024-07,Labour 12-Month Mean,Labour Bridge Ridge,0,2024-07-01,4c87aae8629352590fc1e432e4813cbaff4f6e9f6b181cea657a60ee780a4e0c,114,232.25,71.139714369030258,12146.058415631689,75.389714369030258
Labour,PAYEMS,1,month_open,2024-08,Labour 12-Month Mean,Labour Bridge Ridge,0,2024-08-01,1cb149f34c3a59f532e4c49889de041b32bf26f923648d832d4fb47e89fccca4,142,217.58333333333334,99.709582792805151,3924.3608902191772,33.292916126138493
Labour,PAYEMS,1,month_open,2024-09,Labour 12-Month Mean,Labour Bridge Ridge,0,2024-09-01,5fdfc5666824fdc0b1b10afc856fa2d9825c20b59931314ccf7bd7e9db343ae9,254,215.16666666666666,282.12121133608713,717.22525076890327,10.712121997246214
Labour,PAYEMS,1,month_open,2024-10,Labour 12-Month Mean,Labour Bridge Ridge,0,2024-10-01,f7b88be0eee7738e05aa6fee1d30c15c4a80e51c0331616978de0f0bbf3cedcb,12,196.5,224.20822898699953,-10992.082449798829,-27.708228986999529
Labour,PAYEMS,1,month_open,2024-11,Labour 12-Month Mean,Labour Bridge Ridge,0,2024-11-01,48f5e811c5e66226b53eaec64496c7be903b86ac794ef9d8d90efc169a49a304,227,193.83333333333334,-138.96005580201461,-132826.73466483585,-332.79338913534798
Labour,PAYEMS,1,month_open,2024-12,Labour 12-Month Mean,Labour Bridge Ridge,0,2024-12-01,65bb2277f867bc39d04bd21dd903761138ec9b7b1607aa99aeb44ec8f6e16bc3,256,193.83333333333334,185.03748043182495,-1170.9847390191844,-8.7958529015083968
Labour,PAYEMS,1,month_open,2025-01,Labour 12-Month Mean,Labour Bridge Ridge,0,2025-01-01,232704b0d42e2a1666e5093bd494eef549eea6361b508fa98d4163161219c108,143,185.75,139.61221913790195,1816.0854408304021,39.362219137901945
Labour,PAYEMS,1,month_open,2025-02,Labour 12-Month Mean,Labour Bridge Ridge,0,2025-02-01,54d87f057dbe572aa4d6800f9f043c021a1b5f0621ff2e5cb1ad699b26014af8,151,188.83333333333334,391.65432636499963,-56483.14368708065,-202.82099303166629
Labour,PAYEMS,1,month_open,2025-03,Labour 12-Month Mean,Labour Bridge Ridge,0,2025-03-01,1bc4c18efc619ff94240cac4cabc8566a6add3141589d781de955ac10217975e,228,166.33333333333334,132.53981909871607,-5309.8683599280766,-33.793514234617277
Labour,PAYEMS,1,month_open,2025-04,Labour 12-Month Mean,Labour Bridge Ridge,0,2025-04-01,79549f7da5fac61d28805e92085456fd205ab626655c43ab48524b9d93b3ead2,177,162.25,248.64949511461535,-4916.0876501792891,-56.899495114615348
Labour,PAYEMS,1,month_open,2025-05,Labour 12-Month Mean,Labour Bridge Ridge,0,2025-05-01,75104d601135eddf8c1e3b6c360c34a122a3c061b69b7fae10f981935160c092,139,156.75,177.89463941293468,-1197.7304750622118,-21.14463941293468
Labour,PAYEMS,1,month_open,2025-06,Labour 12-Month Mean,Labour Bridge Ridge,0,2025-06-01,02b6774eb3f19b903187739584a159e96a8d8e7537de832aabd525a17ab6b6b0,147,151.91666666666666,167.89052853362477,-412.24057130307983,-15.973861866958117
Labour,PAYEMS,1,month_open,2025-07,Labour 12-Month Mean,Labour Bridge Ridge,0,2025-07-01,b6b9c06c653e60e89f358828ec8730bc4e680f2fe36784bafa9d410e93efd003,73,144.41666666666666,-61.400129587974305,-12963.054555486509,-62.983462921307648
Labour,PAYEMS,1,month_open,2025-08,Labour 12-Month Mean,Labour Bridge Ridge,0,2025-08-01,2fcac741c98a87ac4181a30967023a1886f8e59147a4827b2b0a1f5ab8858d18,22,129.25,322.91620768567077,-79048.001547925742,-193.66620768567077
Labour,PAYEMS,1,month_open,2025-09,Labour 12-Month Mean,Labour Bridge Ridge,0,2025-09-01,56a43cb6d4a83f7018a9e5c08194f26e20ec8059795f73a8315391ae48e158a9,119,129.25,78.055923141328975,-1571.3549298087601,-30.694076858671025
Labour,PAYEMS,1,month_open,2025-10,Labour 12-Month Mean,Labour Bridge Ridge,0,2025-10-01,52ea09ee5653c4b92176fe231383636eec9c7a0aabcb0a20f703476593b0a995,-105,122.16666666666667,95.773044196184742,11294.879168641302,26.393622470481944
Labour,PAYEMS,1,month_open,2025-11,Labour 12-Month Mean,Labour Bridge Ridge,0,2025-11-01,977a5c002ed197043d5d39ecac45bdef20d03cbe8aaa4e545052854d2b848f65,64,122.16666666666667,86.990651803379407,2854.7910407668787,35.176014863287264
Labour,PAYEMS,1,month_open,2025-12,Labour 12-Month Mean,Labour Bridge Ridge,0,2025-12-01,58c0cb4c638b2295a728f26941de0aa0d421dc6d67fc92e942c0ebb0e8d4d96f,50,119.41666666666667,237.47254724255163,-30327.28235849964,-118.05588057588496
Labour,PAYEMS,1,month_open,2026-01,Labour 12-Month Mean,Labour Bridge Ridge,0,2026-01-01,fac6f29d2b652c12cdf69a6e5efa5ffde4c492936a9adc66a209dc433e7273d7,130,106.58333333333333,325.31912327921026,-37601.219640781557,-171.90245661254357
Labour,PAYEMS,1,month_open,2026-02,Labour 12-Month Mean,Labour Bridge Ridge,0,2026-02-01,e5cdc81382c78fb1f258be68d762c3f7d2cdd962727c129f638e8a8db7f98c73,-92,106.58333333333333,230.01188923243447,-64256.316529263851,-123.42855589910113
Labour,PAYEMS,1,month_open,2026-03,Labour 12-Month Mean,Labour Bridge Ridge,0,2026-03-01,16b1a548967fdcffc384c08ec2ab49737230674e04f3d332ba7f12961213b0d7,178,53,169.73618331768563,15556.709333841103,116.73618331768563
Labour,PAYEMS,1,month_open,2026-04,Labour 12-Month Mean,Labour Bridge Ridge,0,2026-04-01,9df61ce80c86f71100d8b13eb9ef4d8b48d49deb3b3e5e9ce0cac90ff6c6844d,115,41.916666666666664,196.58413786133343,-1314.7979394659469,-8.5008045280000886
Labour,PAYEMS,1,month_open,2026-05,Labour 12-Month Mean,Labour Bridge Ridge,0,2026-05-01,6c034c922c5f56744e61d8c891e2a7b7f4a87342629911312ea4e92ca7e1ad5a,172,41.333333333333336,317.55948752409756,-4113.7866305001407,-14.892820857430905
Labour,PAYEMS,1,month_open,2026-06,Labour 12-Month Mean,Labour Bridge Ridge,0,2026-06-01,2a9dcc995e4322da4a57b74e2df32835f188a11d6f41b195fdcafd7580cb2d98,57,35.083333333333336,85.346121881921334,-323.16234796696182,-6.42945521525467
Labour,PAYEMS,2,after_week_1,2023-02,Labour Bridge Ridge,Labour Bridge Ridge,1,2023-02-07,bb41d6dfe98a395523c37c474f213db161202a21d6b68c213d32b3cd9487d8ff,311,679.1298757406455,679.1298757406455,0,0
Labour,PAYEMS,2,after_week_1,2023-03,Labour Bridge Ridge,Labour Bridge Ridge,1,2023-03-07,04d542ce609f6ce78f4fb75c8c7f297a3a3521c22fa3383998fa70977d5761ee,236,332.03152352259525,332.03152352259525,0,0
Labour,PAYEMS,2,after_week_1,2023-04,Labour Bridge Ridge,Labour Bridge Ridge,1,2023-04-07,d6291ecb4244544f0603af35576d597cf0ad0e6af414b0dd4da59e14033b9d8b,253,-81.660840557629271,-81.660840557629271,0,0
Labour,PAYEMS,2,after_week_1,2023-05,Labour Bridge Ridge,Labour Bridge Ridge,1,2023-05-07,534bcacc239f9d9bc0ce2ecfc6f4243a4cb1d4205daaf6b49325cb9c542ba6dc,339,272.69465347658377,272.69465347658377,0,0
Labour,PAYEMS,2,after_week_1,2023-06,Labour Bridge Ridge,Labour Bridge Ridge,1,2023-06-07,6e46d3399a89fbed7a12c75408ae6f4c803fdbf2f2b618c06662410c19837114,209,361.34212692593252,361.34212692593252,0,0
Labour,PAYEMS,2,after_week_1,2023-07,Labour Bridge Ridge,Labour Bridge Ridge,1,2023-07-07,77ba7fefe2849cfab833dadd8c869b78456ad996c7411b1a46556d234973fb79,187,-111.29978177033736,-111.29978177033736,0,0
Labour,PAYEMS,2,after_week_1,2023-08,Labour Bridge Ridge,Labour Bridge Ridge,1,2023-08-07,b12d207d247e6299aa4c05ccfc0651dad64482d8216ff838262719b475fe8bc0,187,435.63646086219046,435.63646086219046,0,0
Labour,PAYEMS,2,after_week_1,2023-09,Labour Bridge Ridge,Labour Bridge Ridge,1,2023-09-07,5dfa949842e927b33ada7d19d99bd4787428f2e189df197e651ba3958f39b74d,336,256.69599123812333,256.69599123812333,0,0
Labour,PAYEMS,2,after_week_1,2023-10,Labour Bridge Ridge,Labour Bridge Ridge,1,2023-10-07,d9d493e5ffc80c8624d08be9014bd596d65351a375f0f2610c0f89f612f96dda,150,552.41811505061276,552.41811505061276,0,0
Labour,PAYEMS,2,after_week_1,2023-11,Labour Bridge Ridge,Labour Bridge Ridge,1,2023-11-07,92bf152df1d49ecadde4f53d12cfe935f7739382310fdbaa04dac35fc39a3ece,199,75.606658478174808,75.606658478174808,0,0
Labour,PAYEMS,2,after_week_1,2023-12,Labour Bridge Ridge,Labour Bridge Ridge,1,2023-12-07,48c8b1e298d62e2347ce60adc394dbf07031c5fc7ede397c06bc43220de5f2cf,216,62.057179316488103,62.057179316488103,0,0
Labour,PAYEMS,2,after_week_1,2024-01,Labour Bridge Ridge,Labour Bridge Ridge,1,2024-01-07,a252c50a87f26aba33a12acedf7870a0a48f124684b844c1ad2f0650d5369cd4,353,322.19485460168812,322.19485460168812,0,0
Labour,PAYEMS,2,after_week_1,2024-02,Labour Bridge Ridge,Labour Bridge Ridge,1,2024-02-07,a4241ad2fc581d1496b94a0b1bec695555a3d43881a153582fa6b660ae64a15d,275,406.58436372554661,406.58436372554661,0,0
Labour,PAYEMS,2,after_week_1,2024-03,Labour Bridge Ridge,Labour Bridge Ridge,1,2024-03-07,a8ee776c9f04382a27263870e48955c258b313cab6154421801a9a3c9d2d95cf,303,282.4531895499407,282.4531895499407,0,0
Labour,PAYEMS,2,after_week_1,2024-04,Labour Bridge Ridge,Labour Bridge Ridge,1,2024-04-07,ca78175c4d5921f128c9ea62d66a38c43edce9fd95b11492bfdef46efef9422e,175,257.47394644514549,257.47394644514549,0,0
Labour,PAYEMS,2,after_week_1,2024-05,Labour Bridge Ridge,Labour Bridge Ridge,1,2024-05-07,ba741d1b161e87db6a8511e63833a6c04f0fcbf08a7534893c60302232e6ab6f,272,322.81579487884278,322.81579487884278,0,0
Labour,PAYEMS,2,after_week_1,2024-06,Labour Bridge Ridge,Labour Bridge Ridge,1,2024-06-07,a169daa65ea8b174d1c6c12af99fac4c2c993e382e163b9b729280e5bda003f2,206,112.72075168140729,112.72075168140729,0,0
Labour,PAYEMS,2,after_week_1,2024-07,Labour Bridge Ridge,Labour Bridge Ridge,1,2024-07-07,59d76c06705e6428cb53e639d275bd1c60f4cd814f4e38381f010eb1fbfb991c,114,-115.35993456981944,-115.35993456981944,0,0
Labour,PAYEMS,2,after_week_1,2024-08,Labour Bridge Ridge,Labour Bridge Ridge,1,2024-08-07,e42c04762dad2df063bb0350438ac0035341666051ecdfb9e487763adb761ed9,142,175.10868679173581,175.10868679173581,0,0
Labour,PAYEMS,2,after_week_1,2024-09,Labour Bridge Ridge,Labour Bridge Ridge,1,2024-09-07,6630db4ba0d712d7c49345b6885e146b8167fbe90b0cd4a7afdcd4f8399bcfb9,254,180.63874355348511,180.63874355348511,0,0
Labour,PAYEMS,2,after_week_1,2024-10,Labour Bridge Ridge,Labour Bridge Ridge,1,2024-10-07,db7b7696e6aae99e7694dd5e1c58c95683a8d4964287ec1a555371478da90ebc,12,282.76237474536919,282.76237474536919,0,0
Labour,PAYEMS,2,after_week_1,2024-11,Labour Bridge Ridge,Labour Bridge Ridge,1,2024-11-07,96e1ec0cf077d79a876d72878c52811dd67fc548936fe8bc4d7a31f5c16a0d3d,227,-146.00291769215949,-146.00291769215949,0,0
Labour,PAYEMS,2,after_week_1,2024-12,Labour Bridge Ridge,Labour Bridge Ridge,1,2024-12-07,b12f8d34692d44fd7280401e60abc407818c59de8c6522a02b37f0100be55cdb,256,319.96642429115167,319.96642429115167,0,0
Labour,PAYEMS,2,after_week_1,2025-01,Labour Bridge Ridge,Labour Bridge Ridge,1,2025-01-07,4922dff46c56aee99cc2df4e0191b2d1b1854b99292fc5080c21169b2a227bbe,143,408.02366429579359,408.02366429579359,0,0
Labour,PAYEMS,2,after_week_1,2025-02,Labour Bridge Ridge,Labour Bridge Ridge,1,2025-02-07,93edd098120094468c12061d68adb07729e2994766c3600755c23d0b76750c61,151,326.04549720664903,326.04549720664903,0,0
Labour,PAYEMS,2,after_week_1,2025-03,Labour Bridge Ridge,Labour Bridge Ridge,1,2025-03-07,054bd2f0a117ba037ef1e61ffa5443e5c43f4a7ac0859433ffb20157ae45a464,228,138.7157918335987,138.7157918335987,0,0
Labour,PAYEMS,2,after_week_1,2025-04,Labour Bridge Ridge,Labour Bridge Ridge,1,2025-04-07,38f9c3fd6b2e04c3e040adaa16477edc05783a6cc9be160a94499d836679f8b9,177,250.13243234500698,250.13243234500698,0,0
Labour,PAYEMS,2,after_week_1,2025-05,Labour Bridge Ridge,Labour Bridge Ridge,1,2025-05-07,1277a270d8450380abcfaaad3ec190cb54f3a176d3573292c5ab982d2593bc8e,139,201.97871484678905,201.97871484678905,0,0
Labour,PAYEMS,2,after_week_1,2025-06,Labour Bridge Ridge,Labour Bridge Ridge,1,2025-06-07,83beda7e8df1fea8713ab210f3e177bf0993ab54a8305a67d5576a637bd589a8,147,90.232851172730633,90.232851172730633,0,0
Labour,PAYEMS,2,after_week_1,2025-07,Labour Bridge Ridge,Labour Bridge Ridge,1,2025-07-07,fcaf5bc138fe2f3332d5d1509669235199f952e3a2960a20504ac231e8463b50,73,-3.007726467050972,-3.007726467050972,0,0
Labour,PAYEMS,2,after_week_1,2025-08,Labour Bridge Ridge,Labour Bridge Ridge,1,2025-08-07,e96b583c044cdd4e56c565cfe33c2b2a448d1affd9b2a1d4f123434714f8f419,22,322.99612090524283,322.99612090524283,0,0
Labour,PAYEMS,2,after_week_1,2025-09,Labour Bridge Ridge,Labour Bridge Ridge,1,2025-09-07,de2edea823cb93c6737bf52e436d82048db9488695b8cfe07863468096cba4a0,119,56.874462321106797,56.874462321106797,0,0
Labour,PAYEMS,2,after_week_1,2025-10,Labour Bridge Ridge,Labour Bridge Ridge,1,2025-10-07,360b1bf55e81a63dface52829e6e00ba960cea56442717def8f2f6b1f1a7555d,-105,95.773044196184742,95.773044196184742,0,0
Labour,PAYEMS,2,after_week_1,2025-11,Labour Bridge Ridge,Labour Bridge Ridge,1,2025-11-07,ca8b81a0095c12210660a4fb6cc9660677d5e71f1aec8d56d540e31fa3056ad8,64,86.990651803379407,86.990651803379407,0,0
Labour,PAYEMS,2,after_week_1,2025-12,Labour Bridge Ridge,Labour Bridge Ridge,1,2025-12-07,3e12e701e5a2d64154efe9bea276c8029ad622a52886daabaede35dd87e07236,50,296.84607660921898,296.84607660921898,0,0
Labour,PAYEMS,2,after_week_1,2026-01,Labour Bridge Ridge,Labour Bridge Ridge,1,2026-01-07,d43da6537ff4bcad48bd47092b820d596fcb9c64db7fa6c95a58451e5a56770d,130,146.74495150914237,146.74495150914237,0,0
Labour,PAYEMS,2,after_week_1,2026-02,Labour Bridge Ridge,Labour Bridge Ridge,1,2026-02-07,37c69c231cbac476995f7ae8103aef740098628d299161150c826005831eadd2,-92,246.27095383015075,246.27095383015075,0,0
Labour,PAYEMS,2,after_week_1,2026-03,Labour Bridge Ridge,Labour Bridge Ridge,1,2026-03-07,f7b758ab5cd15f34035c7f85593761ad6610b9cf39f92cf30fe1302005238127,178,32.033768090260395,32.033768090260395,0,0
Labour,PAYEMS,2,after_week_1,2026-04,Labour Bridge Ridge,Labour Bridge Ridge,1,2026-04-07,756f7615f928dae9df0542acd7dbc63ca7013dc60608c838446f6205be7d8080,115,326.84876244774176,326.84876244774176,0,0
Labour,PAYEMS,2,after_week_1,2026-05,Labour Bridge Ridge,Labour Bridge Ridge,1,2026-05-07,c1a70b31504609df70e57a8900964825b53d74c5d0f5fd5f3c774df3b96ba5b0,172,216.69372840494543,216.69372840494543,0,0
Labour,PAYEMS,2,after_week_1,2026-06,Labour Bridge Ridge,Labour Bridge Ridge,1,2026-06-07,8784239341aa001ab1647806c07a3f0361b1419a04dfa39baa7e045cd22234ad,57,162.94911168250195,162.94911168250195,0,0
Labour,PAYEMS,3,after_week_2,2023-02,Labour Factor Ridge,Labour Bridge Ridge,0,2023-02-14,8493c3522808cec4223f6f3d60cef7f8cb31652eb221cdb7aeb18631eac2e8ad,311,515.94364259341387,680.4975041756893,-94526.508952606557,-164.55386158227543
Labour,PAYEMS,3,after_week_2,2023-03,Labour Factor Ridge,Labour Bridge Ridge,0,2023-03-14,20c40afbcca5c648db06a4273bcffc60ee94d000b3934a3793b1cb51918278bb,236,-30.172287435149755,238.78522058785188,70839.929144736991,263.38706684729789
Labour,PAYEMS,3,after_week_2,2023-04,Labour Factor Ridge,Labour Bridge Ridge,0,2023-04-14,67ee23bbaa58d22cbf3c8878e5129f497073227cf66af8559e3990e7ed85be3f,253,49.558871912661232,-4.1509308725194671,-24738.308651154293,-53.709802785180671
Labour,PAYEMS,3,after_week_2,2023-05,Labour Factor Ridge,Labour Bridge Ridge,0,2023-05-14,b003a900f1a4b4c48d303b15f513372ec6de625c0248d6c2eaa4985d38abb73e,339,-32.113592344799642,278.04201570423595,134009.42257365951,310.15560804903561
Labour,PAYEMS,3,after_week_2,2023-06,Labour Factor Ridge,Labour Bridge Ridge,0,2023-06-14,734ba86a6992f197f3ad1bf69bd17c3d9183d762c13d6d479bb70ac3ab3b0c76,209,242.92309913996777,370.16962309524195,-24824.870753402261,-127.24652395527417
Labour,PAYEMS,3,after_week_2,2023-07,Labour Factor Ridge,Labour Bridge Ridge,0,2023-07-14,e4811844862e309cfc8322d765ffa7a257731b6fe4cf0af7302c064d6f2e7608,187,170.8808885969508,-137.41339874487664,-104984.22753277842,-308.29428734182744
Labour,PAYEMS,3,after_week_2,2023-08,Labour Factor Ridge,Labour Bridge Ridge,0,2023-08-14,ded400bd99d0525f109e312456fba5df514a4d773b390ecc853d70110c30193b,187,15.589833727832868,444.94389519141419,-37153.607965067276,-86.533728919247039
Labour,PAYEMS,3,after_week_2,2023-09,Labour Factor Ridge,Labour Bridge Ridge,0,2023-09-14,b92020924c9b8daef618fd1bf659b4548d6867910f86e626465a464ba71cce2d,336,136.81352145994094,271.98870359358449,35577.807165559418,135.17518213364355
Labour,PAYEMS,3,after_week_2,2023-10,Labour Factor Ridge,Labour Bridge Ridge,0,2023-10-14,c8bb26bc6ccd1e562376422f23b273f0897968f271d71fef3c2c57267c55258c,150,456.84783833928861,542.04591854471892,-59544.406354078179,-85.198080205430301
Labour,PAYEMS,3,after_week_2,2023-11,Labour Factor Ridge,Labour Bridge Ridge,0,2023-11-14,f5c0f612dc58e9016dc44763f1e1b02ededc60d3770a17e50bdb3572bb610a1c,199,81.544989346939857,57.535318214555929,-6216.5766651464783,-24.009671132383929
Labour,PAYEMS,3,after_week_2,2023-12,Labour Factor Ridge,Labour Bridge Ridge,0,2023-12-14,aff022967a092f45ea0cc83de606b7add419d69251ad673c8850e401433d4a81,216,-24.600037012705698,351.24762643882758,39596.457353178695,105.3524105738781
Labour,PAYEMS,3,after_week_2,2024-01,Labour Factor Ridge,Labour Bridge Ridge,0,2024-01-14,4137aca638b70cbdb714544313f398ba6149872c41a12595f85b84fec079499b,353,90.859083674599077,322.895292300189,67811.566586229761,232.03620862558989
Labour,PAYEMS,3,after_week_2,2024-02,Labour Factor Ridge,Labour Bridge Ridge,0,2024-02-14,e66a3d829626762dc37bc2abaef61abbae0b316e83b458eb9e862f6e10aab1d2,275,237.30039354017504,393.84084779253914,-12701.886776823778,-81.141241332714173
Labour,PAYEMS,3,after_week_2,2024-03,Labour Factor Ridge,Labour Bridge Ridge,0,2024-03-14,6082a0e5af4d013b8a575a7e0c2f72c977bf815d00f07e82c024da13b8dbdd8c,303,117.63272753751264,206.00456144166702,24952.91059905868,88.371833904154386
Labour,PAYEMS,3,after_week_2,2024-04,Labour Factor Ridge,Labour Bridge Ridge,0,2024-04-14,f361a111d81ddea7281c1841c3e7377ead6751e7738e314e5c5a783bd67b93a7,175,162.66437155139695,252.76515923251239,-5895.2522612360217,-65.429530783909343
Labour,PAYEMS,3,after_week_2,2024-05,Labour Factor Ridge,Labour Bridge Ridge,0,2024-05-14,8aaa812faa2efa57d1e16617bd809a906549a3d52532e4eb2aa5a91bf3174426,272,32.670590217735182,321.21806716776848,54856.148250996259,190.11134261449632
Labour,PAYEMS,3,after_week_2,2024-06,Labour Factor Ridge,Labour Bridge Ridge,0,2024-06-14,5b118d1a38fdc61e0354d414940750989584533b032f3ebc5108ce5237a83dda,206,34.898819514139319,85.512344800214336,14758.338908112635,50.613525286075017
Labour,PAYEMS,3,after_week_2,2024-07,Labour Factor Ridge,Labour Bridge Ridge,0,2024-07-14,b9d9d06b76243fbeb3e3c4f0ee993d001c65ada355bcca8b593fcb3afbe8683b,114,223.47254080191308,-120.16226080851547,-42847.727197328692,-124.68972000660239
Labour,PAYEMS,3,after_week_2,2024-08,Labour Factor Ridge,Labour Bridge Ridge,0,2024-08-14,68ab36fad37d8d08cf9611ee2be678ce8b335aca49799811a4838a7bdc8c0a82,142,286.09737136586904,171.34514572122021,19902.914857153526,114.75222564464883
Labour,PAYEMS,3,after_week_2,2024-09,Labour Factor Ridge,Labour Bridge Ridge,0,2024-09-14,814ee909d35ffc640fcbea52b33bfdb18fdaecd4e09d342999f2426fec159eec,254,185.47766100331177,178.23005798174566,-1045.7731718725636,-7.2476030215661069
Labour,PAYEMS,3,after_week_2,2024-10,Labour Factor Ridge,Labour Bridge Ridge,0,2024-10-14,61b8d5b40194c98196c5f929ef9c999e7e018da38356e02462e8016b1c5c8cb9,12,253.75168924186622,276.16789771092652,-11340.798929714692,-22.416208469060308
Labour,PAYEMS,3,after_week_2,2024-11,Labour Factor Ridge,Labour Bridge Ridge,0,2024-11-14,215c1be6722346fedf96008e93374abccf3a01c6c1ba6059675edd4b9ce324ea,227,-211.63726053004706,-94.312714381421188,89160.785902147632,117.32454614862587
Labour,PAYEMS,3,after_week_2,2024-12,Labour Factor Ridge,Labour Bridge Ridge,0,2024-12-14,d3c3c0e7405a14727e41d886ce321ba0ab55bd204b29cf9a0eeaca5c20ea4ea8,256,648.54433939535511,321.55988272151563,149792.96016887686,326.98445667383947
Labour,PAYEMS,3,after_week_2,2025-01,Labour Factor Ridge,Labour Bridge Ridge,0,2025-01-14,4b93e5cdf0425cd1cc7f61e84aa17c7dca1aaf5c8808b9ff6e9e159f8e2eb790,143,120.08789819743214,308.12702991547701,-26741.971599695604,-142.21492811290915
Labour,PAYEMS,3,after_week_2,2025-02,Labour Factor Ridge,Labour Bridge Ridge,0,2025-02-14,22b8da27f748fc8795008423c52ac6d06223d40a9b614318c2cdfde7d1a7f7e4,151,28.143197932514596,353.04918353667972,-25730.078753589602,-79.192381469194316
Labour,PAYEMS,3,after_week_2,2025-03,Labour Factor Ridge,Labour Bridge Ridge,0,2025-03-14,9cf450f9b31e54e708500e903cf3587e84972f39f67c485e2e322be211f2980e,228,491.78746208794672,-13.997459808896892,11021.054600841249,21.790002279049816
Labour,PAYEMS,3,after_week_2,2025-04,Labour Factor Ridge,Labour Bridge Ridge,0,2025-04-14,9a23e979555fdbc6d14c6e1f43c1d3c6518de5890fe29d3f9aa359c8ccdec8a4,177,228.15619163587593,255.43550632610487,-3535.1727099459754,-27.279314690228944
Labour,PAYEMS,3,after_week_2,2025-05,Labour Factor Ridge,Labour Bridge Ridge,0,2025-05-14,213c183aeee6eec37fe9f7d97708b57570c27ee87cfb24ea035a6736a5562a7f,139,212.217829370473,202.72544018354387,1299.9188111372714,9.492389186929131
Labour,PAYEMS,3,after_week_2,2025-06,Labour Factor Ridge,Labour Bridge Ridge,0,2025-06-14,2564788b5d1c10d7b86de0010b313903faea9132d4a494b277bcf0770590cc5b,147,52.57208625696029,80.537918859606393,4499.4226643506845,27.965832602646103
Labour,PAYEMS,3,after_week_2,2025-07,Labour Factor Ridge,Labour Bridge Ridge,0,2025-07-14,1d642d82148daeb467d53ad4ca7cb5a0683458f104637af0db56793bf314b3b7,73,452.67370237916543,-5.7600125607919921,137948.98069972699,300.91368981837343
Labour,PAYEMS,3,after_week_2,2025-08,Labour Factor Ridge,Labour Bridge Ridge,0,2025-08-14,c3f066641b9fa527f7df4b280e9f7960a407b74c79d35fc133459acfda7eae9c,22,291.95107103239002,318.35139483556088,-14950.568469448015,-26.400323803170863
Labour,PAYEMS,3,after_week_2,2025-09,Labour Factor Ridge,Labour Bridge Ridge,0,2025-09-14,fb1375351bcb66a8ebe84262496380f7546d5de53dce37c8bb491382c2e5a504,119,172.41413208866464,64.887626694057019,-75.079438016416589,-0.69824121727833699
Labour,PAYEMS,3,after_week_2,2025-10,Labour Factor Ridge,Labour Bridge Ridge,0,2025-10-14,fb99f5e2d83988b21675b8e517a9d2ad3e1e5dbf58c99242db9372de579fc9de,-105,163.29742977335496,95.773044196184742,31673.695547185183,67.524385577170221
Labour,PAYEMS,3,after_week_2,2025-11,Labour Factor Ridge,Labour Bridge Ridge,0,2025-11-14,fce261c232d8f7fc7176fbc41f5bc9f760fd4c375ab1f47f68118cb00ac9f65f,64,153.43516609240444,86.990651803379407,7470.0788636317366,66.444514289025037
Labour,PAYEMS,3,after_week_2,2025-12,Labour Factor Ridge,Labour Bridge Ridge,0,2025-12-14,75d0ef6ecaab0a4dcc8eca7c1982f999d0fde8656a1445135f3843c530e18e15,50,55.771496597769492,384.00075220607039,-111523.19230124277,-328.22925560830089
Labour,PAYEMS,3,after_week_2,2026-01,Labour Factor Ridge,Labour Bridge Ridge,0,2026-01-14,f5b2998c2021fe2be01a4d559269087f59f319630d1c9c4e67dbf8d0e0073a04,130,270.25781262945583,112.76719549556319,19375.284452511398,123.02500812501901
Labour,PAYEMS,3,after_week_2,2026-02,Labour Factor Ridge,Labour Bridge Ridge,0,2026-02-14,80041a019a51c1f914d20ffc21c55e1aa914c77955be7e9ec773633233791864,-92,110.94344160387666,354.01804941190096,-157746.05991117083,-243.0746078080243
Labour,PAYEMS,3,after_week_2,2026-03,Labour Factor Ridge,Labour Bridge Ridge,0,2026-03-14,80f673451026065a08158f9ad45264f9545624108dcbb152c0a0a194392e4665,178,434.00132990178872,11.662133585337955,37868.395108102515,89.663463487126677
Labour,PAYEMS,3,after_week_2,2026-04,Labour Factor Ridge,Labour Bridge Ridge,0,2026-04-14,8629ac2b41f90c9aeeb10f8c512b4f6fab7ad55f787730548b9a49b370b1d2da,115,264.92246388507147,337.83918002190586,-27180.554975464813,-72.916716136834395
Labour,PAYEMS,3,after_week_2,2026-05,Labour Factor Ridge,Labour Bridge Ridge,0,2026-05-14,0caf7bc06b0509c09b64ca8b897e8f5a13585e8a2ebddb51be170b64ab40ea7f,172,421.18935822718458,124.02556623917791,59793.789959004622,201.2149244663625
Labour,PAYEMS,3,after_week_2,2026-06,Labour Factor Ridge,Labour Bridge Ridge,0,2026-06-14,3e5fe4178128c4c9c691c210afb5c33042b4f830dfae2cf299efd5ce99376254,57,474.33281970938594,163.20514083372294,162887.1504670759,311.12767887566304
Labour,PAYEMS,4,month_end,2023-02,Labour Bridge Ridge,Labour Bridge Ridge,1,2023-02-28,6279ba25f52d576567d18e8c8d0c041afe74443b1991c4639a039fa121bde214,311,665.6478479893218,665.6478479893218,0,0
Labour,PAYEMS,4,month_end,2023-03,Labour Bridge Ridge,Labour Bridge Ridge,1,2023-03-31,97c2667ce008751c1b7129bd44acbe9aa35adf09d5459c5a81e6a34249711428,236,244.41862044385573,244.41862044385573,0,0
Labour,PAYEMS,4,month_end,2023-04,Labour Bridge Ridge,Labour Bridge Ridge,1,2023-04-30,e811f526b64f8e7326cd3d36e4d2062d605e0421fec2fb11ecf8d12b27b2c893,253,-40.968750147817545,-40.968750147817545,0,0
Labour,PAYEMS,4,month_end,2023-05,Labour Bridge Ridge,Labour Bridge Ridge,1,2023-05-31,47a3ec2530f58d9c3b9b533370d871a212d295cc2d8510e172b9cf67c635cc4e,339,343.98976172218829,343.98976172218829,0,0
Labour,PAYEMS,4,month_end,2023-06,Labour Bridge Ridge,Labour Bridge Ridge,1,2023-06-30,84395dc96d4f2a5c9468cb5755d3d1d33991b8259cb83f65753aa4f99fc85048,209,347.88506706093887,347.88506706093887,0,0
Labour,PAYEMS,4,month_end,2023-07,Labour Bridge Ridge,Labour Bridge Ridge,1,2023-07-31,fbc319d6b5ac0fd2775cd9c76bd4dcd8de1f4360e65a63d4718ace7671787554,187,-126.4036650911916,-126.4036650911916,0,0
Labour,PAYEMS,4,month_end,2023-08,Labour Bridge Ridge,Labour Bridge Ridge,1,2023-08-31,98f13c26d07eaf0eb0e880cd715440adc3fbae7968b44b9231773834cccf4443,187,417.67699877891579,417.67699877891579,0,0
Labour,PAYEMS,4,month_end,2023-09,Labour Bridge Ridge,Labour Bridge Ridge,1,2023-09-30,67078a8f26e3a5e1d4f32ab4069129481cef2e548278a60daddb0f9108f5e2ed,336,291.26670852895109,291.26670852895109,0,0
Labour,PAYEMS,4,month_end,2023-10,Labour Bridge Ridge,Labour Bridge Ridge,1,2023-10-31,dafc9e6a287c630203f0500d569d359231ed7e0bc3cadecea74f0289ddd91749,150,405.56635425741513,405.56635425741513,0,0
Labour,PAYEMS,4,month_end,2023-11,Labour Bridge Ridge,Labour Bridge Ridge,1,2023-11-30,699604e989d8b352ecf5a2746628df7956010c4a22358acf6525a9a470e4964b,199,90.979432503016113,90.979432503016113,0,0
Labour,PAYEMS,4,month_end,2023-12,Labour Bridge Ridge,Labour Bridge Ridge,1,2023-12-31,276f8d1dd873542255063c66d57a96bd3f3eb179ef1c67bd1b2b9304a8d82da6,216,371.69853692171483,371.69853692171483,0,0
Labour,PAYEMS,4,month_end,2024-01,Labour Bridge Ridge,Labour Bridge Ridge,1,2024-01-31,8b7ca7ee27539c100809fb99a89db4363c964d7ce55b3e34fa72dabf6ba8438d,353,346.70160527758821,346.70160527758821,0,0
Labour,PAYEMS,4,month_end,2024-02,Labour Bridge Ridge,Labour Bridge Ridge,1,2024-02-29,04841ef40dafcdc536a79240e7a22a4ea8336419419f1ec8074618f2a3963450,275,332.6551397617925,332.6551397617925,0,0
Labour,PAYEMS,4,month_end,2024-03,Labour Bridge Ridge,Labour Bridge Ridge,1,2024-03-31,d8f9cec934588cef4f635943e0a3012b5d783790202aef237ba7b866779390e9,303,207.38401238212663,207.38401238212663,0,0
Labour,PAYEMS,4,month_end,2024-04,Labour Bridge Ridge,Labour Bridge Ridge,1,2024-04-30,c8a398c207425212c887b26d5dbe108904be6744256a227a3bf1b8630afe050c,175,272.59287393326321,272.59287393326321,0,0
Labour,PAYEMS,4,month_end,2024-05,Labour Bridge Ridge,Labour Bridge Ridge,1,2024-05-31,4c4446c658be80fb35aa570dec5ca427851a31b7ddfe358ae6a03c9b0edc48ec,272,286.33791392704802,286.33791392704802,0,0
Labour,PAYEMS,4,month_end,2024-06,Labour Bridge Ridge,Labour Bridge Ridge,1,2024-06-30,66b68196eefe79db940752639d613747ca2ba48e5ea9ffb2463ea72cace78419,206,86.268820085421254,86.268820085421254,0,0
Labour,PAYEMS,4,month_end,2024-07,Labour Bridge Ridge,Labour Bridge Ridge,1,2024-07-31,c3a0cfd07a89a9461ffab86252ae088529cb2362cc99b544dee29cdc48adf2f6,114,-45.260584701137972,-45.260584701137972,0,0
Labour,PAYEMS,4,month_end,2024-08,Labour Bridge Ridge,Labour Bridge Ridge,1,2024-08-31,732c63f7ec21aca5181fcbf6a7ce6e57eecc05a6e05ae98f806fe33824c84b98,142,199.61239401290402,199.61239401290402,0,0
Labour,PAYEMS,4,month_end,2024-09,Labour Bridge Ridge,Labour Bridge Ridge,1,2024-09-30,01cfebddb7a8f5d4de9b24b54aa2c3119e470edbe7ad3c651429945bc92b3825,254,213.67031545924991,213.67031545924991,0,0
Labour,PAYEMS,4,month_end,2024-10,Labour Bridge Ridge,Labour Bridge Ridge,1,2024-10-31,bb84d013a9a2a7b27d5fe0aa8e8d9395b3a3d825ace33a5cbb55efc1207025e5,12,173.57913250507511,173.57913250507511,0,0
Labour,PAYEMS,4,month_end,2024-11,Labour Bridge Ridge,Labour Bridge Ridge,1,2024-11-30,47f401181e8f074bd710761ba1e46076c3e0995fa29431b0fde81a166a48cb18,227,-113.84891417152048,-113.84891417152048,0,0
Labour,PAYEMS,4,month_end,2024-12,Labour Bridge Ridge,Labour Bridge Ridge,1,2024-12-31,761459f7a6b227c41ed280a4a05d2437356630df52b11dc143100317fe789afd,256,331.54470502256078,331.54470502256078,0,0
Labour,PAYEMS,4,month_end,2025-01,Labour Bridge Ridge,Labour Bridge Ridge,1,2025-01-31,bc182377d8909f138a980f0f2af1a3b5342236e8fb97dc046d48ba4782727463,143,291.41073908492024,291.41073908492024,0,0
Labour,PAYEMS,4,month_end,2025-02,Labour Bridge Ridge,Labour Bridge Ridge,1,2025-02-28,008dc5003c888083c121f90abe86553ff4e5ca7037c97c44fa1bdda536129088,151,345.89650321701038,345.89650321701038,0,0
Labour,PAYEMS,4,month_end,2025-03,Labour Bridge Ridge,Labour Bridge Ridge,1,2025-03-31,bc04457d4517591c1730c971e9ba798296295a2942edca566dc5fb768e1ee180,228,-23.002503040640917,-23.002503040640917,0,0
Labour,PAYEMS,4,month_end,2025-04,Labour Bridge Ridge,Labour Bridge Ridge,1,2025-04-30,6dcf1b1fbb1683899ae0571023bb9a23c38b5900f187f0d317ccba88c6a32075,177,249.48552937902153,249.48552937902153,0,0
Labour,PAYEMS,4,month_end,2025-05,Labour Bridge Ridge,Labour Bridge Ridge,1,2025-05-31,8814e19f98ccf79260e2df771557f49f21b55de93e6451e4f28fc8adfb2e4008,139,188.16837339056192,188.16837339056192,0,0
Labour,PAYEMS,4,month_end,2025-06,Labour Bridge Ridge,Labour Bridge Ridge,1,2025-06-30,7b456dd2caa6006bbe768b4f8f087f1aeecd143f3c5cc3fa1bebc2b73e5c09d3,147,62.270688388203311,62.270688388203311,0,0
Labour,PAYEMS,4,month_end,2025-07,Labour Bridge Ridge,Labour Bridge Ridge,1,2025-07-31,4d961af8bf48247227b9886247f41c6245bc2a7c214e9b6a5e509260eb549c2a,73,105.32402562631216,105.32402562631216,0,0
Labour,PAYEMS,4,month_end,2025-08,Labour Bridge Ridge,Labour Bridge Ridge,1,2025-08-31,6c62b6995120e86b0d022a54a9fe4b3b17a236c6a063d185b725ab3453847f74,22,318.48666623755435,318.48666623755435,0,0
Labour,PAYEMS,4,month_end,2025-09,Labour Bridge Ridge,Labour Bridge Ridge,1,2025-09-30,8370e6bddaf1ac9bdd5f8039854e4d3bf31c27979ed1408ff01f7f76beffc2e6,119,92.931132931112614,92.931132931112614,0,0
Labour,PAYEMS,4,month_end,2025-10,Labour Bridge Ridge,Labour Bridge Ridge,1,2025-10-31,9de3aa1627a6c212eec7e285c9949b1a9f5f06e5b9d4a1f7141ab72ba522eb0a,-105,95.773044196184742,95.773044196184742,0,0
Labour,PAYEMS,4,month_end,2025-11,Labour Bridge Ridge,Labour Bridge Ridge,1,2025-11-30,0c896a2302e5e5210650a5bcc02de10294e49638d0e25e558104a6669ae65edd,64,255.89984173660741,255.89984173660741,0,0
Labour,PAYEMS,4,month_end,2025-12,Labour Bridge Ridge,Labour Bridge Ridge,1,2025-12-31,17f9c04874b999f3808b7961e7affc0f1aac0cbea808e40e38082edb0d6d1831,50,386.59151044643096,386.59151044643096,0,0
Labour,PAYEMS,4,month_end,2026-01,Labour Bridge Ridge,Labour Bridge Ridge,1,2026-01-31,5be923ed610a63b5e8d0127b7176fb220b55dd1a9efc221ebe5f38b499ee9a2d,130,111.73937408037909,111.73937408037909,0,0
Labour,PAYEMS,4,month_end,2026-02,Labour Bridge Ridge,Labour Bridge Ridge,1,2026-02-28,da7fe850311202997c3df1f480d1ecd82e7a36fa5c90ab9bc02c6f4e527081cf,-92,315.37201352427599,315.37201352427599,0,0
Labour,PAYEMS,4,month_end,2026-03,Labour Bridge Ridge,Labour Bridge Ridge,1,2026-03-31,0b3941461f2aa9c93166e499ca454e286199ed8cb9170c88f5a48c886b779fc5,178,38.49290607808522,38.49290607808522,0,0
Labour,PAYEMS,4,month_end,2026-04,Labour Bridge Ridge,Labour Bridge Ridge,1,2026-04-30,e9b2931657ea7e2c64fdec1868969d68b6fa4f0098307b891f6492385ff27cfe,115,318.35547837128274,318.35547837128274,0,0
Labour,PAYEMS,4,month_end,2026-05,Labour Bridge Ridge,Labour Bridge Ridge,1,2026-05-31,1a433339712659ccc8304b58487b1d8576405e57dfadf386daff065d937734e8,172,123.06461362352366,123.06461362352366,0,0
Labour,PAYEMS,4,month_end,2026-06,Labour Bridge Ridge,Labour Bridge Ridge,1,2026-06-30,cfc5d3f5304c510ad3b5c71a0b1da69b55da82e144777d9838460b3ef80935bd,57,95.051002285650711,95.051002285650711,0,0
Labour,PAYEMS,5,pre_employment_report,2023-02,Labour Bridge Ridge,Labour Bridge Ridge,1,2023-03-09,ea1953db71ea93329228e0be21b528f4229ee4087001f532d032e7c08430992a,311,675.17675287516965,675.17675287516965,0,0
Labour,PAYEMS,5,pre_employment_report,2023-03,Labour Bridge Ridge,Labour Bridge Ridge,1,2023-04-06,c56eac5a7e701385dda0a1d390a232e05d0df7e0b23351958797c02c8a6db216,236,28.464423121693443,28.464423121693443,0,0
Labour,PAYEMS,5,pre_employment_report,2023-04,Labour Bridge Ridge,Labour Bridge Ridge,1,2023-05-04,a45b23477f7ad3211864f8b90308b33a3f4a5dcbe3bc716e61bd4072869944fa,253,26.8263640089272,26.8263640089272,0,0
Labour,PAYEMS,5,pre_employment_report,2023-05,Labour Bridge Ridge,Labour Bridge Ridge,1,2023-06-01,780a896b5ae77b003c614f12ec4890201f28be64859fea0aac6731484376ca2e,339,346.75816835198918,346.75816835198918,0,0
Labour,PAYEMS,5,pre_employment_report,2023-06,Labour Bridge Ridge,Labour Bridge Ridge,1,2023-07-06,bf8f19819a871ad1c1d1cd6fc4b976ae7385ba2db41b40831f7e51fb5f1e5a12,209,304.85725399823883,304.85725399823883,0,0
Labour,PAYEMS,5,pre_employment_report,2023-07,Labour Bridge Ridge,Labour Bridge Ridge,1,2023-08-03,1fbb51fcff7e9a26b23c58e68f7f791da8a62fbf6323c2c5f244c8a399327bee,187,-43.962494337400628,-43.962494337400628,0,0
Labour,PAYEMS,5,pre_employment_report,2023-08,Labour Bridge Ridge,Labour Bridge Ridge,1,2023-08-31,98f13c26d07eaf0eb0e880cd715440adc3fbae7968b44b9231773834cccf4443,187,417.67699877891579,417.67699877891579,0,0
Labour,PAYEMS,5,pre_employment_report,2023-09,Labour Bridge Ridge,Labour Bridge Ridge,1,2023-10-05,28723410f143be952a4248168e4ee6e9eacf07eb0d4d374ff5b2e1472ee4ed0b,336,237.44347812566053,237.44347812566053,0,0
Labour,PAYEMS,5,pre_employment_report,2023-10,Labour Bridge Ridge,Labour Bridge Ridge,1,2023-11-02,d4fe0e651754d4e46172c21d3bfe0cc37f332928bbeddc93a54c9d86da74dfec,150,400.06061437240362,400.06061437240362,0,0
Labour,PAYEMS,5,pre_employment_report,2023-11,Labour Bridge Ridge,Labour Bridge Ridge,1,2023-12-07,48c8b1e298d62e2347ce60adc394dbf07031c5fc7ede397c06bc43220de5f2cf,199,113.3664004525794,113.3664004525794,0,0
Labour,PAYEMS,5,pre_employment_report,2023-12,Labour Bridge Ridge,Labour Bridge Ridge,1,2024-01-04,c5e56cffe44735191f46e496aa0b24ddf4cd493263fa7c72f17608600b8da4fa,216,370.49769629982154,370.49769629982154,0,0
Labour,PAYEMS,5,pre_employment_report,2024-01,Labour Bridge Ridge,Labour Bridge Ridge,1,2024-02-01,3701b2b60e17f3a387ae6dd4e9bc665cc172f5749b445cec879e69b5b005416e,353,317.29008415101873,317.29008415101873,0,0
Labour,PAYEMS,5,pre_employment_report,2024-02,Labour Bridge Ridge,Labour Bridge Ridge,1,2024-03-07,a8ee776c9f04382a27263870e48955c258b313cab6154421801a9a3c9d2d95cf,275,351.58515003589872,351.58515003589872,0,0
Labour,PAYEMS,5,pre_employment_report,2024-03,Labour Bridge Ridge,Labour Bridge Ridge,1,2024-04-04,3c614a922141ff47ddcbb53904e11bec16d45036125079e935570cd818d20308,303,173.98825375885303,173.98825375885303,0,0
Labour,PAYEMS,5,pre_employment_report,2024-04,Labour Bridge Ridge,Labour Bridge Ridge,1,2024-05-02,c19c383bf66ea97e8440e09bbf68fb6cae777bb3d7dda974dc99d85629750969,175,302.30656092305941,302.30656092305941,0,0
Labour,PAYEMS,5,pre_employment_report,2024-05,Labour Bridge Ridge,Labour Bridge Ridge,1,2024-06-06,e5739ff7426bc2d03e33812e3dc053aafe2e99bdd80ee86b4d90b7ea686d5a11,272,236.86563555939847,236.86563555939847,0,0
Labour,PAYEMS,5,pre_employment_report,2024-06,Labour Bridge Ridge,Labour Bridge Ridge,1,2024-07-04,6497673dc139911c57af9fc6a34db5905086eb186e0aca8fadc5040ec52000fe,206,84.527174057882917,84.527174057882917,0,0
Labour,PAYEMS,5,pre_employment_report,2024-07,Labour Bridge Ridge,Labour Bridge Ridge,1,2024-08-01,1cb149f34c3a59f532e4c49889de041b32bf26f923648d832d4fb47e89fccca4,114,-50.688757606608405,-50.688757606608405,0,0
Labour,PAYEMS,5,pre_employment_report,2024-08,Labour Bridge Ridge,Labour Bridge Ridge,1,2024-09-05,24a267aaceb23a104c9ca97b400f9fb58668961c2456c19611e82d7266e00b5e,142,220.69524085918187,220.69524085918187,0,0
Labour,PAYEMS,5,pre_employment_report,2024-09,Labour Bridge Ridge,Labour Bridge Ridge,1,2024-10-03,85384614c03de2ae9110b37baa3cac585f55f2fcf76aaaa0322fc5ef4b037c14,254,298.8884839997815,298.8884839997815,0,0
Labour,PAYEMS,5,pre_employment_report,2024-10,Labour Bridge Ridge,Labour Bridge Ridge,1,2024-10-31,bb84d013a9a2a7b27d5fe0aa8e8d9395b3a3d825ace33a5cbb55efc1207025e5,12,173.57913250507511,173.57913250507511,0,0
Labour,PAYEMS,5,pre_employment_report,2024-11,Labour Bridge Ridge,Labour Bridge Ridge,1,2024-12-05,8508c1e46daa20337ca3613a5e44f3d99c40f85a4a8627509a10a97d7b3f22b7,227,-167.64851877955761,-167.64851877955761,0,0
Labour,PAYEMS,5,pre_employment_report,2024-12,Labour Bridge Ridge,Labour Bridge Ridge,1,2025-01-09,a9d997314e99be04688b87f0fa8abb96895adeb156522b3fd9b3bf5733a710ce,256,448.6194631163699,448.6194631163699,0,0
Labour,PAYEMS,5,pre_employment_report,2025-01,Labour Bridge Ridge,Labour Bridge Ridge,1,2025-02-06,d7a1933298a6c1eafdc265f1fcaef2b01689992bda7854961bda82dd6f236d48,143,203.62715379779385,203.62715379779385,0,0
Labour,PAYEMS,5,pre_employment_report,2025-02,Labour Bridge Ridge,Labour Bridge Ridge,1,2025-03-06,9ffd3f9202ace8cf1da7b1c03d131c29c1c9dd1d8971d2ee9f2081b84239a5a3,151,336.92306178534875,336.92306178534875,0,0
Labour,PAYEMS,5,pre_employment_report,2025-03,Labour Bridge Ridge,Labour Bridge Ridge,1,2025-04-03,31ea4c9aa3e553fd66fc90d0dd85528f33587c204bc8248b227aca4b2e36df5d,228,40.165751813369162,40.165751813369162,0,0
Labour,PAYEMS,5,pre_employment_report,2025-04,Labour Bridge Ridge,Labour Bridge Ridge,1,2025-05-01,75104d601135eddf8c1e3b6c360c34a122a3c061b69b7fae10f981935160c092,177,232.54145993671855,232.54145993671855,0,0
Labour,PAYEMS,5,pre_employment_report,2025-05,Labour Bridge Ridge,Labour Bridge Ridge,1,2025-06-05,67b0243a3d7a58d67ae63e1e4f7c7e9ac44ec4b6923aa2f940a86dde6890a140,139,234.46400800548355,234.46400800548355,0,0
Labour,PAYEMS,5,pre_employment_report,2025-06,Labour Bridge Ridge,Labour Bridge Ridge,1,2025-07-02,78d55cfdf9cd0d23d2462d64acbbde0fa06facc98833bfd6d481ac34ca86290b,147,21.283617044294161,21.283617044294161,0,0
Labour,PAYEMS,5,pre_employment_report,2025-07,Labour Bridge Ridge,Labour Bridge Ridge,1,2025-07-31,4d961af8bf48247227b9886247f41c6245bc2a7c214e9b6a5e509260eb549c2a,73,105.32402562631216,105.32402562631216,0,0
Labour,PAYEMS,5,pre_employment_report,2025-08,Labour Bridge Ridge,Labour Bridge Ridge,1,2025-09-04,bc9a81409939e0bfa9d677aeb16622edab37721b5b13a6522d9bb51234d21353,22,327.90283703511193,327.90283703511193,0,0
Labour,PAYEMS,5,pre_employment_report,2025-09,Labour Bridge Ridge,Labour Bridge Ridge,1,2025-11-19,5a7cfc6a74b6b09b4fa07ebbd9b0e05841092b974ddb2f28af3796f79fcda4f3,119,92.931132931112614,92.931132931112614,0,0
Labour,PAYEMS,5,pre_employment_report,2025-10,Labour Bridge Ridge,Labour Bridge Ridge,1,2025-12-15,f98a1afbb63fe46a326528c231b267a54ab54163e5726a6c2ac0f36fad7972c3,-105,101.53886600268322,101.53886600268322,0,0
Labour,PAYEMS,5,pre_employment_report,2025-11,Labour Bridge Ridge,Labour Bridge Ridge,1,2025-12-15,f98a1afbb63fe46a326528c231b267a54ab54163e5726a6c2ac0f36fad7972c3,64,240.06155712050705,240.06155712050705,0,0
Labour,PAYEMS,5,pre_employment_report,2025-12,Labour Bridge Ridge,Labour Bridge Ridge,1,2026-01-08,7f2574b0e02739ebd85c44cb6e8a029224cac4418bcd3f9b7fd238cef0330635,50,264.94517011732171,264.94517011732171,0,0
Labour,PAYEMS,5,pre_employment_report,2026-01,Labour Bridge Ridge,Labour Bridge Ridge,1,2026-02-10,fee22f4da32cbfc3f29b149dfc127e9e54c4e3051c2cf9b3852d4873286d2847,130,150.09934233049984,150.09934233049984,0,0
Labour,PAYEMS,5,pre_employment_report,2026-02,Labour Bridge Ridge,Labour Bridge Ridge,1,2026-03-05,36b785424159da4fdf5b6c9479a7b2a92ea365c14a7224f96e2d6728a732524f,-92,312.22637926302343,312.22637926302343,0,0
Labour,PAYEMS,5,pre_employment_report,2026-03,Labour Bridge Ridge,Labour Bridge Ridge,1,2026-04-02,45a17d7fe6bdfd8cff1f18fa59146367abf91a4f48b35e20fdf663b9168460ab,178,37.150291095170026,37.150291095170026,0,0
Labour,PAYEMS,5,pre_employment_report,2026-04,Labour Bridge Ridge,Labour Bridge Ridge,1,2026-05-07,c1a70b31504609df70e57a8900964825b53d74c5d0f5fd5f3c774df3b96ba5b0,115,286.37506104204999,286.37506104204999,0,0
Labour,PAYEMS,5,pre_employment_report,2026-05,Labour Bridge Ridge,Labour Bridge Ridge,1,2026-06-04,92a663192feec587f3176af523495241328ecabc278f467430e3efe81b876abe,172,157.0282960838783,157.0282960838783,0,0
Labour,PAYEMS,5,pre_employment_report,2026-06,Labour Bridge Ridge,Labour Bridge Ridge,1,2026-07-01,4ddd519170c9cffa44842a12fe5193c70298c5681d7a3335155c60f1a9b10bf1,57,95.051002285650711,95.051002285650711,0,0
Labour,UNRATE,1,month_open,2023-02,Labour AR(1),Labour Equal-Weight Ensemble,0,2023-02-01,a625e8022d1833e223ee211a4d0dc372e5fd183c04740ebbcd8913bb57033a61,3.6000000000000001,3.6612899293685683,3.4471761139493799,-0.019598684705608844,-0.091533956682051887
Labour,UNRATE,1,month_open,2023-03,Labour AR(1),Labour Equal-Weight Ensemble,0,2023-03-01,9c677fcb35ec200fbad5da0c1d6f9f47034a0a3b1ada1b288239b7872f68ac41,3.5,3.6612899293685683,3.2197495038641399,-0.052525899268677949,-0.11896056676729172
Labour,UNRATE,1,month_open,2023-04,Labour AR(1),Labour Equal-Weight Ensemble,0,2023-04-01,de14489ce738d0aa9d434beb29ac87c6b1c1045ae0496fb5e29591065aea364b,3.3999999999999999,3.5643396374394993,3.3575759855549028,0.025207719432108307,0.12191562299440228
Labour,UNRATE,1,month_open,2023-05,Labour AR(1),Labour Equal-Weight Ensemble,0,2023-05-01,7f83bf8482e2c2930f8ac46371522cd54958a30311b96105be2e9af7368463e5,3.7000000000000002,3.7522907595414581,3.4208919413586529,-0.075166984865119163,-0.22681729909988935
Labour,UNRATE,1,month_open,2023-06,Labour AR(1),Labour Equal-Weight Ensemble,0,2023-06-01,780a896b5ae77b003c614f12ec4890201f28be64859fea0aac6731484376ca2e,3.6000000000000001,3.558708373507359,3.3050409308293407,-0.085295854067614058,-0.25366744267801833
Labour,UNRATE,1,month_open,2023-07,Labour AR(1),Labour Equal-Weight Ensemble,0,2023-07-01,3a4c14b4be18f6ceb889d4b76f185b7118870ecdf457828c530aa21dd96674ed,3.5,3.558708373507359,3.3447150593719326,-0.020666739665982845,-0.09657656712070839
Labour,UNRATE,1,month_open,2023-08,Labour AR(1),Labour Equal-Weight Ensemble,0,2023-08-01,ccb96bbce2db9e933322c92059d3ac77bd10deef41331c2b428204b788a4a218,3.7999999999999998,3.7455131929395886,3.4318641482229242,-0.13255519321999454,-0.31364904471666444
Labour,UNRATE,1,month_open,2023-09,Labour AR(1),Labour Equal-Weight Ensemble,0,2023-09-01,34d4cc0b568fa2fe0432876aee9da9fcd5b749809db5f1eb09648c661964643c,3.7999999999999998,3.6488785587704804,3.3623780990025813,-0.16867523823330727,-0.28650045976789906
Labour,UNRATE,1,month_open,2023-10,Labour AR(1),Labour Equal-Weight Ensemble,0,2023-10-01,2501f3ee713082b68040e08e0c96faa39b1d30ed992d5a5e135d82f85e635122,3.8999999999999999,3.6488785587704804,3.3490818717893212,-0.24044880574596686,-0.29979668698115924
Labour,UNRATE,1,month_open,2023-11,Labour AR(1),Labour Equal-Weight Ensemble,0,2023-11-01,a54cb0106a3f48fc14619cacce2ee2c6a7574aa8f68f547408b64fcb04c16cfa,3.7000000000000002,3.9310630405168068,3.5242896188736386,0.022515990657300151,0.05535265939044498
Labour,UNRATE,1,month_open,2023-12,Labour AR(1),Labour Equal-Weight Ensemble,0,2023-12-01,c2c85a0812bf8a07ee4c04256da709a5e1b62f787e0859b5c27c65ff95fde2e3,3.7000000000000002,3.9310630405168068,3.7030549001377273,0.053380796278019921,0.22800814037907946
Labour,UNRATE,1,month_open,2024-01,Labour AR(1),Labour Equal-Weight Ensemble,0,2024-01-01,3519333accd53327f1080036a15493a48742a0a34f4f87436c06d7119d3e3764,3.7000000000000002,4.0247234316056186,3.4850183619698591,0.059228202343606179,0.10974179357547742
Labour,UNRATE,1,month_open,2024-02,Labour AR(1),Labour Equal-Weight Ensemble,0,2024-02-01,3701b2b60e17f3a387ae6dd4e9bc665cc172f5749b445cec879e69b5b005416e,3.8999999999999999,3.8343677875845561,3.5346265452620309,-0.12919017412061276,-0.29974124232252519
Labour,UNRATE,1,month_open,2024-03,Labour AR(1),Labour Equal-Weight Ensemble,0,2024-03-01,77548f2852b75aef580efa27cc6c20479ec5dc3089e524f4893a7b89b3ff0f3c,3.7999999999999998,3.8343677875845561,3.5175083303227397,-0.078620398613589063,-0.24812388209270386
Labour,UNRATE,1,month_open,2024-04,Labour AR(1),Labour Equal-Weight Ensemble,0,2024-04-01,f3e7ab5cea5b82b2ff68483aefae2427714a7b2b3172e6acc5bdef31debf210b,3.8999999999999999,3.8330539906491472,3.5707001990270162,-0.10395659075284223,-0.26235379162213102
Labour,UNRATE,1,month_open,2024-05,Labour AR(1),Labour Equal-Weight Ensemble,0,2024-05-01,54bb7e70ea519f9b1d13ed3660f1d855156a427c1a91f45267677ad5bbe663f2,4,3.9256934518479012,3.5481748882192434,-0.198624468537413,-0.37751856362865777
Labour,UNRATE,1,month_open,2024-06,Labour AR(1),Labour Equal-Weight Ensemble,0,2024-06-01,1a29a50fce25676ba4df60dc2a227497d5912955dfc3391913627a002c9252a3,4.0999999999999996,3.9256934518479012,3.6192191534880966,-0.2007674496440022,-0.30647429835980455
Labour,UNRATE,1,month_open,2024-07,Labour AR(1),Labour Equal-Weight Ensemble,0,2024-07-01,4c87aae8629352590fc1e432e4813cbaff4f6e9f6b181cea657a60ee780a4e0c,4.2999999999999998,4.0194879520762496,3.684893381648624,-0.29966914290928881,-0.33459457042762564
Labour,UNRATE,1,month_open,2024-08,Labour AR(1),Labour Equal-Weight Ensemble,0,2024-08-01,1cb149f34c3a59f532e4c49889de041b32bf26f923648d832d4fb47e89fccca4,4.2000000000000002,4.2072771242095097,3.8787449495396378,-0.10315185090952936,-0.31397792625085286
Labour,UNRATE,1,month_open,2024-09,Labour AR(1),Labour Equal-Weight Ensemble,0,2024-09-01,5fdfc5666824fdc0b1b10afc856fa2d9825c20b59931314ccf7bd7e9db343ae9,4.0999999999999996,4.2072771242095097,3.8728468429095027,-0.040090175397517351,-0.11987603288098692
Labour,UNRATE,1,month_open,2024-10,Labour AR(1),Labour Equal-Weight Ensemble,0,2024-10-01,f7b88be0eee7738e05aa6fee1d30c15c4a80e51c0331616978de0f0bbf3cedcb,4.0999999999999996,4.300601936106986,3.95973375314647,0.020566516763496148,0.060335689253456781
Labour,UNRATE,1,month_open,2024-11,Labour AR(1),Labour Equal-Weight Ensemble,0,2024-11-01,48f5e811c5e66226b53eaec64496c7be903b86ac794ef9d8d90efc169a49a304,4.2000000000000002,4.205054557438574,3.9555592187329656,-0.059725746995538419,-0.23938622382846075
Labour,UNRATE,1,month_open,2024-12,Labour AR(1),Labour Equal-Weight Ensemble,0,2024-12-01,65bb2277f867bc39d04bd21dd903761138ec9b7b1607aa99aeb44ec8f6e16bc3,4.0999999999999996,4.205054557438574,3.9509243034679824,-0.011187103257891374,-0.044021139093442851
Labour,UNRATE,1,month_open,2025-01,Labour AR(1),Labour Equal-Weight Ensemble,0,2025-01-01,232704b0d42e2a1666e5093bd494eef549eea6361b508fa98d4163161219c108,4,4.2042576964192797,3.8539178090234878,0.020381200026012448,0.058175505442767506
Labour,UNRATE,1,month_open,2025-02,Labour AR(1),Labour Equal-Weight Ensemble,0,2025-02-01,54d87f057dbe572aa4d6800f9f043c021a1b5f0621ff2e5cb1ad699b26014af8,4.0999999999999996,4.298251586519287,3.9040546772611671,0.00090912205418920006,0.0023062637804547315
Labour,UNRATE,1,month_open,2025-03,Labour AR(1),Labour Equal-Weight Ensemble,0,2025-03-01,1bc4c18efc619ff94240cac4cabc8566a6add3141589d781de955ac10217975e,4.2000000000000002,4.2026916370767751,3.8368488198140995,-0.1318715347602594,-0.36045954310912576
Labour,UNRATE,1,month_open,2025-04,Labour AR(1),Labour Equal-Weight Ensemble,0,2025-04-01,79549f7da5fac61d28805e92085456fd205ab626655c43ab48524b9d93b3ead2,4.2000000000000002,4.2011332435481075,3.8572168062654284,-0.11749903366593364,-0.34164995018646449
Labour,UNRATE,1,month_open,2025-05,Labour AR(1),Labour Equal-Weight Ensemble,0,2025-05-01,75104d601135eddf8c1e3b6c360c34a122a3c061b69b7fae10f981935160c092,4.2000000000000002,4.2953002691272619,3.9181596474201696,-0.07035184304659467,-0.18654008345256878
Labour,UNRATE,1,month_open,2025-06,Labour AR(1),Labour Equal-Weight Ensemble,0,2025-06-01,02b6774eb3f19b903187739584a159e96a8d8e7537de832aabd525a17ab6b6b0,4.0999999999999996,4.2953002691272619,3.9219413047314049,0.006437296160426792,0.017241573858667536
Labour,UNRATE,1,month_open,2025-07,Labour AR(1),Labour Equal-Weight Ensemble,0,2025-07-01,b6b9c06c653e60e89f358828ec8730bc4e680f2fe36784bafa9d410e93efd003,4.2000000000000002,4.2939843483277977,4.0671966060460729,-0.0088036837150812178,-0.0388190456261297
Labour,UNRATE,1,month_open,2025-08,Labour AR(1),Labour Equal-Weight Ensemble,0,2025-08-01,2fcac741c98a87ac4181a30967023a1886f8e59147a4827b2b0a1f5ab8858d18,4.2999999999999998,4.1984209601996412,3.9399154811440873,-0.11934255939293117,-0.25850547905555388
Labour,UNRATE,1,month_open,2025-09,Labour AR(1),Labour Equal-Weight Ensemble,0,2025-09-01,56a43cb6d4a83f7018a9e5c08194f26e20ec8059795f73a8315391ae48e158a9,4.4000000000000004,4.1984209601996412,3.920080669646985,-0.18968845435965193,-0.27834029055265619
Labour,UNRATE,1,month_open,2025-11,Labour AR(1),Labour Equal-Weight Ensemble,0,2025-11-01,977a5c002ed197043d5d39ecac45bdef20d03cbe8aaa4e545052854d2b848f65,4.5999999999999996,4.3869467836402611,4.0744599735542044,-0.23080064639541759,-0.31248681008605672
Labour,UNRATE,1,month_open,2025-12,Labour AR(1),Labour Equal-Weight Ensemble,0,2025-12-01,58c0cb4c638b2295a728f26941de0aa0d421dc6d67fc92e942c0ebb0e8d4d96f,4.4000000000000004,4.3869467836402611,4.0669359093548811,-0.11076130201992603,-0.32001087428538
Labour,UNRATE,1,month_open,2026-01,Labour AR(1),Labour Equal-Weight Ensemble,0,2026-01-01,fac6f29d2b652c12cdf69a6e5efa5ffde4c492936a9adc66a209dc433e7273d7,4.2999999999999998,4.4812609064717037,4.1512128670585673,0.010717905286012269,0.032473773530271366
Labour,UNRATE,1,month_open,2026-02,Labour AR(1),Labour Equal-Weight Ensemble,0,2026-02-01,e5cdc81382c78fb1f258be68d762c3f7d2cdd962727c129f638e8a8db7f98c73,4.4000000000000004,4.481393647249563,4.0978078964317959,-0.084695141646390179,-0.22079845631864181
Labour,UNRATE,1,month_open,2026-03,Labour AR(1),Labour Equal-Weight Ensemble,0,2026-03-01,16b1a548967fdcffc384c08ec2ab49737230674e04f3d332ba7f12961213b0d7,4.2999999999999998,4.481393647249563,4.0608989483152325,-0.024265657654262827,-0.057707404435204168
Labour,UNRATE,1,month_open,2026-04,Labour AR(1),Labour Equal-Weight Ensemble,0,2026-04-01,9df61ce80c86f71100d8b13eb9ef4d8b48d49deb3b3e5e9ce0cac90ff6c6844d,4.2999999999999998,4.480894729032137,4.1670794079826088,0.015055019209356629,0.047974137014746177
Labour,UNRATE,1,month_open,2026-05,Labour AR(1),Labour Equal-Weight Ensemble,0,2026-05-01,6c034c922c5f56744e61d8c891e2a7b7f4a87342629911312ea4e92ca7e1ad5a,4.2999999999999998,4.480894729032137,4.075721021436574,-0.017578157233843275,-0.04338424953128861
Labour,UNRATE,1,month_open,2026-06,Labour AR(1),Labour Equal-Weight Ensemble,0,2026-06-01,2a9dcc995e4322da4a57b74e2df32835f188a11d6f41b195fdcafd7580cb2d98,4.2000000000000002,4.3855365553831689,4.0867891907832288,0.021607126059935415,0.072325746166397309
Labour,UNRATE,2,after_week_1,2023-02,Labour Equal-Weight Ensemble,Labour Equal-Weight Ensemble,1,2023-02-07,bb41d6dfe98a395523c37c474f213db161202a21d6b68c213d32b3cd9487d8ff,3.6000000000000001,3.236093340106406,3.236093340106406,0,0
Labour,UNRATE,2,after_week_1,2023-03,Labour Equal-Weight Ensemble,Labour Equal-Weight Ensemble,1,2023-03-07,04d542ce609f6ce78f4fb75c8c7f297a3a3521c22fa3383998fa70977d5761ee,3.5,3.2163519754465848,3.2163519754465848,0,0
Labour,UNRATE,2,after_week_1,2023-04,Labour Equal-Weight Ensemble,Labour Equal-Weight Ensemble,1,2023-04-07,d6291ecb4244544f0603af35576d597cf0ad0e6af414b0dd4da59e14033b9d8b,3.3999999999999999,3.4831865672503177,3.4831865672503177,0,0
Labour,UNRATE,2,after_week_1,2023-05,Labour Equal-Weight Ensemble,Labour Equal-Weight Ensemble,1,2023-05-07,534bcacc239f9d9bc0ce2ecfc6f4243a4cb1d4205daaf6b49325cb9c542ba6dc,3.7000000000000002,3.4126225218134358,3.4126225218134358,0,0
Labour,UNRATE,2,after_week_1,2023-06,Labour Equal-Weight Ensemble,Labour Equal-Weight Ensemble,1,2023-06-07,6e46d3399a89fbed7a12c75408ae6f4c803fdbf2f2b618c06662410c19837114,3.6000000000000001,3.312727898826799,3.312727898826799,0,0
Labour,UNRATE,2,after_week_1,2023-07,Labour Equal-Weight Ensemble,Labour Equal-Weight Ensemble,1,2023-07-07,77ba7fefe2849cfab833dadd8c869b78456ad996c7411b1a46556d234973fb79,3.5,3.433337893579687,3.433337893579687,0,0
Labour,UNRATE,2,after_week_1,2023-08,Labour Equal-Weight Ensemble,Labour Equal-Weight Ensemble,1,2023-08-07,b12d207d247e6299aa4c05ccfc0651dad64482d8216ff838262719b475fe8bc0,3.7999999999999998,3.4105728092749228,3.4105728092749228,0,0
Labour,UNRATE,2,after_week_1,2023-09,Labour Equal-Weight Ensemble,Labour Equal-Weight Ensemble,1,2023-09-07,5dfa949842e927b33ada7d19d99bd4787428f2e189df197e651ba3958f39b74d,3.7999999999999998,3.3708041882031679,3.3708041882031679,0,0
Labour,UNRATE,2,after_week_1,2023-10,Labour Equal-Weight Ensemble,Labour Equal-Weight Ensemble,1,2023-10-07,d9d493e5ffc80c8624d08be9014bd596d65351a375f0f2610c0f89f612f96dda,3.8999999999999999,3.4301008278390932,3.4301008278390932,0,0
Labour,UNRATE,2,after_week_1,2023-11,Labour Equal-Weight Ensemble,Labour Equal-Weight Ensemble,1,2023-11-07,92bf152df1d49ecadde4f53d12cfe935f7739382310fdbaa04dac35fc39a3ece,3.7000000000000002,3.6543985249775517,3.6543985249775517,0,0
Labour,UNRATE,2,after_week_1,2023-12,Labour Equal-Weight Ensemble,Labour Equal-Weight Ensemble,1,2023-12-07,48c8b1e298d62e2347ce60adc394dbf07031c5fc7ede397c06bc43220de5f2cf,3.7000000000000002,3.73354655409578,3.73354655409578,0,0
Labour,UNRATE,2,after_week_1,2024-01,Labour Equal-Weight Ensemble,Labour Equal-Weight Ensemble,1,2024-01-07,a252c50a87f26aba33a12acedf7870a0a48f124684b844c1ad2f0650d5369cd4,3.7000000000000002,3.5376978079945496,3.5376978079945496,0,0
Labour,UNRATE,2,after_week_1,2024-02,Labour Equal-Weight Ensemble,Labour Equal-Weight Ensemble,1,2024-02-07,a4241ad2fc581d1496b94a0b1bec695555a3d43881a153582fa6b660ae64a15d,3.8999999999999999,3.4761160994324811,3.4761160994324811,0,0
Labour,UNRATE,2,after_week_1,2024-03,Labour Equal-Weight Ensemble,Labour Equal-Weight Ensemble,1,2024-03-07,a8ee776c9f04382a27263870e48955c258b313cab6154421801a9a3c9d2d95cf,3.7999999999999998,3.5279182459855041,3.5279182459855041,0,0
Labour,UNRATE,2,after_week_1,2024-04,Labour Equal-Weight Ensemble,Labour Equal-Weight Ensemble,1,2024-04-07,ca78175c4d5921f128c9ea62d66a38c43edce9fd95b11492bfdef46efef9422e,3.8999999999999999,3.5862669832688696,3.5862669832688696,0,0
Labour,UNRATE,2,after_week_1,2024-05,Labour Equal-Weight Ensemble,Labour Equal-Weight Ensemble,1,2024-05-07,ba741d1b161e87db6a8511e63833a6c04f0fcbf08a7534893c60302232e6ab6f,4,3.5922464591515699,3.5922464591515699,0,0
Labour,UNRATE,2,after_week_1,2024-06,Labour Equal-Weight Ensemble,Labour Equal-Weight Ensemble,1,2024-06-07,a169daa65ea8b174d1c6c12af99fac4c2c993e382e163b9b729280e5bda003f2,4.0999999999999996,3.6627730493838597,3.6627730493838597,0,0
Labour,UNRATE,2,after_week_1,2024-07,Labour Equal-Weight Ensemble,Labour Equal-Weight Ensemble,1,2024-07-07,59d76c06705e6428cb53e639d275bd1c60f4cd814f4e38381f010eb1fbfb991c,4.2999999999999998,3.8220608368385207,3.8220608368385207,0,0
Labour,UNRATE,2,after_week_1,2024-08,Labour Equal-Weight Ensemble,Labour Equal-Weight Ensemble,1,2024-08-07,e42c04762dad2df063bb0350438ac0035341666051ecdfb9e487763adb761ed9,4.2000000000000002,3.8833706745016534,3.8833706745016534,0,0
Labour,UNRATE,2,after_week_1,2024-09,Labour Equal-Weight Ensemble,Labour Equal-Weight Ensemble,1,2024-09-07,6630db4ba0d712d7c49345b6885e146b8167fbe90b0cd4a7afdcd4f8399bcfb9,4.0999999999999996,3.9551828417963613,3.9551828417963613,0,0
Labour,UNRATE,2,after_week_1,2024-10,Labour Equal-Weight Ensemble,Labour Equal-Weight Ensemble,1,2024-10-07,db7b7696e6aae99e7694dd5e1c58c95683a8d4964287ec1a555371478da90ebc,4.0999999999999996,3.8789887984782996,3.8789887984782996,0,0
Labour,UNRATE,2,after_week_1,2024-11,Labour Equal-Weight Ensemble,Labour Equal-Weight Ensemble,1,2024-11-07,96e1ec0cf077d79a876d72878c52811dd67fc548936fe8bc4d7a31f5c16a0d3d,4.2000000000000002,3.9740200921971649,3.9740200921971649,0,0
Labour,UNRATE,2,after_week_1,2024-12,Labour Equal-Weight Ensemble,Labour Equal-Weight Ensemble,1,2024-12-07,b12f8d34692d44fd7280401e60abc407818c59de8c6522a02b37f0100be55cdb,4.0999999999999996,3.8435978157561674,3.8435978157561674,0,0
Labour,UNRATE,2,after_week_1,2025-01,Labour Equal-Weight Ensemble,Labour Equal-Weight Ensemble,1,2025-01-07,4922dff46c56aee99cc2df4e0191b2d1b1854b99292fc5080c21169b2a227bbe,4,3.9014734888600806,3.9014734888600806,0,0
Labour,UNRATE,2,after_week_1,2025-02,Labour Equal-Weight Ensemble,Labour Equal-Weight Ensemble,1,2025-02-07,93edd098120094468c12061d68adb07729e2994766c3600755c23d0b76750c61,4.0999999999999996,3.8506140167273464,3.8506140167273464,0,0
Labour,UNRATE,2,after_week_1,2025-03,Labour Equal-Weight Ensemble,Labour Equal-Weight Ensemble,1,2025-03-07,054bd2f0a117ba037ef1e61ffa5443e5c43f4a7ac0859433ffb20157ae45a464,4.2000000000000002,3.8225514835374548,3.8225514835374548,0,0
Labour,UNRATE,2,after_week_1,2025-04,Labour Equal-Weight Ensemble,Labour Equal-Weight Ensemble,1,2025-04-07,38f9c3fd6b2e04c3e040adaa16477edc05783a6cc9be160a94499d836679f8b9,4.2000000000000002,3.869853379886953,3.869853379886953,0,0
Labour,UNRATE,2,after_week_1,2025-05,Labour Equal-Weight Ensemble,Labour Equal-Weight Ensemble,1,2025-05-07,1277a270d8450380abcfaaad3ec190cb54f3a176d3573292c5ab982d2593bc8e,4.2000000000000002,3.8957634420143101,3.8957634420143101,0,0
Labour,UNRATE,2,after_week_1,2025-06,Labour Equal-Weight Ensemble,Labour Equal-Weight Ensemble,1,2025-06-07,83beda7e8df1fea8713ab210f3e177bf0993ab54a8305a67d5576a637bd589a8,4.0999999999999996,4.0485789819234386,4.0485789819234386,0,0
Labour,UNRATE,2,after_week_1,2025-07,Labour Equal-Weight Ensemble,Labour Equal-Weight Ensemble,1,2025-07-07,fcaf5bc138fe2f3332d5d1509669235199f952e3a2960a20504ac231e8463b50,4.2000000000000002,4.0321954306201286,4.0321954306201286,0,0
Labour,UNRATE,2,after_week_1,2025-08,Labour Equal-Weight Ensemble,Labour Equal-Weight Ensemble,1,2025-08-07,e96b583c044cdd4e56c565cfe33c2b2a448d1affd9b2a1d4f123434714f8f419,4.2999999999999998,3.9271893949229475,3.9271893949229475,0,0
Labour,UNRATE,2,after_week_1,2025-09,Labour Equal-Weight Ensemble,Labour Equal-Weight Ensemble,1,2025-09-07,de2edea823cb93c6737bf52e436d82048db9488695b8cfe07863468096cba4a0,4.4000000000000004,3.9816185211341186,3.9816185211341186,0,0
Labour,UNRATE,2,after_week_1,2025-11,Labour Equal-Weight Ensemble,Labour Equal-Weight Ensemble,1,2025-11-07,ca8b81a0095c12210660a4fb6cc9660677d5e71f1aec8d56d540e31fa3056ad8,4.5999999999999996,4.0744599735542044,4.0744599735542044,0,0
Labour,UNRATE,2,after_week_1,2025-12,Labour Equal-Weight Ensemble,Labour Equal-Weight Ensemble,1,2025-12-07,3e12e701e5a2d64154efe9bea276c8029ad622a52886daabaede35dd87e07236,4.4000000000000004,4.0594343841670915,4.0594343841670915,0,0
Labour,UNRATE,2,after_week_1,2026-01,Labour Equal-Weight Ensemble,Labour Equal-Weight Ensemble,1,2026-01-07,d43da6537ff4bcad48bd47092b820d596fcb9c64db7fa6c95a58451e5a56770d,4.2999999999999998,4.1392652758271993,4.1392652758271993,0,0
Labour,UNRATE,2,after_week_1,2026-02,Labour Equal-Weight Ensemble,Labour Equal-Weight Ensemble,1,2026-02-07,37c69c231cbac476995f7ae8103aef740098628d299161150c826005831eadd2,4.4000000000000004,4.0921197121601791,4.0921197121601791,0,0
Labour,UNRATE,2,after_week_1,2026-03,Labour Equal-Weight Ensemble,Labour Equal-Weight Ensemble,1,2026-03-07,f7b758ab5cd15f34035c7f85593761ad6610b9cf39f92cf30fe1302005238127,4.2999999999999998,4.156506033427334,4.156506033427334,0,0
Labour,UNRATE,2,after_week_1,2026-04,Labour Equal-Weight Ensemble,Labour Equal-Weight Ensemble,1,2026-04-07,756f7615f928dae9df0542acd7dbc63ca7013dc60608c838446f6205be7d8080,4.2999999999999998,4.0816369755955657,4.0816369755955657,0,0
Labour,UNRATE,2,after_week_1,2026-05,Labour Equal-Weight Ensemble,Labour Equal-Weight Ensemble,1,2026-05-07,c1a70b31504609df70e57a8900964825b53d74c5d0f5fd5f3c774df3b96ba5b0,4.2999999999999998,4.0639724401681585,4.0639724401681585,0,0
Labour,UNRATE,2,after_week_1,2026-06,Labour Equal-Weight Ensemble,Labour Equal-Weight Ensemble,1,2026-06-07,8784239341aa001ab1647806c07a3f0361b1419a04dfa39baa7e045cd22234ad,4.2000000000000002,4.1038345797934959,4.1038345797934959,0,0
Labour,UNRATE,3,after_week_2,2023-02,Labour Equal-Weight Ensemble,Labour Equal-Weight Ensemble,1,2023-02-14,8493c3522808cec4223f6f3d60cef7f8cb31652eb221cdb7aeb18631eac2e8ad,3.6000000000000001,3.2233251218175236,3.2233251218175236,0,0
Labour,UNRATE,3,after_week_2,2023-03,Labour Equal-Weight Ensemble,Labour Equal-Weight Ensemble,1,2023-03-14,20c40afbcca5c648db06a4273bcffc60ee94d000b3934a3793b1cb51918278bb,3.5,3.2862374532775624,3.2862374532775624,0,0
Labour,UNRATE,3,after_week_2,2023-04,Labour Equal-Weight Ensemble,Labour Equal-Weight Ensemble,1,2023-04-14,67ee23bbaa58d22cbf3c8878e5129f497073227cf66af8559e3990e7ed85be3f,3.3999999999999999,3.456114945909357,3.456114945909357,0,0
Labour,UNRATE,3,after_week_2,2023-05,Labour Equal-Weight Ensemble,Labour Equal-Weight Ensemble,1,2023-05-14,b003a900f1a4b4c48d303b15f513372ec6de625c0248d6c2eaa4985d38abb73e,3.7000000000000002,3.3949735468051085,3.3949735468051085,0,0
Labour,UNRATE,3,after_week_2,2023-06,Labour Equal-Weight Ensemble,Labour Equal-Weight Ensemble,1,2023-06-14,734ba86a6992f197f3ad1bf69bd17c3d9183d762c13d6d479bb70ac3ab3b0c76,3.6000000000000001,3.288217125138317,3.288217125138317,0,0
Labour,UNRATE,3,after_week_2,2023-07,Labour Equal-Weight Ensemble,Labour Equal-Weight Ensemble,1,2023-07-14,e4811844862e309cfc8322d765ffa7a257731b6fe4cf0af7302c064d6f2e7608,3.5,3.4432597047873372,3.4432597047873372,0,0
Labour,UNRATE,3,after_week_2,2023-08,Labour Equal-Weight Ensemble,Labour Equal-Weight Ensemble,1,2023-08-14,ded400bd99d0525f109e312456fba5df514a4d773b390ecc853d70110c30193b,3.7999999999999998,3.3862976325671839,3.3862976325671839,0,0
Labour,UNRATE,3,after_week_2,2023-09,Labour Equal-Weight Ensemble,Labour Equal-Weight Ensemble,1,2023-09-14,b92020924c9b8daef618fd1bf659b4548d6867910f86e626465a464ba71cce2d,3.7999999999999998,3.3654341817042472,3.3654341817042472,0,0
Labour,UNRATE,3,after_week_2,2023-10,Labour Equal-Weight Ensemble,Labour Equal-Weight Ensemble,1,2023-10-14,c8bb26bc6ccd1e562376422f23b273f0897968f271d71fef3c2c57267c55258c,3.8999999999999999,3.4226478246324952,3.4226478246324952,0,0
Labour,UNRATE,3,after_week_2,2023-11,Labour Equal-Weight Ensemble,Labour Equal-Weight Ensemble,1,2023-11-14,f5c0f612dc58e9016dc44763f1e1b02ededc60d3770a17e50bdb3572bb610a1c,3.7000000000000002,3.6593013156403522,3.6593013156403522,0,0
Labour,UNRATE,3,after_week_2,2023-12,Labour Equal-Weight Ensemble,Labour Equal-Weight Ensemble,1,2023-12-14,aff022967a092f45ea0cc83de606b7add419d69251ad673c8850e401433d4a81,3.7000000000000002,3.5696787101421692,3.5696787101421692,0,0
Labour,UNRATE,3,after_week_2,2024-01,Labour Equal-Weight Ensemble,Labour Equal-Weight Ensemble,1,2024-01-14,4137aca638b70cbdb714544313f398ba6149872c41a12595f85b84fec079499b,3.7000000000000002,3.5342444701457389,3.5342444701457389,0,0
Labour,UNRATE,3,after_week_2,2024-02,Labour Equal-Weight Ensemble,Labour Equal-Weight Ensemble,1,2024-02-14,e66a3d829626762dc37bc2abaef61abbae0b316e83b458eb9e862f6e10aab1d2,3.8999999999999999,3.4732288100058462,3.4732288100058462,0,0
Labour,UNRATE,3,after_week_2,2024-03,Labour Equal-Weight Ensemble,Labour Equal-Weight Ensemble,1,2024-03-14,6082a0e5af4d013b8a575a7e0c2f72c977bf815d00f07e82c024da13b8dbdd8c,3.7999999999999998,3.524887422093586,3.524887422093586,0,0
Labour,UNRATE,3,after_week_2,2024-04,Labour Equal-Weight Ensemble,Labour Equal-Weight Ensemble,1,2024-04-14,f361a111d81ddea7281c1841c3e7377ead6751e7738e314e5c5a783bd67b93a7,3.8999999999999999,3.5925628823045099,3.5925628823045099,0,0
Labour,UNRATE,3,after_week_2,2024-05,Labour Equal-Weight Ensemble,Labour Equal-Weight Ensemble,1,2024-05-14,8aaa812faa2efa57d1e16617bd809a906549a3d52532e4eb2aa5a91bf3174426,4,3.5774190303077802,3.5774190303077802,0,0
Labour,UNRATE,3,after_week_2,2024-06,Labour Equal-Weight Ensemble,Labour Equal-Weight Ensemble,1,2024-06-14,5b118d1a38fdc61e0354d414940750989584533b032f3ebc5108ce5237a83dda,4.0999999999999996,3.6673883365541666,3.6673883365541666,0,0
Labour,UNRATE,3,after_week_2,2024-07,Labour Equal-Weight Ensemble,Labour Equal-Weight Ensemble,1,2024-07-14,b9d9d06b76243fbeb3e3c4f0ee993d001c65ada355bcca8b593fcb3afbe8683b,4.2999999999999998,3.8406308728978948,3.8406308728978948,0,0
Labour,UNRATE,3,after_week_2,2024-08,Labour Equal-Weight Ensemble,Labour Equal-Weight Ensemble,1,2024-08-14,68ab36fad37d8d08cf9611ee2be678ce8b335aca49799811a4838a7bdc8c0a82,4.2000000000000002,3.888253088755846,3.888253088755846,0,0
Labour,UNRATE,3,after_week_2,2024-09,Labour Equal-Weight Ensemble,Labour Equal-Weight Ensemble,1,2024-09-14,814ee909d35ffc640fcbea52b33bfdb18fdaecd4e09d342999f2426fec159eec,4.0999999999999996,3.9523210080902493,3.9523210080902493,0,0
Labour,UNRATE,3,after_week_2,2024-10,Labour Equal-Weight Ensemble,Labour Equal-Weight Ensemble,1,2024-10-14,61b8d5b40194c98196c5f929ef9c999e7e018da38356e02462e8016b1c5c8cb9,4.0999999999999996,3.8608951058978174,3.8608951058978174,0,0
Labour,UNRATE,3,after_week_2,2024-11,Labour Equal-Weight Ensemble,Labour Equal-Weight Ensemble,1,2024-11-14,215c1be6722346fedf96008e93374abccf3a01c6c1ba6059675edd4b9ce324ea,4.2000000000000002,3.9587108045585246,3.9587108045585246,0,0
Labour,UNRATE,3,after_week_2,2024-12,Labour Equal-Weight Ensemble,Labour Equal-Weight Ensemble,1,2024-12-14,d3c3c0e7405a14727e41d886ce321ba0ab55bd204b29cf9a0eeaca5c20ea4ea8,4.0999999999999996,3.8196619273953059,3.8196619273953059,0,0
Labour,UNRATE,3,after_week_2,2025-01,Labour Equal-Weight Ensemble,Labour Equal-Weight Ensemble,1,2025-01-14,4b93e5cdf0425cd1cc7f61e84aa17c7dca1aaf5c8808b9ff6e9e159f8e2eb790,4,3.8923046775171808,3.8923046775171808,0,0
Labour,UNRATE,3,after_week_2,2025-02,Labour Equal-Weight Ensemble,Labour Equal-Weight Ensemble,1,2025-02-14,22b8da27f748fc8795008423c52ac6d06223d40a9b614318c2cdfde7d1a7f7e4,4.0999999999999996,3.8455036121749884,3.8455036121749884,0,0
Labour,UNRATE,3,after_week_2,2025-03,Labour Equal-Weight Ensemble,Labour Equal-Weight Ensemble,1,2025-03-14,9cf450f9b31e54e708500e903cf3587e84972f39f67c485e2e322be211f2980e,4.2000000000000002,3.8266965059966083,3.8266965059966083,0,0
Labour,UNRATE,3,after_week_2,2025-04,Labour Equal-Weight Ensemble,Labour Equal-Weight Ensemble,1,2025-04-14,9a23e979555fdbc6d14c6e1f43c1d3c6518de5890fe29d3f9aa359c8ccdec8a4,4.2000000000000002,3.8646617662816891,3.8646617662816891,0,0
Labour,UNRATE,3,after_week_2,2025-05,Labour Equal-Weight Ensemble,Labour Equal-Weight Ensemble,1,2025-05-14,213c183aeee6eec37fe9f7d97708b57570c27ee87cfb24ea035a6736a5562a7f,4.2000000000000002,3.8955836559679295,3.8955836559679295,0,0
Labour,UNRATE,3,after_week_2,2025-06,Labour Equal-Weight Ensemble,Labour Equal-Weight Ensemble,1,2025-06-14,2564788b5d1c10d7b86de0010b313903faea9132d4a494b277bcf0770590cc5b,4.0999999999999996,4.0522971829495971,4.0522971829495971,0,0
Labour,UNRATE,3,after_week_2,2025-07,Labour Equal-Weight Ensemble,Labour Equal-Weight Ensemble,1,2025-07-14,1d642d82148daeb467d53ad4ca7cb5a0683458f104637af0db56793bf314b3b7,4.2000000000000002,4.0450071115502135,4.0450071115502135,0,0
Labour,UNRATE,3,after_week_2,2025-08,Labour Equal-Weight Ensemble,Labour Equal-Weight Ensemble,1,2025-08-14,c3f066641b9fa527f7df4b280e9f7960a407b74c79d35fc133459acfda7eae9c,4.2999999999999998,3.9283623908376857,3.9283623908376857,0,0
Labour,UNRATE,3,after_week_2,2025-09,Labour Equal-Weight Ensemble,Labour Equal-Weight Ensemble,1,2025-09-14,fb1375351bcb66a8ebe84262496380f7546d5de53dce37c8bb491382c2e5a504,4.4000000000000004,3.9670501695458817,3.9670501695458817,0,0
Labour,UNRATE,3,after_week_2,2025-11,Labour Equal-Weight Ensemble,Labour Equal-Weight Ensemble,1,2025-11-14,fce261c232d8f7fc7176fbc41f5bc9f760fd4c375ab1f47f68118cb00ac9f65f,4.5999999999999996,4.0744599735542044,4.0744599735542044,0,0
Labour,UNRATE,3,after_week_2,2025-12,Labour Equal-Weight Ensemble,Labour Equal-Weight Ensemble,1,2025-12-14,75d0ef6ecaab0a4dcc8eca7c1982f999d0fde8656a1445135f3843c530e18e15,4.4000000000000004,4.065105308173588,4.065105308173588,0,0
Labour,UNRATE,3,after_week_2,2026-01,Labour Equal-Weight Ensemble,Labour Equal-Weight Ensemble,1,2026-01-14,f5b2998c2021fe2be01a4d559269087f59f319630d1c9c4e67dbf8d0e0073a04,4.2999999999999998,4.1153655917983381,4.1153655917983381,0,0
Labour,UNRATE,3,after_week_2,2026-02,Labour Equal-Weight Ensemble,Labour Equal-Weight Ensemble,1,2026-02-14,80041a019a51c1f914d20ffc21c55e1aa914c77955be7e9ec773633233791864,4.4000000000000004,4.0509415984110264,4.0509415984110264,0,0
Labour,UNRATE,3,after_week_2,2026-03,Labour Equal-Weight Ensemble,Labour Equal-Weight Ensemble,1,2026-03-14,80f673451026065a08158f9ad45264f9545624108dcbb152c0a0a194392e4665,4.2999999999999998,4.2069910948342706,4.2069910948342706,0,0
Labour,UNRATE,3,after_week_2,2026-04,Labour Equal-Weight Ensemble,Labour Equal-Weight Ensemble,1,2026-04-14,8629ac2b41f90c9aeeb10f8c512b4f6fab7ad55f787730548b9a49b370b1d2da,4.2999999999999998,4.0616335939538599,4.0616335939538599,0,0
Labour,UNRATE,3,after_week_2,2026-05,Labour Equal-Weight Ensemble,Labour Equal-Weight Ensemble,1,2026-05-14,0caf7bc06b0509c09b64ca8b897e8f5a13585e8a2ebddb51be170b64ab40ea7f,4.2999999999999998,4.087171850761389,4.087171850761389,0,0
Labour,UNRATE,3,after_week_2,2026-06,Labour Equal-Weight Ensemble,Labour Equal-Weight Ensemble,1,2026-06-14,3e5fe4178128c4c9c691c210afb5c33042b4f830dfae2cf299efd5ce99376254,4.2000000000000002,4.0966873724390531,4.0966873724390531,0,0
Labour,UNRATE,4,month_end,2023-02,Labour Equal-Weight Ensemble,Labour Equal-Weight Ensemble,1,2023-02-28,6279ba25f52d576567d18e8c8d0c041afe74443b1991c4639a039fa121bde214,3.6000000000000001,3.2225025094619753,3.2225025094619753,0,0
Labour,UNRATE,4,month_end,2023-03,Labour Equal-Weight Ensemble,Labour Equal-Weight Ensemble,1,2023-03-31,97c2667ce008751c1b7129bd44acbe9aa35adf09d5459c5a81e6a34249711428,3.5,3.2931890327518691,3.2931890327518691,0,0
Labour,UNRATE,4,month_end,2023-04,Labour Equal-Weight Ensemble,Labour Equal-Weight Ensemble,1,2023-04-30,e811f526b64f8e7326cd3d36e4d2062d605e0421fec2fb11ecf8d12b27b2c893,3.3999999999999999,3.4659727615391875,3.4659727615391875,0,0
Labour,UNRATE,4,month_end,2023-05,Labour Equal-Weight Ensemble,Labour Equal-Weight Ensemble,1,2023-05-31,47a3ec2530f58d9c3b9b533370d871a212d295cc2d8510e172b9cf67c635cc4e,3.7000000000000002,3.3674074681147022,3.3674074681147022,0,0
Labour,UNRATE,4,month_end,2023-06,Labour Equal-Weight Ensemble,Labour Equal-Weight Ensemble,1,2023-06-30,84395dc96d4f2a5c9468cb5755d3d1d33991b8259cb83f65753aa4f99fc85048,3.6000000000000001,3.2997956268785846,3.2997956268785846,0,0
Labour,UNRATE,4,month_end,2023-07,Labour Equal-Weight Ensemble,Labour Equal-Weight Ensemble,1,2023-07-31,fbc319d6b5ac0fd2775cd9c76bd4dcd8de1f4360e65a63d4718ace7671787554,3.5,3.4446005367391663,3.4446005367391663,0,0
Labour,UNRATE,4,month_end,2023-08,Labour Equal-Weight Ensemble,Labour Equal-Weight Ensemble,1,2023-08-31,98f13c26d07eaf0eb0e880cd715440adc3fbae7968b44b9231773834cccf4443,3.7999999999999998,3.3509625016512161,3.3509625016512161,0,0
Labour,UNRATE,4,month_end,2023-09,Labour Equal-Weight Ensemble,Labour Equal-Weight Ensemble,1,2023-09-30,67078a8f26e3a5e1d4f32ab4069129481cef2e548278a60daddb0f9108f5e2ed,3.7999999999999998,3.3649341359994813,3.3649341359994813,0,0
Labour,UNRATE,4,month_end,2023-10,Labour Equal-Weight Ensemble,Labour Equal-Weight Ensemble,1,2023-10-31,dafc9e6a287c630203f0500d569d359231ed7e0bc3cadecea74f0289ddd91749,3.8999999999999999,3.4624730970731559,3.4624730970731559,0,0
Labour,UNRATE,4,month_end,2023-11,Labour Equal-Weight Ensemble,Labour Equal-Weight Ensemble,1,2023-11-30,699604e989d8b352ecf5a2746628df7956010c4a22358acf6525a9a470e4964b,3.7000000000000002,3.6505238357822378,3.6505238357822378,0,0
Labour,UNRATE,4,month_end,2023-12,Labour Equal-Weight Ensemble,Labour Equal-Weight Ensemble,1,2023-12-31,276f8d1dd873542255063c66d57a96bd3f3eb179ef1c67bd1b2b9304a8d82da6,3.7000000000000002,3.5569119933807762,3.5569119933807762,0,0
Labour,UNRATE,4,month_end,2024-01,Labour Equal-Weight Ensemble,Labour Equal-Weight Ensemble,1,2024-01-31,8b7ca7ee27539c100809fb99a89db4363c964d7ce55b3e34fa72dabf6ba8438d,3.7000000000000002,3.5192178776339857,3.5192178776339857,0,0
Labour,UNRATE,4,month_end,2024-02,Labour Equal-Weight Ensemble,Labour Equal-Weight Ensemble,1,2024-02-29,04841ef40dafcdc536a79240e7a22a4ea8336419419f1ec8074618f2a3963450,3.8999999999999999,3.4938753557763413,3.4938753557763413,0,0
Labour,UNRATE,4,month_end,2024-03,Labour Equal-Weight Ensemble,Labour Equal-Weight Ensemble,1,2024-03-31,d8f9cec934588cef4f635943e0a3012b5d783790202aef237ba7b866779390e9,3.7999999999999998,3.5355922113387788,3.5355922113387788,0,0
Labour,UNRATE,4,month_end,2024-04,Labour Equal-Weight Ensemble,Labour Equal-Weight Ensemble,1,2024-04-30,c8a398c207425212c887b26d5dbe108904be6744256a227a3bf1b8630afe050c,3.8999999999999999,3.5880050736437714,3.5880050736437714,0,0
Labour,UNRATE,4,month_end,2024-05,Labour Equal-Weight Ensemble,Labour Equal-Weight Ensemble,1,2024-05-31,4c4446c658be80fb35aa570dec5ca427851a31b7ddfe358ae6a03c9b0edc48ec,4,3.5917522800460162,3.5917522800460162,0,0
Labour,UNRATE,4,month_end,2024-06,Labour Equal-Weight Ensemble,Labour Equal-Weight Ensemble,1,2024-06-30,66b68196eefe79db940752639d613747ca2ba48e5ea9ffb2463ea72cace78419,4.0999999999999996,3.6655048139234183,3.6655048139234183,0,0
Labour,UNRATE,4,month_end,2024-07,Labour Equal-Weight Ensemble,Labour Equal-Weight Ensemble,1,2024-07-31,c3a0cfd07a89a9461ffab86252ae088529cb2362cc99b544dee29cdc48adf2f6,4.2999999999999998,3.8582351600499378,3.8582351600499378,0,0
Labour,UNRATE,4,month_end,2024-08,Labour Equal-Weight Ensemble,Labour Equal-Weight Ensemble,1,2024-08-31,732c63f7ec21aca5181fcbf6a7ce6e57eecc05a6e05ae98f806fe33824c84b98,4.2000000000000002,3.879478541610657,3.879478541610657,0,0
Labour,UNRATE,4,month_end,2024-09,Labour Equal-Weight Ensemble,Labour Equal-Weight Ensemble,1,2024-09-30,01cfebddb7a8f5d4de9b24b54aa2c3119e470edbe7ad3c651429945bc92b3825,4.0999999999999996,3.9402602681638541,3.9402602681638541,0,0
Labour,UNRATE,4,month_end,2024-10,Labour Equal-Weight Ensemble,Labour Equal-Weight Ensemble,1,2024-10-31,bb84d013a9a2a7b27d5fe0aa8e8d9395b3a3d825ace33a5cbb55efc1207025e5,4.0999999999999996,3.8394559484500825,3.8394559484500825,0,0
Labour,UNRATE,4,month_end,2024-11,Labour Equal-Weight Ensemble,Labour Equal-Weight Ensemble,1,2024-11-30,47f401181e8f074bd710761ba1e46076c3e0995fa29431b0fde81a166a48cb18,4.2000000000000002,3.9645073212562529,3.9645073212562529,0,0
Labour,UNRATE,4,month_end,2024-12,Labour Equal-Weight Ensemble,Labour Equal-Weight Ensemble,1,2024-12-31,761459f7a6b227c41ed280a4a05d2437356630df52b11dc143100317fe789afd,4.0999999999999996,3.8234157002565854,3.8234157002565854,0,0
Labour,UNRATE,4,month_end,2025-01,Labour Equal-Weight Ensemble,Labour Equal-Weight Ensemble,1,2025-01-31,bc182377d8909f138a980f0f2af1a3b5342236e8fb97dc046d48ba4782727463,4,3.8895466661463529,3.8895466661463529,0,0
Labour,UNRATE,4,month_end,2025-02,Labour Equal-Weight Ensemble,Labour Equal-Weight Ensemble,1,2025-02-28,008dc5003c888083c121f90abe86553ff4e5ca7037c97c44fa1bdda536129088,4.0999999999999996,3.8435718855384344,3.8435718855384344,0,0
Labour,UNRATE,4,month_end,2025-03,Labour Equal-Weight Ensemble,Labour Equal-Weight Ensemble,1,2025-03-31,bc04457d4517591c1730c971e9ba798296295a2942edca566dc5fb768e1ee180,4.2000000000000002,3.8254413546429582,3.8254413546429582,0,0
Labour,UNRATE,4,month_end,2025-04,Labour Equal-Weight Ensemble,Labour Equal-Weight Ensemble,1,2025-04-30,6dcf1b1fbb1683899ae0571023bb9a23c38b5900f187f0d317ccba88c6a32075,4.2000000000000002,3.8999455311177047,3.8999455311177047,0,0
Labour,UNRATE,4,month_end,2025-05,Labour Equal-Weight Ensemble,Labour Equal-Weight Ensemble,1,2025-05-31,8814e19f98ccf79260e2df771557f49f21b55de93e6451e4f28fc8adfb2e4008,4.2000000000000002,3.8967891254789233,3.8967891254789233,0,0
Labour,UNRATE,4,month_end,2025-06,Labour Equal-Weight Ensemble,Labour Equal-Weight Ensemble,1,2025-06-30,7b456dd2caa6006bbe768b4f8f087f1aeecd143f3c5cc3fa1bebc2b73e5c09d3,4.0999999999999996,4.0609555910175539,4.0609555910175539,0,0
Labour,UNRATE,4,month_end,2025-07,Labour Equal-Weight Ensemble,Labour Equal-Weight Ensemble,1,2025-07-31,4d961af8bf48247227b9886247f41c6245bc2a7c214e9b6a5e509260eb549c2a,4.2000000000000002,3.9721348043298073,3.9721348043298073,0,0
Labour,UNRATE,4,month_end,2025-08,Labour Equal-Weight Ensemble,Labour Equal-Weight Ensemble,1,2025-08-31,6c62b6995120e86b0d022a54a9fe4b3b17a236c6a063d185b725ab3453847f74,4.2999999999999998,3.9287296322501173,3.9287296322501173,0,0
Labour,UNRATE,4,month_end,2025-09,Labour Equal-Weight Ensemble,Labour Equal-Weight Ensemble,1,2025-09-30,8370e6bddaf1ac9bdd5f8039854e4d3bf31c27979ed1408ff01f7f76beffc2e6,4.4000000000000004,4.0200965889588591,4.0200965889588591,0,0
Labour,UNRATE,4,month_end,2025-11,Labour Equal-Weight Ensemble,Labour Equal-Weight Ensemble,1,2025-11-30,0c896a2302e5e5210650a5bcc02de10294e49638d0e25e558104a6669ae65edd,4.5999999999999996,4.0718289599448632,4.0718289599448632,0,0
Labour,UNRATE,4,month_end,2025-12,Labour Equal-Weight Ensemble,Labour Equal-Weight Ensemble,1,2025-12-31,17f9c04874b999f3808b7961e7affc0f1aac0cbea808e40e38082edb0d6d1831,4.4000000000000004,4.0957019505918186,4.0957019505918186,0,0
Labour,UNRATE,4,month_end,2026-01,Labour Equal-Weight Ensemble,Labour Equal-Weight Ensemble,1,2026-01-31,5be923ed610a63b5e8d0127b7176fb220b55dd1a9efc221ebe5f38b499ee9a2d,4.2999999999999998,4.1155110840212332,4.1155110840212332,0,0
Labour,UNRATE,4,month_end,2026-02,Labour Equal-Weight Ensemble,Labour Equal-Weight Ensemble,1,2026-02-28,da7fe850311202997c3df1f480d1ecd82e7a36fa5c90ab9bc02c6f4e527081cf,4.4000000000000004,4.0663031982210205,4.0663031982210205,0,0
Labour,UNRATE,4,month_end,2026-03,Labour Equal-Weight Ensemble,Labour Equal-Weight Ensemble,1,2026-03-31,0b3941461f2aa9c93166e499ca454e286199ed8cb9170c88f5a48c886b779fc5,4.2999999999999998,4.1804359441727996,4.1804359441727996,0,0
Labour,UNRATE,4,month_end,2026-04,Labour Equal-Weight Ensemble,Labour Equal-Weight Ensemble,1,2026-04-30,e9b2931657ea7e2c64fdec1868969d68b6fa4f0098307b891f6492385ff27cfe,4.2999999999999998,4.0805389596237411,4.0805389596237411,0,0
Labour,UNRATE,4,month_end,2026-05,Labour Equal-Weight Ensemble,Labour Equal-Weight Ensemble,1,2026-05-31,1a433339712659ccc8304b58487b1d8576405e57dfadf386daff065d937734e8,4.2999999999999998,4.0790027609995567,4.0790027609995567,0,0
Labour,UNRATE,4,month_end,2026-06,Labour Equal-Weight Ensemble,Labour Equal-Weight Ensemble,1,2026-06-30,cfc5d3f5304c510ad3b5c71a0b1da69b55da82e144777d9838460b3ef80935bd,4.2000000000000002,4.0888858858658228,4.0888858858658228,0,0
Labour,UNRATE,5,pre_employment_report,2023-02,Labour Equal-Weight Ensemble,Labour Equal-Weight Ensemble,1,2023-03-09,ea1953db71ea93329228e0be21b528f4229ee4087001f532d032e7c08430992a,3.6000000000000001,3.1855427469840181,3.1855427469840181,0,0
Labour,UNRATE,5,pre_employment_report,2023-03,Labour Equal-Weight Ensemble,Labour Equal-Weight Ensemble,1,2023-04-06,c56eac5a7e701385dda0a1d390a232e05d0df7e0b23351958797c02c8a6db216,3.5,3.4105830531737955,3.4105830531737955,0,0
Labour,UNRATE,5,pre_employment_report,2023-04,Labour Equal-Weight Ensemble,Labour Equal-Weight Ensemble,1,2023-05-04,a45b23477f7ad3211864f8b90308b33a3f4a5dcbe3bc716e61bd4072869944fa,3.3999999999999999,3.4515210014350743,3.4515210014350743,0,0
Labour,UNRATE,5,pre_employment_report,2023-05,Labour Equal-Weight Ensemble,Labour Equal-Weight Ensemble,1,2023-06-01,780a896b5ae77b003c614f12ec4890201f28be64859fea0aac6731484376ca2e,3.7000000000000002,3.3660028766968604,3.3660028766968604,0,0
Labour,UNRATE,5,pre_employment_report,2023-06,Labour Equal-Weight Ensemble,Labour Equal-Weight Ensemble,1,2023-07-06,bf8f19819a871ad1c1d1cd6fc4b976ae7385ba2db41b40831f7e51fb5f1e5a12,3.6000000000000001,3.3635682804879443,3.3635682804879443,0,0
Labour,UNRATE,5,pre_employment_report,2023-07,Labour Equal-Weight Ensemble,Labour Equal-Weight Ensemble,1,2023-08-03,1fbb51fcff7e9a26b23c58e68f7f791da8a62fbf6323c2c5f244c8a399327bee,3.5,3.4534211532546202,3.4534211532546202,0,0
Labour,UNRATE,5,pre_employment_report,2023-08,Labour Equal-Weight Ensemble,Labour Equal-Weight Ensemble,1,2023-08-31,98f13c26d07eaf0eb0e880cd715440adc3fbae7968b44b9231773834cccf4443,3.7999999999999998,3.3509625016512161,3.3509625016512161,0,0
Labour,UNRATE,5,pre_employment_report,2023-09,Labour Equal-Weight Ensemble,Labour Equal-Weight Ensemble,1,2023-10-05,28723410f143be952a4248168e4ee6e9eacf07eb0d4d374ff5b2e1472ee4ed0b,3.7999999999999998,3.4835211917816178,3.4835211917816178,0,0
Labour,UNRATE,5,pre_employment_report,2023-10,Labour Equal-Weight Ensemble,Labour Equal-Weight Ensemble,1,2023-11-02,d4fe0e651754d4e46172c21d3bfe0cc37f332928bbeddc93a54c9d86da74dfec,3.8999999999999999,3.4642618449885982,3.4642618449885982,0,0
Labour,UNRATE,5,pre_employment_report,2023-11,Labour Equal-Weight Ensemble,Labour Equal-Weight Ensemble,1,2023-12-07,48c8b1e298d62e2347ce60adc394dbf07031c5fc7ede397c06bc43220de5f2cf,3.7000000000000002,3.6747481440239729,3.6747481440239729,0,0
Labour,UNRATE,5,pre_employment_report,2023-12,Labour Equal-Weight Ensemble,Labour Equal-Weight Ensemble,1,2024-01-04,c5e56cffe44735191f46e496aa0b24ddf4cd493263fa7c72f17608600b8da4fa,3.7000000000000002,3.5161215664386383,3.5161215664386383,0,0
Labour,UNRATE,5,pre_employment_report,2024-01,Labour Equal-Weight Ensemble,Labour Equal-Weight Ensemble,1,2024-02-01,3701b2b60e17f3a387ae6dd4e9bc665cc172f5749b445cec879e69b5b005416e,3.7000000000000002,3.5246614251757085,3.5246614251757085,0,0
Labour,UNRATE,5,pre_employment_report,2024-02,Labour Equal-Weight Ensemble,Labour Equal-Weight Ensemble,1,2024-03-07,a8ee776c9f04382a27263870e48955c258b313cab6154421801a9a3c9d2d95cf,3.8999999999999999,3.5011826709528044,3.5011826709528044,0,0
Labour,UNRATE,5,pre_employment_report,2024-03,Labour Equal-Weight Ensemble,Labour Equal-Weight Ensemble,1,2024-04-04,3c614a922141ff47ddcbb53904e11bec16d45036125079e935570cd818d20308,3.7999999999999998,3.5953513741447645,3.5953513741447645,0,0
Labour,UNRATE,5,pre_employment_report,2024-04,Labour Equal-Weight Ensemble,Labour Equal-Weight Ensemble,1,2024-05-02,c19c383bf66ea97e8440e09bbf68fb6cae777bb3d7dda974dc99d85629750969,3.8999999999999999,3.557353804310186,3.557353804310186,0,0
Labour,UNRATE,5,pre_employment_report,2024-05,Labour Equal-Weight Ensemble,Labour Equal-Weight Ensemble,1,2024-06-06,e5739ff7426bc2d03e33812e3dc053aafe2e99bdd80ee86b4d90b7ea686d5a11,4,3.6248668879474817,3.6248668879474817,0,0
Labour,UNRATE,5,pre_employment_report,2024-06,Labour Equal-Weight Ensemble,Labour Equal-Weight Ensemble,1,2024-07-04,6497673dc139911c57af9fc6a34db5905086eb186e0aca8fadc5040ec52000fe,4.0999999999999996,3.7231568681143519,3.7231568681143519,0,0
Labour,UNRATE,5,pre_employment_report,2024-07,Labour Equal-Weight Ensemble,Labour Equal-Weight Ensemble,1,2024-08-01,1cb149f34c3a59f532e4c49889de041b32bf26f923648d832d4fb47e89fccca4,4.2999999999999998,3.8579346030451176,3.8579346030451176,0,0
Labour,UNRATE,5,pre_employment_report,2024-08,Labour Equal-Weight Ensemble,Labour Equal-Weight Ensemble,1,2024-09-05,24a267aaceb23a104c9ca97b400f9fb58668961c2456c19611e82d7266e00b5e,4.2000000000000002,3.9414452074123223,3.9414452074123223,0,0
Labour,UNRATE,5,pre_employment_report,2024-09,Labour Equal-Weight Ensemble,Labour Equal-Weight Ensemble,1,2024-10-03,85384614c03de2ae9110b37baa3cac585f55f2fcf76aaaa0322fc5ef4b037c14,4.0999999999999996,3.941688115035566,3.941688115035566,0,0
Labour,UNRATE,5,pre_employment_report,2024-10,Labour Equal-Weight Ensemble,Labour Equal-Weight Ensemble,1,2024-10-31,bb84d013a9a2a7b27d5fe0aa8e8d9395b3a3d825ace33a5cbb55efc1207025e5,4.0999999999999996,3.8394559484500825,3.8394559484500825,0,0
Labour,UNRATE,5,pre_employment_report,2024-11,Labour Equal-Weight Ensemble,Labour Equal-Weight Ensemble,1,2024-12-05,8508c1e46daa20337ca3613a5e44f3d99c40f85a4a8627509a10a97d7b3f22b7,4.2000000000000002,3.9721990059386769,3.9721990059386769,0,0
Labour,UNRATE,5,pre_employment_report,2024-12,Labour Equal-Weight Ensemble,Labour Equal-Weight Ensemble,1,2025-01-09,a9d997314e99be04688b87f0fa8abb96895adeb156522b3fd9b3bf5733a710ce,4.0999999999999996,3.8758136412525555,3.8758136412525555,0,0
Labour,UNRATE,5,pre_employment_report,2025-01,Labour Equal-Weight Ensemble,Labour Equal-Weight Ensemble,1,2025-02-06,d7a1933298a6c1eafdc265f1fcaef2b01689992bda7854961bda82dd6f236d48,4,3.8252773517314558,3.8252773517314558,0,0
Labour,UNRATE,5,pre_employment_report,2025-02,Labour Equal-Weight Ensemble,Labour Equal-Weight Ensemble,1,2025-03-06,9ffd3f9202ace8cf1da7b1c03d131c29c1c9dd1d8971d2ee9f2081b84239a5a3,4.0999999999999996,3.8463048739351957,3.8463048739351957,0,0
Labour,UNRATE,5,pre_employment_report,2025-03,Labour Equal-Weight Ensemble,Labour Equal-Weight Ensemble,1,2025-04-03,31ea4c9aa3e553fd66fc90d0dd85528f33587c204bc8248b227aca4b2e36df5d,4.2000000000000002,3.8564368840004861,3.8564368840004861,0,0
Labour,UNRATE,5,pre_employment_report,2025-04,Labour Equal-Weight Ensemble,Labour Equal-Weight Ensemble,1,2025-05-01,75104d601135eddf8c1e3b6c360c34a122a3c061b69b7fae10f981935160c092,4.2000000000000002,3.9021265171826336,3.9021265171826336,0,0
Labour,UNRATE,5,pre_employment_report,2025-05,Labour Equal-Weight Ensemble,Labour Equal-Weight Ensemble,1,2025-06-05,67b0243a3d7a58d67ae63e1e4f7c7e9ac44ec4b6923aa2f940a86dde6890a140,4.2000000000000002,3.9285502522475313,3.9285502522475313,0,0
Labour,UNRATE,5,pre_employment_report,2025-06,Labour Equal-Weight Ensemble,Labour Equal-Weight Ensemble,1,2025-07-02,78d55cfdf9cd0d23d2462d64acbbde0fa06facc98833bfd6d481ac34ca86290b,4.0999999999999996,4.0663943025692655,4.0663943025692655,0,0
Labour,UNRATE,5,pre_employment_report,2025-07,Labour Equal-Weight Ensemble,Labour Equal-Weight Ensemble,1,2025-07-31,4d961af8bf48247227b9886247f41c6245bc2a7c214e9b6a5e509260eb549c2a,4.2000000000000002,3.9721348043298073,3.9721348043298073,0,0
Labour,UNRATE,5,pre_employment_report,2025-08,Labour Equal-Weight Ensemble,Labour Equal-Weight Ensemble,1,2025-09-04,bc9a81409939e0bfa9d677aeb16622edab37721b5b13a6522d9bb51234d21353,4.2999999999999998,3.9634265170268534,3.9634265170268534,0,0
Labour,UNRATE,5,pre_employment_report,2025-09,Labour Equal-Weight Ensemble,Labour Equal-Weight Ensemble,1,2025-11-19,5a7cfc6a74b6b09b4fa07ebbd9b0e05841092b974ddb2f28af3796f79fcda4f3,4.4000000000000004,4.0200965889588591,4.0200965889588591,0,0
Labour,UNRATE,5,pre_employment_report,2025-11,Labour Equal-Weight Ensemble,Labour Equal-Weight Ensemble,1,2025-12-15,f98a1afbb63fe46a326528c231b267a54ab54163e5726a6c2ac0f36fad7972c3,4.5999999999999996,4.1126282413702278,4.1126282413702278,0,0
Labour,UNRATE,5,pre_employment_report,2025-12,Labour Equal-Weight Ensemble,Labour Equal-Weight Ensemble,1,2026-01-08,7f2574b0e02739ebd85c44cb6e8a029224cac4418bcd3f9b7fd238cef0330635,4.4000000000000004,4.0810269907169028,4.0810269907169028,0,0
Labour,UNRATE,5,pre_employment_report,2026-01,Labour Equal-Weight Ensemble,Labour Equal-Weight Ensemble,1,2026-02-10,fee22f4da32cbfc3f29b149dfc127e9e54c4e3051c2cf9b3852d4873286d2847,4.2999999999999998,4.105591758030263,4.105591758030263,0,0
Labour,UNRATE,5,pre_employment_report,2026-02,Labour Equal-Weight Ensemble,Labour Equal-Weight Ensemble,1,2026-03-05,36b785424159da4fdf5b6c9479a7b2a92ea365c14a7224f96e2d6728a732524f,4.4000000000000004,4.0676463609915823,4.0676463609915823,0,0
Labour,UNRATE,5,pre_employment_report,2026-03,Labour Equal-Weight Ensemble,Labour Equal-Weight Ensemble,1,2026-04-02,45a17d7fe6bdfd8cff1f18fa59146367abf91a4f48b35e20fdf663b9168460ab,4.2999999999999998,4.1818501720944923,4.1818501720944923,0,0
Labour,UNRATE,5,pre_employment_report,2026-04,Labour Equal-Weight Ensemble,Labour Equal-Weight Ensemble,1,2026-05-07,c1a70b31504609df70e57a8900964825b53d74c5d0f5fd5f3c774df3b96ba5b0,4.2999999999999998,4.0584461648275871,4.0584461648275871,0,0
Labour,UNRATE,5,pre_employment_report,2026-05,Labour Equal-Weight Ensemble,Labour Equal-Weight Ensemble,1,2026-06-04,92a663192feec587f3176af523495241328ecabc278f467430e3efe81b876abe,4.2999999999999998,4.1167170308630121,4.1167170308630121,0,0
Labour,UNRATE,5,pre_employment_report,2026-06,Labour Equal-Weight Ensemble,Labour Equal-Weight Ensemble,1,2026-07-01,4ddd519170c9cffa44842a12fe5193c70298c5681d7a3335155c60f1a9b10bf1,4.2000000000000002,4.0888858858658228,4.0888858858658228,0,0
