domain_name,target_series,stage_order,forecast_stage,target_period,selected_model,variant,forecast_date,actual_release_date,point_forecast,actual,prior_observable_error_count,calibration_window_count,interval_half_width,lower_80,upper_80,interval_width,interval_covered,violation,interval_score
GDP,GDPC1,1,early_quarter,2023Q2,Dynamic Factor Model,short_window,2023-04-15,2023-07-27,2.4868470617010976,2.3856035174837587,32,12,7.5118071730671119,-5.0249601113660143,9.9986542347682104,15.023614346134224,1,0,15.023614346134224
GDP,GDPC1,1,early_quarter,2023Q2,Dynamic Factor Model,long_window,2023-04-15,2023-07-27,2.4868470617010976,2.3856035174837587,32,32,3.3803505685143378,-0.8935035068132402,5.8671976302154354,6.7607011370286756,1,0,6.7607011370286756
GDP,GDPC1,2,after_month_1,2023Q2,Dynamic Factor Model,short_window,2023-05-15,2023-07-27,2.4992570090371475,2.3856035174837587,33,12,5.2884394199812492,-2.7891824109441017,7.7876964290183963,10.576878839962498,1,0,10.576878839962498
GDP,GDPC1,2,after_month_1,2023Q2,Dynamic Factor Model,long_window,2023-05-15,2023-07-27,2.4992570090371475,2.3856035174837587,33,32,3.7033740833995381,-1.2041170743623906,6.2026310924366861,7.4067481667990762,1,0,7.4067481667990762
GDP,GDPC1,3,after_month_2,2023Q2,Bridge–DFM Ensemble,short_window,2023-06-15,2023-07-27,2.3459478743075555,2.3856035174837587,33,12,5.9664757879885784,-3.6205279136810229,8.3124236622961334,11.932951575977157,1,0,11.932951575977157
GDP,GDPC1,3,after_month_2,2023Q2,Bridge–DFM Ensemble,long_window,2023-06-15,2023-07-27,2.3459478743075555,2.3856035174837587,33,32,4.489383371585749,-2.1434354972781935,6.835331245893304,8.9787667431714979,1,0,8.9787667431714979
GDP,GDPC1,4,quarter_end,2023Q2,Rolling Bridge–DFM Ensemble,short_window,2023-06-30,2023-07-27,2.5758594883958725,2.3856035174837587,33,12,5.4774078387000102,-2.9015483503041377,8.0532673270958828,10.95481567740002,1,0,10.95481567740002
GDP,GDPC1,4,quarter_end,2023Q2,Rolling Bridge–DFM Ensemble,long_window,2023-06-30,2023-07-27,2.5758594883958725,2.3856035174837587,33,32,3.2784089979206144,-0.70254950952474182,5.8542684863164869,6.5568179958412287,1,0,6.5568179958412287
GDP,GDPC1,5,pre_advance_release,2023Q2,Dynamic Factor Model,short_window,2023-07-26,2023-07-27,2.3510759369600653,2.3856035174837587,33,12,6.4802433434773086,-4.1291674065172437,8.8313192804373735,12.960486686954617,1,0,12.960486686954617
GDP,GDPC1,5,pre_advance_release,2023Q2,Dynamic Factor Model,long_window,2023-07-26,2023-07-27,2.3510759369600653,2.3856035174837587,33,32,4.0833302950110886,-1.7322543580510232,6.4344062319711544,8.1666605900221771,1,0,8.1666605900221771
GDP,GDPC1,1,early_quarter,2023Q3,Dynamic Factor Model,short_window,2023-07-15,2023-10-26,2.4301648462742493,4.7627638591336563,33,12,4.5980923764401549,-2.1679275301659056,7.0282572227144042,9.1961847528803098,1,0,9.1961847528803098
GDP,GDPC1,1,early_quarter,2023Q3,Dynamic Factor Model,long_window,2023-07-15,2023-10-26,2.4301648462742493,4.7627638591336563,33,32,3.3803505685143378,-0.95018572224008846,5.8105154147885871,6.7607011370286756,1,0,6.7607011370286756
GDP,GDPC1,2,after_month_1,2023Q3,Dynamic Factor Model,short_window,2023-08-15,2023-10-26,2.5481136604813108,4.7627638591336563,34,12,5.0716691001424774,-2.5235554396611666,7.6197827606237887,10.143338200284955,1,0,10.143338200284955
GDP,GDPC1,2,after_month_1,2023Q3,Dynamic Factor Model,long_window,2023-08-15,2023-10-26,2.5481136604813108,4.7627638591336563,34,32,3.7033740833995381,-1.1552604229182273,6.2514877438808494,7.4067481667990762,1,0,7.4067481667990762
GDP,GDPC1,3,after_month_2,2023Q3,Bridge–DFM Ensemble,short_window,2023-09-15,2023-10-26,2.1794200406009305,4.7627638591336563,34,12,5.576566244059757,-3.3971462034588265,7.755986284660688,11.153132488119514,1,0,11.153132488119514
GDP,GDPC1,3,after_month_2,2023Q3,Bridge–DFM Ensemble,long_window,2023-09-15,2023-10-26,2.1794200406009305,4.7627638591336563,34,32,4.489383371585749,-2.3099633309848184,6.6688034121866799,8.9787667431714979,1,0,8.9787667431714979
GDP,GDPC1,4,quarter_end,2023Q3,Rolling Bridge–DFM Ensemble,short_window,2023-09-30,2023-10-26,1.9381876977046764,4.7627638591336563,34,12,5.4774078387000102,-3.5392201409953339,7.4155955364046866,10.95481567740002,1,0,10.95481567740002
GDP,GDPC1,4,quarter_end,2023Q3,Rolling Bridge–DFM Ensemble,long_window,2023-09-30,2023-10-26,1.9381876977046764,4.7627638591336563,34,32,3.2784089979206144,-1.340221300215938,5.2165966956252907,6.5568179958412287,1,0,6.5568179958412287
GDP,GDPC1,5,pre_advance_release,2023Q3,Dynamic Factor Model,short_window,2023-10-25,2023-10-26,2.2665938227062492,4.7627638591336563,34,12,5.60480868040848,-3.3382148577022308,7.8714025031147292,11.20961736081696,1,0,11.20961736081696
GDP,GDPC1,5,pre_advance_release,2023Q3,Dynamic Factor Model,long_window,2023-10-25,2023-10-26,2.2665938227062492,4.7627638591336563,34,32,4.0833302950110886,-1.8167364723048394,6.3499241177173378,8.1666605900221771,1,0,8.1666605900221771
GDP,GDPC1,1,early_quarter,2023Q4,Dynamic Factor Model,short_window,2023-10-15,2024-01-25,2.4567534688899682,3.2268142583689041,34,12,4.4741293217133009,-2.0173758528233328,6.9308827906032686,8.9482586434266018,1,0,8.9482586434266018
GDP,GDPC1,1,early_quarter,2023Q4,Dynamic Factor Model,long_window,2023-10-15,2024-01-25,2.4567534688899682,3.2268142583689041,34,32,3.3803505685143378,-0.92359709962436964,5.8371040374043055,6.7607011370286756,1,0,6.7607011370286756
GDP,GDPC1,2,after_month_1,2023Q4,Dynamic Factor Model,short_window,2023-11-15,2024-01-25,2.5015111157239915,3.2268142583689041,35,12,4.2078323367546346,-1.7063212210306431,6.7093434524786257,8.4156646735092693,1,0,8.4156646735092693
GDP,GDPC1,2,after_month_1,2023Q4,Dynamic Factor Model,long_window,2023-11-15,2024-01-25,2.5015111157239915,3.2268142583689041,35,32,3.7033740833995381,-1.2018629676755466,6.2048851991235292,7.4067481667990762,1,0,7.4067481667990762
GDP,GDPC1,3,after_month_2,2023Q4,Bridge–DFM Ensemble,short_window,2023-12-15,2024-01-25,2.3825579122736817,3.2268142583689041,35,12,4.9463500914440059,-2.5637921791703242,7.3289080037176877,9.8927001828880119,1,0,9.8927001828880119
GDP,GDPC1,3,after_month_2,2023Q4,Bridge–DFM Ensemble,long_window,2023-12-15,2024-01-25,2.3825579122736817,3.2268142583689041,35,32,4.489383371585749,-2.1068254593120672,6.8719412838594307,8.9787667431714979,1,0,8.9787667431714979
GDP,GDPC1,4,quarter_end,2023Q4,Rolling Bridge–DFM Ensemble,short_window,2023-12-31,2024-01-25,2.5620464730925132,3.2268142583689041,35,12,5.141526321101213,-2.5794798480086998,7.7035727941937262,10.283052642202426,1,0,10.283052642202426
GDP,GDPC1,4,quarter_end,2023Q4,Rolling Bridge–DFM Ensemble,long_window,2023-12-31,2024-01-25,2.5620464730925132,3.2268142583689041,35,32,3.2784089979206144,-0.71636252482810114,5.8404554710131276,6.5568179958412287,1,0,6.5568179958412287
GDP,GDPC1,5,pre_advance_release,2023Q4,Dynamic Factor Model,short_window,2024-01-24,2024-01-25,2.578204568898951,3.2268142583689041,35,12,4.117737426970848,-1.539532858071897,6.6959419958697985,8.235474853941696,1,0,8.235474853941696
GDP,GDPC1,5,pre_advance_release,2023Q4,Dynamic Factor Model,long_window,2024-01-24,2024-01-25,2.578204568898951,3.2268142583689041,35,32,4.0833302950110886,-1.5051257261121376,6.66153486391004,8.1666605900221771,1,0,8.1666605900221771
GDP,GDPC1,1,early_quarter,2024Q1,Dynamic Factor Model,short_window,2024-01-15,2024-04-25,2.6107423850476468,1.5773785873641089,35,12,3.6289181973538751,-1.0181758123062283,6.2396605824015214,7.2578363947077502,1,0,7.2578363947077502
GDP,GDPC1,1,early_quarter,2024Q1,Dynamic Factor Model,long_window,2024-01-15,2024-04-25,2.6107423850476468,1.5773785873641089,35,32,3.3803505685143378,-0.76960818346669102,5.991092953561985,6.7607011370286756,1,0,6.7607011370286756
GDP,GDPC1,2,after_month_1,2024Q1,Dynamic Factor Model,short_window,2024-02-15,2024-04-25,2.7168169218981379,1.5773785873641089,36,12,3.7033740833995381,-0.98655716150140016,6.4201910052976761,7.4067481667990762,1,0,7.4067481667990762
GDP,GDPC1,2,after_month_1,2024Q1,Dynamic Factor Model,long_window,2024-02-15,2024-04-25,2.7168169218981379,1.5773785873641089,36,32,3.7033740833995381,-0.98655716150140016,6.4201910052976761,7.4067481667990762,1,0,7.4067481667990762
GDP,GDPC1,3,after_month_2,2024Q1,Bridge–DFM Ensemble,short_window,2024-03-15,2024-04-25,1.5695699885769705,1.5773785873641089,36,12,4.489383371585749,-2.9198133830087785,6.0589533601627199,8.9787667431714979,1,0,8.9787667431714979
GDP,GDPC1,3,after_month_2,2024Q1,Bridge–DFM Ensemble,long_window,2024-03-15,2024-04-25,1.5695699885769705,1.5773785873641089,36,32,4.489383371585749,-2.9198133830087785,6.0589533601627199,8.9787667431714979,1,0,8.9787667431714979
GDP,GDPC1,4,quarter_end,2024Q1,Rolling Bridge–DFM Ensemble,short_window,2024-03-31,2024-04-25,2.1749332201062299,1.5773785873641089,36,12,4.1289384983855069,-1.9540052782792769,6.3038717184917363,8.2578769967710137,1,0,8.2578769967710137
GDP,GDPC1,4,quarter_end,2024Q1,Rolling Bridge–DFM Ensemble,long_window,2024-03-31,2024-04-25,2.1749332201062299,1.5773785873641089,36,32,3.2784089979206144,-1.1034757778143844,5.4533422180268438,6.5568179958412287,1,0,6.5568179958412287
GDP,GDPC1,5,pre_advance_release,2024Q1,Dynamic Factor Model,short_window,2024-04-24,2024-04-25,2.4891613323420634,1.5773785873641089,36,12,4.0833302950110886,-1.5941689626690252,6.572491627353152,8.1666605900221771,1,0,8.1666605900221771
GDP,GDPC1,5,pre_advance_release,2024Q1,Dynamic Factor Model,long_window,2024-04-24,2024-04-25,2.4891613323420634,1.5773785873641089,36,32,4.0833302950110886,-1.5941689626690252,6.572491627353152,8.1666605900221771,1,0,8.1666605900221771
GDP,GDPC1,1,early_quarter,2024Q2,Dynamic Factor Model,short_window,2024-04-15,2024-07-25,2.7778115888870167,2.8020392666775251,36,12,3.6289181973538751,-0.85110660846685837,6.4067297862408914,7.2578363947077502,1,0,7.2578363947077502
GDP,GDPC1,1,early_quarter,2024Q2,Dynamic Factor Model,long_window,2024-04-15,2024-07-25,2.7778115888870167,2.8020392666775251,36,32,3.3803505685143378,-0.60253897962732106,6.158162157401355,6.7607011370286756,1,0,6.7607011370286756
GDP,GDPC1,2,after_month_1,2024Q2,Dynamic Factor Model,short_window,2024-05-15,2024-07-25,2.4160073852916923,2.8020392666775251,37,12,3.7033740833995381,-1.2873666981078458,6.1193814686912305,7.4067481667990762,1,0,7.4067481667990762
GDP,GDPC1,2,after_month_1,2024Q2,Dynamic Factor Model,long_window,2024-05-15,2024-07-25,2.4160073852916923,2.8020392666775251,37,32,3.7033740833995381,-1.2873666981078458,6.1193814686912305,7.4067481667990762,1,0,7.4067481667990762
GDP,GDPC1,3,after_month_2,2024Q2,Bridge–DFM Ensemble,short_window,2024-06-15,2024-07-25,2.2801762982087608,2.8020392666775251,37,12,4.489383371585749,-2.2092070733769882,6.7695596697945097,8.9787667431714979,1,0,8.9787667431714979
GDP,GDPC1,3,after_month_2,2024Q2,Bridge–DFM Ensemble,long_window,2024-06-15,2024-07-25,2.2801762982087608,2.8020392666775251,37,32,4.489383371585749,-2.2092070733769882,6.7695596697945097,8.9787667431714979,1,0,8.9787667431714979
GDP,GDPC1,4,quarter_end,2024Q2,Rolling Bridge–DFM Ensemble,short_window,2024-06-30,2024-07-25,2.1608104972489843,2.8020392666775251,37,12,4.1289384983855069,-1.9681280011365225,6.2897489956344916,8.2578769967710137,1,0,8.2578769967710137
GDP,GDPC1,4,quarter_end,2024Q2,Rolling Bridge–DFM Ensemble,long_window,2024-06-30,2024-07-25,2.1608104972489843,2.8020392666775251,37,32,3.2784089979206144,-1.11759850067163,5.4392194951695991,6.5568179958412287,1,0,6.5568179958412287
GDP,GDPC1,5,pre_advance_release,2024Q2,Dynamic Factor Model,short_window,2024-07-24,2024-07-25,2.2868633831457497,2.8020392666775251,37,12,4.0833302950110886,-1.7964669118653389,6.3701936781568378,8.1666605900221771,1,0,8.1666605900221771
GDP,GDPC1,5,pre_advance_release,2024Q2,Dynamic Factor Model,long_window,2024-07-24,2024-07-25,2.2868633831457497,2.8020392666775251,37,32,4.0833302950110886,-1.7964669118653389,6.3701936781568378,8.1666605900221771,1,0,8.1666605900221771
GDP,GDPC1,1,early_quarter,2024Q3,Dynamic Factor Model,short_window,2024-07-15,2024-10-30,2.4147085887846713,2.7863912480171393,37,12,3.3803505685143378,-0.96564197972966648,5.7950591572990096,6.7607011370286756,1,0,6.7607011370286756
GDP,GDPC1,1,early_quarter,2024Q3,Dynamic Factor Model,long_window,2024-07-15,2024-10-30,2.4147085887846713,2.7863912480171393,37,32,3.3803505685143378,-0.96564197972966648,5.7950591572990096,6.7607011370286756,1,0,6.7607011370286756
GDP,GDPC1,2,after_month_1,2024Q3,Dynamic Factor Model,short_window,2024-08-15,2024-10-30,1.8813085519709605,2.7863912480171393,38,12,3.7033740833995381,-1.8220655314285776,5.5846826353704984,7.4067481667990762,1,0,7.4067481667990762
GDP,GDPC1,2,after_month_1,2024Q3,Dynamic Factor Model,long_window,2024-08-15,2024-10-30,1.8813085519709605,2.7863912480171393,38,32,3.7033740833995381,-1.8220655314285776,5.5846826353704984,7.4067481667990762,1,0,7.4067481667990762
GDP,GDPC1,3,after_month_2,2024Q3,Bridge–DFM Ensemble,short_window,2024-09-15,2024-10-30,1.1486244347223555,2.7863912480171393,38,12,4.489383371585749,-3.3407589368633932,5.6380078063081047,8.9787667431714979,1,0,8.9787667431714979
GDP,GDPC1,3,after_month_2,2024Q3,Bridge–DFM Ensemble,long_window,2024-09-15,2024-10-30,1.1486244347223555,2.7863912480171393,38,32,4.489383371585749,-3.3407589368633932,5.6380078063081047,8.9787667431714979,1,0,8.9787667431714979
GDP,GDPC1,4,quarter_end,2024Q3,Rolling Bridge–DFM Ensemble,short_window,2024-09-30,2024-10-30,1.7912006643019205,2.7863912480171393,38,12,4.1289384983855069,-2.3377378340835864,5.9201391626874269,8.2578769967710137,1,0,8.2578769967710137
GDP,GDPC1,4,quarter_end,2024Q3,Rolling Bridge–DFM Ensemble,long_window,2024-09-30,2024-10-30,1.7912006643019205,2.7863912480171393,38,32,3.2784089979206144,-1.4872083336186939,5.0696096622225344,6.5568179958412287,1,0,6.5568179958412287
GDP,GDPC1,5,pre_advance_release,2024Q3,Dynamic Factor Model,short_window,2024-10-29,2024-10-30,2.0176625696966592,2.7863912480171393,38,12,4.0833302950110886,-2.0656677253144293,6.1009928647077478,8.1666605900221771,1,0,8.1666605900221771
GDP,GDPC1,5,pre_advance_release,2024Q3,Dynamic Factor Model,long_window,2024-10-29,2024-10-30,2.0176625696966592,2.7863912480171393,38,32,4.0833302950110886,-2.0656677253144293,6.1009928647077478,8.1666605900221771,1,0,8.1666605900221771
GDP,GDPC1,1,early_quarter,2024Q4,Dynamic Factor Model,short_window,2024-10-15,2025-01-30,2.8399705638099797,2.2264988560046106,38,12,3.3803505685143378,-0.5403800047043581,6.220321132324317,6.7607011370286756,1,0,6.7607011370286756
GDP,GDPC1,1,early_quarter,2024Q4,Dynamic Factor Model,long_window,2024-10-15,2025-01-30,2.8399705638099797,2.2264988560046106,38,32,3.3803505685143378,-0.5403800047043581,6.220321132324317,6.7607011370286756,1,0,6.7607011370286756
GDP,GDPC1,2,after_month_1,2024Q4,Dynamic Factor Model,short_window,2024-11-15,2025-01-30,2.4958852419776352,2.2264988560046106,39,12,2.9791899028782147,-0.48330466090057955,5.4750751448558503,5.9583798057564294,1,0,5.9583798057564294
GDP,GDPC1,2,after_month_1,2024Q4,Dynamic Factor Model,long_window,2024-11-15,2025-01-30,2.4958852419776352,2.2264988560046106,39,32,3.7033740833995381,-1.2074888414219029,6.1992593253771737,7.4067481667990762,1,0,7.4067481667990762
GDP,GDPC1,3,after_month_2,2024Q4,Bridge–DFM Ensemble,short_window,2024-12-15,2025-01-30,1.962646656556656,2.2264988560046106,39,12,2.5833438185327258,-0.62069716197606972,4.5459904750893818,5.1666876370654515,1,0,5.1666876370654515
GDP,GDPC1,3,after_month_2,2024Q4,Bridge–DFM Ensemble,long_window,2024-12-15,2025-01-30,1.962646656556656,2.2264988560046106,39,32,4.489383371585749,-2.5267367150290929,6.4520300281424046,8.9787667431714979,1,0,8.9787667431714979
GDP,GDPC1,4,quarter_end,2024Q4,Rolling Bridge–DFM Ensemble,short_window,2024-12-31,2025-01-30,2.0331562983931417,2.2264988560046106,39,12,2.8245761614289799,-0.79141986303583822,4.8577324598221221,5.6491523228579599,1,0,5.6491523228579599
GDP,GDPC1,4,quarter_end,2024Q4,Rolling Bridge–DFM Ensemble,long_window,2024-12-31,2025-01-30,2.0331562983931417,2.2264988560046106,39,32,3.2784089979206144,-1.2452526995274726,5.3115652963137556,6.5568179958412287,1,0,6.5568179958412287
GDP,GDPC1,5,pre_advance_release,2024Q4,Dynamic Factor Model,short_window,2025-01-29,2025-01-30,2.4514065363205746,2.2264988560046106,39,12,2.4961700364274071,-0.044763500106832499,4.9475765727479821,4.9923400728548142,1,0,4.9923400728548142
GDP,GDPC1,5,pre_advance_release,2024Q4,Dynamic Factor Model,long_window,2025-01-29,2025-01-30,2.4514065363205746,2.2264988560046106,39,32,4.0833302950110886,-1.631923758690514,6.5347368313316636,8.1666605900221771,1,0,8.1666605900221771
GDP,GDPC1,1,early_quarter,2025Q1,Dynamic Factor Model,short_window,2025-01-15,2025-04-30,2.7735007573044714,-0.27643155746019943,39,12,3.3803505685143378,-0.60684981120986636,6.1538513258188097,6.7607011370286756,1,0,6.7607011370286756
GDP,GDPC1,1,early_quarter,2025Q1,Dynamic Factor Model,long_window,2025-01-15,2025-04-30,2.7735007573044714,-0.27643155746019943,39,32,3.3803505685143378,-0.60684981120986636,6.1538513258188097,6.7607011370286756,1,0,6.7607011370286756
GDP,GDPC1,2,after_month_1,2025Q1,Dynamic Factor Model,short_window,2025-02-15,2025-04-30,2.9832929871803047,-0.27643155746019943,40,12,2.2680214246746058,0.7152715625056989,5.25131441185491,4.5360428493492115,0,1,14.453074049008194
GDP,GDPC1,2,after_month_1,2025Q1,Dynamic Factor Model,long_window,2025-02-15,2025-04-30,2.9832929871803047,-0.27643155746019943,40,32,3.7033740833995381,-0.72008109621923344,6.6866670705798423,7.4067481667990762,1,0,7.4067481667990762
GDP,GDPC1,3,after_month_2,2025Q1,Bridge–DFM Ensemble,short_window,2025-03-15,2025-04-30,2.3145635657787023,-0.27643155746019943,40,12,2.5833438185327258,-0.26878025275402351,4.897907384311428,5.1666876370654515,0,1,5.2432006841272107
GDP,GDPC1,3,after_month_2,2025Q1,Bridge–DFM Ensemble,long_window,2025-03-15,2025-04-30,2.3145635657787023,-0.27643155746019943,40,32,4.489383371585749,-2.1748198058070467,6.8039469373644508,8.9787667431714979,1,0,8.9787667431714979
GDP,GDPC1,4,quarter_end,2025Q1,Rolling Bridge–DFM Ensemble,short_window,2025-03-31,2025-04-30,2.7652363678292318,-0.27643155746019943,40,12,2.8245761614289799,-0.05933979359974817,5.5898125292582117,5.6491523228579599,0,1,7.8200699614624725
GDP,GDPC1,4,quarter_end,2025Q1,Rolling Bridge–DFM Ensemble,long_window,2025-03-31,2025-04-30,2.7652363678292318,-0.27643155746019943,40,32,3.2784089979206144,-0.51317263009138259,6.0436453657498461,6.5568179958412287,1,0,6.5568179958412287
GDP,GDPC1,5,pre_advance_release,2025Q1,Dynamic Factor Model,short_window,2025-04-29,2025-04-30,2.9741429691758174,-0.27643155746019943,40,12,2.4961700364274071,0.47797293274841035,5.4703130056032245,4.9923400728548142,0,1,12.536384974940912
GDP,GDPC1,5,pre_advance_release,2025Q1,Dynamic Factor Model,long_window,2025-04-29,2025-04-30,2.9741429691758174,-0.27643155746019943,40,32,4.0833302950110886,-1.1091873258352711,7.057473264186906,8.1666605900221771,1,0,8.1666605900221771
GDP,GDPC1,1,early_quarter,2025Q2,Dynamic Factor Model,short_window,2025-04-15,2025-07-30,2.4835642539617417,2.9250519832658028,40,12,2.332599012859407,0.15096524110233478,4.8161632668211487,4.6651980257188139,1,0,4.6651980257188139
GDP,GDPC1,1,early_quarter,2025Q2,Dynamic Factor Model,long_window,2025-04-15,2025-07-30,2.4835642539617417,2.9250519832658028,40,32,3.3803505685143378,-0.89678631455259605,5.8639148224760795,6.7607011370286756,1,0,6.7607011370286756
GDP,GDPC1,2,after_month_1,2025Q2,Dynamic Factor Model,short_window,2025-05-15,2025-07-30,2.0034269768871531,2.9250519832658028,41,12,2.2680214246746058,-0.26459444778745267,4.2714484015617593,4.5360428493492115,1,0,4.5360428493492115
GDP,GDPC1,2,after_month_1,2025Q2,Dynamic Factor Model,long_window,2025-05-15,2025-07-30,2.0034269768871531,2.9250519832658028,41,32,3.7033740833995381,-1.699947106512385,5.7068010602866917,7.4067481667990762,1,0,7.4067481667990762
GDP,GDPC1,3,after_month_2,2025Q2,Bridge–DFM Ensemble,short_window,2025-06-15,2025-07-30,1.990361667207023,2.9250519832658028,41,12,2.5833438185327258,-0.59298215132570276,4.5737054857397492,5.1666876370654515,1,0,5.1666876370654524
GDP,GDPC1,3,after_month_2,2025Q2,Bridge–DFM Ensemble,long_window,2025-06-15,2025-07-30,1.990361667207023,2.9250519832658028,41,32,4.489383371585749,-2.4990217043787259,6.479745038792772,8.9787667431714979,1,0,8.9787667431714979
GDP,GDPC1,4,quarter_end,2025Q2,Rolling Bridge–DFM Ensemble,short_window,2025-06-30,2025-07-30,1.6292375252773108,2.9250519832658028,41,12,2.8245761614289799,-1.1953386361516691,4.4538136867062903,5.6491523228579599,1,0,5.6491523228579599
GDP,GDPC1,4,quarter_end,2025Q2,Rolling Bridge–DFM Ensemble,long_window,2025-06-30,2025-07-30,1.6292375252773108,2.9250519832658028,41,32,3.2784089979206144,-1.6491714726433035,4.9076465231979256,6.5568179958412287,1,0,6.5568179958412287
GDP,GDPC1,5,pre_advance_release,2025Q2,Dynamic Factor Model,short_window,2025-07-29,2025-07-30,1.8313188729557819,2.9250519832658028,41,12,2.4961700364274071,-0.66485116347162521,4.327488909383189,4.9923400728548142,1,0,4.9923400728548142
GDP,GDPC1,5,pre_advance_release,2025Q2,Dynamic Factor Model,long_window,2025-07-29,2025-07-30,1.8313188729557819,2.9250519832658028,41,32,4.0833302950110886,-2.2520114220553067,5.9146491679668705,8.1666605900221771,1,0,8.1666605900221771
GDP,GDPC1,1,early_quarter,2025Q3,Dynamic Factor Model,short_window,2025-07-15,2025-12-23,2.5451584654074622,4.2511297453771135,41,12,2.332599012859407,0.21255945254805519,4.8777574782668687,4.6651980257188139,1,0,4.6651980257188139
GDP,GDPC1,1,early_quarter,2025Q3,Dynamic Factor Model,long_window,2025-07-15,2025-12-23,2.5451584654074622,4.2511297453771135,41,32,3.3803505685143378,-0.83519210310687564,5.9255090339218004,6.7607011370286756,1,0,6.7607011370286756
GDP,GDPC1,2,after_month_1,2025Q3,Dynamic Factor Model,short_window,2025-08-15,2025-12-23,2.256528272269362,4.2511297453771135,42,12,2.2146501986523455,0.041878073617016565,4.4711784709217071,4.4293003973046909,1,0,4.4293003973046901
GDP,GDPC1,2,after_month_1,2025Q3,Dynamic Factor Model,long_window,2025-08-15,2025-12-23,2.256528272269362,4.2511297453771135,42,32,3.7033740833995381,-1.4468458111301761,5.9599023556689001,7.4067481667990762,1,0,7.4067481667990762
GDP,GDPC1,3,after_month_2,2025Q3,Bridge–DFM Ensemble,short_window,2025-09-15,2025-12-23,1.6711641922597553,4.2511297453771135,42,12,1.8425719567849255,-0.17140776452517015,3.5137361490446808,3.6851439135698509,0,1,11.059079876894177
GDP,GDPC1,3,after_month_2,2025Q3,Bridge–DFM Ensemble,long_window,2025-09-15,2025-12-23,1.6711641922597553,4.2511297453771135,42,32,4.489383371585749,-2.8182191793259936,6.1605475638455047,8.9787667431714979,1,0,8.9787667431714979
GDP,GDPC1,4,quarter_end,2025Q3,Rolling Bridge–DFM Ensemble,short_window,2025-09-30,2025-12-23,1.4710991975581944,4.2511297453771135,42,12,2.1552731471569739,-0.68417394959877953,3.6263723447151683,4.3105462943139479,0,1,10.5581203009334
GDP,GDPC1,4,quarter_end,2025Q3,Rolling Bridge–DFM Ensemble,long_window,2025-09-30,2025-12-23,1.4710991975581944,4.2511297453771135,42,32,3.2784089979206144,-1.8073098003624199,4.7495081954788088,6.5568179958412287,1,0,6.5568179958412287
GDP,GDPC1,5,pre_advance_release,2025Q3,Dynamic Factor Model,short_window,2025-12-22,2025-12-23,2.2561662933363342,4.2511297453771135,42,12,2.0034525546868975,0.25271373864943669,4.2596188480232318,4.0069051093737951,1,0,4.0069051093737951
GDP,GDPC1,5,pre_advance_release,2025Q3,Dynamic Factor Model,long_window,2025-12-22,2025-12-23,2.2561662933363342,4.2511297453771135,42,32,4.0833302950110886,-1.8271640016747543,6.3394965883474228,8.1666605900221771,1,0,8.1666605900221771
GDP,GDPC1,1,early_quarter,2025Q4,Dynamic Factor Model,short_window,2025-10-15,2026-02-20,1.962860695264586,1.4125209345351664,42,12,1.5574579127545927,0.40540278250999329,3.5203186080191786,3.1149158255091853,1,0,3.1149158255091853
GDP,GDPC1,1,early_quarter,2025Q4,Dynamic Factor Model,long_window,2025-10-15,2026-02-20,1.962860695264586,1.4125209345351664,42,32,3.3803505685143378,-1.4174898732497518,5.3432112637789242,6.7607011370286756,1,0,6.7607011370286756
GDP,GDPC1,2,after_month_1,2025Q4,Dynamic Factor Model,short_window,2025-11-15,2026-02-20,1.7365958319597818,1.4125209345351664,42,12,2.2146501986523455,-0.47805436669256363,3.9512460306121273,4.4293003973046909,1,0,4.4293003973046909
GDP,GDPC1,2,after_month_1,2025Q4,Dynamic Factor Model,long_window,2025-11-15,2026-02-20,1.7365958319597818,1.4125209345351664,42,32,3.7033740833995381,-1.9667782514397563,5.4399699153593204,7.4067481667990762,1,0,7.4067481667990762
GDP,GDPC1,3,after_month_2,2025Q4,Bridge–DFM Ensemble,short_window,2025-12-15,2026-02-20,1.3434763958319373,1.4125209345351664,42,12,1.8425719567849255,-0.49909556095298813,3.1860483526168628,3.6851439135698509,1,0,3.6851439135698509
GDP,GDPC1,3,after_month_2,2025Q4,Bridge–DFM Ensemble,long_window,2025-12-15,2026-02-20,1.3434763958319373,1.4125209345351664,42,32,4.489383371585749,-3.1459069757538116,5.8328597674176859,8.9787667431714979,1,0,8.9787667431714979
GDP,GDPC1,4,quarter_end,2025Q4,Rolling Bridge–DFM Ensemble,short_window,2025-12-31,2026-02-20,1.2440376293243163,1.4125209345351664,43,12,2.7800305478189191,-1.5359929184946028,4.0240681771432349,5.5600610956378382,1,0,5.5600610956378382
GDP,GDPC1,4,quarter_end,2025Q4,Rolling Bridge–DFM Ensemble,long_window,2025-12-31,2026-02-20,1.2440376293243163,1.4125209345351664,43,32,3.2784089979206144,-2.0343713685962981,4.5224466272449302,6.5568179958412287,1,0,6.5568179958412287
GDP,GDPC1,5,pre_advance_release,2025Q4,Dynamic Factor Model,short_window,2026-02-19,2026-02-20,1.8005327659206583,1.4125209345351664,43,12,2.0034525546868975,-0.20291978876623928,3.8039853206075556,4.0069051093737951,1,0,4.0069051093737951
GDP,GDPC1,5,pre_advance_release,2025Q4,Dynamic Factor Model,long_window,2026-02-19,2026-02-20,1.8005327659206583,1.4125209345351664,43,32,4.0833302950110886,-2.2827975290904305,5.8838630609317466,8.1666605900221771,1,0,8.1666605900221771
GDP,GDPC1,1,early_quarter,2026Q1,Dynamic Factor Model,short_window,2026-01-15,2026-04-30,2.5193798658793018,1.9701855346021091,43,12,1.7059712799696514,0.81340858590965048,4.2253511458489532,3.4119425599393027,1,0,3.4119425599393027
GDP,GDPC1,1,early_quarter,2026Q1,Dynamic Factor Model,long_window,2026-01-15,2026-04-30,2.5193798658793018,1.9701855346021091,43,32,3.3803505685143378,-0.86097070263503594,5.8997304343936392,6.7607011370286756,1,0,6.7607011370286756
GDP,GDPC1,2,after_month_1,2026Q1,Dynamic Factor Model,short_window,2026-02-15,2026-04-30,2.8159737333676316,1.9701855346021091,43,12,2.2146501986523455,0.6013235347152861,5.030623932019977,4.4293003973046909,1,0,4.4293003973046909
GDP,GDPC1,2,after_month_1,2026Q1,Dynamic Factor Model,long_window,2026-02-15,2026-04-30,2.8159737333676316,1.9701855346021091,43,32,3.7033740833995381,-0.88740035003190654,6.5193478167671692,7.4067481667990762,1,0,7.4067481667990762
GDP,GDPC1,3,after_month_2,2026Q1,Bridge–DFM Ensemble,short_window,2026-03-15,2026-04-30,3.3208306644829619,1.9701855346021091,44,12,2.5799655531173582,0.74086511136560373,5.9007962176003197,5.1599311062347164,1,0,5.1599311062347155
GDP,GDPC1,3,after_month_2,2026Q1,Bridge–DFM Ensemble,long_window,2026-03-15,2026-04-30,3.3208306644829619,1.9701855346021091,44,32,4.489383371585749,-1.168552707102787,7.8102140360687109,8.9787667431714979,1,0,8.9787667431714979
GDP,GDPC1,4,quarter_end,2026Q1,Rolling Bridge–DFM Ensemble,short_window,2026-03-31,2026-04-30,3.1302605046477519,1.9701855346021091,44,12,2.7800305478189191,0.35022995682883273,5.910291052466671,5.5600610956378382,1,0,5.5600610956378382
GDP,GDPC1,4,quarter_end,2026Q1,Rolling Bridge–DFM Ensemble,long_window,2026-03-31,2026-04-30,3.1302605046477519,1.9701855346021091,44,32,3.2784089979206144,-0.1481484932728625,6.4086695025683662,6.5568179958412287,1,0,6.5568179958412287
GDP,GDPC1,5,pre_advance_release,2026Q1,Dynamic Factor Model,short_window,2026-04-29,2026-04-30,2.4233479275160388,1.9701855346021091,44,12,2.0034525546868975,0.41989537282914124,4.4268004822029363,4.0069051093737951,1,0,4.0069051093737951
GDP,GDPC1,5,pre_advance_release,2026Q1,Dynamic Factor Model,long_window,2026-04-29,2026-04-30,2.4233479275160388,1.9701855346021091,44,32,4.0833302950110886,-1.6599823674950498,6.5066782225271274,8.1666605900221771,1,0,8.1666605900221771
Inflation,CPIAUCSL,1,month_open,2023-02,Inflation Ridge-AR Ensemble,short_memory,2023-02-01,2023-03-14,1.8666441852025841,4.4318730380084048,34,34,7.8002374210062291,-5.9335932358036452,9.666881606208813,15.600474842012458,1,0,15.600474842012458
Inflation,CPIAUCSL,1,month_open,2023-02,Inflation Ridge-AR Ensemble,long_memory,2023-02-01,2023-03-14,1.8666441852025841,4.4318730380084048,34,34,7.8002374210062291,-5.9335932358036452,9.666881606208813,15.600474842012458,1,0,15.600474842012458
Inflation,CPIAUCSL,2,mid_month,2023-02,Inflation Bridge Ridge,short_memory,2023-02-15,2023-03-14,3.2228808132249891,4.4318730380084048,36,36,6.8279834095912424,-3.6051025963662533,10.050864222816232,13.655966819182485,1,0,13.655966819182485
Inflation,CPIAUCSL,2,mid_month,2023-02,Inflation Bridge Ridge,long_memory,2023-02-15,2023-03-14,3.2228808132249891,4.4318730380084048,36,36,6.2257370885677199,-3.0028562753427308,9.4486179017927086,12.45147417713544,1,0,12.45147417713544
Inflation,CPIAUCSL,3,month_end,2023-02,Inflation Bridge Ridge,short_memory,2023-02-28,2023-03-14,4.1255911250407973,4.4318730380084048,36,36,6.8279834095912424,-2.7023922845504451,10.95357453463204,13.655966819182485,1,0,13.655966819182485
Inflation,CPIAUCSL,3,month_end,2023-02,Inflation Bridge Ridge,long_memory,2023-02-28,2023-03-14,4.1255911250407973,4.4318730380084048,36,36,6.2257370885677199,-2.1001459635269226,10.351328213608518,12.45147417713544,1,0,12.451474177135442
Inflation,CPIAUCSL,4,pre_release,2023-02,Inflation Bridge Ridge,short_memory,2023-03-13,2023-03-14,4.0805814745681142,4.4318730380084048,36,36,6.8392012982608055,-2.7586198236926913,10.919782772828921,13.678402596521611,1,0,13.678402596521611
Inflation,CPIAUCSL,4,pre_release,2023-02,Inflation Bridge Ridge,long_memory,2023-03-13,2023-03-14,4.0805814745681142,4.4318730380084048,36,36,6.2514059549077263,-2.1708244803396122,10.331987429475841,12.502811909815453,1,0,12.502811909815453
Inflation,CPIAUCSL,1,month_open,2023-03,Inflation Ridge-AR Ensemble,short_memory,2023-03-01,2023-04-12,4.6972658040869746,0.63633472696977833,35,35,7.8002374210062291,-3.1029716169192545,12.497503225093205,15.600474842012458,1,0,15.60047484201246
Inflation,CPIAUCSL,1,month_open,2023-03,Inflation Ridge-AR Ensemble,long_memory,2023-03-01,2023-04-12,4.6972658040869746,0.63633472696977833,35,35,6.4386581604823814,-1.7413923563954068,11.135923964569356,12.877316320964763,1,0,12.877316320964763
Inflation,CPIAUCSL,2,mid_month,2023-03,Inflation Bridge Ridge,short_memory,2023-03-15,2023-04-12,3.7537713775668817,0.63633472696977833,37,37,6.2257370885677199,-2.4719657110008382,9.9795084661346021,12.45147417713544,1,0,12.45147417713544
Inflation,CPIAUCSL,2,mid_month,2023-03,Inflation Bridge Ridge,long_memory,2023-03-15,2023-04-12,3.7537713775668817,0.63633472696977833,37,37,5.3511843392532334,-1.5974129616863517,9.1049557168201147,10.702368678506467,1,0,10.702368678506467
Inflation,CPIAUCSL,3,month_end,2023-03,Inflation Bridge Ridge,short_memory,2023-03-31,2023-04-12,3.7537713775668817,0.63633472696977833,37,37,6.2257370885677199,-2.4719657110008382,9.9795084661346021,12.45147417713544,1,0,12.45147417713544
Inflation,CPIAUCSL,3,month_end,2023-03,Inflation Bridge Ridge,long_memory,2023-03-31,2023-04-12,3.7537713775668817,0.63633472696977833,37,37,5.3511843392532334,-1.5974129616863517,9.1049557168201147,10.702368678506467,1,0,10.702368678506467
Inflation,CPIAUCSL,4,pre_release,2023-03,Inflation Bridge Ridge,short_memory,2023-04-11,2023-04-12,3.7645340498841433,0.63633472696977833,37,37,6.2514059549077263,-2.486871905023583,10.015940004791869,12.502811909815453,1,0,12.502811909815453
Inflation,CPIAUCSL,4,pre_release,2023-03,Inflation Bridge Ridge,long_memory,2023-04-11,2023-04-12,3.7645340498841433,0.63633472696977833,37,37,5.501763011105794,-1.7372289612216507,9.2662970609899382,11.003526022211588,1,0,11.003526022211588
Inflation,CPIAUCSL,1,month_open,2023-04,Inflation Ridge-AR Ensemble,short_memory,2023-04-01,2023-05-10,2.7693402781276886,4.4053058606191797,36,36,6.4386581604823814,-3.6693178823546928,9.2079984386100691,12.877316320964763,1,0,12.877316320964763
Inflation,CPIAUCSL,1,month_open,2023-04,Inflation Ridge-AR Ensemble,long_memory,2023-04-01,2023-05-10,2.7693402781276886,4.4053058606191797,36,36,6.4386581604823814,-3.6693178823546928,9.2079984386100691,12.877316320964763,1,0,12.877316320964763
Inflation,CPIAUCSL,2,mid_month,2023-04,Inflation Bridge Ridge,short_memory,2023-04-15,2023-05-10,-0.42593691255574795,4.4053058606191797,38,38,5.3511843392532334,-5.7771212518089818,4.9252474266974851,10.702368678506467,1,0,10.702368678506467
Inflation,CPIAUCSL,2,mid_month,2023-04,Inflation Bridge Ridge,long_memory,2023-04-15,2023-05-10,-0.42593691255574795,4.4053058606191797,38,38,5.0482720827533525,-5.4742089953091,4.622335170197605,10.096544165506705,1,0,10.096544165506705
Inflation,CPIAUCSL,3,month_end,2023-04,Inflation Bridge Ridge,short_memory,2023-04-30,2023-05-10,-0.42593691255574795,4.4053058606191797,38,38,5.3511843392532334,-5.7771212518089818,4.9252474266974851,10.702368678506467,1,0,10.702368678506467
Inflation,CPIAUCSL,3,month_end,2023-04,Inflation Bridge Ridge,long_memory,2023-04-30,2023-05-10,-0.42593691255574795,4.4053058606191797,38,38,5.0482720827533525,-5.4742089953091,4.622335170197605,10.096544165506705,1,0,10.096544165506705
Inflation,CPIAUCSL,4,pre_release,2023-04,Inflation Bridge Ridge,short_memory,2023-05-09,2023-05-10,-0.36242735873923015,4.4053058606191797,38,38,5.501763011105794,-5.8641903698450246,5.1393356523665634,11.003526022211588,1,0,11.003526022211588
Inflation,CPIAUCSL,4,pre_release,2023-04,Inflation Bridge Ridge,long_memory,2023-05-09,2023-05-10,-0.36242735873923015,4.4053058606191797,38,38,5.0482720827533525,-5.4106994414925822,4.6858447240141228,10.096544165506705,1,0,10.096544165506705
Inflation,CPIAUCSL,1,month_open,2023-05,Inflation Ridge-AR Ensemble,short_memory,2023-05-01,2023-06-13,2.1349793531768544,1.4885883415676204,37,37,6.4386581604823814,-4.303678807305527,8.5736375136592358,12.877316320964763,1,0,12.877316320964763
Inflation,CPIAUCSL,1,month_open,2023-05,Inflation Ridge-AR Ensemble,long_memory,2023-05-01,2023-06-13,2.1349793531768544,1.4885883415676204,37,37,6.1010386120915463,-3.9660592589146919,8.2360179652684007,12.202077224183093,1,0,12.202077224183093
Inflation,CPIAUCSL,2,mid_month,2023-05,Inflation Bridge Ridge,short_memory,2023-05-15,2023-06-13,4.6653386479855783,1.4885883415676204,39,39,5.0482720827533525,-0.38293343476777419,9.7136107307389317,10.096544165506705,1,0,10.096544165506707
Inflation,CPIAUCSL,2,mid_month,2023-05,Inflation Bridge Ridge,long_memory,2023-05-15,2023-06-13,4.6653386479855783,1.4885883415676204,39,39,5.0482720827533525,-0.38293343476777419,9.7136107307389317,10.096544165506705,1,0,10.096544165506707
Inflation,CPIAUCSL,3,month_end,2023-05,Inflation Bridge Ridge,short_memory,2023-05-31,2023-06-13,4.6653386479855783,1.4885883415676204,39,39,5.0482720827533525,-0.38293343476777419,9.7136107307389317,10.096544165506705,1,0,10.096544165506707
Inflation,CPIAUCSL,3,month_end,2023-05,Inflation Bridge Ridge,long_memory,2023-05-31,2023-06-13,4.6653386479855783,1.4885883415676204,39,39,5.0482720827533525,-0.38293343476777419,9.7136107307389317,10.096544165506705,1,0,10.096544165506707
Inflation,CPIAUCSL,4,pre_release,2023-05,Inflation Bridge Ridge,short_memory,2023-06-12,2023-06-13,4.6066229494516087,1.4885883415676204,39,39,5.0482720827533525,-0.44164913330174382,9.654895032204962,10.096544165506705,1,0,10.096544165506707
Inflation,CPIAUCSL,4,pre_release,2023-05,Inflation Bridge Ridge,long_memory,2023-06-12,2023-06-13,4.6066229494516087,1.4885883415676204,39,39,5.0482720827533525,-0.44164913330174382,9.654895032204962,10.096544165506705,1,0,10.096544165506707
Inflation,CPIAUCSL,1,month_open,2023-06,Inflation Ridge-AR Ensemble,short_memory,2023-06-01,2023-07-12,3.1834252193096595,2.1622873911194773,38,38,5.8355938080763972,-2.6521685887667377,9.0190190273860562,11.671187616152794,1,0,11.671187616152794
Inflation,CPIAUCSL,1,month_open,2023-06,Inflation Ridge-AR Ensemble,long_memory,2023-06-01,2023-07-12,3.1834252193096595,2.1622873911194773,38,38,6.1010386120915463,-2.9176133927818868,9.2844638314012062,12.202077224183093,1,0,12.202077224183093
Inflation,CPIAUCSL,2,mid_month,2023-06,Inflation Bridge Ridge,short_memory,2023-06-15,2023-07-12,1.7248623542939545,2.1622873911194773,40,40,4.8312427731749281,-3.1063804188809736,6.5561051274688822,9.6624855463498562,1,0,9.6624855463498562
Inflation,CPIAUCSL,2,mid_month,2023-06,Inflation Bridge Ridge,long_memory,2023-06-15,2023-07-12,1.7248623542939545,2.1622873911194773,40,40,5.0482720827533525,-3.323409728459398,6.7731344370473074,10.096544165506705,1,0,10.096544165506705
Inflation,CPIAUCSL,3,month_end,2023-06,Inflation Bridge Ridge,short_memory,2023-06-30,2023-07-12,1.7248623542939545,2.1622873911194773,40,40,4.8312427731749281,-3.1063804188809736,6.5561051274688822,9.6624855463498562,1,0,9.6624855463498562
Inflation,CPIAUCSL,3,month_end,2023-06,Inflation Bridge Ridge,long_memory,2023-06-30,2023-07-12,1.7248623542939545,2.1622873911194773,40,40,5.0482720827533525,-3.323409728459398,6.7731344370473074,10.096544165506705,1,0,10.096544165506705
Inflation,CPIAUCSL,4,pre_release,2023-06,Inflation Bridge Ridge,short_memory,2023-07-11,2023-07-12,1.7725588297610395,2.1622873911194773,40,40,4.7677332193584103,-2.9951743895973708,6.5402920491194498,9.5354664387168206,1,0,9.5354664387168206
Inflation,CPIAUCSL,4,pre_release,2023-06,Inflation Bridge Ridge,long_memory,2023-07-11,2023-07-12,1.7725588297610395,2.1622873911194773,40,40,5.0482720827533525,-3.275713252992313,6.820830912514392,10.096544165506705,1,0,10.096544165506705
Inflation,CPIAUCSL,1,month_open,2023-07,Inflation Ridge-AR Ensemble,short_memory,2023-07-01,2023-08-10,2.4347883462412021,2.0006943267020461,39,39,5.8355938080763972,-3.4008054618351951,8.2703821543175984,11.671187616152794,1,0,11.671187616152793
Inflation,CPIAUCSL,1,month_open,2023-07,Inflation Ridge-AR Ensemble,long_memory,2023-07-01,2023-08-10,2.4347883462412021,2.0006943267020461,39,39,5.8355938080763972,-3.4008054618351951,8.2703821543175984,11.671187616152794,1,0,11.671187616152793
Inflation,CPIAUCSL,2,mid_month,2023-07,Inflation Bridge Ridge,short_memory,2023-07-15,2023-08-10,2.8068642491670963,2.0006943267020461,41,41,4.8312427731749281,-2.0243785240078318,7.6381070223420249,9.6624855463498562,1,0,9.6624855463498562
Inflation,CPIAUCSL,2,mid_month,2023-07,Inflation Bridge Ridge,long_memory,2023-07-15,2023-08-10,2.8068642491670963,2.0006943267020461,41,41,4.8312427731749281,-2.0243785240078318,7.6381070223420249,9.6624855463498562,1,0,9.6624855463498562
Inflation,CPIAUCSL,3,month_end,2023-07,Inflation Bridge Ridge,short_memory,2023-07-31,2023-08-10,2.8068642491670963,2.0006943267020461,41,41,4.8312427731749281,-2.0243785240078318,7.6381070223420249,9.6624855463498562,1,0,9.6624855463498562
Inflation,CPIAUCSL,3,month_end,2023-07,Inflation Bridge Ridge,long_memory,2023-07-31,2023-08-10,2.8068642491670963,2.0006943267020461,41,41,4.8312427731749281,-2.0243785240078318,7.6381070223420249,9.6624855463498562,1,0,9.6624855463498562
Inflation,CPIAUCSL,4,pre_release,2023-07,Inflation Bridge Ridge,short_memory,2023-08-09,2023-08-10,2.8313497838680934,2.0006943267020461,41,41,4.7677332193584103,-1.9363834354903169,7.5990830032265038,9.5354664387168206,1,0,9.5354664387168206
Inflation,CPIAUCSL,4,pre_release,2023-07,Inflation Bridge Ridge,long_memory,2023-08-09,2023-08-10,2.8313497838680934,2.0006943267020461,41,41,4.7677332193584103,-1.9363834354903169,7.5990830032265038,9.5354664387168206,1,0,9.5354664387168206
Inflation,CPIAUCSL,1,month_open,2023-08,Inflation Ridge-AR Ensemble,short_memory,2023-08-01,2023-09-13,3.4340780500206596,7.5504206569227961,40,40,4.9169745081221041,-1.4828964581014445,8.3510525581427633,9.8339490162442083,1,0,9.8339490162442083
Inflation,CPIAUCSL,1,month_open,2023-08,Inflation Ridge-AR Ensemble,long_memory,2023-08-01,2023-09-13,3.4340780500206596,7.5504206569227961,40,40,5.8355938080763972,-2.4015157580557376,9.2696718580970572,11.671187616152794,1,0,11.671187616152794
Inflation,CPIAUCSL,2,mid_month,2023-08,Inflation Bridge Ridge,short_memory,2023-08-15,2023-09-13,4.8343448155525497,7.5504206569227961,42,42,4.8312427731749281,0.0031020423776215722,9.6655875887274778,9.6624855463498562,1,0,9.6624855463498562
Inflation,CPIAUCSL,2,mid_month,2023-08,Inflation Bridge Ridge,long_memory,2023-08-15,2023-09-13,4.8343448155525497,7.5504206569227961,42,42,4.8312427731749281,0.0031020423776215722,9.6655875887274778,9.6624855463498562,1,0,9.6624855463498562
Inflation,CPIAUCSL,3,month_end,2023-08,Inflation Bridge Ridge,short_memory,2023-08-31,2023-09-13,4.8343448155525497,7.5504206569227961,42,42,4.8312427731749281,0.0031020423776215722,9.6655875887274778,9.6624855463498562,1,0,9.6624855463498562
Inflation,CPIAUCSL,3,month_end,2023-08,Inflation Bridge Ridge,long_memory,2023-08-31,2023-09-13,4.8343448155525497,7.5504206569227961,42,42,4.8312427731749281,0.0031020423776215722,9.6655875887274778,9.6624855463498562,1,0,9.6624855463498562
Inflation,CPIAUCSL,4,pre_release,2023-08,Inflation Bridge Ridge,short_memory,2023-09-12,2023-09-13,4.8343448155525497,7.5504206569227961,42,42,4.7677332193584103,0.066611596194139366,9.60207803491096,9.5354664387168206,1,0,9.5354664387168206
Inflation,CPIAUCSL,4,pre_release,2023-08,Inflation Bridge Ridge,long_memory,2023-09-12,2023-09-13,4.8343448155525497,7.5504206569227961,42,42,4.7677332193584103,0.066611596194139366,9.60207803491096,9.5354664387168206,1,0,9.5354664387168206
Inflation,CPIAUCSL,1,month_open,2023-09,Inflation Ridge-AR Ensemble,short_memory,2023-09-01,2023-10-12,3.7606285144972906,4.7393951626556685,41,41,4.9169745081221041,-1.1563459936248135,8.6776030226193939,9.8339490162442083,1,0,9.8339490162442083
Inflation,CPIAUCSL,1,month_open,2023-09,Inflation Ridge-AR Ensemble,long_memory,2023-09-01,2023-10-12,3.7606285144972906,4.7393951626556685,41,41,5.8355938080763972,-2.0749652935791065,9.5962223225736878,11.671187616152794,1,0,11.671187616152794
Inflation,CPIAUCSL,2,mid_month,2023-09,Inflation Bridge Ridge,short_memory,2023-09-15,2023-10-12,5.4288142821168464,4.7393951626556685,43,43,4.8312427731749281,0.59757150894191824,10.260057055291774,9.6624855463498562,1,0,9.6624855463498562
Inflation,CPIAUCSL,2,mid_month,2023-09,Inflation Bridge Ridge,long_memory,2023-09-15,2023-10-12,5.4288142821168464,4.7393951626556685,43,43,4.8312427731749281,0.59757150894191824,10.260057055291774,9.6624855463498562,1,0,9.6624855463498562
Inflation,CPIAUCSL,3,month_end,2023-09,Inflation Bridge Ridge,short_memory,2023-09-30,2023-10-12,5.434618905422079,4.7393951626556685,43,43,4.8312427731749281,0.60337613224715092,10.265861678597007,9.6624855463498562,1,0,9.6624855463498562
Inflation,CPIAUCSL,3,month_end,2023-09,Inflation Bridge Ridge,long_memory,2023-09-30,2023-10-12,5.434618905422079,4.7393951626556685,43,43,4.8312427731749281,0.60337613224715092,10.265861678597007,9.6624855463498562,1,0,9.6624855463498562
Inflation,CPIAUCSL,4,pre_release,2023-09,Inflation Bridge Ridge,short_memory,2023-10-11,2023-10-12,5.9245621870887959,4.7393951626556685,43,43,4.7677332193584103,1.1568289677303856,10.692295406447206,9.5354664387168206,1,0,9.5354664387168206
Inflation,CPIAUCSL,4,pre_release,2023-09,Inflation Bridge Ridge,long_memory,2023-10-11,2023-10-12,5.9245621870887959,4.7393951626556685,43,43,4.7677332193584103,1.1568289677303856,10.692295406447206,9.5354664387168206,1,0,9.5354664387168206
Inflation,CPIAUCSL,1,month_open,2023-10,Inflation Ridge-AR Ensemble,short_memory,2023-10-01,2023-11-14,4.8284941639858969,0.53844904171214125,42,42,4.9169745081221041,-0.088480344136207201,9.7454686721080002,9.8339490162442083,1,0,9.8339490162442083
Inflation,CPIAUCSL,1,month_open,2023-10,Inflation Ridge-AR Ensemble,long_memory,2023-10-01,2023-11-14,4.8284941639858969,0.53844904171214125,42,42,4.9169745081221041,-0.088480344136207201,9.7454686721080002,9.8339490162442083,1,0,9.8339490162442083
Inflation,CPIAUCSL,2,mid_month,2023-10,Inflation Bridge Ridge,short_memory,2023-10-15,2023-11-14,5.9405372338341405,0.53844904171214125,44,44,4.7313666395150227,1.2091705943191178,10.671903873349162,9.4627332790300454,0,1,16.169948805099807
Inflation,CPIAUCSL,2,mid_month,2023-10,Inflation Bridge Ridge,long_memory,2023-10-15,2023-11-14,5.9405372338341405,0.53844904171214125,44,44,4.8312427731749281,1.1092944606592123,10.771780007009069,9.6624855463498562,0,1,15.370939735820567
Inflation,CPIAUCSL,3,month_end,2023-10,Inflation Bridge Ridge,short_memory,2023-10-31,2023-11-14,5.9405372338341405,0.53844904171214125,44,44,4.7313666395150227,1.2091705943191178,10.671903873349162,9.4627332790300454,0,1,16.169948805099807
Inflation,CPIAUCSL,3,month_end,2023-10,Inflation Bridge Ridge,long_memory,2023-10-31,2023-11-14,5.9405372338341405,0.53844904171214125,44,44,4.8312427731749281,1.1092944606592123,10.771780007009069,9.6624855463498562,0,1,15.370939735820567
Inflation,CPIAUCSL,4,pre_release,2023-10,Inflation Bridge Ridge,short_memory,2023-11-13,2023-11-14,6.0489502111041293,0.53844904171214125,44,44,4.7201989300589373,1.328751281045192,10.769149141163066,9.4403978601178746,0,1,17.343420253448379
Inflation,CPIAUCSL,4,pre_release,2023-10,Inflation Bridge Ridge,long_memory,2023-11-13,2023-11-14,6.0489502111041293,0.53844904171214125,44,44,4.7677332193584103,1.281216991745719,10.81668343046254,9.5354664387168206,0,1,16.963145939052598
Inflation,CPIAUCSL,1,month_open,2023-11,Inflation Ridge-AR Ensemble,short_memory,2023-11-01,2023-12-12,4.39271512093792,1.1619142598910059,43,43,4.4280547205511276,-0.03533959961320754,8.8207698414890476,8.8561094411022552,1,0,8.8561094411022552
Inflation,CPIAUCSL,1,month_open,2023-11,Inflation Ridge-AR Ensemble,long_memory,2023-11-01,2023-12-12,4.39271512093792,1.1619142598910059,43,43,4.9169745081221041,-0.52425938718418408,9.3096896290600242,9.8339490162442083,1,0,9.8339490162442083
Inflation,CPIAUCSL,2,mid_month,2023-11,Inflation Bridge Ridge,short_memory,2023-11-15,2023-12-12,2.681796419379685,1.1619142598910059,45,45,5.0482720827533525,-2.3664756633736674,7.7300685021330375,10.096544165506705,1,0,10.096544165506705
Inflation,CPIAUCSL,2,mid_month,2023-11,Inflation Bridge Ridge,long_memory,2023-11-15,2023-12-12,2.681796419379685,1.1619142598910059,45,45,5.0482720827533525,-2.3664756633736674,7.7300685021330375,10.096544165506705,1,0,10.096544165506705
Inflation,CPIAUCSL,3,month_end,2023-11,Inflation Bridge Ridge,short_memory,2023-11-30,2023-12-12,2.681796419379685,1.1619142598910059,45,45,5.0482720827533525,-2.3664756633736674,7.7300685021330375,10.096544165506705,1,0,10.096544165506705
Inflation,CPIAUCSL,3,month_end,2023-11,Inflation Bridge Ridge,long_memory,2023-11-30,2023-12-12,2.681796419379685,1.1619142598910059,45,45,5.0482720827533525,-2.3664756633736674,7.7300685021330375,10.096544165506705,1,0,10.096544165506705
Inflation,CPIAUCSL,4,pre_release,2023-11,Inflation Bridge Ridge,short_memory,2023-12-11,2023-12-12,2.6044799994600552,1.1619142598910059,45,45,5.0482720827533525,-2.4437920832932973,7.6527520822134072,10.096544165506705,1,0,10.096544165506705
Inflation,CPIAUCSL,4,pre_release,2023-11,Inflation Bridge Ridge,long_memory,2023-12-11,2023-12-12,2.6044799994600552,1.1619142598910059,45,45,5.0482720827533525,-2.4437920832932973,7.6527520822134072,10.096544165506705,1,0,10.096544165506705
Inflation,CPIAUCSL,1,month_open,2023-12,Inflation Ridge-AR Ensemble,short_memory,2023-12-01,2024-01-11,1.6576627430541697,3.6305472050568,44,44,4.2900451222737557,-2.6323823792195862,5.9477078653279252,8.5800902445475113,1,0,8.5800902445475113
Inflation,CPIAUCSL,1,month_open,2023-12,Inflation Ridge-AR Ensemble,long_memory,2023-12-01,2024-01-11,1.6576627430541697,3.6305472050568,44,44,4.9169745081221041,-3.2593117650679346,6.5746372511762736,9.8339490162442083,1,0,9.8339490162442083
Inflation,CPIAUCSL,2,mid_month,2023-12,Inflation Bridge Ridge,short_memory,2023-12-15,2024-01-11,2.7923017136407724,3.6305472050568,46,46,4.8312427731749281,-2.0389410595341557,7.6235444868157005,9.6624855463498562,1,0,9.6624855463498562
Inflation,CPIAUCSL,2,mid_month,2023-12,Inflation Bridge Ridge,long_memory,2023-12-15,2024-01-11,2.7923017136407724,3.6305472050568,46,46,4.8312427731749281,-2.0389410595341557,7.6235444868157005,9.6624855463498562,1,0,9.6624855463498562
Inflation,CPIAUCSL,3,month_end,2023-12,Inflation Bridge Ridge,short_memory,2023-12-31,2024-01-11,2.7923017136407724,3.6305472050568,46,46,4.8312427731749281,-2.0389410595341557,7.6235444868157005,9.6624855463498562,1,0,9.6624855463498562
Inflation,CPIAUCSL,3,month_end,2023-12,Inflation Bridge Ridge,long_memory,2023-12-31,2024-01-11,2.7923017136407724,3.6305472050568,46,46,4.8312427731749281,-2.0389410595341557,7.6235444868157005,9.6624855463498562,1,0,9.6624855463498562
Inflation,CPIAUCSL,4,pre_release,2023-12,Inflation Bridge Ridge,short_memory,2024-01-10,2024-01-11,2.925313473547114,3.6305472050568,46,46,4.7677332193584103,-1.8424197458112963,7.6930466929055239,9.5354664387168206,1,0,9.5354664387168206
Inflation,CPIAUCSL,4,pre_release,2023-12,Inflation Bridge Ridge,long_memory,2024-01-10,2024-01-11,2.925313473547114,3.6305472050568,46,46,4.7677332193584103,-1.8424197458112963,7.6930466929055239,9.5354664387168206,1,0,9.5354664387168206
Inflation,CPIAUCSL,1,month_open,2024-01,Inflation Ridge-AR Ensemble,short_memory,2024-01-01,2024-02-13,2.6507719044608749,3.6596101950234328,45,45,4.2900451222737557,-1.6392732178128808,6.9408170267346305,8.5800902445475113,1,0,8.5800902445475113
Inflation,CPIAUCSL,1,month_open,2024-01,Inflation Ridge-AR Ensemble,long_memory,2024-01-01,2024-02-13,2.6507719044608749,3.6596101950234328,45,45,4.4280547205511276,-1.7772828160902527,7.0788266250120024,8.8561094411022552,1,0,8.8561094411022552
Inflation,CPIAUCSL,2,mid_month,2024-01,Inflation Bridge Ridge,short_memory,2024-01-15,2024-02-13,3.4890365421259566,3.6596101950234328,47,47,4.8312427731749281,-1.3422062310489715,8.3202793153008852,9.6624855463498562,1,0,9.6624855463498562
Inflation,CPIAUCSL,2,mid_month,2024-01,Inflation Bridge Ridge,long_memory,2024-01-15,2024-02-13,3.4890365421259566,3.6596101950234328,47,47,4.8312427731749281,-1.3422062310489715,8.3202793153008852,9.6624855463498562,1,0,9.6624855463498562
Inflation,CPIAUCSL,3,month_end,2024-01,Inflation Bridge Ridge,short_memory,2024-01-31,2024-02-13,3.4890365421259566,3.6596101950234328,47,47,4.8312427731749281,-1.3422062310489715,8.3202793153008852,9.6624855463498562,1,0,9.6624855463498562
Inflation,CPIAUCSL,3,month_end,2024-01,Inflation Bridge Ridge,long_memory,2024-01-31,2024-02-13,3.4890365421259566,3.6596101950234328,47,47,4.8312427731749281,-1.3422062310489715,8.3202793153008852,9.6624855463498562,1,0,9.6624855463498562
Inflation,CPIAUCSL,4,pre_release,2024-01,Inflation Bridge Ridge,short_memory,2024-02-12,2024-02-13,3.1353736257692963,3.6596101950234328,47,47,4.7677332193584103,-1.632359593589114,7.9031068451277067,9.5354664387168206,1,0,9.5354664387168206
Inflation,CPIAUCSL,4,pre_release,2024-01,Inflation Bridge Ridge,long_memory,2024-02-12,2024-02-13,3.1353736257692963,3.6596101950234328,47,47,4.7677332193584103,-1.632359593589114,7.9031068451277067,9.5354664387168206,1,0,9.5354664387168206
Inflation,CPIAUCSL,1,month_open,2024-02,Inflation Ridge-AR Ensemble,short_memory,2024-02-01,2024-03-12,3.1570378397136345,5.2930544512420852,46,46,4.2900451222737557,-1.1330072825601212,7.4470829619873902,8.5800902445475113,1,0,8.5800902445475113
Inflation,CPIAUCSL,1,month_open,2024-02,Inflation Ridge-AR Ensemble,long_memory,2024-02-01,2024-03-12,3.1570378397136345,5.2930544512420852,46,46,4.4280547205511276,-1.2710168808374931,7.5850925602647621,8.8561094411022552,1,0,8.8561094411022552
Inflation,CPIAUCSL,2,mid_month,2024-02,Inflation Bridge Ridge,short_memory,2024-02-15,2024-03-12,3.9870257058296557,5.2930544512420852,48,48,4.8312427731749281,-0.84421706734527246,8.8182684790045833,9.6624855463498562,1,0,9.6624855463498562
Inflation,CPIAUCSL,2,mid_month,2024-02,Inflation Bridge Ridge,long_memory,2024-02-15,2024-03-12,3.9870257058296557,5.2930544512420852,48,48,4.8312427731749281,-0.84421706734527246,8.8182684790045833,9.6624855463498562,1,0,9.6624855463498562
Inflation,CPIAUCSL,3,month_end,2024-02,Inflation Bridge Ridge,short_memory,2024-02-29,2024-03-12,4.3175245412419478,5.2930544512420852,48,48,4.8312427731749281,-0.51371823193298027,9.148767314416876,9.6624855463498562,1,0,9.6624855463498562
Inflation,CPIAUCSL,3,month_end,2024-02,Inflation Bridge Ridge,long_memory,2024-02-29,2024-03-12,4.3175245412419478,5.2930544512420852,48,48,4.8312427731749281,-0.51371823193298027,9.148767314416876,9.6624855463498562,1,0,9.6624855463498562
Inflation,CPIAUCSL,4,pre_release,2024-02,Inflation Bridge Ridge,short_memory,2024-03-11,2024-03-12,4.2429130651995752,5.2930544512420852,48,48,4.7677332193584103,-0.52482015415883509,9.0106462845579856,9.5354664387168206,1,0,9.5354664387168206
Inflation,CPIAUCSL,4,pre_release,2024-02,Inflation Bridge Ridge,long_memory,2024-03-11,2024-03-12,4.2429130651995752,5.2930544512420852,48,48,4.7677332193584103,-0.52482015415883509,9.0106462845579856,9.5354664387168206,1,0,9.5354664387168206
Inflation,CPIAUCSL,1,month_open,2024-03,Inflation Ridge-AR Ensemble,short_memory,2024-03-01,2024-04-10,4.4255062642257315,4.52827819934285,47,47,4.2900451222737557,0.13546114195197578,8.715551386499488,8.5800902445475113,1,0,8.5800902445475131
Inflation,CPIAUCSL,1,month_open,2024-03,Inflation Ridge-AR Ensemble,long_memory,2024-03-01,2024-04-10,4.4255062642257315,4.52827819934285,47,47,4.4280547205511276,-0.0025484563253961312,8.853560984776859,8.8561094411022552,1,0,8.8561094411022552
Inflation,CPIAUCSL,2,mid_month,2024-03,Inflation Bridge Ridge,short_memory,2024-03-15,2024-04-10,4.8360658262085012,4.52827819934285,49,48,4.7313666395150227,0.10469918669347855,9.5674324657235239,9.4627332790300454,1,0,9.4627332790300454
Inflation,CPIAUCSL,2,mid_month,2024-03,Inflation Bridge Ridge,long_memory,2024-03-15,2024-04-10,4.8360658262085012,4.52827819934285,49,48,4.8312427731749281,0.0048230530335731103,9.6673085993834285,9.6624855463498562,1,0,9.6624855463498562
Inflation,CPIAUCSL,3,month_end,2024-03,Inflation Bridge Ridge,short_memory,2024-03-31,2024-04-10,4.8360658262085012,4.52827819934285,49,48,4.7313666395150227,0.10469918669347855,9.5674324657235239,9.4627332790300454,1,0,9.4627332790300454
Inflation,CPIAUCSL,3,month_end,2024-03,Inflation Bridge Ridge,long_memory,2024-03-31,2024-04-10,4.8360658262085012,4.52827819934285,49,48,4.8312427731749281,0.0048230530335731103,9.6673085993834285,9.6624855463498562,1,0,9.6624855463498562
Inflation,CPIAUCSL,4,pre_release,2024-03,Inflation Bridge Ridge,short_memory,2024-04-09,2024-04-10,4.8324480069685274,4.52827819934285,49,48,4.7201989300589373,0.11224907690959007,9.5526469370274647,9.4403978601178746,1,0,9.4403978601178746
Inflation,CPIAUCSL,4,pre_release,2024-03,Inflation Bridge Ridge,long_memory,2024-04-09,2024-04-10,4.8324480069685274,4.52827819934285,49,48,4.7677332193584103,0.064714787610117064,9.6001812263269386,9.5354664387168206,1,0,9.5354664387168206
Inflation,CPIAUCSL,1,month_open,2024-04,Inflation Ridge-AR Ensemble,short_memory,2024-04-01,2024-05-15,3.8415214723765136,3.7490617076503696,48,48,4.2900451222737557,-0.44852364989724203,8.1315665946502698,8.5800902445475113,1,0,8.5800902445475113
Inflation,CPIAUCSL,1,month_open,2024-04,Inflation Ridge-AR Ensemble,long_memory,2024-04-01,2024-05-15,3.8415214723765136,3.7490617076503696,48,48,4.2900451222737557,-0.44852364989724203,8.1315665946502698,8.5800902445475113,1,0,8.5800902445475113
Inflation,CPIAUCSL,2,mid_month,2024-04,Inflation Bridge Ridge,short_memory,2024-04-15,2024-05-15,3.3976295108394243,3.7490617076503696,50,48,4.6759825857285406,-1.2783530748891163,8.073612096567965,9.3519651714570813,1,0,9.3519651714570813
Inflation,CPIAUCSL,2,mid_month,2024-04,Inflation Bridge Ridge,long_memory,2024-04-15,2024-05-15,3.3976295108394243,3.7490617076503696,50,48,4.7313666395150227,-1.3337371286755983,8.1289961503544461,9.4627332790300454,1,0,9.4627332790300436
Inflation,CPIAUCSL,3,month_end,2024-04,Inflation Bridge Ridge,short_memory,2024-04-30,2024-05-15,3.3976295108394243,3.7490617076503696,50,48,4.6759825857285406,-1.2783530748891163,8.073612096567965,9.3519651714570813,1,0,9.3519651714570813
Inflation,CPIAUCSL,3,month_end,2024-04,Inflation Bridge Ridge,long_memory,2024-04-30,2024-05-15,3.3976295108394243,3.7490617076503696,50,48,4.7313666395150227,-1.3337371286755983,8.1289961503544461,9.4627332790300454,1,0,9.4627332790300436
Inflation,CPIAUCSL,4,pre_release,2024-04,Inflation Bridge Ridge,short_memory,2024-05-14,2024-05-15,3.24079597998906,3.7490617076503696,50,48,4.5341703229330621,-1.2933743429440021,7.7749663029221221,9.0683406458661242,1,0,9.0683406458661242
Inflation,CPIAUCSL,4,pre_release,2024-04,Inflation Bridge Ridge,long_memory,2024-05-14,2024-05-15,3.24079597998906,3.7490617076503696,50,48,4.7201989300589373,-1.4794029500698773,7.9609949100479973,9.4403978601178746,1,0,9.4403978601178746
Inflation,CPIAUCSL,1,month_open,2024-05,Inflation Ridge-AR Ensemble,short_memory,2024-05-01,2024-06-12,3.6265154642031567,0.068961994298533114,49,48,4.2702634082202273,-0.64374794401707058,7.8967788724233845,8.5405268164404546,1,0,8.5405268164404546
Inflation,CPIAUCSL,1,month_open,2024-05,Inflation Ridge-AR Ensemble,long_memory,2024-05-01,2024-06-12,3.6265154642031567,0.068961994298533114,49,48,4.2900451222737557,-0.66352965807059894,7.916560586476912,8.5800902445475113,1,0,8.5800902445475113
Inflation,CPIAUCSL,2,mid_month,2024-05,Inflation Bridge Ridge,short_memory,2024-05-15,2024-06-12,3.0703217149271853,0.068961994298533114,50,48,4.6759825857285406,-1.6056608708013553,7.7463043006557264,9.3519651714570813,1,0,9.3519651714570813
Inflation,CPIAUCSL,2,mid_month,2024-05,Inflation Bridge Ridge,long_memory,2024-05-15,2024-06-12,3.0703217149271853,0.068961994298533114,50,48,4.7313666395150227,-1.6610449245878374,7.8016883544422075,9.4627332790300454,1,0,9.4627332790300454
Inflation,CPIAUCSL,3,month_end,2024-05,Inflation Bridge Ridge,short_memory,2024-05-31,2024-06-12,3.0703217149271853,0.068961994298533114,51,48,4.6759825857285406,-1.6056608708013553,7.7463043006557264,9.3519651714570813,1,0,9.3519651714570813
Inflation,CPIAUCSL,3,month_end,2024-05,Inflation Bridge Ridge,long_memory,2024-05-31,2024-06-12,3.0703217149271853,0.068961994298533114,51,48,4.7313666395150227,-1.6610449245878374,7.8016883544422075,9.4627332790300454,1,0,9.4627332790300454
Inflation,CPIAUCSL,4,pre_release,2024-05,Inflation Bridge Ridge,short_memory,2024-06-11,2024-06-12,3.1179220374840471,0.068961994298533114,51,48,4.5341703229330621,-1.416248285449015,7.6520923604171092,9.0683406458661242,1,0,9.0683406458661242
Inflation,CPIAUCSL,4,pre_release,2024-05,Inflation Bridge Ridge,long_memory,2024-06-11,2024-06-12,3.1179220374840471,0.068961994298533114,51,48,4.7201989300589373,-1.6022768925748903,7.8381209675429844,9.4403978601178746,1,0,9.4403978601178746
Inflation,CPIAUCSL,1,month_open,2024-06,Inflation Ridge-AR Ensemble,short_memory,2024-06-01,2024-07-11,3.2497043836814505,-0.67446518795364341,50,48,4.2700123159955812,-1.0203079323141306,7.5197166996770317,8.5400246319911624,1,0,8.5400246319911624
Inflation,CPIAUCSL,1,month_open,2024-06,Inflation Ridge-AR Ensemble,long_memory,2024-06-01,2024-07-11,3.2497043836814505,-0.67446518795364341,50,48,4.2702634082202273,-1.0205590245387768,7.5199677919016779,8.5405268164404546,1,0,8.5405268164404546
Inflation,CPIAUCSL,2,mid_month,2024-06,Inflation Bridge Ridge,short_memory,2024-06-15,2024-07-11,2.4004994573660055,-0.67446518795364341,52,48,4.6366768355707251,-2.2361773782047196,7.0371762929367305,9.2733536711414501,1,0,9.2733536711414501
Inflation,CPIAUCSL,2,mid_month,2024-06,Inflation Bridge Ridge,long_memory,2024-06-15,2024-07-11,2.4004994573660055,-0.67446518795364341,52,48,4.6759825857285406,-2.2754831283625352,7.0764820430945461,9.3519651714570813,1,0,9.3519651714570813
Inflation,CPIAUCSL,3,month_end,2024-06,Inflation Bridge Ridge,short_memory,2024-06-30,2024-07-11,2.4004994573660055,-0.67446518795364341,52,48,4.6366768355707251,-2.2361773782047196,7.0371762929367305,9.2733536711414501,1,0,9.2733536711414501
Inflation,CPIAUCSL,3,month_end,2024-06,Inflation Bridge Ridge,long_memory,2024-06-30,2024-07-11,2.4004994573660055,-0.67446518795364341,52,48,4.6759825857285406,-2.2754831283625352,7.0764820430945461,9.3519651714570813,1,0,9.3519651714570813
Inflation,CPIAUCSL,4,pre_release,2024-06,Inflation Bridge Ridge,short_memory,2024-07-10,2024-07-11,2.3591587913050271,-0.67446518795364341,52,48,4.2938193738125161,-1.934660582507489,6.6529781651175437,8.5876387476250322,1,0,8.5876387476250322
Inflation,CPIAUCSL,4,pre_release,2024-06,Inflation Bridge Ridge,long_memory,2024-07-10,2024-07-11,2.3591587913050271,-0.67446518795364341,52,48,4.5341703229330621,-2.175011531628035,6.8933291142380888,9.0683406458661242,1,0,9.0683406458661242
Inflation,CPIAUCSL,1,month_open,2024-07,Inflation Ridge-AR Ensemble,short_memory,2024-07-01,2024-08-14,1.475471748151056,1.8576952015390447,51,48,4.1698104629326904,-2.6943387147816344,5.6452822110837459,8.3396209258653808,1,0,8.3396209258653808
Inflation,CPIAUCSL,1,month_open,2024-07,Inflation Ridge-AR Ensemble,long_memory,2024-07-01,2024-08-14,1.475471748151056,1.8576952015390447,51,48,4.2702634082202273,-2.7947916600691713,5.7457351563712837,8.5405268164404546,1,0,8.5405268164404546
Inflation,CPIAUCSL,2,mid_month,2024-07,Inflation Bridge Ridge,short_memory,2024-07-15,2024-08-14,1.9986421176203157,1.8576952015390447,53,48,4.0927293057698897,-2.0940871881495742,6.0913714233902052,8.1854586115397794,1,0,8.1854586115397794
Inflation,CPIAUCSL,2,mid_month,2024-07,Inflation Bridge Ridge,long_memory,2024-07-15,2024-08-14,1.9986421176203157,1.8576952015390447,53,48,4.6759825857285406,-2.6773404681082251,6.6746247033488562,9.3519651714570813,1,0,9.3519651714570813
Inflation,CPIAUCSL,3,month_end,2024-07,Inflation Bridge Ridge,short_memory,2024-07-31,2024-08-14,1.9986421176203157,1.8576952015390447,53,48,4.0927293057698897,-2.0940871881495742,6.0913714233902052,8.1854586115397794,1,0,8.1854586115397794
Inflation,CPIAUCSL,3,month_end,2024-07,Inflation Bridge Ridge,long_memory,2024-07-31,2024-08-14,1.9986421176203157,1.8576952015390447,53,48,4.6759825857285406,-2.6773404681082251,6.6746247033488562,9.3519651714570813,1,0,9.3519651714570813
Inflation,CPIAUCSL,4,pre_release,2024-07,Inflation Bridge Ridge,short_memory,2024-08-13,2024-08-14,2.0145940894801755,1.8576952015390447,53,48,4.1142604031105314,-2.0996663136303559,6.1288544925907065,8.2285208062210629,1,0,8.2285208062210629
Inflation,CPIAUCSL,4,pre_release,2024-07,Inflation Bridge Ridge,long_memory,2024-08-13,2024-08-14,2.0145940894801755,1.8576952015390447,53,48,4.5341703229330621,-2.5195762334528866,6.548764412413238,9.0683406458661242,1,0,9.0683406458661242
Inflation,CPIAUCSL,1,month_open,2024-08,Inflation Ridge-AR Ensemble,short_memory,2024-08-01,2024-09-11,1.8196362199092095,2.244545826505373,52,48,4.1163426069021369,-2.2967063869929274,5.9359788268113469,8.2326852138042739,1,0,8.2326852138042739
Inflation,CPIAUCSL,1,month_open,2024-08,Inflation Ridge-AR Ensemble,long_memory,2024-08-01,2024-09-11,1.8196362199092095,2.244545826505373,52,48,4.2702634082202273,-2.4506271883110178,6.0898996281294373,8.5405268164404546,1,0,8.5405268164404546
Inflation,CPIAUCSL,2,mid_month,2024-08,Inflation Bridge Ridge,short_memory,2024-08-15,2024-09-11,3.3980361091665356,2.244545826505373,54,48,4.0477944046810173,-0.64975829551448161,7.4458305138475529,8.0955888093620345,1,0,8.0955888093620345
Inflation,CPIAUCSL,2,mid_month,2024-08,Inflation Bridge Ridge,long_memory,2024-08-15,2024-09-11,3.3980361091665356,2.244545826505373,54,48,4.6759825857285406,-1.277946476562005,8.0740186948950772,9.3519651714570813,1,0,9.3519651714570813
Inflation,CPIAUCSL,3,month_end,2024-08,Inflation Bridge Ridge,short_memory,2024-08-31,2024-09-11,3.3980361091665356,2.244545826505373,54,48,4.0477944046810173,-0.64975829551448161,7.4458305138475529,8.0955888093620345,1,0,8.0955888093620345
Inflation,CPIAUCSL,3,month_end,2024-08,Inflation Bridge Ridge,long_memory,2024-08-31,2024-09-11,3.3980361091665356,2.244545826505373,54,48,4.6759825857285406,-1.277946476562005,8.0740186948950772,9.3519651714570813,1,0,9.3519651714570813
Inflation,CPIAUCSL,4,pre_release,2024-08,Inflation Bridge Ridge,short_memory,2024-09-10,2024-09-11,3.3980361091665356,2.244545826505373,54,48,4.0249066855244742,-0.62687057635793852,7.4229427946910098,8.0498133710489483,1,0,8.0498133710489483
Inflation,CPIAUCSL,4,pre_release,2024-08,Inflation Bridge Ridge,long_memory,2024-09-10,2024-09-11,3.3980361091665356,2.244545826505373,54,48,4.5341703229330621,-1.1361342137665265,7.9322064320995977,9.0683406458661242,1,0,9.0683406458661242
Inflation,CPIAUCSL,1,month_open,2024-09,Inflation Ridge-AR Ensemble,short_memory,2024-09-01,2024-10-10,1.3471319256623808,2.1564651235159715,53,48,4.1163426069021369,-2.7692106812397563,5.4634745325645175,8.2326852138042739,1,0,8.2326852138042739
Inflation,CPIAUCSL,1,month_open,2024-09,Inflation Ridge-AR Ensemble,long_memory,2024-09-01,2024-10-10,1.3471319256623808,2.1564651235159715,53,48,4.2702634082202273,-2.9231314825578467,5.6173953338826079,8.5405268164404546,1,0,8.5405268164404546
Inflation,CPIAUCSL,2,mid_month,2024-09,Inflation Bridge Ridge,short_memory,2024-09-15,2024-10-10,1.4465338272942099,2.1564651235159715,55,48,3.1767503064179579,-1.730216479123748,4.6232841337121675,6.3535006128359157,1,0,6.3535006128359157
Inflation,CPIAUCSL,2,mid_month,2024-09,Inflation Bridge Ridge,long_memory,2024-09-15,2024-10-10,1.4465338272942099,2.1564651235159715,55,48,4.6366768355707251,-3.1901430082765154,6.0832106628649347,9.2733536711414501,1,0,9.2733536711414501
Inflation,CPIAUCSL,3,month_end,2024-09,Inflation Bridge Ridge,short_memory,2024-09-30,2024-10-10,1.4465338272942099,2.1564651235159715,55,48,3.576034869474058,-2.1295010421798484,5.0225686967682677,7.152069738948116,1,0,7.152069738948116
Inflation,CPIAUCSL,3,month_end,2024-09,Inflation Bridge Ridge,long_memory,2024-09-30,2024-10-10,1.4465338272942099,2.1564651235159715,55,48,4.6366768355707251,-3.1901430082765154,6.0832106628649347,9.2733536711414501,1,0,9.2733536711414501
Inflation,CPIAUCSL,4,pre_release,2024-09,Inflation Bridge Ridge,short_memory,2024-10-09,2024-10-10,1.4969192081432048,2.1564651235159715,55,48,3.128199322914365,-1.6312801147711602,4.62511853105757,6.25639864582873,1,0,6.25639864582873
Inflation,CPIAUCSL,4,pre_release,2024-09,Inflation Bridge Ridge,long_memory,2024-10-09,2024-10-10,1.4969192081432048,2.1564651235159715,55,48,4.2938193738125161,-2.7969001656693111,5.7907385819557211,8.5876387476250322,1,0,8.5876387476250322
Inflation,CPIAUCSL,1,month_open,2024-10,Inflation Ridge-AR Ensemble,short_memory,2024-10-01,2024-11-13,2.9364875057628934,2.9250657197465557,54,48,4.1163426069021369,-1.1798551011392435,7.0528301126650303,8.2326852138042739,1,0,8.2326852138042739
Inflation,CPIAUCSL,1,month_open,2024-10,Inflation Ridge-AR Ensemble,long_memory,2024-10-01,2024-11-13,2.9364875057628934,2.9250657197465557,54,48,4.2700123159955812,-1.3335248102326878,7.2064998217584746,8.5400246319911624,1,0,8.5400246319911624
Inflation,CPIAUCSL,2,mid_month,2024-10,Inflation Bridge Ridge,short_memory,2024-10-15,2024-11-13,2.2267361403672932,2.9250657197465557,56,48,3.1767503064179579,-0.95001416605066469,5.4034864467852515,6.3535006128359157,1,0,6.3535006128359157
Inflation,CPIAUCSL,2,mid_month,2024-10,Inflation Bridge Ridge,long_memory,2024-10-15,2024-11-13,2.2267361403672932,2.9250657197465557,56,48,4.6366768355707251,-2.4099406952034319,6.8634129759380187,9.2733536711414501,1,0,9.2733536711414501
Inflation,CPIAUCSL,3,month_end,2024-10,Inflation Bridge Ridge,short_memory,2024-10-31,2024-11-13,2.2267361403672932,2.9250657197465557,56,48,3.576034869474058,-1.3492987291067648,5.8027710098413507,7.152069738948116,1,0,7.152069738948116
Inflation,CPIAUCSL,3,month_end,2024-10,Inflation Bridge Ridge,long_memory,2024-10-31,2024-11-13,2.2267361403672932,2.9250657197465557,56,48,4.6366768355707251,-2.4099406952034319,6.8634129759380187,9.2733536711414501,1,0,9.2733536711414501
Inflation,CPIAUCSL,4,pre_release,2024-10,Inflation Bridge Ridge,short_memory,2024-11-12,2024-11-13,2.1467435604628378,2.9250657197465557,56,48,3.128199322914365,-0.98145576245152721,5.2749428833772027,6.25639864582873,1,0,6.25639864582873
Inflation,CPIAUCSL,4,pre_release,2024-10,Inflation Bridge Ridge,long_memory,2024-11-12,2024-11-13,2.1467435604628378,2.9250657197465557,56,48,4.2938193738125161,-2.1470758133496783,6.4405629342753539,8.5876387476250322,1,0,8.5876387476250322
Inflation,CPIAUCSL,1,month_open,2024-11,Inflation Ridge-AR Ensemble,short_memory,2024-11-01,2024-12-11,3.1143321349001818,3.7487271246416043,55,48,4.0609310771171963,-0.94659894221701446,7.175263212017378,8.1218621542343925,1,0,8.1218621542343925
Inflation,CPIAUCSL,1,month_open,2024-11,Inflation Ridge-AR Ensemble,long_memory,2024-11-01,2024-12-11,3.1143321349001818,3.7487271246416043,55,48,4.2700123159955812,-1.1556801810953994,7.384344450895763,8.5400246319911624,1,0,8.5400246319911624
Inflation,CPIAUCSL,2,mid_month,2024-11,Inflation Bridge Ridge,short_memory,2024-11-15,2024-12-11,4.5441170549946204,3.7487271246416043,57,48,3.1174366505971034,1.426680404397517,7.6615537055917233,6.2348733011942068,1,0,6.2348733011942059
Inflation,CPIAUCSL,2,mid_month,2024-11,Inflation Bridge Ridge,long_memory,2024-11-15,2024-12-11,4.5441170549946204,3.7487271246416043,57,48,4.6366768355707251,-0.0925597805761047,9.1807938905653454,9.2733536711414501,1,0,9.2733536711414501
Inflation,CPIAUCSL,3,month_end,2024-11,Inflation Bridge Ridge,short_memory,2024-11-30,2024-12-11,4.5441170549946204,3.7487271246416043,57,48,3.1767503064179579,1.3673667485766625,7.7208673614125782,6.3535006128359157,1,0,6.3535006128359157
Inflation,CPIAUCSL,3,month_end,2024-11,Inflation Bridge Ridge,long_memory,2024-11-30,2024-12-11,4.5441170549946204,3.7487271246416043,57,48,4.6366768355707251,-0.0925597805761047,9.1807938905653454,9.2733536711414501,1,0,9.2733536711414501
Inflation,CPIAUCSL,4,pre_release,2024-11,Inflation Bridge Ridge,short_memory,2024-12-10,2024-12-11,4.5943501131828404,3.7487271246416043,57,48,3.1180346078839882,1.4763155052988521,7.7123847210668286,6.2360692157679765,1,0,6.2360692157679765
Inflation,CPIAUCSL,4,pre_release,2024-11,Inflation Bridge Ridge,long_memory,2024-12-10,2024-12-11,4.5943501131828404,3.7487271246416043,57,48,4.2938193738125161,0.30053073937032426,8.8881694869953556,8.5876387476250322,1,0,8.5876387476250322
Inflation,CPIAUCSL,1,month_open,2024-12,Inflation Ridge-AR Ensemble,short_memory,2024-12-01,2025-01-15,3.2464652934125939,4.7082186032746165,56,48,3.9370245474163115,-0.69055925400371754,7.183489840828905,7.8740490948326229,1,0,7.8740490948326229
Inflation,CPIAUCSL,1,month_open,2024-12,Inflation Ridge-AR Ensemble,long_memory,2024-12-01,2025-01-15,3.2464652934125939,4.7082186032746165,56,48,4.1698104629326904,-0.92334516952009649,7.4162757563452839,8.3396209258653808,1,0,8.3396209258653808
Inflation,CPIAUCSL,2,mid_month,2024-12,Inflation Bridge Ridge,short_memory,2024-12-15,2025-01-15,2.6184970813073263,4.7082186032746165,58,48,3.1174366505971034,-0.49893956928977712,5.7359337319044297,6.2348733011942068,1,0,6.2348733011942068
Inflation,CPIAUCSL,2,mid_month,2024-12,Inflation Bridge Ridge,long_memory,2024-12-15,2025-01-15,2.6184970813073263,4.7082186032746165,58,48,4.0927293057698897,-1.4742322244625634,6.7112263870772164,8.1854586115397794,1,0,8.1854586115397794
Inflation,CPIAUCSL,3,month_end,2024-12,Inflation Bridge Ridge,short_memory,2024-12-31,2025-01-15,2.6184970813073263,4.7082186032746165,58,48,3.1767503064179579,-0.55825322511063158,5.7952473877252846,6.3535006128359157,1,0,6.3535006128359157
Inflation,CPIAUCSL,3,month_end,2024-12,Inflation Bridge Ridge,long_memory,2024-12-31,2025-01-15,2.6184970813073263,4.7082186032746165,58,48,4.0927293057698897,-1.4742322244625634,6.7112263870772164,8.1854586115397794,1,0,8.1854586115397794
Inflation,CPIAUCSL,4,pre_release,2024-12,Inflation Bridge Ridge,short_memory,2025-01-14,2025-01-15,2.4906309103464661,4.7082186032746165,58,48,3.1180346078839882,-0.62740369753752212,5.6086655182304543,6.2360692157679765,1,0,6.2360692157679765
Inflation,CPIAUCSL,4,pre_release,2024-12,Inflation Bridge Ridge,long_memory,2025-01-14,2025-01-15,2.4906309103464661,4.7082186032746165,58,48,4.2938193738125161,-1.80318846346605,6.7844502841589822,8.5876387476250322,1,0,8.5876387476250322
Inflation,CPIAUCSL,1,month_open,2025-01,Inflation Ridge-AR Ensemble,short_memory,2025-01-01,2025-02-12,2.9472097924397458,5.5901805067371413,57,48,3.9241695716350939,-0.97695977919534815,6.8713793640748397,7.8483391432701879,1,0,7.8483391432701879
Inflation,CPIAUCSL,1,month_open,2025-01,Inflation Ridge-AR Ensemble,long_memory,2025-01-01,2025-02-12,2.9472097924397458,5.5901805067371413,57,48,4.1698104629326904,-1.2226006704929446,7.1170202553724362,8.3396209258653808,1,0,8.3396209258653808
Inflation,CPIAUCSL,2,mid_month,2025-01,Inflation Bridge Ridge,short_memory,2025-01-15,2025-02-12,3.2239881873736835,5.5901805067371413,58,48,3.1174366505971034,0.10655153677658014,6.3414248379707869,6.2348733011942068,1,0,6.2348733011942068
Inflation,CPIAUCSL,2,mid_month,2025-01,Inflation Bridge Ridge,long_memory,2025-01-15,2025-02-12,3.2239881873736835,5.5901805067371413,58,48,4.0927293057698897,-0.86874111839620616,7.3167174931435728,8.1854586115397794,1,0,8.1854586115397794
Inflation,CPIAUCSL,3,month_end,2025-01,Inflation Bridge Ridge,short_memory,2025-01-31,2025-02-12,3.2239881873736835,5.5901805067371413,59,48,3.1174366505971034,0.10655153677658014,6.3414248379707869,6.2348733011942068,1,0,6.2348733011942068
Inflation,CPIAUCSL,3,month_end,2025-01,Inflation Bridge Ridge,long_memory,2025-01-31,2025-02-12,3.2239881873736835,5.5901805067371413,59,48,4.0927293057698897,-0.86874111839620616,7.3167174931435728,8.1854586115397794,1,0,8.1854586115397794
Inflation,CPIAUCSL,4,pre_release,2025-01,Inflation Bridge Ridge,short_memory,2025-02-11,2025-02-12,3.1674396277840868,5.5901805067371413,59,48,3.1106035140820785,0.056836113702008362,6.2780431418661653,6.2212070281641569,1,0,6.2212070281641569
Inflation,CPIAUCSL,4,pre_release,2025-01,Inflation Bridge Ridge,long_memory,2025-02-11,2025-02-12,3.1674396277840868,5.5901805067371413,59,48,4.1142604031105314,-0.9468207753264446,7.2817000308946183,8.2285208062210629,1,0,8.2285208062210629
Inflation,CPIAUCSL,1,month_open,2025-02,Inflation Ridge-AR Ensemble,short_memory,2025-02-01,2025-03-12,3.6949255660253817,2.58835746917363,58,48,3.9241695716350939,-0.22924400560971225,7.6190951376604756,7.8483391432701879,1,0,7.8483391432701879
Inflation,CPIAUCSL,1,month_open,2025-02,Inflation Ridge-AR Ensemble,long_memory,2025-02-01,2025-03-12,3.6949255660253817,2.58835746917363,58,48,4.1163426069021369,-0.42141704087675524,7.8112681729275186,8.2326852138042739,1,0,8.2326852138042739
Inflation,CPIAUCSL,2,mid_month,2025-02,Inflation Bridge Ridge,short_memory,2025-02-15,2025-03-12,4.8022254275769853,2.58835746917363,60,48,3.0749646453196489,1.7272607822573365,7.8771900728966342,6.1499292906392977,1,0,6.1499292906392977
Inflation,CPIAUCSL,2,mid_month,2025-02,Inflation Bridge Ridge,long_memory,2025-02-15,2025-03-12,4.8022254275769853,2.58835746917363,60,48,4.0927293057698897,0.70949612180709565,8.894954733346875,8.1854586115397794,1,0,8.1854586115397794
Inflation,CPIAUCSL,3,month_end,2025-02,Inflation Bridge Ridge,short_memory,2025-02-28,2025-03-12,4.8022254275769853,2.58835746917363,60,48,3.0749646453196489,1.7272607822573365,7.8771900728966342,6.1499292906392977,1,0,6.1499292906392977
Inflation,CPIAUCSL,3,month_end,2025-02,Inflation Bridge Ridge,long_memory,2025-02-28,2025-03-12,4.8022254275769853,2.58835746917363,60,48,4.0927293057698897,0.70949612180709565,8.894954733346875,8.1854586115397794,1,0,8.1854586115397794
Inflation,CPIAUCSL,4,pre_release,2025-02,Inflation Bridge Ridge,short_memory,2025-03-11,2025-03-12,4.6661729683441679,2.58835746917363,60,48,3.0489600431855139,1.617212925158654,7.7151330115296819,6.0979200863710279,1,0,6.0979200863710279
Inflation,CPIAUCSL,4,pre_release,2025-02,Inflation Bridge Ridge,long_memory,2025-03-11,2025-03-12,4.6661729683441679,2.58835746917363,60,48,4.1142604031105314,0.55191256523363652,8.7804333714546985,8.2285208062210629,1,0,8.2285208062210629
Inflation,CPIAUCSL,1,month_open,2025-03,Inflation Ridge-AR Ensemble,short_memory,2025-03-01,2025-04-10,3.9580185421924252,-0.60057243312350295,59,48,3.9241695716350939,0.03384897055733127,7.8821881138275192,7.8483391432701879,0,1,14.19255318007853
Inflation,CPIAUCSL,1,month_open,2025-03,Inflation Ridge-AR Ensemble,long_memory,2025-03-01,2025-04-10,3.9580185421924252,-0.60057243312350295,59,48,4.1163426069021369,-0.15832406470971172,8.0743611490945622,8.2326852138042739,0,1,12.655168897942186
Inflation,CPIAUCSL,2,mid_month,2025-03,Inflation Bridge Ridge,short_memory,2025-03-15,2025-04-10,2.6512643889871801,-0.60057243312350295,61,48,3.0749646453196489,-0.42370025633246877,5.7262290343068294,6.1499292906392977,0,1,7.9186510585496395
Inflation,CPIAUCSL,2,mid_month,2025-03,Inflation Bridge Ridge,long_memory,2025-03-15,2025-04-10,2.6512643889871801,-0.60057243312350295,61,48,4.0477944046810173,-1.3965300156938372,6.6990587936681969,8.0955888093620345,1,0,8.0955888093620345
Inflation,CPIAUCSL,3,month_end,2025-03,Inflation Bridge Ridge,short_memory,2025-03-31,2025-04-10,2.6512643889871801,-0.60057243312350295,61,48,3.0749646453196489,-0.42370025633246877,5.7262290343068294,6.1499292906392977,0,1,7.9186510585496395
Inflation,CPIAUCSL,3,month_end,2025-03,Inflation Bridge Ridge,long_memory,2025-03-31,2025-04-10,2.6512643889871801,-0.60057243312350295,61,48,4.0477944046810173,-1.3965300156938372,6.6990587936681969,8.0955888093620345,1,0,8.0955888093620345
Inflation,CPIAUCSL,4,pre_release,2025-03,Inflation Bridge Ridge,short_memory,2025-04-09,2025-04-10,2.5868269558528314,-0.60057243312350295,61,48,3.0489600431855139,-0.46213308733268255,5.6357869990383449,6.0979200863710279,0,1,7.4823135442792319
Inflation,CPIAUCSL,4,pre_release,2025-03,Inflation Bridge Ridge,long_memory,2025-04-09,2025-04-10,2.5868269558528314,-0.60057243312350295,61,48,4.0249066855244742,-1.4380797296716428,6.611733641377306,8.0498133710489483,1,0,8.0498133710489483
Inflation,CPIAUCSL,1,month_open,2025-04,Inflation Ridge-AR Ensemble,short_memory,2025-04-01,2025-05-13,2.8198662764447029,2.6477658507008783,60,48,3.9034271236427038,-1.0835608471980009,6.7232934000874067,7.8068542472854077,1,0,7.8068542472854077
Inflation,CPIAUCSL,1,month_open,2025-04,Inflation Ridge-AR Ensemble,long_memory,2025-04-01,2025-05-13,2.8198662764447029,2.6477658507008783,60,48,4.1163426069021369,-1.296476330457434,6.9362088833468398,8.2326852138042739,1,0,8.2326852138042739
Inflation,CPIAUCSL,2,mid_month,2025-04,Inflation Bridge Ridge,short_memory,2025-04-15,2025-05-13,3.0437550069501249,2.6477658507008783,62,48,3.1767503064179579,-0.13299529946783295,6.2205053133680828,6.3535006128359157,1,0,6.3535006128359157
Inflation,CPIAUCSL,2,mid_month,2025-04,Inflation Bridge Ridge,long_memory,2025-04-15,2025-05-13,3.0437550069501249,2.6477658507008783,62,48,4.0477944046810173,-1.0040393977308923,7.0915494116311422,8.0955888093620345,1,0,8.0955888093620345
Inflation,CPIAUCSL,3,month_end,2025-04,Inflation Bridge Ridge,short_memory,2025-04-30,2025-05-13,3.0437550069501249,2.6477658507008783,62,48,3.251836822110683,-0.20808181516055813,6.2955918290608075,6.5036736442213661,1,0,6.5036736442213652
Inflation,CPIAUCSL,3,month_end,2025-04,Inflation Bridge Ridge,long_memory,2025-04-30,2025-05-13,3.0437550069501249,2.6477658507008783,62,48,4.0477944046810173,-1.0040393977308923,7.0915494116311422,8.0955888093620345,1,0,8.0955888093620345
Inflation,CPIAUCSL,4,pre_release,2025-04,Inflation Bridge Ridge,short_memory,2025-05-12,2025-05-13,3.0418573007583718,2.6477658507008783,62,48,3.128199322914365,-0.086342022155993181,6.1700566236727372,6.25639864582873,1,0,6.25639864582873
Inflation,CPIAUCSL,4,pre_release,2025-04,Inflation Bridge Ridge,long_memory,2025-05-12,2025-05-13,3.0418573007583718,2.6477658507008783,62,48,4.0249066855244742,-0.98304938476610237,7.0667639862828455,8.0498133710489483,1,0,8.0498133710489483
Inflation,CPIAUCSL,1,month_open,2025-05,Inflation Ridge-AR Ensemble,short_memory,2025-05-01,2025-06-11,2.5071594387786313,0.96988463715668161,61,48,4.0609310771171963,-1.5537716383385649,6.5680905158958272,8.1218621542343925,1,0,8.1218621542343925
Inflation,CPIAUCSL,1,month_open,2025-05,Inflation Ridge-AR Ensemble,long_memory,2025-05-01,2025-06-11,2.5071594387786313,0.96988463715668161,61,48,4.2700123159955812,-1.7628528772169498,6.7771717547742121,8.5400246319911624,1,0,8.5400246319911624
Inflation,CPIAUCSL,2,mid_month,2025-05,Inflation Bridge Ridge,short_memory,2025-05-15,2025-06-11,4.8897224747734462,0.96988463715668161,63,48,3.1174366505971034,1.7722858241763428,8.0071591253705492,6.2348733011942068,0,1,14.258885171390819
Inflation,CPIAUCSL,2,mid_month,2025-05,Inflation Bridge Ridge,long_memory,2025-05-15,2025-06-11,4.8897224747734462,0.96988463715668161,63,48,3.251836822110683,1.6378856526627632,8.1415592968841288,6.5036736442213661,0,1,13.183683799282182
Inflation,CPIAUCSL,3,month_end,2025-05,Inflation Bridge Ridge,short_memory,2025-05-31,2025-06-11,4.8897224747734462,0.96988463715668161,63,48,3.1767503064179579,1.7129721683554884,8.0664727811914041,6.3535006128359157,0,1,13.784375924823983
Inflation,CPIAUCSL,3,month_end,2025-05,Inflation Bridge Ridge,long_memory,2025-05-31,2025-06-11,4.8897224747734462,0.96988463715668161,63,48,3.576034869474058,1.3136876052993882,8.4657573442475034,7.152069738948116,0,1,10.590099420375182
Inflation,CPIAUCSL,4,pre_release,2025-05,Inflation Bridge Ridge,short_memory,2025-06-10,2025-06-11,4.9892807312578356,0.96988463715668161,63,48,3.1180346078839882,1.8712461233738473,8.1073153391418238,6.2360692157679765,0,1,15.249684077939634
Inflation,CPIAUCSL,4,pre_release,2025-05,Inflation Bridge Ridge,long_memory,2025-06-10,2025-06-11,4.9892807312578356,0.96988463715668161,63,48,3.1873993889763343,1.8018813422815012,8.1766801202341703,6.3747987779526687,0,1,14.694765829200865
Inflation,CPIAUCSL,1,month_open,2025-06,Inflation Ridge-AR Ensemble,short_memory,2025-06-01,2025-07-15,4.1227400346073928,3.4388261759264793,62,48,3.9241695716350939,0.19857046297229886,8.0469096062424867,7.8483391432701879,1,0,7.8483391432701879
Inflation,CPIAUCSL,1,month_open,2025-06,Inflation Ridge-AR Ensemble,long_memory,2025-06-01,2025-07-15,4.1227400346073928,3.4388261759264793,62,48,4.1698104629326904,-0.04707042832529762,8.2925504975400841,8.3396209258653808,1,0,8.3396209258653826
Inflation,CPIAUCSL,2,mid_month,2025-06,Inflation Bridge Ridge,short_memory,2025-06-15,2025-07-15,5.4070421559945334,3.4388261759264793,64,48,3.251836822110683,2.1552053338838504,8.658878978105216,6.5036736442213661,1,0,6.5036736442213652
Inflation,CPIAUCSL,2,mid_month,2025-06,Inflation Bridge Ridge,long_memory,2025-06-15,2025-07-15,5.4070421559945334,3.4388261759264793,64,48,3.9198378376167646,1.4872043183777688,9.326879993611298,7.8396756752335293,1,0,7.8396756752335293
Inflation,CPIAUCSL,3,month_end,2025-06,Inflation Bridge Ridge,short_memory,2025-06-30,2025-07-15,5.4070421559945334,3.4388261759264793,64,48,3.251836822110683,2.1552053338838504,8.658878978105216,6.5036736442213661,1,0,6.5036736442213652
Inflation,CPIAUCSL,3,month_end,2025-06,Inflation Bridge Ridge,long_memory,2025-06-30,2025-07-15,5.4070421559945334,3.4388261759264793,64,48,3.9198378376167646,1.4872043183777688,9.326879993611298,7.8396756752335293,1,0,7.8396756752335293
Inflation,CPIAUCSL,4,pre_release,2025-06,Inflation Bridge Ridge,short_memory,2025-07-14,2025-07-15,5.342849368356438,3.4388261759264793,64,48,3.1873993889763343,2.1554499793801036,8.5302487573327728,6.3747987779526687,1,0,6.3747987779526696
Inflation,CPIAUCSL,4,pre_release,2025-06,Inflation Bridge Ridge,long_memory,2025-07-14,2025-07-15,5.342849368356438,3.4388261759264793,64,48,4.0193960941011539,1.323453274255284,9.3622454624575919,8.0387921882023079,1,0,8.0387921882023079
Inflation,CPIAUCSL,1,month_open,2025-07,Inflation Ridge-AR Ensemble,short_memory,2025-07-01,2025-08-12,5.2564911607965357,2.3566269040241394,63,48,3.9241695716350939,1.3323215891614417,9.1806607324316296,7.8483391432701879,1,0,7.8483391432701879
Inflation,CPIAUCSL,1,month_open,2025-07,Inflation Ridge-AR Ensemble,long_memory,2025-07-01,2025-08-12,5.2564911607965357,2.3566269040241394,63,48,4.1163426069021369,1.1401485538943987,9.3728337676986726,8.2326852138042739,1,0,8.2326852138042739
Inflation,CPIAUCSL,2,mid_month,2025-07,Inflation Bridge Ridge,short_memory,2025-07-15,2025-08-12,8.5023513103184598,2.3566269040241394,64,48,3.251836822110683,5.2505144882077772,11.754188132429142,6.5036736442213661,0,1,35.442549486057743
Inflation,CPIAUCSL,2,mid_month,2025-07,Inflation Bridge Ridge,long_memory,2025-07-15,2025-08-12,8.5023513103184598,2.3566269040241394,64,48,3.9198378376167646,4.5825134727016952,12.422189147935224,7.8396756752335293,0,1,30.098541362009087
Inflation,CPIAUCSL,3,month_end,2025-07,Inflation Bridge Ridge,short_memory,2025-07-31,2025-08-12,8.7806393449302789,2.3566269040241394,65,48,3.251836822110683,5.5288025228195963,12.032476167040961,6.5036736442213661,0,1,38.225429832175934
Inflation,CPIAUCSL,3,month_end,2025-07,Inflation Bridge Ridge,long_memory,2025-07-31,2025-08-12,8.7806393449302789,2.3566269040241394,65,48,3.576034869474058,5.2046044754562208,12.356674214404336,7.152069738948116,0,1,35.63184545326893
Inflation,CPIAUCSL,4,pre_release,2025-07,Inflation Bridge Ridge,short_memory,2025-08-11,2025-08-12,8.8484483723666347,2.3566269040241394,65,48,3.1873993889763343,5.6610489833902999,12.03584776134297,6.3747987779526687,0,1,39.419019571614278
Inflation,CPIAUCSL,4,pre_release,2025-07,Inflation Bridge Ridge,long_memory,2025-08-11,2025-08-12,8.8484483723666347,2.3566269040241394,65,48,3.1873993889763343,5.6610489833902999,12.03584776134297,6.3747987779526687,0,1,39.419019571614278
Inflation,CPIAUCSL,1,month_open,2025-08,Inflation Ridge-AR Ensemble,short_memory,2025-08-01,2025-09-11,3.8041855695281956,4.5806691138956523,64,48,3.9034271236427038,-0.09924155411450819,7.7076126931708995,7.8068542472854077,1,0,7.8068542472854077
Inflation,CPIAUCSL,1,month_open,2025-08,Inflation Ridge-AR Ensemble,long_memory,2025-08-01,2025-09-11,3.8041855695281956,4.5806691138956523,64,48,4.0609310771171963,-0.25674550758900061,7.8651166466453919,8.1218621542343925,1,0,8.1218621542343925
Inflation,CPIAUCSL,2,mid_month,2025-08,Inflation Bridge Ridge,short_memory,2025-08-15,2025-09-11,4.5514333697076754,4.5806691138956523,66,48,3.9198378376167646,0.63159553209091079,8.4712712073244401,7.8396756752335293,1,0,7.8396756752335293
Inflation,CPIAUCSL,2,mid_month,2025-08,Inflation Bridge Ridge,long_memory,2025-08-15,2025-09-11,4.5514333697076754,4.5806691138956523,66,48,3.9198378376167646,0.63159553209091079,8.4712712073244401,7.8396756752335293,1,0,7.8396756752335293
Inflation,CPIAUCSL,3,month_end,2025-08,Inflation Bridge Ridge,short_memory,2025-08-31,2025-09-11,4.5514333697076754,4.5806691138956523,66,48,3.9198378376167646,0.63159553209091079,8.4712712073244401,7.8396756752335293,1,0,7.8396756752335293
Inflation,CPIAUCSL,3,month_end,2025-08,Inflation Bridge Ridge,long_memory,2025-08-31,2025-09-11,4.5514333697076754,4.5806691138956523,66,48,3.9198378376167646,0.63159553209091079,8.4712712073244401,7.8396756752335293,1,0,7.8396756752335293
Inflation,CPIAUCSL,4,pre_release,2025-08,Inflation Bridge Ridge,short_memory,2025-09-10,2025-09-11,4.3402959048580003,4.5806691138956523,66,48,4.0193960941011539,0.32089981075684637,8.3596919989591534,8.0387921882023079,1,0,8.0387921882023079
Inflation,CPIAUCSL,4,pre_release,2025-08,Inflation Bridge Ridge,long_memory,2025-09-10,2025-09-11,4.3402959048580003,4.5806691138956523,66,48,4.0193960941011539,0.32089981075684637,8.3596919989591534,8.0387921882023079,1,0,8.0387921882023079
Inflation,CPIAUCSL,1,month_open,2025-09,Inflation Ridge-AR Ensemble,short_memory,2025-09-01,2025-10-24,4.182558109507025,3.7200600398769268,65,48,3.5575534699046236,0.62500463960240138,7.7401115794116482,7.1151069398092472,1,0,7.1151069398092464
Inflation,CPIAUCSL,1,month_open,2025-09,Inflation Ridge-AR Ensemble,long_memory,2025-09-01,2025-10-24,4.182558109507025,3.7200600398769268,65,48,4.0609310771171963,0.12162703238982875,8.2434891866242204,8.1218621542343925,1,0,8.1218621542343925
Inflation,CPIAUCSL,2,mid_month,2025-09,Inflation Bridge Ridge,short_memory,2025-09-15,2025-10-24,5.2282010006046171,3.7200600398769268,67,48,3.251836822110683,1.9763641784939341,8.4800378227152997,6.5036736442213661,1,0,6.5036736442213652
Inflation,CPIAUCSL,2,mid_month,2025-09,Inflation Bridge Ridge,long_memory,2025-09-15,2025-10-24,5.2282010006046171,3.7200600398769268,67,48,3.9198378376167646,1.3083631629878525,9.1480388382213818,7.8396756752335293,1,0,7.8396756752335293
Inflation,CPIAUCSL,3,month_end,2025-09,Inflation Bridge Ridge,short_memory,2025-09-30,2025-10-24,5.2282010006046171,3.7200600398769268,67,48,3.576034869474058,1.6521661311305591,8.8042358700786743,7.152069738948116,1,0,7.1520697389481152
Inflation,CPIAUCSL,3,month_end,2025-09,Inflation Bridge Ridge,long_memory,2025-09-30,2025-10-24,5.2282010006046171,3.7200600398769268,67,48,3.9198378376167646,1.3083631629878525,9.1480388382213818,7.8396756752335293,1,0,7.8396756752335293
Inflation,CPIAUCSL,4,pre_release,2025-09,Inflation Bridge Ridge,short_memory,2025-10-23,2025-10-24,5.2282010006046171,3.7200600398769268,67,48,3.1873993889763343,2.0408016116282828,8.4156003895809519,6.3747987779526687,1,0,6.3747987779526696
Inflation,CPIAUCSL,4,pre_release,2025-09,Inflation Bridge Ridge,long_memory,2025-10-23,2025-10-24,5.2282010006046171,3.7200600398769268,67,48,4.0193960941011539,1.2088049065034632,9.2475970947057711,8.0387921882023079,1,0,8.0387921882023079
Inflation,CPIAUCSL,1,month_open,2025-11,Inflation Ridge-AR Ensemble,short_memory,2025-11-01,2025-12-18,2.6153379805492465,2.4502664045531475,67,48,3.4821750072275304,-0.86683702667828388,6.0975129877767769,6.9643500144550607,1,0,6.9643500144550607
Inflation,CPIAUCSL,1,month_open,2025-11,Inflation Ridge-AR Ensemble,long_memory,2025-11-01,2025-12-18,2.6153379805492465,2.4502664045531475,67,48,3.9241695716350939,-1.3088315910858475,6.5395075521843404,7.8483391432701879,1,0,7.8483391432701879
Inflation,CPIAUCSL,2,mid_month,2025-11,Inflation Bridge Ridge,short_memory,2025-11-15,2025-12-18,2.0608644898857942,2.4502664045531475,68,48,3.251836822110683,-1.1909723322248889,5.3127013119964772,6.5036736442213661,1,0,6.5036736442213661
Inflation,CPIAUCSL,2,mid_month,2025-11,Inflation Bridge Ridge,long_memory,2025-11-15,2025-12-18,2.0608644898857942,2.4502664045531475,68,48,3.9198378376167646,-1.8589733477309704,5.9807023275025593,7.8396756752335293,1,0,7.8396756752335293
Inflation,CPIAUCSL,3,month_end,2025-11,Inflation Bridge Ridge,short_memory,2025-11-30,2025-12-18,3.2950541719944346,2.4502664045531475,68,48,3.251836822110683,0.043217349883751588,6.5468909941051177,6.5036736442213661,1,0,6.5036736442213661
Inflation,CPIAUCSL,3,month_end,2025-11,Inflation Bridge Ridge,long_memory,2025-11-30,2025-12-18,3.2950541719944346,2.4502664045531475,68,48,3.9198378376167646,-0.62478366562233001,7.2148920096111997,7.8396756752335293,1,0,7.8396756752335293
Inflation,CPIAUCSL,4,pre_release,2025-11,Inflation Bridge Ridge,short_memory,2025-12-17,2025-12-18,3.4658743510397305,2.4502664045531475,68,48,3.1873993889763343,0.27847496206339617,6.6532737400160649,6.3747987779526687,1,0,6.3747987779526687
Inflation,CPIAUCSL,4,pre_release,2025-11,Inflation Bridge Ridge,long_memory,2025-12-17,2025-12-18,3.4658743510397305,2.4502664045531475,68,48,4.0193960941011539,-0.55352174306142343,7.485270445140884,8.0387921882023079,1,0,8.0387921882023079
Inflation,CPIAUCSL,1,month_open,2025-12,Inflation Ridge-AR Ensemble,short_memory,2025-12-01,2026-01-13,3.4522724478756155,3.6826071315459785,67,48,3.4821750072275304,-0.029902559351914881,6.9344474551031459,6.9643500144550607,1,0,6.9643500144550607
Inflation,CPIAUCSL,1,month_open,2025-12,Inflation Ridge-AR Ensemble,long_memory,2025-12-01,2026-01-13,3.4522724478756155,3.6826071315459785,67,48,3.9241695716350939,-0.47189712375947845,7.3764420195107094,7.8483391432701879,1,0,7.8483391432701879
Inflation,CPIAUCSL,2,mid_month,2025-12,Inflation Bridge Ridge,short_memory,2025-12-15,2026-01-13,3.6414558188575898,3.6826071315459785,68,48,3.251836822110683,0.38961899674690681,6.8932926409682729,6.5036736442213661,1,0,6.5036736442213661
Inflation,CPIAUCSL,2,mid_month,2025-12,Inflation Bridge Ridge,long_memory,2025-12-15,2026-01-13,3.6414558188575898,3.6826071315459785,68,48,3.9198378376167646,-0.27838201875917479,7.5612936564743549,7.8396756752335293,1,0,7.8396756752335293
Inflation,CPIAUCSL,3,month_end,2025-12,Inflation Bridge Ridge,short_memory,2025-12-31,2026-01-13,3.7512282646765924,3.6826071315459785,69,48,3.251836822110683,0.49939144256590939,7.0030650867872755,6.5036736442213661,1,0,6.5036736442213661
Inflation,CPIAUCSL,3,month_end,2025-12,Inflation Bridge Ridge,long_memory,2025-12-31,2026-01-13,3.7512282646765924,3.6826071315459785,69,48,3.576034869474058,0.17519339520253441,7.32726313415065,7.152069738948116,1,0,7.152069738948116
Inflation,CPIAUCSL,4,pre_release,2025-12,Inflation Bridge Ridge,short_memory,2026-01-12,2026-01-13,3.9081599393360986,3.6826071315459785,69,48,3.1873993889763343,0.72076055035976427,7.095559328312433,6.3747987779526687,1,0,6.3747987779526687
Inflation,CPIAUCSL,4,pre_release,2025-12,Inflation Bridge Ridge,long_memory,2026-01-12,2026-01-13,3.9081599393360986,3.6826071315459785,69,48,3.1873993889763343,0.72076055035976427,7.095559328312433,6.3747987779526687,1,0,6.3747987779526687
Inflation,CPIAUCSL,2,mid_month,2026-01,Inflation Bridge Ridge,short_memory,2026-01-15,2026-02-13,3.9650540623152768,2.0483625585395515,70,48,3.1767503064179579,0.78830375589731894,7.1418043687332347,6.3535006128359157,1,0,6.3535006128359157
Inflation,CPIAUCSL,2,mid_month,2026-01,Inflation Bridge Ridge,long_memory,2026-01-15,2026-02-13,3.9650540623152768,2.0483625585395515,70,48,3.251836822110683,0.71321724020459376,7.2168908844259594,6.5036736442213661,1,0,6.5036736442213652
Inflation,CPIAUCSL,3,month_end,2026-01,Inflation Bridge Ridge,short_memory,2026-01-31,2026-02-13,4.1834368658581234,2.0483625585395515,70,48,3.251836822110683,0.93160004374744032,7.4352736879688059,6.5036736442213661,1,0,6.5036736442213652
Inflation,CPIAUCSL,3,month_end,2026-01,Inflation Bridge Ridge,long_memory,2026-01-31,2026-02-13,4.1834368658581234,2.0483625585395515,70,48,3.576034869474058,0.60740199638406533,7.7594717353321814,7.152069738948116,1,0,7.152069738948116
Inflation,CPIAUCSL,4,pre_release,2026-01,Inflation Bridge Ridge,short_memory,2026-02-12,2026-02-13,4.0674584306313175,2.0483625585395515,70,48,3.128199322914365,0.93925910771695253,7.1956577535456825,6.25639864582873,1,0,6.25639864582873
Inflation,CPIAUCSL,4,pre_release,2026-01,Inflation Bridge Ridge,long_memory,2026-02-12,2026-02-13,4.0674584306313175,2.0483625585395515,70,48,3.1873993889763343,0.88005904165498317,7.2548578196076523,6.3747987779526687,1,0,6.3747987779526696
Inflation,CPIAUCSL,1,month_open,2026-02,Inflation Ridge-AR Ensemble,short_memory,2026-02-01,2026-03-11,4.2398283050988113,3.1997670507312392,69,48,3.1460838245263663,1.093744480572445,7.3859121296251775,6.2921676490527325,1,0,6.2921676490527325
Inflation,CPIAUCSL,1,month_open,2026-02,Inflation Ridge-AR Ensemble,long_memory,2026-02-01,2026-03-11,4.2398283050988113,3.1997670507312392,69,48,3.9034271236427038,0.33640118145610742,8.1432554287415151,7.8068542472854077,1,0,7.8068542472854077
Inflation,CPIAUCSL,2,mid_month,2026-02,Inflation Bridge Ridge,short_memory,2026-02-15,2026-03-11,4.2978718197903687,3.1997670507312392,71,48,3.1174366505971034,1.1804351691932653,7.4153084703874725,6.2348733011942068,1,0,6.2348733011942077
Inflation,CPIAUCSL,2,mid_month,2026-02,Inflation Bridge Ridge,long_memory,2026-02-15,2026-03-11,4.2978718197903687,3.1997670507312392,71,48,3.251836822110683,1.0460349976796857,7.5497086419010522,6.5036736442213661,1,0,6.503673644221367
Inflation,CPIAUCSL,3,month_end,2026-02,Inflation Bridge Ridge,short_memory,2026-02-28,2026-03-11,4.1354703360910445,3.1997670507312392,71,48,3.1767503064179579,0.95872002967308667,7.3122206425090024,6.3535006128359157,1,0,6.3535006128359157
Inflation,CPIAUCSL,3,month_end,2026-02,Inflation Bridge Ridge,long_memory,2026-02-28,2026-03-11,4.1354703360910445,3.1997670507312392,71,48,3.576034869474058,0.55943546661698651,7.7115052055651025,7.152069738948116,1,0,7.152069738948116
Inflation,CPIAUCSL,4,pre_release,2026-02,Inflation Bridge Ridge,short_memory,2026-03-10,2026-03-11,4.1354703360910445,3.1997670507312392,71,48,3.1180346078839882,1.0174357282070563,7.2535049439750328,6.2360692157679765,1,0,6.2360692157679765
Inflation,CPIAUCSL,4,pre_release,2026-02,Inflation Bridge Ridge,long_memory,2026-03-10,2026-03-11,4.1354703360910445,3.1997670507312392,71,48,3.1873993889763343,0.94807094711471018,7.3228697250673793,6.3747987779526687,1,0,6.3747987779526696
Inflation,CPIAUCSL,1,month_open,2026-03,Inflation Ridge-AR Ensemble,short_memory,2026-03-01,2026-04-10,4.1302475580686835,10.337074927015166,69,48,3.1460838245263663,0.98416373354231723,7.2763313825950497,6.2921676490527325,0,1,36.899603093253901
Inflation,CPIAUCSL,1,month_open,2026-03,Inflation Ridge-AR Ensemble,long_memory,2026-03-01,2026-04-10,4.1302475580686835,10.337074927015166,69,48,3.9034271236427038,0.22682043442597966,8.0336746817113873,7.8068542472854077,0,1,30.840856700323197
Inflation,CPIAUCSL,2,mid_month,2026-03,Inflation Bridge Ridge,short_memory,2026-03-15,2026-04-10,5.1826470224366368,10.337074927015166,72,48,3.0749646453196489,2.1076823771169879,8.2576116677562865,6.1499292906392977,0,1,26.944561883228097
Inflation,CPIAUCSL,2,mid_month,2026-03,Inflation Bridge Ridge,long_memory,2026-03-15,2026-04-10,5.1826470224366368,10.337074927015166,72,48,3.251836822110683,1.9308102003259537,8.4344838445473194,6.5036736442213661,0,1,25.529584468899834
Inflation,CPIAUCSL,3,month_end,2026-03,Inflation Bridge Ridge,short_memory,2026-03-31,2026-04-10,5.4510838652181643,10.337074927015166,72,48,3.0749646453196489,2.3761192198985155,8.5260485105378123,6.1499292906392977,0,1,24.260193455412836
Inflation,CPIAUCSL,3,month_end,2026-03,Inflation Bridge Ridge,long_memory,2026-03-31,2026-04-10,5.4510838652181643,10.337074927015166,72,48,3.251836822110683,2.1992470431074813,8.7029206873288469,6.5036736442213661,0,1,22.845216041084559
Inflation,CPIAUCSL,4,pre_release,2026-03,Inflation Bridge Ridge,short_memory,2026-04-09,2026-04-10,5.3425802759138907,10.337074927015166,72,48,3.0489600431855139,2.2936202327283768,8.3915403190994056,6.0979200863710279,0,1,25.553266165528637
Inflation,CPIAUCSL,4,pre_release,2026-03,Inflation Bridge Ridge,long_memory,2026-04-09,2026-04-10,5.3425802759138907,10.337074927015166,72,48,3.1873993889763343,2.1551808869375564,8.5299796648902255,6.3747987779526687,0,1,24.445751399202077
Inflation,CPIAUCSL,1,month_open,2026-04,Inflation Ridge-AR Ensemble,short_memory,2026-04-01,2026-05-12,5.6505067187716422,7.6559788889596803,70,48,2.8998642567723962,2.750642461999246,8.5503709755440376,5.7997285135447925,1,0,5.7997285135447916
Inflation,CPIAUCSL,1,month_open,2026-04,Inflation Ridge-AR Ensemble,long_memory,2026-04-01,2026-05-12,5.6505067187716422,7.6559788889596803,70,48,3.5575534699046236,2.0929532488670186,9.2080601886762654,7.1151069398092472,1,0,7.1151069398092464
Inflation,CPIAUCSL,2,mid_month,2026-04,Inflation Bridge Ridge,short_memory,2026-04-15,2026-05-12,9.1683410046561011,7.6559788889596803,73,48,3.251836822110683,5.9165041825454185,12.420177826766784,6.5036736442213661,1,0,6.5036736442213652
Inflation,CPIAUCSL,2,mid_month,2026-04,Inflation Bridge Ridge,long_memory,2026-04-15,2026-05-12,9.1683410046561011,7.6559788889596803,73,48,3.9198378376167646,5.2485031670393365,13.088178842272866,7.8396756752335293,1,0,7.8396756752335293
Inflation,CPIAUCSL,3,month_end,2026-04,Inflation Bridge Ridge,short_memory,2026-04-30,2026-05-12,9.1683410046561011,7.6559788889596803,73,48,3.251836822110683,5.9165041825454185,12.420177826766784,6.5036736442213661,1,0,6.5036736442213652
Inflation,CPIAUCSL,3,month_end,2026-04,Inflation Bridge Ridge,long_memory,2026-04-30,2026-05-12,9.1683410046561011,7.6559788889596803,73,48,3.9198378376167646,5.2485031670393365,13.088178842272866,7.8396756752335293,1,0,7.8396756752335293
Inflation,CPIAUCSL,4,pre_release,2026-04,Inflation Bridge Ridge,short_memory,2026-05-11,2026-05-12,9.0591309682754577,7.6559788889596803,73,48,3.1873993889763343,5.8717315792991229,12.246530357251793,6.3747987779526687,1,0,6.3747987779526696
Inflation,CPIAUCSL,4,pre_release,2026-04,Inflation Bridge Ridge,long_memory,2026-05-11,2026-05-12,9.0591309682754577,7.6559788889596803,73,48,4.0193960941011539,5.0397348741743038,13.078527062376612,8.0387921882023079,1,0,8.0387921882023079
Inflation,CPIAUCSL,1,month_open,2026-05,Inflation Ridge-AR Ensemble,short_memory,2026-05-01,2026-06-10,5.5005696601914664,5.6615940286512512,71,48,3.5575534699046236,1.9430161902868428,9.0581231300960905,7.1151069398092472,1,0,7.1151069398092481
Inflation,CPIAUCSL,1,month_open,2026-05,Inflation Ridge-AR Ensemble,long_memory,2026-05-01,2026-06-10,5.5005696601914664,5.6615940286512512,71,48,3.9241695716350939,1.5764000885563725,9.4247392318265604,7.8483391432701879,1,0,7.8483391432701879
Inflation,CPIAUCSL,2,mid_month,2026-05,Inflation Bridge Ridge,short_memory,2026-05-15,2026-06-10,6.5370909233916583,5.6615940286512512,74,48,3.251836822110683,3.2852541012809753,9.7889277455023418,6.5036736442213661,1,0,6.503673644221367
Inflation,CPIAUCSL,2,mid_month,2026-05,Inflation Bridge Ridge,long_memory,2026-05-15,2026-06-10,6.5370909233916583,5.6615940286512512,74,48,3.251836822110683,3.2852541012809753,9.7889277455023418,6.5036736442213661,1,0,6.503673644221367
Inflation,CPIAUCSL,3,month_end,2026-05,Inflation Bridge Ridge,short_memory,2026-05-31,2026-06-10,6.5370909233916583,5.6615940286512512,74,48,3.251836822110683,3.2852541012809753,9.7889277455023418,6.5036736442213661,1,0,6.503673644221367
Inflation,CPIAUCSL,3,month_end,2026-05,Inflation Bridge Ridge,long_memory,2026-05-31,2026-06-10,6.5370909233916583,5.6615940286512512,74,48,3.576034869474058,2.9610560539176003,10.113125792865716,7.152069738948116,1,0,7.152069738948116
Inflation,CPIAUCSL,4,pre_release,2026-05,Inflation Bridge Ridge,short_memory,2026-06-09,2026-06-10,6.5370909233916583,5.6615940286512512,74,48,3.1873993889763343,3.349691534415324,9.7244903123679922,6.3747987779526687,1,0,6.3747987779526678
Inflation,CPIAUCSL,4,pre_release,2026-05,Inflation Bridge Ridge,long_memory,2026-06-09,2026-06-10,6.5370909233916583,5.6615940286512512,74,48,3.1873993889763343,3.349691534415324,9.7244903123679922,6.3747987779526687,1,0,6.3747987779526678
Inflation,CPIAUCSL,1,month_open,2026-06,Inflation Ridge-AR Ensemble,short_memory,2026-06-01,2026-07-14,7.3528206009709756,-5.0805195408127446,72,48,3.4821750072275304,3.8706455937434452,10.834995608198506,6.9643500144550607,0,1,96.476001360016966
Inflation,CPIAUCSL,1,month_open,2026-06,Inflation Ridge-AR Ensemble,long_memory,2026-06-01,2026-07-14,7.3528206009709756,-5.0805195408127446,72,48,3.9241695716350939,3.4286510293358816,11.27699017260607,7.8483391432701879,0,1,92.940044844756443
Inflation,CPIAUCSL,2,mid_month,2026-06,Inflation Bridge Ridge,short_memory,2026-06-15,2026-07-14,5.0568945567606427,-5.0805195408127446,75,48,3.1174366505971034,1.9394579061635393,8.1743312073577457,6.2348733011942068,0,1,76.434647770957042
Inflation,CPIAUCSL,2,mid_month,2026-06,Inflation Bridge Ridge,long_memory,2026-06-15,2026-07-14,5.0568945567606427,-5.0805195408127446,75,48,3.251836822110683,1.8050577346499597,8.3087313788713253,6.5036736442213661,0,1,75.359446398848419
Inflation,CPIAUCSL,3,month_end,2026-06,Inflation Bridge Ridge,short_memory,2026-06-30,2026-07-14,5.0568945567606427,-5.0805195408127446,75,48,3.1767503064179579,1.8801442503426848,8.2336448631786006,6.3535006128359157,0,1,75.960138524390203
Inflation,CPIAUCSL,3,month_end,2026-06,Inflation Bridge Ridge,long_memory,2026-06-30,2026-07-14,5.0568945567606427,-5.0805195408127446,75,48,3.251836822110683,1.8050577346499597,8.3087313788713253,6.5036736442213661,0,1,75.359446398848419
Inflation,CPIAUCSL,4,pre_release,2026-06,Inflation Bridge Ridge,short_memory,2026-07-13,2026-07-14,4.9929139763518613,-5.0805195408127446,75,48,3.1180346078839882,1.8748793684678731,8.1109485842358495,6.2360692157679765,0,1,75.790058308574146
Inflation,CPIAUCSL,4,pre_release,2026-06,Inflation Bridge Ridge,long_memory,2026-07-13,2026-07-14,4.9929139763518613,-5.0805195408127446,75,48,3.1873993889763343,1.8055145873755269,8.1803133653281961,6.3747987779526687,0,1,75.235140059835373
Inflation,CPILFESL,1,month_open,2023-02,Inflation 12-Month Mean,short_memory,2023-02-01,2023-03-14,5.5342045369646264,5.4109378199150626,34,34,3.2697105016053385,2.2644940353592879,8.8039150385699649,6.539421003210677,1,0,6.539421003210677
Inflation,CPILFESL,1,month_open,2023-02,Inflation 12-Month Mean,long_memory,2023-02-01,2023-03-14,5.5342045369646264,5.4109378199150626,34,34,3.2697105016053385,2.2644940353592879,8.8039150385699649,6.539421003210677,1,0,6.539421003210677
Inflation,CPILFESL,2,mid_month,2023-02,Inflation Ridge-AR Ensemble,short_memory,2023-02-15,2023-03-14,4.2597767031627445,5.4109378199150626,36,36,3.2721871849199724,0.98758951824277208,7.5319638880827169,6.5443743698399448,1,0,6.5443743698399448
Inflation,CPILFESL,2,mid_month,2023-02,Inflation Ridge-AR Ensemble,long_memory,2023-02-15,2023-03-14,4.2597767031627445,5.4109378199150626,36,36,3.5263656683993112,0.73341103476343328,7.7861423715620557,7.0527313367986224,1,0,7.0527313367986224
Inflation,CPILFESL,3,month_end,2023-02,Inflation Ridge-AR Ensemble,short_memory,2023-02-28,2023-03-14,4.5299707217486356,5.4109378199150626,36,36,3.2721871849199724,1.2577835368286632,7.802157906668608,6.5443743698399448,1,0,6.5443743698399448
Inflation,CPILFESL,3,month_end,2023-02,Inflation Ridge-AR Ensemble,long_memory,2023-02-28,2023-03-14,4.5299707217486356,5.4109378199150626,36,36,3.5263656683993112,1.0036050533493244,8.0563363901479477,7.0527313367986224,1,0,7.0527313367986233
Inflation,CPILFESL,4,pre_release,2023-02,Inflation Ridge-AR Ensemble,short_memory,2023-03-13,2023-03-14,4.5272670103841399,5.4109378199150626,36,36,3.2554251893857269,1.271841820998413,7.7826921997698673,6.5108503787714538,1,0,6.5108503787714547
Inflation,CPILFESL,4,pre_release,2023-02,Inflation Ridge-AR Ensemble,long_memory,2023-03-13,2023-03-14,4.5272670103841399,5.4109378199150626,36,36,3.4987934023644782,1.0284736080196617,8.0260604127486186,6.9975868047289564,1,0,6.9975868047289573
Inflation,CPILFESL,1,month_open,2023-03,Inflation 12-Month Mean,short_memory,2023-03-01,2023-04-12,5.3991608874064845,4.6084972365690646,35,35,3.1362206800015002,2.2629402074049842,8.5353815674079847,6.2724413600030005,1,0,6.2724413600030005
Inflation,CPILFESL,1,month_open,2023-03,Inflation 12-Month Mean,long_memory,2023-03-01,2023-04-12,5.3991608874064845,4.6084972365690646,35,35,3.2697105016053385,2.129450385801146,8.668871389011823,6.539421003210677,1,0,6.539421003210677
Inflation,CPILFESL,2,mid_month,2023-03,Inflation Ridge-AR Ensemble,short_memory,2023-03-15,2023-04-12,4.990866999372912,4.6084972365690646,37,37,3.2721871849199724,1.7186798144529396,8.2630541842928835,6.5443743698399448,1,0,6.5443743698399439
Inflation,CPILFESL,2,mid_month,2023-03,Inflation Ridge-AR Ensemble,long_memory,2023-03-15,2023-04-12,4.990866999372912,4.6084972365690646,37,37,3.2721871849199724,1.7186798144529396,8.2630541842928835,6.5443743698399448,1,0,6.5443743698399439
Inflation,CPILFESL,3,month_end,2023-03,Inflation Ridge-AR Ensemble,short_memory,2023-03-31,2023-04-12,4.990866999372912,4.6084972365690646,37,37,3.2721871849199724,1.7186798144529396,8.2630541842928835,6.5443743698399448,1,0,6.5443743698399439
Inflation,CPILFESL,3,month_end,2023-03,Inflation Ridge-AR Ensemble,long_memory,2023-03-31,2023-04-12,4.990866999372912,4.6084972365690646,37,37,3.2721871849199724,1.7186798144529396,8.2630541842928835,6.5443743698399448,1,0,6.5443743698399439
Inflation,CPILFESL,4,pre_release,2023-03,Inflation Ridge-AR Ensemble,short_memory,2023-04-11,2023-04-12,4.9752337902191712,4.6084972365690646,37,37,3.2554251893857269,1.7198086008334443,8.2306589796048986,6.5108503787714538,1,0,6.5108503787714547
Inflation,CPILFESL,4,pre_release,2023-03,Inflation Ridge-AR Ensemble,long_memory,2023-04-11,2023-04-12,4.9752337902191712,4.6084972365690646,37,37,3.2554251893857269,1.7198086008334443,8.2306589796048986,6.5108503787714538,1,0,6.5108503787714547
Inflation,CPILFESL,1,month_open,2023-04,Inflation 12-Month Mean,short_memory,2023-04-01,2023-05-10,5.3787171473290485,4.9002158887912373,36,36,2.8714433166372011,2.5072738306918474,8.2501604639662496,5.7428866332744022,1,0,5.7428866332744022
Inflation,CPILFESL,1,month_open,2023-04,Inflation 12-Month Mean,long_memory,2023-04-01,2023-05-10,5.3787171473290485,4.9002158887912373,36,36,3.2697105016053385,2.10900664572371,8.648427648934387,6.539421003210677,1,0,6.539421003210677
Inflation,CPILFESL,2,mid_month,2023-04,Inflation Ridge-AR Ensemble,short_memory,2023-04-15,2023-05-10,3.534537903566326,4.9002158887912373,38,38,3.2721871849199724,0.26235071864635362,6.8067250884862984,6.5443743698399448,1,0,6.5443743698399448
Inflation,CPILFESL,2,mid_month,2023-04,Inflation Ridge-AR Ensemble,long_memory,2023-04-15,2023-05-10,3.534537903566326,4.9002158887912373,38,38,3.2721871849199724,0.26235071864635362,6.8067250884862984,6.5443743698399448,1,0,6.5443743698399448
Inflation,CPILFESL,3,month_end,2023-04,Inflation Ridge-AR Ensemble,short_memory,2023-04-30,2023-05-10,3.534537903566326,4.9002158887912373,38,38,3.2721871849199724,0.26235071864635362,6.8067250884862984,6.5443743698399448,1,0,6.5443743698399448
Inflation,CPILFESL,3,month_end,2023-04,Inflation Ridge-AR Ensemble,long_memory,2023-04-30,2023-05-10,3.534537903566326,4.9002158887912373,38,38,3.2721871849199724,0.26235071864635362,6.8067250884862984,6.5443743698399448,1,0,6.5443743698399448
Inflation,CPILFESL,4,pre_release,2023-04,Inflation Ridge-AR Ensemble,short_memory,2023-05-09,2023-05-10,3.5229674959756818,4.9002158887912373,38,38,3.2554251893857269,0.26754230658995493,6.7783926853614087,6.5108503787714538,1,0,6.5108503787714538
Inflation,CPILFESL,4,pre_release,2023-04,Inflation Ridge-AR Ensemble,long_memory,2023-05-09,2023-05-10,3.5229674959756818,4.9002158887912373,38,38,3.2554251893857269,0.26754230658995493,6.7783926853614087,6.5108503787714538,1,0,6.5108503787714538
Inflation,CPILFESL,1,month_open,2023-05,Inflation 12-Month Mean,short_memory,2023-05-01,2023-06-13,5.4512507424956169,5.2155904950303977,37,37,2.8714433166372011,2.5798074258584158,8.322694059132818,5.7428866332744022,1,0,5.7428866332744022
Inflation,CPILFESL,1,month_open,2023-05,Inflation 12-Month Mean,long_memory,2023-05-01,2023-06-13,5.4512507424956169,5.2155904950303977,37,37,3.2697105016053385,2.1815402408902784,8.7209612441009554,6.539421003210677,1,0,6.539421003210677
Inflation,CPILFESL,2,mid_month,2023-05,Inflation Ridge-AR Ensemble,short_memory,2023-05-15,2023-06-13,3.8256857059840823,5.2155904950303977,39,39,2.804621027774858,1.0210646782092243,6.6303067337589408,5.609242055549716,1,0,5.609242055549716
Inflation,CPILFESL,2,mid_month,2023-05,Inflation Ridge-AR Ensemble,long_memory,2023-05-15,2023-06-13,3.8256857059840823,5.2155904950303977,39,39,3.2721871849199724,0.55349852106410991,7.0978728909040552,6.5443743698399448,1,0,6.5443743698399448
Inflation,CPILFESL,3,month_end,2023-05,Inflation Ridge-AR Ensemble,short_memory,2023-05-31,2023-06-13,3.8256857059840823,5.2155904950303977,39,39,2.804621027774858,1.0210646782092243,6.6303067337589408,5.609242055549716,1,0,5.609242055549716
Inflation,CPILFESL,3,month_end,2023-05,Inflation Ridge-AR Ensemble,long_memory,2023-05-31,2023-06-13,3.8256857059840823,5.2155904950303977,39,39,3.2721871849199724,0.55349852106410991,7.0978728909040552,6.5443743698399448,1,0,6.5443743698399448
Inflation,CPILFESL,4,pre_release,2023-05,Inflation Ridge-AR Ensemble,short_memory,2023-06-12,2023-06-13,3.7979752935335451,5.2155904950303977,39,39,2.804621027774858,0.99335426575868713,6.6025963213084031,5.609242055549716,1,0,5.609242055549716
Inflation,CPILFESL,4,pre_release,2023-05,Inflation Ridge-AR Ensemble,long_memory,2023-06-12,2023-06-13,3.7979752935335451,5.2155904950303977,39,39,3.2554251893857269,0.54255010414781824,7.0534004829192725,6.5108503787714538,1,0,6.5108503787714547
Inflation,CPILFESL,1,month_open,2023-06,Inflation 12-Month Mean,short_memory,2023-06-01,2023-07-12,5.3888148042622319,1.8892028838219943,38,38,2.8714433166372011,2.5173714876250308,8.260258120899433,5.7428866332744022,0,1,12.024572671304767
Inflation,CPILFESL,1,month_open,2023-06,Inflation 12-Month Mean,long_memory,2023-06-01,2023-07-12,5.3888148042622319,1.8892028838219943,38,38,3.1362206800015002,2.2525941242607317,8.5250354842637321,6.2724413600030005,0,1,9.9063537643903743
Inflation,CPILFESL,2,mid_month,2023-06,Inflation Ridge-AR Ensemble,short_memory,2023-06-15,2023-07-12,4.2916143348777123,1.8892028838219943,40,40,2.804621027774858,1.4869933071028543,7.0962353626525703,5.609242055549716,1,0,5.609242055549716
Inflation,CPILFESL,2,mid_month,2023-06,Inflation Ridge-AR Ensemble,long_memory,2023-06-15,2023-07-12,4.2916143348777123,1.8892028838219943,40,40,3.2721871849199724,1.0194271499577399,7.5638015197976847,6.5443743698399448,1,0,6.5443743698399448
Inflation,CPILFESL,3,month_end,2023-06,Inflation Ridge-AR Ensemble,short_memory,2023-06-30,2023-07-12,4.2916143348777123,1.8892028838219943,40,40,2.804621027774858,1.4869933071028543,7.0962353626525703,5.609242055549716,1,0,5.609242055549716
Inflation,CPILFESL,3,month_end,2023-06,Inflation Ridge-AR Ensemble,long_memory,2023-06-30,2023-07-12,4.2916143348777123,1.8892028838219943,40,40,3.2721871849199724,1.0194271499577399,7.5638015197976847,6.5443743698399448,1,0,6.5443743698399448
Inflation,CPILFESL,4,pre_release,2023-06,Inflation Ridge-AR Ensemble,short_memory,2023-07-11,2023-07-12,4.2939016591480916,1.8892028838219943,40,40,2.804621027774858,1.4892806313732336,7.0985226869229496,5.609242055549716,1,0,5.609242055549716
Inflation,CPILFESL,4,pre_release,2023-06,Inflation Ridge-AR Ensemble,long_memory,2023-07-11,2023-07-12,4.2939016591480916,1.8892028838219943,40,40,3.2554251893857269,1.0384764697623647,7.5493268485338181,6.5108503787714538,1,0,6.5108503787714529
Inflation,CPILFESL,1,month_open,2023-07,Inflation 12-Month Mean,short_memory,2023-07-01,2023-08-10,5.191516900032056,1.9134356114534512,39,39,2.8714433166372011,2.3200735833948549,8.0629602166692571,5.7428866332744022,0,1,9.8092663526884394
Inflation,CPILFESL,1,month_open,2023-07,Inflation 12-Month Mean,long_memory,2023-07-01,2023-08-10,5.191516900032056,1.9134356114534512,39,39,3.1362206800015002,2.0552962200305558,8.3277375800335562,6.2724413600030005,0,1,7.6910474457740463
Inflation,CPILFESL,2,mid_month,2023-07,Inflation Ridge-AR Ensemble,short_memory,2023-07-15,2023-08-10,1.9683769549409791,1.9134356114534512,41,41,2.6859738416647083,-0.71759688672372923,4.6543507966056872,5.3719476833294166,1,0,5.3719476833294166
Inflation,CPILFESL,2,mid_month,2023-07,Inflation Ridge-AR Ensemble,long_memory,2023-07-15,2023-08-10,1.9683769549409791,1.9134356114534512,41,41,2.804621027774858,-0.83624407283387892,4.7729979827158369,5.609242055549716,1,0,5.609242055549716
Inflation,CPILFESL,3,month_end,2023-07,Inflation Ridge-AR Ensemble,short_memory,2023-07-31,2023-08-10,1.9683769549409791,1.9134356114534512,41,41,2.6859738416647083,-0.71759688672372923,4.6543507966056872,5.3719476833294166,1,0,5.3719476833294166
Inflation,CPILFESL,3,month_end,2023-07,Inflation Ridge-AR Ensemble,long_memory,2023-07-31,2023-08-10,1.9683769549409791,1.9134356114534512,41,41,2.804621027774858,-0.83624407283387892,4.7729979827158369,5.609242055549716,1,0,5.609242055549716
Inflation,CPILFESL,4,pre_release,2023-07,Inflation Ridge-AR Ensemble,short_memory,2023-08-09,2023-08-10,2.0050840372950107,1.9134356114534512,41,41,2.6924882198073483,-0.68740418251233759,4.697572257102359,5.3849764396146966,1,0,5.3849764396146966
Inflation,CPILFESL,4,pre_release,2023-07,Inflation Ridge-AR Ensemble,long_memory,2023-08-09,2023-08-10,2.0050840372950107,1.9134356114534512,41,41,2.804621027774858,-0.79953699047984728,4.8097050650698687,5.609242055549716,1,0,5.609242055549716
Inflation,CPILFESL,1,month_open,2023-08,Inflation 12-Month Mean,short_memory,2023-08-01,2023-09-13,4.746493801489482,3.3373130933370021,40,40,3.1362206800015002,1.6102731214879817,7.8827144814909822,6.2724413600030005,1,0,6.2724413600030005
Inflation,CPILFESL,1,month_open,2023-08,Inflation 12-Month Mean,long_memory,2023-08-01,2023-09-13,4.746493801489482,3.3373130933370021,40,40,3.2697105016053385,1.4767832998841435,8.0162043030948205,6.539421003210677,1,0,6.539421003210677
Inflation,CPILFESL,2,mid_month,2023-08,Inflation Ridge-AR Ensemble,short_memory,2023-08-15,2023-09-13,2.2759002318066148,3.3373130933370021,42,42,2.6465895012989655,-0.3706892694923507,4.9224897331055804,5.2931790025979311,1,0,5.2931790025979311
Inflation,CPILFESL,2,mid_month,2023-08,Inflation Ridge-AR Ensemble,long_memory,2023-08-15,2023-09-13,2.2759002318066148,3.3373130933370021,42,42,2.804621027774858,-0.52872079596824317,5.0805212595814728,5.609242055549716,1,0,5.609242055549716
Inflation,CPILFESL,3,month_end,2023-08,Inflation Ridge-AR Ensemble,short_memory,2023-08-31,2023-09-13,2.2759002318066148,3.3373130933370021,42,42,2.6465895012989655,-0.3706892694923507,4.9224897331055804,5.2931790025979311,1,0,5.2931790025979311
Inflation,CPILFESL,3,month_end,2023-08,Inflation Ridge-AR Ensemble,long_memory,2023-08-31,2023-09-13,2.2759002318066148,3.3373130933370021,42,42,2.804621027774858,-0.52872079596824317,5.0805212595814728,5.609242055549716,1,0,5.609242055549716
Inflation,CPILFESL,4,pre_release,2023-08,Inflation Ridge-AR Ensemble,short_memory,2023-09-12,2023-09-13,2.2759002318066148,3.3373130933370021,42,42,2.6340281131031862,-0.35812788129657136,4.909928344909801,5.2680562262063724,1,0,5.2680562262063724
Inflation,CPILFESL,4,pre_release,2023-08,Inflation Ridge-AR Ensemble,long_memory,2023-09-12,2023-09-13,2.2759002318066148,3.3373130933370021,42,42,2.804621027774858,-0.52872079596824317,5.0805212595814728,5.609242055549716,1,0,5.609242055549716
Inflation,CPILFESL,1,month_open,2023-09,Inflation 12-Month Mean,short_memory,2023-09-01,2023-10-12,4.5975969759440183,3.8689617311792546,41,41,3.2780812885786048,1.3195156873654135,7.8756782645226231,6.5561625771572096,1,0,6.5561625771572096
Inflation,CPILFESL,1,month_open,2023-09,Inflation 12-Month Mean,long_memory,2023-09-01,2023-10-12,4.5975969759440183,3.8689617311792546,41,41,3.2780812885786048,1.3195156873654135,7.8756782645226231,6.5561625771572096,1,0,6.5561625771572096
Inflation,CPILFESL,2,mid_month,2023-09,Inflation Ridge-AR Ensemble,short_memory,2023-09-15,2023-10-12,3.5093873612893232,3.8689617311792546,43,43,2.402411451055718,1.1069759102336052,5.9117988123450411,4.8048229021114359,1,0,4.8048229021114359
Inflation,CPILFESL,2,mid_month,2023-09,Inflation Ridge-AR Ensemble,long_memory,2023-09-15,2023-10-12,3.5093873612893232,3.8689617311792546,43,43,2.804621027774858,0.70476633351446516,6.3140083890641812,5.609242055549716,1,0,5.609242055549716
Inflation,CPILFESL,3,month_end,2023-09,Inflation Ridge-AR Ensemble,short_memory,2023-09-30,2023-10-12,3.5081151219415201,3.8689617311792546,43,43,2.402411451055718,1.1057036708858021,5.910526572997238,4.8048229021114359,1,0,4.8048229021114359
Inflation,CPILFESL,3,month_end,2023-09,Inflation Ridge-AR Ensemble,long_memory,2023-09-30,2023-10-12,3.5081151219415201,3.8689617311792546,43,43,2.804621027774858,0.70349409416666209,6.3127361497163781,5.609242055549716,1,0,5.609242055549716
Inflation,CPILFESL,4,pre_release,2023-09,Inflation Ridge-AR Ensemble,short_memory,2023-10-11,2023-10-12,3.5731038372532655,3.8689617311792546,43,43,2.4046987753260973,1.1684050619271682,5.9778026125793629,4.8093975506521947,1,0,4.8093975506521947
Inflation,CPILFESL,4,pre_release,2023-09,Inflation Ridge-AR Ensemble,long_memory,2023-10-11,2023-10-12,3.5731038372532655,3.8689617311792546,43,43,2.804621027774858,0.76848280947840752,6.3777248650281235,5.609242055549716,1,0,5.609242055549716
Inflation,CPILFESL,1,month_open,2023-10,Inflation 12-Month Mean,short_memory,2023-10-01,2023-11-14,4.2962239449521711,2.7162863311584573,42,42,3.2780812885786048,1.0181426563735663,7.5743052335307759,6.5561625771572096,1,0,6.5561625771572096
Inflation,CPILFESL,1,month_open,2023-10,Inflation 12-Month Mean,long_memory,2023-10-01,2023-11-14,4.2962239449521711,2.7162863311584573,42,42,3.2780812885786048,1.0181426563735663,7.5743052335307759,6.5561625771572096,1,0,6.5561625771572096
Inflation,CPILFESL,2,mid_month,2023-10,Inflation Ridge-AR Ensemble,short_memory,2023-10-15,2023-11-14,3.7504245861980898,2.7162863311584573,44,44,2.402411451055718,1.3480131351423719,6.1528360372538078,4.8048229021114359,1,0,4.8048229021114359
Inflation,CPILFESL,2,mid_month,2023-10,Inflation Ridge-AR Ensemble,long_memory,2023-10-15,2023-11-14,3.7504245861980898,2.7162863311584573,44,44,2.6859738416647083,1.0644507445333815,6.4363984278627981,5.3719476833294166,1,0,5.3719476833294166
Inflation,CPILFESL,3,month_end,2023-10,Inflation Ridge-AR Ensemble,short_memory,2023-10-31,2023-11-14,3.7504245861980898,2.7162863311584573,44,44,2.402411451055718,1.3480131351423719,6.1528360372538078,4.8048229021114359,1,0,4.8048229021114359
Inflation,CPILFESL,3,month_end,2023-10,Inflation Ridge-AR Ensemble,long_memory,2023-10-31,2023-11-14,3.7504245861980898,2.7162863311584573,44,44,2.6859738416647083,1.0644507445333815,6.4363984278627981,5.3719476833294166,1,0,5.3719476833294166
Inflation,CPILFESL,4,pre_release,2023-10,Inflation Ridge-AR Ensemble,short_memory,2023-11-13,2023-11-14,3.7823942116855935,2.7162863311584573,44,44,2.4046987753260973,1.3776954363594962,6.1870929870116909,4.8093975506521947,1,0,4.8093975506521947
Inflation,CPILFESL,4,pre_release,2023-10,Inflation Ridge-AR Ensemble,long_memory,2023-11-13,2023-11-14,3.7823942116855935,2.7162863311584573,44,44,2.6924882198073483,1.0899059918782452,6.4748824314929418,5.3849764396146966,1,0,5.3849764396146966
Inflation,CPILFESL,1,month_open,2023-11,Inflation 12-Month Mean,short_memory,2023-11-01,2023-12-12,4.0471861668014419,3.4097929346401656,43,43,3.2780812885786048,0.76910487822283713,7.3252674553800468,6.5561625771572096,1,0,6.5561625771572096
Inflation,CPILFESL,1,month_open,2023-11,Inflation 12-Month Mean,long_memory,2023-11-01,2023-12-12,4.0471861668014419,3.4097929346401656,43,43,3.2780812885786048,0.76910487822283713,7.3252674553800468,6.5561625771572096,1,0,6.5561625771572096
Inflation,CPILFESL,2,mid_month,2023-11,Inflation Ridge-AR Ensemble,short_memory,2023-11-15,2023-12-12,3.0642478727311682,3.4097929346401656,45,45,2.402411451055718,0.6618364216754502,5.4666593237868861,4.8048229021114359,1,0,4.8048229021114359
Inflation,CPILFESL,2,mid_month,2023-11,Inflation Ridge-AR Ensemble,long_memory,2023-11-15,2023-12-12,3.0642478727311682,3.4097929346401656,45,45,2.6859738416647083,0.37827403106645985,5.7502217143958765,5.3719476833294166,1,0,5.3719476833294166
Inflation,CPILFESL,3,month_end,2023-11,Inflation Ridge-AR Ensemble,short_memory,2023-11-30,2023-12-12,3.0642478727311682,3.4097929346401656,45,45,2.402411451055718,0.6618364216754502,5.4666593237868861,4.8048229021114359,1,0,4.8048229021114359
Inflation,CPILFESL,3,month_end,2023-11,Inflation Ridge-AR Ensemble,long_memory,2023-11-30,2023-12-12,3.0642478727311682,3.4097929346401656,45,45,2.6859738416647083,0.37827403106645985,5.7502217143958765,5.3719476833294166,1,0,5.3719476833294166
Inflation,CPILFESL,4,pre_release,2023-11,Inflation Ridge-AR Ensemble,short_memory,2023-12-11,2023-12-12,3.0767853570773265,3.4097929346401656,45,45,2.4046987753260973,0.67208658175122915,5.4814841324034234,4.8093975506521947,1,0,4.8093975506521947
Inflation,CPILFESL,4,pre_release,2023-11,Inflation Ridge-AR Ensemble,long_memory,2023-12-11,2023-12-12,3.0767853570773265,3.4097929346401656,45,45,2.6924882198073483,0.38429713726997816,5.7692735768846752,5.3849764396146966,1,0,5.3849764396146966
Inflation,CPILFESL,1,month_open,2023-12,Inflation 12-Month Mean,short_memory,2023-12-01,2024-01-11,3.940919140268484,3.7028361810513388,44,44,3.2697105016053385,0.67120863866314551,7.2106296418738225,6.539421003210677,1,0,6.539421003210677
Inflation,CPILFESL,1,month_open,2023-12,Inflation 12-Month Mean,long_memory,2023-12-01,2024-01-11,3.940919140268484,3.7028361810513388,44,44,3.2780812885786048,0.66283785168987919,7.2190004288470888,6.5561625771572096,1,0,6.5561625771572096
Inflation,CPILFESL,2,mid_month,2023-12,Inflation Ridge-AR Ensemble,short_memory,2023-12-15,2024-01-11,3.361276502355043,3.7028361810513388,46,46,2.402411451055718,0.95886505129932509,5.763687953410761,4.8048229021114359,1,0,4.8048229021114359
Inflation,CPILFESL,2,mid_month,2023-12,Inflation Ridge-AR Ensemble,long_memory,2023-12-15,2024-01-11,3.361276502355043,3.7028361810513388,46,46,2.6465895012989655,0.71468700105607752,6.0078660036540086,5.2931790025979311,1,0,5.2931790025979311
Inflation,CPILFESL,3,month_end,2023-12,Inflation Ridge-AR Ensemble,short_memory,2023-12-31,2024-01-11,3.361276502355043,3.7028361810513388,46,46,2.402411451055718,0.95886505129932509,5.763687953410761,4.8048229021114359,1,0,4.8048229021114359
Inflation,CPILFESL,3,month_end,2023-12,Inflation Ridge-AR Ensemble,long_memory,2023-12-31,2024-01-11,3.361276502355043,3.7028361810513388,46,46,2.6465895012989655,0.71468700105607752,6.0078660036540086,5.2931790025979311,1,0,5.2931790025979311
Inflation,CPILFESL,4,pre_release,2023-12,Inflation Ridge-AR Ensemble,short_memory,2024-01-10,2024-01-11,3.3343588009284364,3.7028361810513388,46,46,2.4046987753260973,0.92966002560233907,5.7390575762545337,4.8093975506521947,1,0,4.8093975506521947
Inflation,CPILFESL,4,pre_release,2023-12,Inflation Ridge-AR Ensemble,long_memory,2024-01-10,2024-01-11,3.3343588009284364,3.7028361810513388,46,46,2.6340281131031862,0.70033068782525021,5.9683869140316226,5.2680562262063724,1,0,5.2680562262063724
Inflation,CPILFESL,1,month_open,2024-01,Inflation 12-Month Mean,short_memory,2024-01-01,2024-02-13,3.9155255137049316,4.6994628665117943,45,45,3.1362206800015002,0.7793048337034314,7.0517461937064319,6.2724413600030005,1,0,6.2724413600030005
Inflation,CPILFESL,1,month_open,2024-01,Inflation 12-Month Mean,long_memory,2024-01-01,2024-02-13,3.9155255137049316,4.6994628665117943,45,45,3.2697105016053385,0.64581501209959313,7.1852360153102701,6.539421003210677,1,0,6.539421003210677
Inflation,CPILFESL,2,mid_month,2024-01,Inflation Ridge-AR Ensemble,short_memory,2024-01-15,2024-02-13,3.4500890862621989,4.6994628665117943,47,47,2.2043190808996043,1.2457700053625946,5.6544081671618027,4.4086381617992085,1,0,4.4086381617992085
Inflation,CPILFESL,2,mid_month,2024-01,Inflation Ridge-AR Ensemble,long_memory,2024-01-15,2024-02-13,3.4500890862621989,4.6994628665117943,47,47,2.6465895012989655,0.80349958496323337,6.0966785875611649,5.2931790025979311,1,0,5.2931790025979311
Inflation,CPILFESL,3,month_end,2024-01,Inflation Ridge-AR Ensemble,short_memory,2024-01-31,2024-02-13,3.4500890862621989,4.6994628665117943,47,47,2.2043190808996043,1.2457700053625946,5.6544081671618027,4.4086381617992085,1,0,4.4086381617992085
Inflation,CPILFESL,3,month_end,2024-01,Inflation Ridge-AR Ensemble,long_memory,2024-01-31,2024-02-13,3.4500890862621989,4.6994628665117943,47,47,2.6465895012989655,0.80349958496323337,6.0966785875611649,5.2931790025979311,1,0,5.2931790025979311
Inflation,CPILFESL,4,pre_release,2024-01,Inflation Ridge-AR Ensemble,short_memory,2024-02-12,2024-02-13,3.271221175351303,4.6994628665117943,47,47,2.1808170947045147,1.0904040806467883,5.4520382700558176,4.3616341894090294,1,0,4.3616341894090294
Inflation,CPILFESL,4,pre_release,2024-01,Inflation Ridge-AR Ensemble,long_memory,2024-02-12,2024-02-13,3.271221175351303,4.6994628665117943,47,47,2.6340281131031862,0.63719306224811678,5.9052492884544892,5.2680562262063724,1,0,5.2680562262063724
Inflation,CPILFESL,1,month_open,2024-02,Inflation 12-Month Mean,short_memory,2024-02-01,2024-03-12,3.8255710997768588,4.293317468662039,46,46,2.8714433166372011,0.95412778313965774,6.6970144164140599,5.7428866332744022,1,0,5.7428866332744022
Inflation,CPILFESL,1,month_open,2024-02,Inflation 12-Month Mean,long_memory,2024-02-01,2024-03-12,3.8255710997768588,4.293317468662039,46,46,3.2697105016053385,0.55586059817152034,7.0952816013821973,6.539421003210677,1,0,6.539421003210677
Inflation,CPILFESL,2,mid_month,2024-02,Inflation Ridge-AR Ensemble,short_memory,2024-02-15,2024-03-12,3.8332771750763417,4.293317468662039,48,48,2.1379452163945949,1.6953319586817468,5.9712223914709366,4.2758904327891898,1,0,4.2758904327891898
Inflation,CPILFESL,2,mid_month,2024-02,Inflation Ridge-AR Ensemble,long_memory,2024-02-15,2024-03-12,3.8332771750763417,4.293317468662039,48,48,2.402411451055718,1.4308657240206237,6.2356886261320597,4.8048229021114359,1,0,4.8048229021114359
Inflation,CPILFESL,3,month_end,2024-02,Inflation Ridge-AR Ensemble,short_memory,2024-02-29,2024-03-12,3.9452901270316674,4.293317468662039,48,48,2.1932713820092142,1.7520187450224531,6.1385615090408816,4.3865427640184285,1,0,4.3865427640184285
Inflation,CPILFESL,3,month_end,2024-02,Inflation Ridge-AR Ensemble,long_memory,2024-02-29,2024-03-12,3.9452901270316674,4.293317468662039,48,48,2.402411451055718,1.5428786759759494,6.3477015780873849,4.8048229021114359,1,0,4.8048229021114359
Inflation,CPILFESL,4,pre_release,2024-02,Inflation Ridge-AR Ensemble,short_memory,2024-03-11,2024-03-12,3.9466937547370136,4.293317468662039,48,48,2.1380775708680835,1.8086161838689301,6.0847713256050966,4.276155141736167,1,0,4.276155141736167
Inflation,CPILFESL,4,pre_release,2024-02,Inflation Ridge-AR Ensemble,long_memory,2024-03-11,2024-03-12,3.9466937547370136,4.293317468662039,48,48,2.4046987753260973,1.5419949794109162,6.3513925300631104,4.8093975506521947,1,0,4.8093975506521947
Inflation,CPILFESL,1,month_open,2024-03,Inflation 12-Month Mean,short_memory,2024-03-01,2024-04-10,3.8014970397399317,4.3007465415762169,47,47,2.8714433166372011,0.9300537231027306,6.6729403563771328,5.7428866332744022,1,0,5.7428866332744022
Inflation,CPILFESL,1,month_open,2024-03,Inflation 12-Month Mean,long_memory,2024-03-01,2024-04-10,3.8014970397399317,4.3007465415762169,47,47,3.1362206800015002,0.66527635973843147,6.9377177197414319,6.2724413600030005,1,0,6.2724413600030005
Inflation,CPILFESL,2,mid_month,2024-03,Inflation Ridge-AR Ensemble,short_memory,2024-03-15,2024-04-10,3.7261952946963603,4.3007465415762169,49,48,2.0733324949215053,1.6528627997748551,5.7995277896178656,4.1466649898430106,1,0,4.1466649898430106
Inflation,CPILFESL,2,mid_month,2024-03,Inflation Ridge-AR Ensemble,long_memory,2024-03-15,2024-04-10,3.7261952946963603,4.3007465415762169,49,48,2.402411451055718,1.3237838436406424,6.1286067457520783,4.8048229021114359,1,0,4.8048229021114359
Inflation,CPILFESL,3,month_end,2024-03,Inflation Ridge-AR Ensemble,short_memory,2024-03-31,2024-04-10,3.7261952946963603,4.3007465415762169,49,48,2.1932713820092142,1.5329239126871461,5.919466676705575,4.3865427640184285,1,0,4.3865427640184294
Inflation,CPILFESL,3,month_end,2024-03,Inflation Ridge-AR Ensemble,long_memory,2024-03-31,2024-04-10,3.7261952946963603,4.3007465415762169,49,48,2.402411451055718,1.3237838436406424,6.1286067457520783,4.8048229021114359,1,0,4.8048229021114359
Inflation,CPILFESL,4,pre_release,2024-03,Inflation Ridge-AR Ensemble,short_memory,2024-04-09,2024-04-10,3.7404703002941471,4.3007465415762169,49,48,2.0860519852082411,1.654418315085906,5.8265222855023886,4.1721039704164822,1,0,4.1721039704164831
Inflation,CPILFESL,4,pre_release,2024-03,Inflation Ridge-AR Ensemble,long_memory,2024-04-09,2024-04-10,3.7404703002941471,4.3007465415762169,49,48,2.4046987753260973,1.3357715249680497,6.1451690756202444,4.8093975506521947,1,0,4.8093975506521947
Inflation,CPILFESL,1,month_open,2024-04,Inflation 12-Month Mean,short_memory,2024-04-01,2024-05-15,3.6929169971996245,3.4960297145268271,48,48,2.6684557884209426,1.024461208778682,6.3613727856205671,5.3369115768418851,1,0,5.3369115768418851
Inflation,CPILFESL,1,month_open,2024-04,Inflation 12-Month Mean,long_memory,2024-04-01,2024-05-15,3.6929169971996245,3.4960297145268271,48,48,3.1362206800015002,0.55669631719812429,6.8291376772011247,6.2724413600030005,1,0,6.2724413600030005
Inflation,CPILFESL,2,mid_month,2024-04,Inflation Ridge-AR Ensemble,short_memory,2024-04-15,2024-05-15,3.4527889281432902,3.4960297145268271,50,48,2.0452345986770748,1.4075543294662154,5.498023526820365,4.0904691973541496,1,0,4.0904691973541496
Inflation,CPILFESL,2,mid_month,2024-04,Inflation Ridge-AR Ensemble,long_memory,2024-04-15,2024-05-15,3.4527889281432902,3.4960297145268271,50,48,2.402411451055718,1.0503774770875722,5.8552003791990082,4.8048229021114359,1,0,4.8048229021114359
Inflation,CPILFESL,3,month_end,2024-04,Inflation Ridge-AR Ensemble,short_memory,2024-04-30,2024-05-15,3.4527889281432902,3.4960297145268271,50,48,2.1379452163945949,1.3148437117486953,5.5907341445378851,4.2758904327891898,1,0,4.2758904327891898
Inflation,CPILFESL,3,month_end,2024-04,Inflation Ridge-AR Ensemble,long_memory,2024-04-30,2024-05-15,3.4527889281432902,3.4960297145268271,50,48,2.402411451055718,1.0503774770875722,5.8552003791990082,4.8048229021114359,1,0,4.8048229021114359
Inflation,CPILFESL,4,pre_release,2024-04,Inflation Ridge-AR Ensemble,short_memory,2024-05-14,2024-05-15,3.4020494980817562,3.4960297145268271,50,48,2.0499219933015933,1.3521275047801629,5.4519714913833495,4.0998439866031866,1,0,4.0998439866031866
Inflation,CPILFESL,4,pre_release,2024-04,Inflation Ridge-AR Ensemble,long_memory,2024-05-14,2024-05-15,3.4020494980817562,3.4960297145268271,50,48,2.4046987753260973,0.99735072275565884,5.8067482734078535,4.8093975506521947,1,0,4.8093975506521947
Inflation,CPILFESL,1,month_open,2024-05,Inflation 12-Month Mean,short_memory,2024-05-01,2024-06-12,3.7269716083999427,1.9554491698148269,49,48,2.4951717657703654,1.2317998426295773,6.222143374170308,4.9903435315407307,1,0,4.9903435315407307
Inflation,CPILFESL,1,month_open,2024-05,Inflation 12-Month Mean,long_memory,2024-05-01,2024-06-12,3.7269716083999427,1.9554491698148269,49,48,2.8714433166372011,0.85552829176274159,6.5984149250371438,5.7428866332744022,1,0,5.7428866332744022
Inflation,CPILFESL,2,mid_month,2024-05,Inflation Ridge-AR Ensemble,short_memory,2024-05-15,2024-06-12,3.0784567564805796,1.9554491698148269,50,48,2.0452345986770748,1.0332221578035048,5.1236913551576544,4.0904691973541496,1,0,4.0904691973541496
Inflation,CPILFESL,2,mid_month,2024-05,Inflation Ridge-AR Ensemble,long_memory,2024-05-15,2024-06-12,3.0784567564805796,1.9554491698148269,50,48,2.402411451055718,0.67604530542486163,5.4808682075362976,4.8048229021114359,1,0,4.8048229021114359
Inflation,CPILFESL,3,month_end,2024-05,Inflation Ridge-AR Ensemble,short_memory,2024-05-31,2024-06-12,3.0784567564805796,1.9554491698148269,51,48,2.0733324949215053,1.0051242615590743,5.1517892514020849,4.1466649898430106,1,0,4.1466649898430106
Inflation,CPILFESL,3,month_end,2024-05,Inflation Ridge-AR Ensemble,long_memory,2024-05-31,2024-06-12,3.0784567564805796,1.9554491698148269,51,48,2.2043190808996043,0.87413767558097533,5.2827758373801839,4.4086381617992085,1,0,4.4086381617992085
Inflation,CPILFESL,4,pre_release,2024-05,Inflation Ridge-AR Ensemble,short_memory,2024-06-11,2024-06-12,3.0812543917356687,1.9554491698148269,51,48,1.9350969844621124,1.1461574072735563,5.0163513761977807,3.8701939689242248,1,0,3.8701939689242244
Inflation,CPILFESL,4,pre_release,2024-05,Inflation Ridge-AR Ensemble,long_memory,2024-06-11,2024-06-12,3.0812543917356687,1.9554491698148269,51,48,2.1808170947045147,0.90043729703115405,5.262071486440183,4.3616341894090294,1,0,4.3616341894090294
Inflation,CPILFESL,1,month_open,2024-06,Inflation 12-Month Mean,short_memory,2024-06-01,2024-07-11,3.5517006146931429,0.77676495203746754,50,48,2.48999788683264,1.0617027278605029,6.0416985015257829,4.97999577366528,0,1,7.8293735318956337
Inflation,CPILFESL,1,month_open,2024-06,Inflation 12-Month Mean,long_memory,2024-06-01,2024-07-11,3.5517006146931429,0.77676495203746754,50,48,2.7977410195211938,0.7539595951719491,6.3494416342143367,5.5954820390423876,1,0,5.5954820390423876
Inflation,CPILFESL,2,mid_month,2024-06,Inflation Ridge-AR Ensemble,short_memory,2024-06-15,2024-07-11,2.3719032959484876,0.77676495203746754,52,48,1.9619854040524567,0.40991789189603089,4.3338887000009443,3.9239708081049134,1,0,3.9239708081049134
Inflation,CPILFESL,2,mid_month,2024-06,Inflation Ridge-AR Ensemble,long_memory,2024-06-15,2024-07-11,2.3719032959484876,0.77676495203746754,52,48,2.1379452163945949,0.23395807955389269,4.5098485123430825,4.2758904327891898,1,0,4.2758904327891898
Inflation,CPILFESL,3,month_end,2024-06,Inflation Ridge-AR Ensemble,short_memory,2024-06-30,2024-07-11,2.3719032959484876,0.77676495203746754,52,48,2.0452345986770748,0.32666869727141279,4.4171378946255624,4.0904691973541496,1,0,4.0904691973541496
Inflation,CPILFESL,3,month_end,2024-06,Inflation Ridge-AR Ensemble,long_memory,2024-06-30,2024-07-11,2.3719032959484876,0.77676495203746754,52,48,2.1932713820092142,0.17863191393927336,4.5651746779577014,4.3865427640184285,1,0,4.3865427640184276
Inflation,CPILFESL,4,pre_release,2024-06,Inflation Ridge-AR Ensemble,short_memory,2024-07-10,2024-07-11,2.3905180151730976,0.77676495203746754,52,48,1.9350969844621124,0.45542103071098516,4.32561499963521,3.8701939689242248,1,0,3.8701939689242248
Inflation,CPILFESL,4,pre_release,2024-06,Inflation Ridge-AR Ensemble,long_memory,2024-07-10,2024-07-11,2.3905180151730976,0.77676495203746754,52,48,2.1380775708680835,0.25244044430501411,4.5285955860411811,4.276155141736167,1,0,4.276155141736167
Inflation,CPILFESL,1,month_open,2024-07,Inflation 12-Month Mean,short_memory,2024-07-01,2024-08-14,3.3541766155985364,1.9811120946506833,51,48,2.48999788683264,0.86417872876589641,5.8441745024311764,4.97999577366528,1,0,4.97999577366528
Inflation,CPILFESL,1,month_open,2024-07,Inflation 12-Month Mean,long_memory,2024-07-01,2024-08-14,3.3541766155985364,1.9811120946506833,51,48,2.6684557884209426,0.68572082717759386,6.022632404019479,5.3369115768418851,1,0,5.3369115768418851
Inflation,CPILFESL,2,mid_month,2024-07,Inflation Ridge-AR Ensemble,short_memory,2024-07-15,2024-08-14,1.7923580712176785,1.9811120946506833,53,48,1.9288600424207178,-0.13650197120303931,3.7212181136383964,3.8577200848414357,1,0,3.8577200848414357
Inflation,CPILFESL,2,mid_month,2024-07,Inflation Ridge-AR Ensemble,long_memory,2024-07-15,2024-08-14,1.7923580712176785,1.9811120946506833,53,48,2.1379452163945949,-0.34558714517691635,3.9303032876122734,4.2758904327891898,1,0,4.2758904327891898
Inflation,CPILFESL,3,month_end,2024-07,Inflation Ridge-AR Ensemble,short_memory,2024-07-31,2024-08-14,1.7923580712176785,1.9811120946506833,53,48,1.9288600424207178,-0.13650197120303931,3.7212181136383964,3.8577200848414357,1,0,3.8577200848414357
Inflation,CPILFESL,3,month_end,2024-07,Inflation Ridge-AR Ensemble,long_memory,2024-07-31,2024-08-14,1.7923580712176785,1.9811120946506833,53,48,2.1932713820092142,-0.40091331079153569,3.9856294532268928,4.3865427640184285,1,0,4.3865427640184285
Inflation,CPILFESL,4,pre_release,2024-07,Inflation Ridge-AR Ensemble,short_memory,2024-08-13,2024-08-14,1.8077378756832885,1.9811120946506833,53,48,1.8587045709811321,-0.050966695297843589,3.6664424466644205,3.7174091419622641,1,0,3.7174091419622641
Inflation,CPILFESL,4,pre_release,2024-07,Inflation Ridge-AR Ensemble,long_memory,2024-08-13,2024-08-14,1.8077378756832885,1.9811120946506833,53,48,2.1380775708680835,-0.330339695184795,3.945815446551372,4.276155141736167,1,0,4.276155141736167
Inflation,CPILFESL,1,month_open,2024-08,Inflation 12-Month Mean,short_memory,2024-08-01,2024-09-11,3.224392028417622,3.3671574140669236,52,48,2.7749356626556754,0.44945636576194659,5.9993276910732973,5.5498713253113507,1,0,5.5498713253113507
Inflation,CPILFESL,1,month_open,2024-08,Inflation 12-Month Mean,long_memory,2024-08-01,2024-09-11,3.224392028417622,3.3671574140669236,52,48,2.7749356626556754,0.44945636576194659,5.9993276910732973,5.5498713253113507,1,0,5.5498713253113507
Inflation,CPILFESL,2,mid_month,2024-08,Inflation Ridge-AR Ensemble,short_memory,2024-08-15,2024-09-11,2.1451212942563451,3.3671574140669236,54,48,1.8587045709811321,0.28641672327521306,4.0038258652374772,3.7174091419622641,1,0,3.7174091419622641
Inflation,CPILFESL,2,mid_month,2024-08,Inflation Ridge-AR Ensemble,long_memory,2024-08-15,2024-09-11,2.1451212942563451,3.3671574140669236,54,48,2.0733324949215053,0.071788799334839837,4.2184537891778504,4.1466649898430106,1,0,4.1466649898430106
Inflation,CPILFESL,3,month_end,2024-08,Inflation Ridge-AR Ensemble,short_memory,2024-08-31,2024-09-11,2.1451212942563451,3.3671574140669236,54,48,1.8587045709811321,0.28641672327521306,4.0038258652374772,3.7174091419622641,1,0,3.7174091419622641
Inflation,CPILFESL,3,month_end,2024-08,Inflation Ridge-AR Ensemble,long_memory,2024-08-31,2024-09-11,2.1451212942563451,3.3671574140669236,54,48,2.1932713820092142,-0.048150087752869108,4.3383926762655598,4.3865427640184285,1,0,4.3865427640184294
Inflation,CPILFESL,4,pre_release,2024-08,Inflation Ridge-AR Ensemble,short_memory,2024-09-10,2024-09-11,2.1451212942563451,3.3671574140669236,54,48,1.6137530631356301,0.53136823112071507,3.7588743573919752,3.2275061262712601,1,0,3.2275061262712601
Inflation,CPILFESL,4,pre_release,2024-08,Inflation Ridge-AR Ensemble,long_memory,2024-09-10,2024-09-11,2.1451212942563451,3.3671574140669236,54,48,2.0860519852082411,0.059069309048104035,4.2311732794645867,4.1721039704164822,1,0,4.1721039704164831
Inflation,CPILFESL,1,month_open,2024-09,Inflation 12-Month Mean,short_memory,2024-09-01,2024-10-10,3.1626500814945224,3.7431240197996374,53,48,2.4951717657703654,0.66747831572415706,5.6578218472648878,4.9903435315407307,1,0,4.9903435315407307
Inflation,CPILFESL,1,month_open,2024-09,Inflation 12-Month Mean,long_memory,2024-09-01,2024-10-10,3.1626500814945224,3.7431240197996374,53,48,2.7749356626556754,0.38771441883884705,5.9375857441501978,5.5498713253113507,1,0,5.5498713253113507
Inflation,CPILFESL,2,mid_month,2024-09,Inflation Ridge-AR Ensemble,short_memory,2024-09-15,2024-10-10,3.3786565651980904,3.7431240197996374,55,48,1.8587045709811321,1.5199519942169584,5.2373611361792225,3.7174091419622641,1,0,3.7174091419622641
Inflation,CPILFESL,2,mid_month,2024-09,Inflation Ridge-AR Ensemble,long_memory,2024-09-15,2024-10-10,3.3786565651980904,3.7431240197996374,55,48,2.0733324949215053,1.3053240702765851,5.4519890601195957,4.1466649898430106,1,0,4.1466649898430106
Inflation,CPILFESL,3,month_end,2024-09,Inflation Ridge-AR Ensemble,short_memory,2024-09-30,2024-10-10,3.3786565651980904,3.7431240197996374,55,48,1.8587045709811321,1.5199519942169584,5.2373611361792225,3.7174091419622641,1,0,3.7174091419622641
Inflation,CPILFESL,3,month_end,2024-09,Inflation Ridge-AR Ensemble,long_memory,2024-09-30,2024-10-10,3.3786565651980904,3.7431240197996374,55,48,2.1379452163945949,1.2407113488034955,5.5166017815926853,4.2758904327891898,1,0,4.2758904327891898
Inflation,CPILFESL,4,pre_release,2024-09,Inflation Ridge-AR Ensemble,short_memory,2024-10-09,2024-10-10,3.3967090661105481,3.7431240197996374,55,48,1.6137530631356301,1.7829560029749181,5.0104621292461786,3.2275061262712601,1,0,3.2275061262712605
Inflation,CPILFESL,4,pre_release,2024-09,Inflation Ridge-AR Ensemble,long_memory,2024-10-09,2024-10-10,3.3967090661105481,3.7431240197996374,55,48,2.0860519852082411,1.310657080902307,5.4827610513187892,4.1721039704164822,1,0,4.1721039704164822
Inflation,CPILFESL,1,month_open,2024-10,Inflation 12-Month Mean,short_memory,2024-10-01,2024-11-13,3.2133728942186579,3.3584847110301297,54,48,2.48999788683264,0.7233750073860179,5.7033707810512979,4.97999577366528,1,0,4.97999577366528
Inflation,CPILFESL,1,month_open,2024-10,Inflation 12-Month Mean,long_memory,2024-10-01,2024-11-13,3.2133728942186579,3.3584847110301297,54,48,2.6684557884209426,0.54491710579771535,5.8818286826396005,5.3369115768418851,1,0,5.3369115768418851
Inflation,CPILFESL,2,mid_month,2024-10,Inflation Ridge-AR Ensemble,short_memory,2024-10-15,2024-11-13,3.3265955260613609,3.3584847110301297,56,48,1.6077957881296436,1.7187997379317173,4.9343913141910045,3.2155915762592873,1,0,3.2155915762592873
Inflation,CPILFESL,2,mid_month,2024-10,Inflation Ridge-AR Ensemble,long_memory,2024-10-15,2024-11-13,3.3265955260613609,3.3584847110301297,56,48,2.0452345986770748,1.2813609273842861,5.3718301247384357,4.0904691973541496,1,0,4.0904691973541496
Inflation,CPILFESL,3,month_end,2024-10,Inflation Ridge-AR Ensemble,short_memory,2024-10-31,2024-11-13,3.3265955260613609,3.3584847110301297,56,48,1.6077957881296436,1.7187997379317173,4.9343913141910045,3.2155915762592873,1,0,3.2155915762592873
Inflation,CPILFESL,3,month_end,2024-10,Inflation Ridge-AR Ensemble,long_memory,2024-10-31,2024-11-13,3.3265955260613609,3.3584847110301297,56,48,2.1379452163945949,1.188650309666766,5.4645407424559558,4.2758904327891898,1,0,4.2758904327891898
Inflation,CPILFESL,4,pre_release,2024-10,Inflation Ridge-AR Ensemble,short_memory,2024-11-12,2024-11-13,3.3127356311400638,3.3584847110301297,56,48,1.6137530631356301,1.6989825680044337,4.9264886942756938,3.2275061262712601,1,0,3.2275061262712601
Inflation,CPILFESL,4,pre_release,2024-10,Inflation Ridge-AR Ensemble,long_memory,2024-11-12,2024-11-13,3.3127356311400638,3.3584847110301297,56,48,2.0499219933015933,1.2628136378384704,5.3626576244416571,4.0998439866031866,1,0,4.0998439866031866
Inflation,CPILFESL,1,month_open,2024-11,Inflation 12-Month Mean,short_memory,2024-11-01,2024-12-11,3.2067440888396526,3.69131922257111,55,48,2.48999788683264,0.71674620200701256,5.6967419756722926,4.97999577366528,1,0,4.97999577366528
Inflation,CPILFESL,1,month_open,2024-11,Inflation 12-Month Mean,long_memory,2024-11-01,2024-12-11,3.2067440888396526,3.69131922257111,55,48,2.4951717657703654,0.71157232306928719,5.7019158546100179,4.9903435315407307,1,0,4.9903435315407307
Inflation,CPILFESL,2,mid_month,2024-11,Inflation Ridge-AR Ensemble,short_memory,2024-11-15,2024-12-11,2.968039183211916,3.69131922257111,57,48,1.5951383439110201,1.3729008393008959,4.563177527122936,3.1902766878220401,1,0,3.1902766878220401
Inflation,CPILFESL,2,mid_month,2024-11,Inflation Ridge-AR Ensemble,long_memory,2024-11-15,2024-12-11,2.968039183211916,3.69131922257111,57,48,2.0452345986770748,0.92280458453484115,5.0132737818889908,4.0904691973541496,1,0,4.0904691973541496
Inflation,CPILFESL,3,month_end,2024-11,Inflation Ridge-AR Ensemble,short_memory,2024-11-30,2024-12-11,2.968039183211916,3.69131922257111,57,48,1.5951383439110201,1.3729008393008959,4.563177527122936,3.1902766878220401,1,0,3.1902766878220401
Inflation,CPILFESL,3,month_end,2024-11,Inflation Ridge-AR Ensemble,long_memory,2024-11-30,2024-12-11,2.968039183211916,3.69131922257111,57,48,2.0733324949215053,0.89470668829041067,5.0413716781334212,4.1466649898430106,1,0,4.1466649898430106
Inflation,CPILFESL,4,pre_release,2024-11,Inflation Ridge-AR Ensemble,short_memory,2024-12-10,2024-12-11,2.9860472856082425,3.69131922257111,57,48,1.6137530631356301,1.3722942224726125,4.599800348743873,3.2275061262712601,1,0,3.2275061262712605
Inflation,CPILFESL,4,pre_release,2024-11,Inflation Ridge-AR Ensemble,long_memory,2024-12-10,2024-12-11,2.9860472856082425,3.69131922257111,57,48,2.0499219933015933,0.9361252923066492,5.0359692789098354,4.0998439866031866,1,0,4.0998439866031866
Inflation,CPILFESL,1,month_open,2024-12,Inflation 12-Month Mean,short_memory,2024-12-01,2025-01-15,3.2467594283499324,2.6970477578299068,56,48,2.13844614414338,1.1083132842065524,5.3852055724933123,4.2768922882867599,1,0,4.2768922882867599
Inflation,CPILFESL,1,month_open,2024-12,Inflation 12-Month Mean,long_memory,2024-12-01,2025-01-15,3.2467594283499324,2.6970477578299068,56,48,2.4951717657703654,0.751587662579567,5.7419311941202977,4.9903435315407307,1,0,4.9903435315407307
Inflation,CPILFESL,2,mid_month,2024-12,Inflation Ridge-AR Ensemble,short_memory,2024-12-15,2025-01-15,3.3115114753206902,2.6970477578299068,58,48,1.5951383439110201,1.7163731314096702,4.9066498192317098,3.1902766878220401,1,0,3.1902766878220397
Inflation,CPILFESL,2,mid_month,2024-12,Inflation Ridge-AR Ensemble,long_memory,2024-12-15,2025-01-15,3.3115114753206902,2.6970477578299068,58,48,1.9619854040524567,1.3495260712682335,5.2734968793731465,3.9239708081049134,1,0,3.9239708081049129
Inflation,CPILFESL,3,month_end,2024-12,Inflation Ridge-AR Ensemble,short_memory,2024-12-31,2025-01-15,3.3115114753206902,2.6970477578299068,58,48,1.5951383439110201,1.7163731314096702,4.9066498192317098,3.1902766878220401,1,0,3.1902766878220397
Inflation,CPILFESL,3,month_end,2024-12,Inflation Ridge-AR Ensemble,long_memory,2024-12-31,2025-01-15,3.3115114753206902,2.6970477578299068,58,48,2.0733324949215053,1.2381789803991849,5.384843970242196,4.1466649898430106,1,0,4.1466649898430106
Inflation,CPILFESL,4,pre_release,2024-12,Inflation Ridge-AR Ensemble,short_memory,2025-01-14,2025-01-15,3.3068283700033554,2.6970477578299068,58,48,1.5878072195653958,1.7190211504379596,4.8946355895687512,3.1756144391307917,1,0,3.1756144391307917
Inflation,CPILFESL,4,pre_release,2024-12,Inflation Ridge-AR Ensemble,long_memory,2025-01-14,2025-01-15,3.3068283700033554,2.6970477578299068,58,48,1.9350969844621124,1.371731385541243,5.2419253544654678,3.8701939689242248,1,0,3.8701939689242248
Inflation,CPILFESL,1,month_open,2025-01,Inflation 12-Month Mean,short_memory,2025-01-01,2025-02-12,3.2468687084294956,5.3441646267824439,57,48,2.1022511143161005,1.1446175941133951,5.3491198227455961,4.2045022286322009,1,0,4.2045022286322009
Inflation,CPILFESL,1,month_open,2025-01,Inflation 12-Month Mean,long_memory,2025-01-01,2025-02-12,3.2468687084294956,5.3441646267824439,57,48,2.4951717657703654,0.75169694265913023,5.742040474199861,4.9903435315407307,1,0,4.9903435315407307
Inflation,CPILFESL,2,mid_month,2025-01,Inflation Ridge-AR Ensemble,short_memory,2025-01-15,2025-02-12,2.2341629777139236,5.3441646267824439,58,48,1.5951383439110201,0.63902463380290353,3.8293013216249436,3.1902766878220401,0,1,18.338909739397042
Inflation,CPILFESL,2,mid_month,2025-01,Inflation Ridge-AR Ensemble,long_memory,2025-01-15,2025-02-12,2.2341629777139236,5.3441646267824439,58,48,1.9619854040524567,0.27217757366146689,4.1961483817663803,3.9239708081049134,0,1,15.404133258265549
Inflation,CPILFESL,3,month_end,2025-01,Inflation Ridge-AR Ensemble,short_memory,2025-01-31,2025-02-12,2.2341629777139236,5.3441646267824439,59,48,1.5951383439110201,0.63902463380290353,3.8293013216249436,3.1902766878220401,0,1,18.338909739397042
Inflation,CPILFESL,3,month_end,2025-01,Inflation Ridge-AR Ensemble,long_memory,2025-01-31,2025-02-12,2.2341629777139236,5.3441646267824439,59,48,2.0452345986770748,0.18892837903684878,4.2793975763909984,4.0904691973541496,0,1,14.738139701268604
Inflation,CPILFESL,4,pre_release,2025-01,Inflation Ridge-AR Ensemble,short_memory,2025-02-11,2025-02-12,2.2245725693047902,5.3441646267824439,59,48,1.5402309598672783,0.68434160943751188,3.7648035291720685,3.0804619197345566,0,1,18.87407289583831
Inflation,CPILFESL,4,pre_release,2025-01,Inflation Ridge-AR Ensemble,long_memory,2025-02-11,2025-02-12,2.2245725693047902,5.3441646267824439,59,48,1.9350969844621124,0.28947558484267777,4.1596695537669026,3.8701939689242248,0,1,15.715144699079637
Inflation,CPILFESL,1,month_open,2025-02,Inflation 12-Month Mean,short_memory,2025-02-01,2025-03-12,3.1966679944231302,2.7166452189845813,58,48,2.0887305108049148,1.1079374836182154,5.285398505228045,4.1774610216098296,1,0,4.1774610216098296
Inflation,CPILFESL,1,month_open,2025-02,Inflation 12-Month Mean,long_memory,2025-02-01,2025-03-12,3.1966679944231302,2.7166452189845813,58,48,2.48999788683264,0.7066701075904902,5.6866658812557702,4.97999577366528,1,0,4.97999577366528
Inflation,CPILFESL,2,mid_month,2025-02,Inflation Ridge-AR Ensemble,short_memory,2025-02-15,2025-03-12,4.3148921090567249,2.7166452189845813,60,48,1.8587045709811321,2.4561875380755929,6.173596680037857,3.7174091419622641,1,0,3.7174091419622641
Inflation,CPILFESL,2,mid_month,2025-02,Inflation Ridge-AR Ensemble,long_memory,2025-02-15,2025-03-12,4.3148921090567249,2.7166452189845813,60,48,2.0733324949215053,2.2415596141352196,6.3882246039782302,4.1466649898430106,1,0,4.1466649898430106
Inflation,CPILFESL,3,month_end,2025-02,Inflation Ridge-AR Ensemble,short_memory,2025-02-28,2025-03-12,4.3148921090567249,2.7166452189845813,60,48,1.8587045709811321,2.4561875380755929,6.173596680037857,3.7174091419622641,1,0,3.7174091419622641
Inflation,CPILFESL,3,month_end,2025-02,Inflation Ridge-AR Ensemble,long_memory,2025-02-28,2025-03-12,4.3148921090567249,2.7166452189845813,60,48,2.1932713820092142,2.1216207270475107,6.5081634910659396,4.3865427640184285,1,0,4.3865427640184294
Inflation,CPILFESL,4,pre_release,2025-02,Inflation Ridge-AR Ensemble,short_memory,2025-03-11,2025-03-12,4.3075787165678854,2.7166452189845813,60,48,1.6137530631356301,2.6938256534322553,5.9213317797035154,3.2275061262712601,1,0,3.2275061262712601
Inflation,CPILFESL,4,pre_release,2025-02,Inflation Ridge-AR Ensemble,long_memory,2025-03-11,2025-03-12,4.3075787165678854,2.7166452189845813,60,48,2.0860519852082411,2.2215267313596443,6.3936307017761269,4.1721039704164822,1,0,4.1721039704164831
Inflation,CPILFESL,1,month_open,2025-03,Inflation 12-Month Mean,short_memory,2025-03-01,2025-04-10,3.2390710102012221,0.67820143281487333,59,48,2.0972959183529483,1.1417750918482739,5.3363669285541704,4.1945918367058965,0,1,8.8303284270399018
Inflation,CPILFESL,1,month_open,2025-03,Inflation 12-Month Mean,long_memory,2025-03-01,2025-04-10,3.2390710102012221,0.67820143281487333,59,48,2.48999788683264,0.74907312336858212,5.7290688970338621,4.97999577366528,0,1,5.6887126792023679
Inflation,CPILFESL,2,mid_month,2025-03,Inflation Ridge-AR Ensemble,short_memory,2025-03-15,2025-04-10,2.8685882644265188,0.67820143281487333,61,48,1.8587045709811321,1.0098836934453868,4.7272928354076509,3.7174091419622641,0,1,7.0342317482673984
Inflation,CPILFESL,2,mid_month,2025-03,Inflation Ridge-AR Ensemble,long_memory,2025-03-15,2025-04-10,2.8685882644265188,0.67820143281487333,61,48,2.0733324949215053,0.79525576950501353,4.9419207593480241,4.1466649898430106,0,1,5.3172083567444126
Inflation,CPILFESL,3,month_end,2025-03,Inflation Ridge-AR Ensemble,short_memory,2025-03-31,2025-04-10,2.8685882644265188,0.67820143281487333,61,48,1.8587045709811321,1.0098836934453868,4.7272928354076509,3.7174091419622641,0,1,7.0342317482673984
Inflation,CPILFESL,3,month_end,2025-03,Inflation Ridge-AR Ensemble,long_memory,2025-03-31,2025-04-10,2.8685882644265188,0.67820143281487333,61,48,2.1932713820092142,0.67531688241730459,5.0618596464357335,4.3865427640184285,1,0,4.3865427640184294
Inflation,CPILFESL,4,pre_release,2025-03,Inflation Ridge-AR Ensemble,short_memory,2025-04-09,2025-04-10,2.8578943345784209,0.67820143281487333,61,48,1.6137530631356301,1.2441412714427909,4.471647397714051,3.2275061262712601,0,1,8.8869045125504353
Inflation,CPILFESL,4,pre_release,2025-03,Inflation Ridge-AR Ensemble,long_memory,2025-04-09,2025-04-10,2.8578943345784209,0.67820143281487333,61,48,2.0860519852082411,0.77184234937017981,4.9439463197866615,4.1721039704164822,0,1,5.1085131359695461
Inflation,CPILFESL,1,month_open,2025-04,Inflation 12-Month Mean,short_memory,2025-04-01,2025-05-13,3.0952660529359299,2.8376507842686749,60,48,2.0972959183529483,0.99797013458298167,5.1925619712888782,4.1945918367058965,1,0,4.1945918367058965
Inflation,CPILFESL,1,month_open,2025-04,Inflation 12-Month Mean,long_memory,2025-04-01,2025-05-13,3.0952660529359299,2.8376507842686749,60,48,2.48999788683264,0.60526816610328993,5.5852639397685699,4.97999577366528,1,0,4.97999577366528
Inflation,CPILFESL,2,mid_month,2025-04,Inflation Ridge-AR Ensemble,short_memory,2025-04-15,2025-05-13,1.5543670679004937,2.8376507842686749,62,48,2.0452345986770748,-0.49086753077658107,3.5996016665775685,4.0904691973541496,1,0,4.0904691973541496
Inflation,CPILFESL,2,mid_month,2025-04,Inflation Ridge-AR Ensemble,long_memory,2025-04-15,2025-05-13,1.5543670679004937,2.8376507842686749,62,48,2.1903868316116455,-0.63601976371115176,3.7447538995121392,4.380773663223291,1,0,4.380773663223291
Inflation,CPILFESL,3,month_end,2025-04,Inflation Ridge-AR Ensemble,short_memory,2025-04-30,2025-05-13,1.5543670679004937,2.8376507842686749,62,48,2.1903868316116455,-0.63601976371115176,3.7447538995121392,4.380773663223291,1,0,4.380773663223291
Inflation,CPILFESL,3,month_end,2025-04,Inflation Ridge-AR Ensemble,long_memory,2025-04-30,2025-05-13,1.5543670679004937,2.8376507842686749,62,48,2.1903868316116455,-0.63601976371115176,3.7447538995121392,4.380773663223291,1,0,4.380773663223291
Inflation,CPILFESL,4,pre_release,2025-04,Inflation Ridge-AR Ensemble,short_memory,2025-05-12,2025-05-13,1.5624004264248135,2.8376507842686749,62,48,2.0499219933015933,-0.48752156687677983,3.6123224197264068,4.0998439866031866,1,0,4.0998439866031866
Inflation,CPILFESL,4,pre_release,2025-04,Inflation Ridge-AR Ensemble,long_memory,2025-05-12,2025-05-13,1.5624004264248135,2.8376507842686749,62,48,2.1796929017635476,-0.6172924753387341,3.742093328188361,4.3593858035270951,1,0,4.3593858035270951
Inflation,CPILFESL,1,month_open,2025-05,Inflation 12-Month Mean,short_memory,2025-05-01,2025-06-11,2.7700118393334527,1.5576688590009269,61,48,2.4420716713083657,0.32794016802508708,5.2120835106418184,4.8841433426167313,1,0,4.8841433426167313
Inflation,CPILFESL,1,month_open,2025-05,Inflation 12-Month Mean,long_memory,2025-05-01,2025-06-11,2.7700118393334527,1.5576688590009269,61,48,2.4951717657703654,0.27484007356308737,5.2651836051038181,4.9903435315407307,1,0,4.9903435315407307
Inflation,CPILFESL,2,mid_month,2025-05,Inflation Ridge-AR Ensemble,short_memory,2025-05-15,2025-06-11,3.6256741499511906,1.5576688590009269,63,48,1.9619854040524567,1.6636887458987339,5.5876595540036469,3.9239708081049134,0,1,4.9841696770829831
Inflation,CPILFESL,2,mid_month,2025-05,Inflation Ridge-AR Ensemble,long_memory,2025-05-15,2025-06-11,3.6256741499511906,1.5576688590009269,63,48,2.1379452163945949,1.4877289335565957,5.763619366345786,4.2758904327891898,1,0,4.2758904327891898
Inflation,CPILFESL,3,month_end,2025-05,Inflation Ridge-AR Ensemble,short_memory,2025-05-31,2025-06-11,3.6256741499511906,1.5576688590009269,63,48,2.0452345986770748,1.5804395512741158,5.6709087486282659,4.0904691973541496,0,1,4.3181761200860391
Inflation,CPILFESL,3,month_end,2025-05,Inflation Ridge-AR Ensemble,long_memory,2025-05-31,2025-06-11,3.6256741499511906,1.5576688590009269,63,48,2.1903868316116455,1.4352873183395451,5.8160609815628366,4.380773663223291,1,0,4.380773663223291
Inflation,CPILFESL,4,pre_release,2025-05,Inflation Ridge-AR Ensemble,short_memory,2025-06-10,2025-06-11,3.6248601106454279,1.5576688590009269,63,48,1.9350969844621124,1.6897631261833155,5.5599570951075403,3.8701939689242248,0,1,5.1911366407481108
Inflation,CPILFESL,4,pre_release,2025-05,Inflation Ridge-AR Ensemble,long_memory,2025-06-10,2025-06-11,3.6248601106454279,1.5576688590009269,63,48,2.1380775708680835,1.4867825397773444,5.7629376815135114,4.276155141736167,1,0,4.276155141736167
Inflation,CPILFESL,1,month_open,2025-06,Inflation 12-Month Mean,short_memory,2025-06-01,2025-07-15,2.7435395795799344,2.7357167584597164,62,48,2.1022511143161005,0.64128846526383398,4.8457906938960349,4.2045022286322009,1,0,4.2045022286322009
Inflation,CPILFESL,1,month_open,2025-06,Inflation 12-Month Mean,long_memory,2025-06-01,2025-07-15,2.7435395795799344,2.7357167584597164,62,48,2.48999788683264,0.25354169274729443,5.2335374664125744,4.97999577366528,1,0,4.97999577366528
Inflation,CPILFESL,2,mid_month,2025-06,Inflation Ridge-AR Ensemble,short_memory,2025-06-15,2025-07-15,3.3811846956151879,2.7357167584597164,64,48,2.0680052909502638,1.3131794046649241,5.4491899865654521,4.1360105819005275,1,0,4.1360105819005284
Inflation,CPILFESL,2,mid_month,2025-06,Inflation Ridge-AR Ensemble,long_memory,2025-06-15,2025-07-15,3.3811846956151879,2.7357167584597164,64,48,2.0680052909502638,1.3131794046649241,5.4491899865654521,4.1360105819005275,1,0,4.1360105819005284
Inflation,CPILFESL,3,month_end,2025-06,Inflation Ridge-AR Ensemble,short_memory,2025-06-30,2025-07-15,3.3811846956151879,2.7357167584597164,64,48,2.0680052909502638,1.3131794046649241,5.4491899865654521,4.1360105819005275,1,0,4.1360105819005284
Inflation,CPILFESL,3,month_end,2025-06,Inflation Ridge-AR Ensemble,long_memory,2025-06-30,2025-07-15,3.3811846956151879,2.7357167584597164,64,48,2.1379452163945949,1.243239479220593,5.5191299120097828,4.2758904327891898,1,0,4.2758904327891898
Inflation,CPILFESL,4,pre_release,2025-06,Inflation Ridge-AR Ensemble,short_memory,2025-07-14,2025-07-15,3.3802130308000775,2.7357167584597164,64,48,2.067191251644501,1.3130217791555765,5.4474042824445785,4.134382503289002,1,0,4.134382503289002
Inflation,CPILFESL,4,pre_release,2025-06,Inflation Ridge-AR Ensemble,long_memory,2025-07-14,2025-07-15,3.3802130308000775,2.7357167584597164,64,48,2.067191251644501,1.3130217791555765,5.4474042824445785,4.134382503289002,1,0,4.134382503289002
Inflation,CPILFESL,1,month_open,2025-07,Inflation 12-Month Mean,short_memory,2025-07-01,2025-08-12,2.7295552454034144,3.8619108814820891,63,48,2.0972959183529483,0.63225932705046617,4.8268511637563627,4.1945918367058965,1,0,4.1945918367058965
Inflation,CPILFESL,1,month_open,2025-07,Inflation 12-Month Mean,long_memory,2025-07-01,2025-08-12,2.7295552454034144,3.8619108814820891,63,48,2.4420716713083657,0.28748357409504877,5.1716269167117801,4.8841433426167313,1,0,4.8841433426167313
Inflation,CPILFESL,2,mid_month,2025-07,Inflation Ridge-AR Ensemble,short_memory,2025-07-15,2025-08-12,3.7038572577172522,3.8619108814820891,64,48,2.0680052909502638,1.6358519667669884,5.7718625486675155,4.1360105819005275,1,0,4.1360105819005266
Inflation,CPILFESL,2,mid_month,2025-07,Inflation Ridge-AR Ensemble,long_memory,2025-07-15,2025-08-12,3.7038572577172522,3.8619108814820891,64,48,2.0680052909502638,1.6358519667669884,5.7718625486675155,4.1360105819005275,1,0,4.1360105819005266
Inflation,CPILFESL,3,month_end,2025-07,Inflation Ridge-AR Ensemble,short_memory,2025-07-31,2025-08-12,3.7065183923708931,3.8619108814820891,65,48,2.0680052909502638,1.6385131014206293,5.7745236833211564,4.1360105819005275,1,0,4.1360105819005266
Inflation,CPILFESL,3,month_end,2025-07,Inflation Ridge-AR Ensemble,long_memory,2025-07-31,2025-08-12,3.7065183923708931,3.8619108814820891,65,48,2.0680052909502638,1.6385131014206293,5.7745236833211564,4.1360105819005275,1,0,4.1360105819005266
Inflation,CPILFESL,4,pre_release,2025-07,Inflation Ridge-AR Ensemble,short_memory,2025-08-11,2025-08-12,3.7086718883769771,3.8619108814820891,65,48,2.067191251644501,1.6414806367324761,5.7758631400214782,4.134382503289002,1,0,4.134382503289002
Inflation,CPILFESL,4,pre_release,2025-07,Inflation Ridge-AR Ensemble,long_memory,2025-08-11,2025-08-12,3.7086718883769771,3.8619108814820891,65,48,2.067191251644501,1.6414806367324761,5.7758631400214782,4.134382503289002,1,0,4.134382503289002
Inflation,CPILFESL,1,month_open,2025-08,Inflation 12-Month Mean,short_memory,2025-08-01,2025-09-11,2.8663934135200186,4.1442886423073588,64,48,2.0972959183529483,0.76909749516707038,4.9636893318729669,4.1945918367058965,1,0,4.1945918367058965
Inflation,CPILFESL,1,month_open,2025-08,Inflation 12-Month Mean,long_memory,2025-08-01,2025-09-11,2.8663934135200186,4.1442886423073588,64,48,2.13844614414338,0.72794726937663867,5.0048395576633986,4.2768922882867599,1,0,4.2768922882867599
Inflation,CPILFESL,2,mid_month,2025-08,Inflation Ridge-AR Ensemble,short_memory,2025-08-15,2025-09-11,3.9141656390867441,4.1442886423073588,66,48,2.0452345986770748,1.8689310404096693,5.9594002377638189,4.0904691973541496,1,0,4.0904691973541496
Inflation,CPILFESL,2,mid_month,2025-08,Inflation Ridge-AR Ensemble,long_memory,2025-08-15,2025-09-11,3.9141656390867441,4.1442886423073588,66,48,2.0680052909502638,1.8461603481364803,5.9821709300370074,4.1360105819005275,1,0,4.1360105819005266
Inflation,CPILFESL,3,month_end,2025-08,Inflation Ridge-AR Ensemble,short_memory,2025-08-31,2025-09-11,3.9141656390867441,4.1442886423073588,66,48,2.0680052909502638,1.8461603481364803,5.9821709300370074,4.1360105819005275,1,0,4.1360105819005266
Inflation,CPILFESL,3,month_end,2025-08,Inflation Ridge-AR Ensemble,long_memory,2025-08-31,2025-09-11,3.9141656390867441,4.1442886423073588,66,48,2.0680052909502638,1.8461603481364803,5.9821709300370074,4.1360105819005275,1,0,4.1360105819005266
Inflation,CPILFESL,4,pre_release,2025-08,Inflation Ridge-AR Ensemble,short_memory,2025-09-10,2025-09-11,3.8424122364079931,4.1442886423073588,66,48,2.0499219933015933,1.7924902431063998,5.8923342297095864,4.0998439866031866,1,0,4.0998439866031866
Inflation,CPILFESL,4,pre_release,2025-08,Inflation Ridge-AR Ensemble,long_memory,2025-09-10,2025-09-11,3.8424122364079931,4.1442886423073588,66,48,2.067191251644501,1.7752209847634921,5.9096034880524941,4.134382503289002,1,0,4.134382503289002
Inflation,CPILFESL,1,month_open,2025-09,Inflation 12-Month Mean,short_memory,2025-09-01,2025-10-24,3.0030561669606826,2.7222557806510395,65,48,2.0972959183529483,0.9057602486077343,5.1003520853136308,4.1945918367058965,1,0,4.1945918367058965
Inflation,CPILFESL,1,month_open,2025-09,Inflation 12-Month Mean,long_memory,2025-09-01,2025-10-24,3.0030561669606826,2.7222557806510395,65,48,2.1022511143161005,0.9008050526445821,5.105307281276783,4.2045022286322009,1,0,4.2045022286322009
Inflation,CPILFESL,2,mid_month,2025-09,Inflation Ridge-AR Ensemble,short_memory,2025-09-15,2025-10-24,3.6765006066388093,2.7222557806510395,67,48,1.9619854040524567,1.7145152025863526,5.638486010691266,3.9239708081049134,1,0,3.9239708081049134
Inflation,CPILFESL,2,mid_month,2025-09,Inflation Ridge-AR Ensemble,long_memory,2025-09-15,2025-10-24,3.6765006066388093,2.7222557806510395,67,48,1.9619854040524567,1.7145152025863526,5.638486010691266,3.9239708081049134,1,0,3.9239708081049134
Inflation,CPILFESL,3,month_end,2025-09,Inflation Ridge-AR Ensemble,short_memory,2025-09-30,2025-10-24,3.6765006066388093,2.7222557806510395,67,48,2.0452345986770748,1.6312660079617345,5.7217352053158841,4.0904691973541496,1,0,4.0904691973541496
Inflation,CPILFESL,3,month_end,2025-09,Inflation Ridge-AR Ensemble,long_memory,2025-09-30,2025-10-24,3.6765006066388093,2.7222557806510395,67,48,2.0680052909502638,1.6084953156885455,5.7445058975890735,4.1360105819005275,1,0,4.1360105819005284
Inflation,CPILFESL,4,pre_release,2025-09,Inflation Ridge-AR Ensemble,short_memory,2025-10-23,2025-10-24,3.6765006066388093,2.7222557806510395,67,48,1.8587045709811321,1.8177960356576772,5.5352051776199414,3.7174091419622641,1,0,3.7174091419622641
Inflation,CPILFESL,4,pre_release,2025-09,Inflation Ridge-AR Ensemble,long_memory,2025-10-23,2025-10-24,3.6765006066388093,2.7222557806510395,67,48,1.9350969844621124,1.7414036221766969,5.6115975911009217,3.8701939689242248,1,0,3.8701939689242248
Inflation,CPILFESL,1,month_open,2025-11,Inflation 12-Month Mean,short_memory,2025-11-01,2025-12-18,2.9806759113750303,1.9080731336838852,67,48,1.7715224385851158,1.2091534727899145,4.7521983499601461,3.5430448771702316,1,0,3.5430448771702316
Inflation,CPILFESL,1,month_open,2025-11,Inflation 12-Month Mean,long_memory,2025-11-01,2025-12-18,2.9806759113750303,1.9080731336838852,67,48,2.0972959183529483,0.88337999302208203,5.0779718297279786,4.1945918367058965,1,0,4.1945918367058965
Inflation,CPILFESL,2,mid_month,2025-11,Inflation Ridge-AR Ensemble,short_memory,2025-11-15,2025-12-18,2.2225369834027928,1.9080731336838852,68,48,1.8587045709811321,0.36383241242166076,4.0812415543839249,3.7174091419622641,1,0,3.7174091419622641
Inflation,CPILFESL,2,mid_month,2025-11,Inflation Ridge-AR Ensemble,long_memory,2025-11-15,2025-12-18,2.2225369834027928,1.9080731336838852,68,48,1.9288600424207178,0.29367694098207497,4.1513970258235107,3.8577200848414357,1,0,3.8577200848414357
Inflation,CPILFESL,3,month_end,2025-11,Inflation Ridge-AR Ensemble,short_memory,2025-11-30,2025-12-18,2.4867004127702668,1.9080731336838852,68,48,1.8587045709811321,0.6279958417891347,4.3454049837513988,3.7174091419622641,1,0,3.7174091419622641
Inflation,CPILFESL,3,month_end,2025-11,Inflation Ridge-AR Ensemble,long_memory,2025-11-30,2025-12-18,2.4867004127702668,1.9080731336838852,68,48,1.9288600424207178,0.55784037034954892,4.4155604551909846,3.8577200848414357,1,0,3.8577200848414357
Inflation,CPILFESL,4,pre_release,2025-11,Inflation Ridge-AR Ensemble,short_memory,2025-12-17,2025-12-18,2.5276372279023938,1.9080731336838852,68,48,1.6137530631356301,0.91388416476676371,4.1413902910380234,3.2275061262712601,1,0,3.2275061262712597
Inflation,CPILFESL,4,pre_release,2025-11,Inflation Ridge-AR Ensemble,long_memory,2025-12-17,2025-12-18,2.5276372279023938,1.9080731336838852,68,48,1.8587045709811321,0.66893265692126169,4.3863417988835263,3.7174091419622641,1,0,3.7174091419622646
Inflation,CPILFESL,1,month_open,2025-12,Inflation 12-Month Mean,short_memory,2025-12-01,2026-01-13,2.9806759113750303,2.8672810687485395,67,48,1.7715224385851158,1.2091534727899145,4.7521983499601461,3.5430448771702316,1,0,3.5430448771702316
Inflation,CPILFESL,1,month_open,2025-12,Inflation 12-Month Mean,long_memory,2025-12-01,2026-01-13,2.9806759113750303,2.8672810687485395,67,48,2.0972959183529483,0.88337999302208203,5.0779718297279786,4.1945918367058965,1,0,4.1945918367058965
Inflation,CPILFESL,2,mid_month,2025-12,Inflation Ridge-AR Ensemble,short_memory,2025-12-15,2026-01-13,2.7007659600276539,2.8672810687485395,68,48,1.8587045709811321,0.84206138904652184,4.5594705310087864,3.7174091419622641,1,0,3.7174091419622646
Inflation,CPILFESL,2,mid_month,2025-12,Inflation Ridge-AR Ensemble,long_memory,2025-12-15,2026-01-13,2.7007659600276539,2.8672810687485395,68,48,1.9288600424207178,0.77190591760693605,4.6296260024483722,3.8577200848414357,1,0,3.8577200848414361
Inflation,CPILFESL,3,month_end,2025-12,Inflation Ridge-AR Ensemble,short_memory,2025-12-31,2026-01-13,2.6618007118803688,2.8672810687485395,69,48,1.5982468900721436,1.0635538218082252,4.2600476019525129,3.1964937801442872,1,0,3.1964937801442876
Inflation,CPILFESL,3,month_end,2025-12,Inflation Ridge-AR Ensemble,long_memory,2025-12-31,2026-01-13,2.6618007118803688,2.8672810687485395,69,48,1.8587045709811321,0.80309614089923675,4.5205052828615013,3.7174091419622641,1,0,3.7174091419622646
Inflation,CPILFESL,4,pre_release,2025-12,Inflation Ridge-AR Ensemble,short_memory,2026-01-12,2026-01-13,2.6816075765147573,2.8672810687485395,69,48,1.6137530631356301,1.0678545133791273,4.2953606396503874,3.2275061262712601,1,0,3.2275061262712601
Inflation,CPILFESL,4,pre_release,2025-12,Inflation Ridge-AR Ensemble,long_memory,2026-01-12,2026-01-13,2.6816075765147573,2.8672810687485395,69,48,1.6137530631356301,1.0678545133791273,4.2953606396503874,3.2275061262712601,1,0,3.2275061262712601
Inflation,CPILFESL,2,mid_month,2026-01,Inflation Ridge-AR Ensemble,short_memory,2026-01-15,2026-02-13,2.7684663028011336,3.5353249355654981,70,48,1.5982468900721436,1.17021941272899,4.3667131928732772,3.1964937801442872,1,0,3.1964937801442872
Inflation,CPILFESL,2,mid_month,2026-01,Inflation Ridge-AR Ensemble,long_memory,2026-01-15,2026-02-13,2.7684663028011336,3.5353249355654981,70,48,1.8587045709811321,0.90976173182000153,4.6271708737822657,3.7174091419622641,1,0,3.7174091419622641
Inflation,CPILFESL,3,month_end,2026-01,Inflation Ridge-AR Ensemble,short_memory,2026-01-31,2026-02-13,2.8502876077401798,3.5353249355654981,70,48,1.5982468900721436,1.2520407176680362,4.4485344978123234,3.1964937801442872,1,0,3.1964937801442872
Inflation,CPILFESL,3,month_end,2026-01,Inflation Ridge-AR Ensemble,long_memory,2026-01-31,2026-02-13,2.8502876077401798,3.5353249355654981,70,48,1.8587045709811321,0.99158303675904769,4.7089921787213118,3.7174091419622641,1,0,3.7174091419622641
Inflation,CPILFESL,4,pre_release,2026-01,Inflation Ridge-AR Ensemble,short_memory,2026-02-12,2026-02-13,2.7560598576583168,3.5353249355654981,70,48,1.590933497583304,1.1651263600750128,4.3469933552416204,3.1818669951666081,1,0,3.1818669951666076
Inflation,CPILFESL,4,pre_release,2026-01,Inflation Ridge-AR Ensemble,long_memory,2026-02-12,2026-02-13,2.7560598576583168,3.5353249355654981,70,48,1.6137530631356301,1.1423067945226868,4.3698129207939473,3.2275061262712601,1,0,3.2275061262712605
Inflation,CPILFESL,1,month_open,2026-02,Inflation 12-Month Mean,short_memory,2026-02-01,2026-03-11,2.9806759113750303,2.5898059744083213,69,48,1.4091807081524799,1.5714952032225504,4.3898566195275102,2.8183614163049597,1,0,2.8183614163049597
Inflation,CPILFESL,1,month_open,2026-02,Inflation 12-Month Mean,long_memory,2026-02-01,2026-03-11,2.9806759113750303,2.5898059744083213,69,48,1.9824989426430406,0.99817696873198969,4.9631748540180709,3.9649978852860812,1,0,3.9649978852860812
Inflation,CPILFESL,2,mid_month,2026-02,Inflation Ridge-AR Ensemble,short_memory,2026-02-15,2026-03-11,3.4310254077582929,2.5898059744083213,71,48,1.5982468900721436,1.8327785176861493,5.0292722978304365,3.1964937801442872,1,0,3.1964937801442872
Inflation,CPILFESL,2,mid_month,2026-02,Inflation Ridge-AR Ensemble,long_memory,2026-02-15,2026-03-11,3.4310254077582929,2.5898059744083213,71,48,1.6077957881296436,1.8232296196286493,5.0388211958879365,3.2155915762592873,1,0,3.2155915762592873
Inflation,CPILFESL,3,month_end,2026-02,Inflation Ridge-AR Ensemble,short_memory,2026-02-28,2026-03-11,3.4116653735796474,2.5898059744083213,71,48,1.5982468900721436,1.8134184835075038,5.009912263651791,3.1964937801442872,1,0,3.1964937801442872
Inflation,CPILFESL,3,month_end,2026-02,Inflation Ridge-AR Ensemble,long_memory,2026-02-28,2026-03-11,3.4116653735796474,2.5898059744083213,71,48,1.6077957881296436,1.8038695854500038,5.019461161709291,3.2155915762592873,1,0,3.2155915762592873
Inflation,CPILFESL,4,pre_release,2026-02,Inflation Ridge-AR Ensemble,short_memory,2026-03-10,2026-03-11,3.4116653735796474,2.5898059744083213,71,48,1.590933497583304,1.8207318759963433,5.0025988711629514,3.1818669951666081,1,0,3.1818669951666081
Inflation,CPILFESL,4,pre_release,2026-02,Inflation Ridge-AR Ensemble,long_memory,2026-03-10,2026-03-11,3.4116653735796474,2.5898059744083213,71,48,1.6137530631356301,1.7979123104440173,5.0254184367152774,3.2275061262712601,1,0,3.2275061262712601
Inflation,CPILFESL,1,month_open,2026-03,Inflation 12-Month Mean,short_memory,2026-03-01,2026-04-10,2.9752636133045129,2.3472435020018168,69,48,1.4091807081524799,1.5660829051520331,4.3844443214569928,2.8183614163049597,1,0,2.8183614163049597
Inflation,CPILFESL,1,month_open,2026-03,Inflation 12-Month Mean,long_memory,2026-03-01,2026-04-10,2.9752636133045129,2.3472435020018168,69,48,1.9824989426430406,0.99276467066147234,4.9577625559475536,3.9649978852860812,1,0,3.9649978852860812
Inflation,CPILFESL,2,mid_month,2026-03,Inflation Ridge-AR Ensemble,short_memory,2026-03-15,2026-04-10,3.1463563106658849,2.3472435020018168,72,48,1.5951383439110201,1.5512179667548649,4.741494654576905,3.1902766878220401,1,0,3.1902766878220401
Inflation,CPILFESL,2,mid_month,2026-03,Inflation Ridge-AR Ensemble,long_memory,2026-03-15,2026-04-10,3.1463563106658849,2.3472435020018168,72,48,1.5982468900721436,1.5481094205937413,4.7446032007380285,3.1964937801442872,1,0,3.1964937801442872
Inflation,CPILFESL,3,month_end,2026-03,Inflation Ridge-AR Ensemble,short_memory,2026-03-31,2026-04-10,3.2338299462807401,2.3472435020018168,72,48,1.5951383439110201,1.63869160236972,4.8289682901917601,3.1902766878220401,1,0,3.1902766878220401
Inflation,CPILFESL,3,month_end,2026-03,Inflation Ridge-AR Ensemble,long_memory,2026-03-31,2026-04-10,3.2338299462807401,2.3472435020018168,72,48,1.5982468900721436,1.6355830562085965,4.8320768363528837,3.1964937801442872,1,0,3.1964937801442872
Inflation,CPILFESL,4,pre_release,2026-03,Inflation Ridge-AR Ensemble,short_memory,2026-04-09,2026-04-10,3.2330561023586464,2.3472435020018168,72,48,1.590933497583304,1.6421226047753423,4.8239895999419504,3.1818669951666081,1,0,3.1818669951666081
Inflation,CPILFESL,4,pre_release,2026-03,Inflation Ridge-AR Ensemble,long_memory,2026-04-09,2026-04-10,3.2330561023586464,2.3472435020018168,72,48,1.6137530631356301,1.6193030392230163,4.8468091654942764,3.2275061262712601,1,0,3.2275061262712601
Inflation,CPILFESL,1,month_open,2026-04,Inflation 12-Month Mean,short_memory,2026-04-01,2026-05-12,2.9752636133045129,4.5090466859679879,70,48,1.3730645209478531,1.6021990923566598,4.3483281342523661,2.7461290418957063,0,1,4.353314559051924
Inflation,CPILFESL,1,month_open,2026-04,Inflation 12-Month Mean,long_memory,2026-04-01,2026-05-12,2.9752636133045129,4.5090466859679879,70,48,1.7715224385851158,1.2037411747193971,4.7467860518896288,3.5430448771702316,1,0,3.5430448771702316
Inflation,CPILFESL,2,mid_month,2026-04,Inflation Ridge-AR Ensemble,short_memory,2026-04-15,2026-05-12,2.7294962047362237,4.5090466859679879,73,48,1.4905177654013464,1.2389784393348773,4.2200139701375701,2.9810355308026928,0,1,5.8713626891068706
Inflation,CPILFESL,2,mid_month,2026-04,Inflation Ridge-AR Ensemble,long_memory,2026-04-15,2026-05-12,2.7294962047362237,4.5090466859679879,73,48,1.5982468900721436,1.1312493146640801,4.3277430948083673,3.1964937801442872,0,1,5.009529691740493
Inflation,CPILFESL,3,month_end,2026-04,Inflation Ridge-AR Ensemble,short_memory,2026-04-30,2026-05-12,2.7294962047362237,4.5090466859679879,73,48,1.4905177654013464,1.2389784393348773,4.2200139701375701,2.9810355308026928,0,1,5.8713626891068706
Inflation,CPILFESL,3,month_end,2026-04,Inflation Ridge-AR Ensemble,long_memory,2026-04-30,2026-05-12,2.7294962047362237,4.5090466859679879,73,48,1.5982468900721436,1.1312493146640801,4.3277430948083673,3.1964937801442872,0,1,5.009529691740493
Inflation,CPILFESL,4,pre_release,2026-04,Inflation Ridge-AR Ensemble,short_memory,2026-05-11,2026-05-12,2.7295274023031313,4.5090466859679879,73,48,1.4282416911604914,1.3012857111426399,4.1577690934636227,2.8564833823209828,0,1,6.3692593073646346
Inflation,CPILFESL,4,pre_release,2026-04,Inflation Ridge-AR Ensemble,long_memory,2026-05-11,2026-05-12,2.7295274023031313,4.5090466859679879,73,48,1.590933497583304,1.1385939047198272,4.3204608998864353,3.1818669951666081,0,1,5.0677248559821333
Inflation,CPILFESL,1,month_open,2026-05,Inflation 12-Month Mean,short_memory,2026-05-01,2026-06-10,2.8598763159886076,2.4945507714519977,71,48,1.3730645209478531,1.4868117950407544,4.2329408369364607,2.7461290418957063,1,0,2.7461290418957063
Inflation,CPILFESL,1,month_open,2026-05,Inflation 12-Month Mean,long_memory,2026-05-01,2026-06-10,2.8598763159886076,2.4945507714519977,71,48,1.7715224385851158,1.0883538774034918,4.6313987545737234,3.5430448771702316,1,0,3.5430448771702316
Inflation,CPILFESL,2,mid_month,2026-05,Inflation Ridge-AR Ensemble,short_memory,2026-05-15,2026-06-10,3.5859107865127502,2.4945507714519977,74,48,1.5982468900721436,1.9876638964406066,5.1841576765848938,3.1964937801442872,1,0,3.1964937801442872
Inflation,CPILFESL,2,mid_month,2026-05,Inflation Ridge-AR Ensemble,long_memory,2026-05-15,2026-06-10,3.5859107865127502,2.4945507714519977,74,48,1.7795504812317642,1.806360305280986,5.3654612677445144,3.5591009624635284,1,0,3.5591009624635284
Inflation,CPILFESL,3,month_end,2026-05,Inflation Ridge-AR Ensemble,short_memory,2026-05-31,2026-06-10,3.5859107865127502,2.4945507714519977,74,48,1.5982468900721436,1.9876638964406066,5.1841576765848938,3.1964937801442872,1,0,3.1964937801442872
Inflation,CPILFESL,3,month_end,2026-05,Inflation Ridge-AR Ensemble,long_memory,2026-05-31,2026-06-10,3.5859107865127502,2.4945507714519977,74,48,1.7795504812317642,1.806360305280986,5.3654612677445144,3.5591009624635284,1,0,3.5591009624635284
Inflation,CPILFESL,4,pre_release,2026-05,Inflation Ridge-AR Ensemble,short_memory,2026-06-09,2026-06-10,3.5859107865127502,2.4945507714519977,74,48,1.6137530631356301,1.9721577233771201,5.1996638496483802,3.2275061262712601,1,0,3.2275061262712601
Inflation,CPILFESL,4,pre_release,2026-05,Inflation Ridge-AR Ensemble,long_memory,2026-06-09,2026-06-10,3.5859107865127502,2.4945507714519977,74,48,1.7795192836648566,1.8063915028478936,5.3654300701776068,3.5590385673297131,1,0,3.5590385673297131
Inflation,CPILFESL,1,month_open,2026-06,Inflation 12-Month Mean,short_memory,2026-06-01,2026-07-14,2.8598763159886076,-0.19994465863675259,72,48,1.5337830726634749,1.3260932433251327,4.3936593886520825,3.0675661453269498,0,1,18.327945164945803
Inflation,CPILFESL,1,month_open,2026-06,Inflation 12-Month Mean,long_memory,2026-06-01,2026-07-14,2.8598763159886076,-0.19994465863675259,72,48,1.5799376137937138,1.2799387021948938,4.4398139297823214,3.1598752275874276,0,1,17.958708835903892
Inflation,CPILFESL,2,mid_month,2026-06,Inflation Ridge-AR Ensemble,short_memory,2026-06-15,2026-07-14,3.6023937986689507,-0.19994465863675259,75,48,1.5982468900721436,2.0041469085968071,5.2006406887410943,3.1964937801442872,0,1,25.237409452479884
Inflation,CPILFESL,2,mid_month,2026-06,Inflation Ridge-AR Ensemble,long_memory,2026-06-15,2026-07-14,3.6023937986689507,-0.19994465863675259,75,48,1.7795504812317642,1.8228433174371865,5.3819442799007149,3.5591009624635284,0,1,23.78698072320292
Inflation,CPILFESL,3,month_end,2026-06,Inflation Ridge-AR Ensemble,short_memory,2026-06-30,2026-07-14,3.6023937986689507,-0.19994465863675259,75,48,1.5982468900721436,2.0041469085968071,5.2006406887410943,3.1964937801442872,0,1,25.237409452479884
Inflation,CPILFESL,3,month_end,2026-06,Inflation Ridge-AR Ensemble,long_memory,2026-06-30,2026-07-14,3.6023937986689507,-0.19994465863675259,75,48,1.7795504812317642,1.8228433174371865,5.3819442799007149,3.5591009624635284,0,1,23.78698072320292
Inflation,CPILFESL,4,pre_release,2026-06,Inflation Ridge-AR Ensemble,short_memory,2026-07-13,2026-07-14,3.5867111867197288,-0.19994465863675259,75,48,1.590933497583304,1.9957776891364247,5.1776446843030328,3.1818669951666081,0,1,25.139090472898381
Inflation,CPILFESL,4,pre_release,2026-06,Inflation Ridge-AR Ensemble,long_memory,2026-07-13,2026-07-14,3.5867111867197288,-0.19994465863675259,75,48,1.6137530631356301,1.9729581235840987,5.2004642498553588,3.2275061262712601,0,1,24.956533948479773
Inflation,PCEPI,1,month_open,2023-02,Inflation Ridge-AR Ensemble,short_memory,2023-02-01,2023-03-31,2.0503729549785694,3.1517949298315528,34,34,3.5057225655099034,-1.4553496105313339,5.5560955204884728,7.0114451310198067,1,0,7.0114451310198067
Inflation,PCEPI,1,month_open,2023-02,Inflation Ridge-AR Ensemble,long_memory,2023-02-01,2023-03-31,2.0503729549785694,3.1517949298315528,34,34,3.5057225655099034,-1.4553496105313339,5.5560955204884728,7.0114451310198067,1,0,7.0114451310198067
Inflation,PCEPI,2,mid_month,2023-02,Inflation Bridge Ridge,short_memory,2023-02-15,2023-03-31,2.1713827242889967,3.1517949298315528,34,34,3.8765263635206786,-1.7051436392316819,6.0479090878096748,7.7530527270413572,1,0,7.7530527270413572
Inflation,PCEPI,2,mid_month,2023-02,Inflation Bridge Ridge,long_memory,2023-02-15,2023-03-31,2.1713827242889967,3.1517949298315528,34,34,3.8765263635206786,-1.7051436392316819,6.0479090878096748,7.7530527270413572,1,0,7.7530527270413572
Inflation,PCEPI,3,month_end,2023-02,Inflation Bridge Ridge,short_memory,2023-02-28,2023-03-31,3.0360676939443927,3.1517949298315528,36,36,4.7316301976583004,-1.6955625037139077,7.7676978916026931,9.4632603953166008,1,0,9.4632603953166008
Inflation,PCEPI,3,month_end,2023-02,Inflation Bridge Ridge,long_memory,2023-02-28,2023-03-31,3.0360676939443927,3.1517949298315528,36,36,4.3424920602637229,-1.3064243663193302,7.3785597542081156,8.6849841205274458,1,0,8.6849841205274458
Inflation,PCEPI,4,pre_release,2023-02,Inflation Bridge Ridge,short_memory,2023-03-30,2023-03-31,2.8986421630198387,3.1517949298315528,36,36,4.0564758636974156,-1.157833700677577,6.9551180267172548,8.1129517273948313,1,0,8.1129517273948313
Inflation,PCEPI,4,pre_release,2023-02,Inflation Bridge Ridge,long_memory,2023-03-30,2023-03-31,2.8986421630198387,3.1517949298315528,36,36,4.0564758636974156,-1.157833700677577,6.9551180267172548,8.1129517273948313,1,0,8.1129517273948313
Inflation,PCEPI,1,month_open,2023-03,Inflation Ridge-AR Ensemble,short_memory,2023-03-01,2023-04-28,4.090487032402037,0.91193354873695398,35,35,4.669109484440054,-0.57862245203801699,8.7595965168420911,9.3382189688801081,1,0,9.3382189688801081
Inflation,PCEPI,1,month_open,2023-03,Inflation Ridge-AR Ensemble,long_memory,2023-03-01,2023-04-28,4.090487032402037,0.91193354873695398,35,35,3.9881812894770547,0.10230574292498229,8.0786683218790927,7.9763625789541095,1,0,7.9763625789541104
Inflation,PCEPI,2,mid_month,2023-03,Inflation Bridge Ridge,short_memory,2023-03-15,2023-04-28,2.4859491751368314,0.91193354873695398,35,35,3.8765263635206786,-1.3905771883838471,6.3624755386575096,7.7530527270413572,1,0,7.7530527270413572
Inflation,PCEPI,2,mid_month,2023-03,Inflation Bridge Ridge,long_memory,2023-03-15,2023-04-28,2.4859491751368314,0.91193354873695398,35,35,3.8765263635206786,-1.3905771883838471,6.3624755386575096,7.7530527270413572,1,0,7.7530527270413572
Inflation,PCEPI,3,month_end,2023-03,Inflation Bridge Ridge,short_memory,2023-03-31,2023-04-28,2.9449606843327785,0.91193354873695398,36,36,4.7316301976583004,-1.7866695133255219,7.6765908819910784,9.4632603953166008,1,0,9.4632603953166008
Inflation,PCEPI,3,month_end,2023-03,Inflation Bridge Ridge,long_memory,2023-03-31,2023-04-28,2.9449606843327785,0.91193354873695398,36,36,4.3424920602637229,-1.3975313759309445,7.2874527445965018,8.6849841205274458,1,0,8.6849841205274458
Inflation,PCEPI,4,pre_release,2023-03,Inflation Bridge Ridge,short_memory,2023-04-27,2023-04-28,3.1523108623372504,0.91193354873695398,37,37,4.0564758636974156,-0.9041650013601652,7.2087867260346661,8.1129517273948313,1,0,8.1129517273948313
Inflation,PCEPI,4,pre_release,2023-03,Inflation Bridge Ridge,long_memory,2023-04-27,2023-04-28,3.1523108623372504,0.91193354873695398,37,37,3.729669403210222,-0.57735854087297156,6.8819802655474724,7.459338806420444,1,0,7.459338806420444
Inflation,PCEPI,1,month_open,2023-04,Inflation Ridge-AR Ensemble,short_memory,2023-04-01,2023-05-26,2.4836641511033042,4.3590925437339223,36,36,4.302121810872249,-1.8184576597689448,6.7857859619755532,8.604243621744498,1,0,8.604243621744498
Inflation,PCEPI,1,month_open,2023-04,Inflation Ridge-AR Ensemble,long_memory,2023-04-01,2023-05-26,2.4836641511033042,4.3590925437339223,36,36,3.9881812894770547,-1.5045171383737506,6.4718454405803589,7.9763625789541095,1,0,7.9763625789541095
Inflation,PCEPI,2,mid_month,2023-04,Inflation Bridge Ridge,short_memory,2023-04-15,2023-05-26,1.2223148820682201,4.3590925437339223,36,36,3.8765263635206786,-2.6542114814524584,5.0988412455888987,7.7530527270413572,1,0,7.7530527270413572
Inflation,PCEPI,2,mid_month,2023-04,Inflation Bridge Ridge,long_memory,2023-04-15,2023-05-26,1.2223148820682201,4.3590925437339223,36,36,3.8765263635206786,-2.6542114814524584,5.0988412455888987,7.7530527270413572,1,0,7.7530527270413572
Inflation,PCEPI,3,month_end,2023-04,Inflation Bridge Ridge,short_memory,2023-04-30,2023-05-26,1.2441291201757454,4.3590925437339223,38,38,4.3424920602637229,-3.0983629400879775,5.5866211804394688,8.6849841205274458,1,0,8.6849841205274458
Inflation,PCEPI,3,month_end,2023-04,Inflation Bridge Ridge,long_memory,2023-04-30,2023-05-26,1.2441291201757454,4.3590925437339223,38,38,3.6869384758989447,-2.4428093557231993,4.9310675960746906,7.3738769517978895,1,0,7.3738769517978895
Inflation,PCEPI,4,pre_release,2023-04,Inflation Bridge Ridge,short_memory,2023-05-25,2023-05-26,1.4991735144775726,4.3590925437339223,38,38,4.0564758636974156,-2.5573023492198432,5.5556493781749881,8.1129517273948313,1,0,8.1129517273948313
Inflation,PCEPI,4,pre_release,2023-04,Inflation Bridge Ridge,long_memory,2023-05-25,2023-05-26,1.4991735144775726,4.3590925437339223,38,38,3.729669403210222,-2.2304958887326496,5.2288429176877944,7.459338806420444,1,0,7.459338806420444
Inflation,PCEPI,1,month_open,2023-05,Inflation Ridge-AR Ensemble,short_memory,2023-05-01,2023-06-30,2.281243664693366,1.5410617006217819,37,37,3.9881812894770547,-1.7069376247836887,6.2694249541704208,7.9763625789541095,1,0,7.9763625789541095
Inflation,PCEPI,1,month_open,2023-05,Inflation Ridge-AR Ensemble,long_memory,2023-05-01,2023-06-30,2.281243664693366,1.5410617006217819,37,37,3.9881812894770547,-1.7069376247836887,6.2694249541704208,7.9763625789541095,1,0,7.9763625789541095
Inflation,PCEPI,2,mid_month,2023-05,Inflation Bridge Ridge,short_memory,2023-05-15,2023-06-30,4.1542795792369134,1.5410617006217819,37,37,3.8765263635206786,0.27775321571623479,8.030805942757592,7.7530527270413572,1,0,7.7530527270413572
Inflation,PCEPI,2,mid_month,2023-05,Inflation Bridge Ridge,long_memory,2023-05-15,2023-06-30,4.1542795792369134,1.5410617006217819,37,37,3.8253783969879911,0.32890118224892229,7.9796579762249049,7.6507567939759822,1,0,7.6507567939759831
Inflation,PCEPI,3,month_end,2023-05,Inflation Bridge Ridge,short_memory,2023-05-31,2023-06-30,3.904137367586455,1.5410617006217819,39,39,4.3424920602637229,-0.4383546926772679,8.2466294278501771,8.6849841205274458,1,0,8.6849841205274458
Inflation,PCEPI,3,month_end,2023-05,Inflation Bridge Ridge,long_memory,2023-05-31,2023-06-30,3.904137367586455,1.5410617006217819,39,39,3.6869384758989447,0.21719889168751028,7.5910758434853998,7.3738769517978895,1,0,7.3738769517978895
Inflation,PCEPI,4,pre_release,2023-05,Inflation Bridge Ridge,short_memory,2023-06-29,2023-06-30,3.8333407117633245,1.5410617006217819,39,39,4.0564758636974156,-0.22313515193409117,7.8898165754607401,8.1129517273948313,1,0,8.1129517273948313
Inflation,PCEPI,4,pre_release,2023-05,Inflation Bridge Ridge,long_memory,2023-06-29,2023-06-30,3.8333407117633245,1.5410617006217819,39,39,3.729669403210222,0.10367130855310247,7.5630101149735465,7.459338806420444,1,0,7.459338806420444
Inflation,PCEPI,1,month_open,2023-06,Inflation Ridge-AR Ensemble,short_memory,2023-06-01,2023-07-28,2.7695247958255993,1.9358574497093883,38,38,3.9881812894770547,-1.2186564936514555,6.7577060853026545,7.9763625789541095,1,0,7.9763625789541095
Inflation,PCEPI,1,month_open,2023-06,Inflation Ridge-AR Ensemble,long_memory,2023-06-01,2023-07-28,2.7695247958255993,1.9358574497093883,38,38,3.5057225655099034,-0.73619776968430406,6.2752473613355022,7.0114451310198067,1,0,7.0114451310198067
Inflation,PCEPI,2,mid_month,2023-06,Inflation Bridge Ridge,short_memory,2023-06-15,2023-07-28,1.8695112580684894,1.9358574497093883,38,38,3.8765263635206786,-2.0070151054521892,5.746037621589168,7.7530527270413572,1,0,7.7530527270413572
Inflation,PCEPI,2,mid_month,2023-06,Inflation Bridge Ridge,long_memory,2023-06-15,2023-07-28,1.8695112580684894,1.9358574497093883,38,38,3.8253783969879911,-1.9558671389195017,5.69488965505648,7.6507567939759822,1,0,7.6507567939759813
Inflation,PCEPI,3,month_end,2023-06,Inflation Bridge Ridge,short_memory,2023-06-30,2023-07-28,1.918701251894233,1.9358574497093883,39,39,4.3424920602637229,-2.4237908083694899,6.2611933121579559,8.6849841205274458,1,0,8.6849841205274458
Inflation,PCEPI,3,month_end,2023-06,Inflation Bridge Ridge,long_memory,2023-06-30,2023-07-28,1.918701251894233,1.9358574497093883,39,39,3.6869384758989447,-1.7682372240047117,5.6056397277931778,7.3738769517978895,1,0,7.3738769517978895
Inflation,PCEPI,4,pre_release,2023-06,Inflation Bridge Ridge,short_memory,2023-07-27,2023-07-28,1.6364333875733403,1.9358574497093883,40,40,3.729669403210222,-2.0932360156368817,5.3661027907835628,7.459338806420444,1,0,7.459338806420444
Inflation,PCEPI,4,pre_release,2023-06,Inflation Bridge Ridge,long_memory,2023-07-27,2023-07-28,1.6364333875733403,1.9358574497093883,40,40,3.4929449268558166,-1.8565115392824763,5.1293783144291574,6.9858898537116332,1,0,6.9858898537116332
Inflation,PCEPI,1,month_open,2023-07,Inflation Ridge-AR Ensemble,short_memory,2023-07-01,2023-08-31,2.0873957260715863,2.5544057811611509,39,39,3.4888494666910161,-1.4014537406194298,5.5762451927626024,6.9776989333820323,1,0,6.9776989333820323
Inflation,PCEPI,1,month_open,2023-07,Inflation Ridge-AR Ensemble,long_memory,2023-07-01,2023-08-31,2.0873957260715863,2.5544057811611509,39,39,3.5057225655099034,-1.4183268394383171,5.5931182915814901,7.0114451310198067,1,0,7.0114451310198067
Inflation,PCEPI,2,mid_month,2023-07,Inflation Bridge Ridge,short_memory,2023-07-15,2023-08-31,2.1520965757313744,2.5544057811611509,39,39,3.8253783969879911,-1.6732818212566167,5.9774749727193655,7.6507567939759822,1,0,7.6507567939759822
Inflation,PCEPI,2,mid_month,2023-07,Inflation Bridge Ridge,long_memory,2023-07-15,2023-08-31,2.1520965757313744,2.5544057811611509,39,39,3.8253783969879911,-1.6732818212566167,5.9774749727193655,7.6507567939759822,1,0,7.6507567939759822
Inflation,PCEPI,3,month_end,2023-07,Inflation Bridge Ridge,short_memory,2023-07-31,2023-08-31,2.0646986880000435,2.5544057811611509,41,41,3.6517654021972348,-1.5870667141971913,5.7164640901972783,7.3035308043944696,1,0,7.3035308043944696
Inflation,PCEPI,3,month_end,2023-07,Inflation Bridge Ridge,long_memory,2023-07-31,2023-08-31,2.0646986880000435,2.5544057811611509,41,41,3.6517654021972348,-1.5870667141971913,5.7164640901972783,7.3035308043944696,1,0,7.3035308043944696
Inflation,PCEPI,4,pre_release,2023-07,Inflation Bridge Ridge,short_memory,2023-08-30,2023-08-31,2.1782310097524142,2.5544057811611509,41,41,3.4929449268558166,-1.3147139171034024,5.6711759366082308,6.9858898537116332,1,0,6.9858898537116332
Inflation,PCEPI,4,pre_release,2023-07,Inflation Bridge Ridge,long_memory,2023-08-30,2023-08-31,2.1782310097524142,2.5544057811611509,41,41,3.4929449268558166,-1.3147139171034024,5.6711759366082308,6.9858898537116332,1,0,6.9858898537116332
Inflation,PCEPI,1,month_open,2023-08,Inflation Ridge-AR Ensemble,short_memory,2023-08-01,2023-09-29,2.6275318620625701,4.721852085725331,40,40,3.2490824466995267,-0.62155058463695667,5.8766143087620968,6.4981648933990535,1,0,6.4981648933990535
Inflation,PCEPI,1,month_open,2023-08,Inflation Ridge-AR Ensemble,long_memory,2023-08-01,2023-09-29,2.6275318620625701,4.721852085725331,40,40,3.4888494666910161,-0.86131760462844609,6.1163813287535866,6.9776989333820323,1,0,6.9776989333820332
Inflation,PCEPI,2,mid_month,2023-08,Inflation Bridge Ridge,short_memory,2023-08-15,2023-09-29,3.5068532133761674,4.721852085725331,40,40,3.8253783969879911,-0.31852518361182369,7.3322316103641585,7.6507567939759822,1,0,7.6507567939759822
Inflation,PCEPI,2,mid_month,2023-08,Inflation Bridge Ridge,long_memory,2023-08-15,2023-09-29,3.5068532133761674,4.721852085725331,40,40,3.8253783969879911,-0.31852518361182369,7.3322316103641585,7.6507567939759822,1,0,7.6507567939759822
Inflation,PCEPI,3,month_end,2023-08,Inflation Bridge Ridge,short_memory,2023-08-31,2023-09-29,3.3275475428019958,4.721852085725331,41,41,3.6517654021972348,-0.32421785939523895,6.979312944999231,7.3035308043944696,1,0,7.3035308043944696
Inflation,PCEPI,3,month_end,2023-08,Inflation Bridge Ridge,long_memory,2023-08-31,2023-09-29,3.3275475428019958,4.721852085725331,41,41,3.6517654021972348,-0.32421785939523895,6.979312944999231,7.3035308043944696,1,0,7.3035308043944696
Inflation,PCEPI,4,pre_release,2023-08,Inflation Bridge Ridge,short_memory,2023-09-28,2023-09-29,3.2927005180547146,4.721852085725331,42,42,3.4929449268558166,-0.20024440880110195,6.7856454449105312,6.9858898537116332,1,0,6.9858898537116332
Inflation,PCEPI,4,pre_release,2023-08,Inflation Bridge Ridge,long_memory,2023-09-28,2023-09-29,3.2927005180547146,4.721852085725331,42,42,3.4929449268558166,-0.20024440880110195,6.7856454449105312,6.9858898537116332,1,0,6.9858898537116332
Inflation,PCEPI,1,month_open,2023-09,Inflation Ridge-AR Ensemble,short_memory,2023-09-01,2023-10-27,3.3430105012042297,4.269709166791813,41,41,3.2490824466995267,0.093928054504702985,6.5920929479037564,6.4981648933990535,1,0,6.4981648933990535
Inflation,PCEPI,1,month_open,2023-09,Inflation Ridge-AR Ensemble,long_memory,2023-09-01,2023-10-27,3.3430105012042297,4.269709166791813,41,41,3.4888494666910161,-0.14583896548678643,6.8318599678952463,6.9776989333820323,1,0,6.9776989333820332
Inflation,PCEPI,2,mid_month,2023-09,Inflation Bridge Ridge,short_memory,2023-09-15,2023-10-27,3.9611788972341624,4.269709166791813,41,41,3.8253783969879911,0.1358005002461713,7.7865572942221535,7.6507567939759822,1,0,7.6507567939759822
Inflation,PCEPI,2,mid_month,2023-09,Inflation Bridge Ridge,long_memory,2023-09-15,2023-10-27,3.9611788972341624,4.269709166791813,41,41,3.6121382305744927,0.34904066665966971,7.5733171278086555,7.2242764611489854,1,0,7.2242764611489854
Inflation,PCEPI,3,month_end,2023-09,Inflation Bridge Ridge,short_memory,2023-09-30,2023-10-27,3.6355534410087333,4.269709166791813,43,43,3.6517654021972348,-0.016211961188501434,7.2873188432059681,7.3035308043944696,1,0,7.3035308043944696
Inflation,PCEPI,3,month_end,2023-09,Inflation Bridge Ridge,long_memory,2023-09-30,2023-10-27,3.6355534410087333,4.269709166791813,43,43,3.6517654021972348,-0.016211961188501434,7.2873188432059681,7.3035308043944696,1,0,7.3035308043944696
Inflation,PCEPI,4,pre_release,2023-09,Inflation Bridge Ridge,short_memory,2023-10-26,2023-10-27,3.9891792432148696,4.269709166791813,43,43,3.4929449268558166,0.49623431635905302,7.4821241700706862,6.9858898537116332,1,0,6.9858898537116332
Inflation,PCEPI,4,pre_release,2023-09,Inflation Bridge Ridge,long_memory,2023-10-26,2023-10-27,3.9891792432148696,4.269709166791813,43,43,3.4929449268558166,0.49623431635905302,7.4821241700706862,6.9858898537116332,1,0,6.9858898537116332
Inflation,PCEPI,1,month_open,2023-10,Inflation Ridge-AR Ensemble,short_memory,2023-10-01,2023-11-30,3.6795040313389586,0.59330065894869222,42,42,3.1785534836650831,0.50095054767387559,6.8580575150040417,6.3571069673301661,1,0,6.3571069673301661
Inflation,PCEPI,1,month_open,2023-10,Inflation Ridge-AR Ensemble,long_memory,2023-10-01,2023-11-30,3.6795040313389586,0.59330065894869222,42,42,3.2490824466995267,0.43042158463943192,6.9285864780384854,6.4981648933990535,1,0,6.4981648933990535
Inflation,PCEPI,2,mid_month,2023-10,Inflation Bridge Ridge,short_memory,2023-10-15,2023-11-30,5.1127406322474371,0.59330065894869222,42,42,3.6121382305744927,1.5006024016729445,8.7248788628219298,7.2242764611489854,0,1,16.297293888391508
Inflation,PCEPI,2,mid_month,2023-10,Inflation Bridge Ridge,long_memory,2023-10-15,2023-11-30,5.1127406322474371,0.59330065894869222,42,42,3.6121382305744927,1.5006024016729445,8.7248788628219298,7.2242764611489854,0,1,16.297293888391508
Inflation,PCEPI,3,month_end,2023-10,Inflation Bridge Ridge,short_memory,2023-10-31,2023-11-30,5.1463744215294325,0.59330065894869222,44,44,3.448903673810741,1.6974707477186914,8.5952780953401735,6.8978073476214821,0,1,17.939508235321476
Inflation,PCEPI,3,month_end,2023-10,Inflation Bridge Ridge,long_memory,2023-10-31,2023-11-30,5.1463744215294325,0.59330065894869222,44,44,3.448903673810741,1.6974707477186914,8.5952780953401735,6.8978073476214821,0,1,17.939508235321476
Inflation,PCEPI,4,pre_release,2023-10,Inflation Bridge Ridge,short_memory,2023-11-29,2023-11-30,5.290955210081556,0.59330065894869222,44,44,3.4394720093781634,1.8514832007033926,8.7304272194597203,6.8789440187563269,0,1,19.46076943630333
Inflation,PCEPI,4,pre_release,2023-10,Inflation Bridge Ridge,long_memory,2023-11-29,2023-11-30,5.290955210081556,0.59330065894869222,44,44,3.4394720093781634,1.8514832007033926,8.7304272194597203,6.8789440187563269,0,1,19.46076943630333
Inflation,PCEPI,1,month_open,2023-11,Inflation Ridge-AR Ensemble,short_memory,2023-11-01,2023-12-22,3.6910690634235372,-0.860920908897711,43,43,3.1785534836650831,0.51251557975845419,6.8696225470886203,6.3571069673301661,0,1,20.091471853891818
Inflation,PCEPI,1,month_open,2023-11,Inflation Ridge-AR Ensemble,long_memory,2023-11-01,2023-12-22,3.6910690634235372,-0.860920908897711,43,43,3.2490824466995267,0.44198661672401052,6.940151510123064,6.4981648933990535,0,1,19.527240149616269
Inflation,PCEPI,2,mid_month,2023-11,Inflation Bridge Ridge,short_memory,2023-11-15,2023-12-22,2.5947975672919252,-0.860920908897711,43,43,3.4534523067160139,-0.85865473942408865,6.0482498740079391,6.9069046134320278,0,1,6.9295663081682513
Inflation,PCEPI,2,mid_month,2023-11,Inflation Bridge Ridge,long_memory,2023-11-15,2023-12-22,2.5947975672919252,-0.860920908897711,43,43,3.4534523067160139,-0.85865473942408865,6.0482498740079391,6.9069046134320278,0,1,6.9295663081682513
Inflation,PCEPI,3,month_end,2023-11,Inflation Bridge Ridge,short_memory,2023-11-30,2023-12-22,2.5206203151082285,-0.860920908897711,44,44,3.448903673810741,-0.92828335870251255,5.9695239889189695,6.8978073476214821,1,0,6.8978073476214821
Inflation,PCEPI,3,month_end,2023-11,Inflation Bridge Ridge,long_memory,2023-11-30,2023-12-22,2.5206203151082285,-0.860920908897711,44,44,3.448903673810741,-0.92828335870251255,5.9695239889189695,6.8978073476214821,1,0,6.8978073476214821
Inflation,PCEPI,4,pre_release,2023-11,Inflation Bridge Ridge,short_memory,2023-12-21,2023-12-22,2.4885743160202125,-0.860920908897711,45,45,3.729669403210222,-1.2410950871900095,6.2182437192304345,7.459338806420444,1,0,7.459338806420444
Inflation,PCEPI,4,pre_release,2023-11,Inflation Bridge Ridge,long_memory,2023-12-21,2023-12-22,2.4885743160202125,-0.860920908897711,45,45,3.4929449268558166,-1.0043706108356041,5.9815192428760291,6.9858898537116332,1,0,6.9858898537116332
Inflation,PCEPI,1,month_open,2023-12,Inflation Ridge-AR Ensemble,short_memory,2023-12-01,2024-01-26,1.5412286283599264,2.0079217012643369,44,44,3.1785534836650831,-1.6373248553051567,4.7197821120250092,6.3571069673301661,1,0,6.3571069673301661
Inflation,PCEPI,1,month_open,2023-12,Inflation Ridge-AR Ensemble,long_memory,2023-12-01,2024-01-26,1.5412286283599264,2.0079217012643369,44,44,3.1785534836650831,-1.6373248553051567,4.7197821120250092,6.3571069673301661,1,0,6.3571069673301661
Inflation,PCEPI,2,mid_month,2023-12,Inflation Bridge Ridge,short_memory,2023-12-15,2024-01-26,2.5192089935597837,2.0079217012643369,44,44,3.8253783969879911,-1.3061694034282074,6.3445873905477743,7.6507567939759822,1,0,7.6507567939759813
Inflation,PCEPI,2,mid_month,2023-12,Inflation Bridge Ridge,long_memory,2023-12-15,2024-01-26,2.5192089935597837,2.0079217012643369,44,44,3.8253783969879911,-1.3061694034282074,6.3445873905477743,7.6507567939759822,1,0,7.6507567939759813
Inflation,PCEPI,3,month_end,2023-12,Inflation Bridge Ridge,short_memory,2023-12-31,2024-01-26,2.2138609303166317,2.0079217012643369,46,46,3.6517654021972348,-1.4379044718806031,5.865626332513866,7.3035308043944696,1,0,7.3035308043944696
Inflation,PCEPI,3,month_end,2023-12,Inflation Bridge Ridge,long_memory,2023-12-31,2024-01-26,2.2138609303166317,2.0079217012643369,46,46,3.6517654021972348,-1.4379044718806031,5.865626332513866,7.3035308043944696,1,0,7.3035308043944696
Inflation,PCEPI,4,pre_release,2023-12,Inflation Bridge Ridge,short_memory,2024-01-25,2024-01-26,2.2612406770855902,2.0079217012643369,46,46,3.4929449268558166,-1.2317042497702264,5.7541856039414068,6.9858898537116332,1,0,6.9858898537116332
Inflation,PCEPI,4,pre_release,2023-12,Inflation Bridge Ridge,long_memory,2024-01-25,2024-01-26,2.2612406770855902,2.0079217012643369,46,46,3.4929449268558166,-1.2317042497702264,5.7541856039414068,6.9858898537116332,1,0,6.9858898537116332
Inflation,PCEPI,1,month_open,2024-01,Inflation Ridge-AR Ensemble,short_memory,2024-01-01,2024-02-29,1.7819093066300731,4.1328162960482473,45,45,3.4888494666910161,-1.7069401600609431,5.2707587733210897,6.9776989333820323,1,0,6.9776989333820332
Inflation,PCEPI,1,month_open,2024-01,Inflation Ridge-AR Ensemble,long_memory,2024-01-01,2024-02-29,1.7819093066300731,4.1328162960482473,45,45,3.4888494666910161,-1.7069401600609431,5.2707587733210897,6.9776989333820323,1,0,6.9776989333820332
Inflation,PCEPI,2,mid_month,2024-01,Inflation Bridge Ridge,short_memory,2024-01-15,2024-02-29,2.9590474092836345,4.1328162960482473,45,45,3.8253783969879911,-0.86633098770435657,6.7844258062716261,7.6507567939759822,1,0,7.6507567939759831
Inflation,PCEPI,2,mid_month,2024-01,Inflation Bridge Ridge,long_memory,2024-01-15,2024-02-29,2.9590474092836345,4.1328162960482473,45,45,3.8253783969879911,-0.86633098770435657,6.7844258062716261,7.6507567939759822,1,0,7.6507567939759831
Inflation,PCEPI,3,month_end,2024-01,Inflation Bridge Ridge,short_memory,2024-01-31,2024-02-29,3.0147876069679098,4.1328162960482473,47,47,3.6517654021972348,-0.63697779522932496,6.6665530091651446,7.3035308043944696,1,0,7.3035308043944696
Inflation,PCEPI,3,month_end,2024-01,Inflation Bridge Ridge,long_memory,2024-01-31,2024-02-29,3.0147876069679098,4.1328162960482473,47,47,3.6517654021972348,-0.63697779522932496,6.6665530091651446,7.3035308043944696,1,0,7.3035308043944696
Inflation,PCEPI,4,pre_release,2024-01,Inflation Bridge Ridge,short_memory,2024-02-28,2024-02-29,3.1088011518912086,4.1328162960482473,47,47,3.4929449268558166,-0.38414377496460794,6.6017460787470252,6.9858898537116332,1,0,6.9858898537116332
Inflation,PCEPI,4,pre_release,2024-01,Inflation Bridge Ridge,long_memory,2024-02-28,2024-02-29,3.1088011518912086,4.1328162960482473,47,47,3.4929449268558166,-0.38414377496460794,6.6017460787470252,6.9858898537116332,1,0,6.9858898537116332
Inflation,PCEPI,1,month_open,2024-02,Inflation Ridge-AR Ensemble,short_memory,2024-02-01,2024-03-29,2.3037181514816734,3.9898815716419733,46,46,3.2490824466995267,-0.94536429521785337,5.5528005981812001,6.4981648933990535,1,0,6.4981648933990535
Inflation,PCEPI,1,month_open,2024-02,Inflation Ridge-AR Ensemble,long_memory,2024-02-01,2024-03-29,2.3037181514816734,3.9898815716419733,46,46,3.4888494666910161,-1.1851313152093428,5.7925676181726899,6.9776989333820323,1,0,6.9776989333820332
Inflation,PCEPI,2,mid_month,2024-02,Inflation Bridge Ridge,short_memory,2024-02-15,2024-03-29,3.0228426901651413,3.9898815716419733,46,46,3.8253783969879911,-0.8025357068228498,6.8482210871531324,7.6507567939759822,1,0,7.6507567939759822
Inflation,PCEPI,2,mid_month,2024-02,Inflation Bridge Ridge,long_memory,2024-02-15,2024-03-29,3.0228426901651413,3.9898815716419733,46,46,3.6121382305744927,-0.58929554040935139,6.6349809207396344,7.2242764611489854,1,0,7.2242764611489854
Inflation,PCEPI,3,month_end,2024-02,Inflation Bridge Ridge,short_memory,2024-02-29,2024-03-29,3.6420905116992159,3.9898815716419733,47,47,3.6517654021972348,-0.0096748904980188399,7.2938559138964507,7.3035308043944696,1,0,7.3035308043944696
Inflation,PCEPI,3,month_end,2024-02,Inflation Bridge Ridge,long_memory,2024-02-29,2024-03-29,3.6420905116992159,3.9898815716419733,47,47,3.6517654021972348,-0.0096748904980188399,7.2938559138964507,7.3035308043944696,1,0,7.3035308043944696
Inflation,PCEPI,4,pre_release,2024-02,Inflation Bridge Ridge,short_memory,2024-03-28,2024-03-29,3.7068046001875357,3.9898815716419733,48,48,3.4929449268558166,0.21385967333171907,7.1997495270433518,6.9858898537116332,1,0,6.9858898537116332
Inflation,PCEPI,4,pre_release,2024-02,Inflation Bridge Ridge,long_memory,2024-03-28,2024-03-29,3.7068046001875357,3.9898815716419733,48,48,3.4929449268558166,0.21385967333171907,7.1997495270433518,6.9858898537116332,1,0,6.9858898537116332
Inflation,PCEPI,1,month_open,2024-03,Inflation Ridge-AR Ensemble,short_memory,2024-03-01,2024-04-26,3.8409908087246132,3.86713396031233,47,47,3.1785534836650831,0.66243732505953012,7.0195442923896962,6.3571069673301661,1,0,6.3571069673301661
Inflation,PCEPI,1,month_open,2024-03,Inflation Ridge-AR Ensemble,long_memory,2024-03-01,2024-04-26,3.8409908087246132,3.86713396031233,47,47,3.2490824466995267,0.59190836202508645,7.0900732554241399,6.4981648933990535,1,0,6.4981648933990535
Inflation,PCEPI,2,mid_month,2024-03,Inflation Bridge Ridge,short_memory,2024-03-15,2024-04-26,3.5065426106606035,3.86713396031233,47,47,3.6121382305744927,-0.10559561991388922,7.1186808412350961,7.2242764611489854,1,0,7.2242764611489854
Inflation,PCEPI,2,mid_month,2024-03,Inflation Bridge Ridge,long_memory,2024-03-15,2024-04-26,3.5065426106606035,3.86713396031233,47,47,3.6121382305744927,-0.10559561991388922,7.1186808412350961,7.2242764611489854,1,0,7.2242764611489854
Inflation,PCEPI,3,month_end,2024-03,Inflation Bridge Ridge,short_memory,2024-03-31,2024-04-26,3.4641148750714836,3.86713396031233,49,48,3.448903673810741,0.015211201260742602,6.9130185488822242,6.8978073476214821,1,0,6.8978073476214821
Inflation,PCEPI,3,month_end,2024-03,Inflation Bridge Ridge,long_memory,2024-03-31,2024-04-26,3.4641148750714836,3.86713396031233,49,48,3.448903673810741,0.015211201260742602,6.9130185488822242,6.8978073476214821,1,0,6.8978073476214821
Inflation,PCEPI,4,pre_release,2024-03,Inflation Bridge Ridge,short_memory,2024-04-25,2024-04-26,3.5427239703356275,3.86713396031233,49,48,3.4394720093781634,0.10325196095746403,6.9821959797137909,6.8789440187563269,1,0,6.8789440187563269
Inflation,PCEPI,4,pre_release,2024-03,Inflation Bridge Ridge,long_memory,2024-04-25,2024-04-26,3.5427239703356275,3.86713396031233,49,48,3.4394720093781634,0.10325196095746403,6.9821959797137909,6.8789440187563269,1,0,6.8789440187563269
Inflation,PCEPI,1,month_open,2024-04,Inflation Ridge-AR Ensemble,short_memory,2024-04-01,2024-05-31,3.1065058843381212,3.0752100527589477,48,48,3.1785534836650831,-0.072047599326961809,6.2850593680032043,6.3571069673301661,1,0,6.3571069673301661
Inflation,PCEPI,1,month_open,2024-04,Inflation Ridge-AR Ensemble,long_memory,2024-04-01,2024-05-31,3.1065058843381212,3.0752100527589477,48,48,3.2490824466995267,-0.14257656236140548,6.355588331037648,6.4981648933990535,1,0,6.4981648933990535
Inflation,PCEPI,2,mid_month,2024-04,Inflation Bridge Ridge,short_memory,2024-04-15,2024-05-31,2.9698065503391433,3.0752100527589477,48,48,3.4557184761896362,-0.48591192585049292,6.4255250265287795,6.9114369523792725,1,0,6.9114369523792725
Inflation,PCEPI,2,mid_month,2024-04,Inflation Bridge Ridge,long_memory,2024-04-15,2024-05-31,2.9698065503391433,3.0752100527589477,48,48,3.4557184761896362,-0.48591192585049292,6.4255250265287795,6.9114369523792725,1,0,6.9114369523792725
Inflation,PCEPI,3,month_end,2024-04,Inflation Bridge Ridge,short_memory,2024-04-30,2024-05-31,3.0159550536735309,3.0752100527589477,50,48,3.3815412240059395,-0.36558617033240859,6.3974962776794708,6.763082448011879,1,0,6.763082448011879
Inflation,PCEPI,3,month_end,2024-04,Inflation Bridge Ridge,long_memory,2024-04-30,2024-05-31,3.0159550536735309,3.0752100527589477,50,48,3.448903673810741,-0.43294862013721014,6.4648587274842715,6.8978073476214821,1,0,6.8978073476214821
Inflation,PCEPI,4,pre_release,2024-04,Inflation Bridge Ridge,short_memory,2024-05-30,2024-05-31,2.8731601315984152,3.0752100527589477,50,48,3.3494952249179235,-0.4763350933195083,6.2226553565163387,6.698990449835847,1,0,6.698990449835847
Inflation,PCEPI,4,pre_release,2024-04,Inflation Bridge Ridge,long_memory,2024-05-30,2024-05-31,2.8731601315984152,3.0752100527589477,50,48,3.4394720093781634,-0.56631187777974823,6.3126321409765787,6.8789440187563269,1,0,6.8789440187563269
Inflation,PCEPI,1,month_open,2024-05,Inflation Ridge-AR Ensemble,short_memory,2024-05-01,2024-06-28,2.9080236277009917,-0.097480930346449668,49,48,3.0862033723902664,-0.17817974468927478,5.9942270000912581,6.1724067447805329,1,0,6.1724067447805329
Inflation,PCEPI,1,month_open,2024-05,Inflation Ridge-AR Ensemble,long_memory,2024-05-01,2024-06-28,2.9080236277009917,-0.097480930346449668,49,48,3.1785534836650831,-0.2705298559640914,6.0865771113660747,6.3571069673301661,1,0,6.3571069673301661
Inflation,PCEPI,2,mid_month,2024-05,Inflation Bridge Ridge,short_memory,2024-05-15,2024-06-28,2.3637925602557415,-0.097480930346449668,49,48,3.4557184761896362,-1.0919259159338948,5.8195110364453777,6.9114369523792725,1,0,6.9114369523792725
Inflation,PCEPI,2,mid_month,2024-05,Inflation Bridge Ridge,long_memory,2024-05-15,2024-06-28,2.3637925602557415,-0.097480930346449668,49,48,3.4557184761896362,-1.0919259159338948,5.8195110364453777,6.9114369523792725,1,0,6.9114369523792725
Inflation,PCEPI,3,month_end,2024-05,Inflation Bridge Ridge,short_memory,2024-05-31,2024-06-28,2.3263448862219218,-0.097480930346449668,50,48,3.3815412240059395,-1.0551963377840177,5.7078861102278609,6.763082448011879,1,0,6.763082448011879
Inflation,PCEPI,3,month_end,2024-05,Inflation Bridge Ridge,long_memory,2024-05-31,2024-06-28,2.3263448862219218,-0.097480930346449668,50,48,3.448903673810741,-1.1225587875888192,5.7752485600326633,6.8978073476214821,1,0,6.8978073476214821
Inflation,PCEPI,4,pre_release,2024-05,Inflation Bridge Ridge,short_memory,2024-06-27,2024-06-28,2.4276512811163395,-0.097480930346449668,51,48,3.3494952249179235,-0.92184394380158396,5.7771465060342635,6.698990449835847,1,0,6.698990449835847
Inflation,PCEPI,4,pre_release,2024-05,Inflation Bridge Ridge,long_memory,2024-06-27,2024-06-28,2.4276512811163395,-0.097480930346449668,51,48,3.4394720093781634,-1.0118207282618239,5.8671232904945025,6.8789440187563269,1,0,6.8789440187563269
Inflation,PCEPI,1,month_open,2024-06,Inflation Ridge-AR Ensemble,short_memory,2024-06-01,2024-07-26,2.6439924879272207,0.94484742430545055,50,48,3.0862033723902664,-0.44221088446304568,5.7301958603174867,6.1724067447805329,1,0,6.1724067447805329
Inflation,PCEPI,1,month_open,2024-06,Inflation Ridge-AR Ensemble,long_memory,2024-06-01,2024-07-26,2.6439924879272207,0.94484742430545055,50,48,3.1785534836650831,-0.53456099573786231,5.8225459715923034,6.3571069673301661,1,0,6.3571069673301661
Inflation,PCEPI,2,mid_month,2024-06,Inflation Bridge Ridge,short_memory,2024-06-15,2024-07-26,2.3053679762368167,0.94484742430545055,50,48,3.4557184761896362,-1.1503504999528196,5.7610864524264525,6.9114369523792725,1,0,6.9114369523792725
Inflation,PCEPI,2,mid_month,2024-06,Inflation Bridge Ridge,long_memory,2024-06-15,2024-07-26,2.3053679762368167,0.94484742430545055,50,48,3.4557184761896362,-1.1503504999528196,5.7610864524264525,6.9114369523792725,1,0,6.9114369523792725
Inflation,PCEPI,3,month_end,2024-06,Inflation Bridge Ridge,short_memory,2024-06-30,2024-07-26,2.095041496431044,0.94484742430545055,52,48,3.3815412240059395,-1.2864997275748955,5.4765827204369835,6.763082448011879,1,0,6.763082448011879
Inflation,PCEPI,3,month_end,2024-06,Inflation Bridge Ridge,long_memory,2024-06-30,2024-07-26,2.095041496431044,0.94484742430545055,52,48,3.3815412240059395,-1.2864997275748955,5.4765827204369835,6.763082448011879,1,0,6.763082448011879
Inflation,PCEPI,4,pre_release,2024-06,Inflation Bridge Ridge,short_memory,2024-07-25,2024-07-26,2.1618930017934876,0.94484742430545055,52,48,3.3494952249179235,-1.1876022231244359,5.5113882267114107,6.698990449835847,1,0,6.698990449835847
Inflation,PCEPI,4,pre_release,2024-06,Inflation Bridge Ridge,long_memory,2024-07-25,2024-07-26,2.1618930017934876,0.94484742430545055,52,48,3.3494952249179235,-1.1876022231244359,5.5113882267114107,6.698990449835847,1,0,6.698990449835847
Inflation,PCEPI,1,month_open,2024-07,Inflation Ridge-AR Ensemble,short_memory,2024-07-01,2024-08-30,1.1501665428206471,1.8591450193301995,51,48,3.0862033723902664,-1.9360368295696193,4.2363699152109131,6.1724067447805329,1,0,6.1724067447805329
Inflation,PCEPI,1,month_open,2024-07,Inflation Ridge-AR Ensemble,long_memory,2024-07-01,2024-08-30,1.1501665428206471,1.8591450193301995,51,48,3.0862033723902664,-1.9360368295696193,4.2363699152109131,6.1724067447805329,1,0,6.1724067447805329
Inflation,PCEPI,2,mid_month,2024-07,Inflation Bridge Ridge,short_memory,2024-07-15,2024-08-30,1.9529959683000189,1.8591450193301995,51,48,3.4557184761896362,-1.5027225078896174,5.4087144444896555,6.9114369523792725,1,0,6.9114369523792725
Inflation,PCEPI,2,mid_month,2024-07,Inflation Bridge Ridge,long_memory,2024-07-15,2024-08-30,1.9529959683000189,1.8591450193301995,51,48,3.4557184761896362,-1.5027225078896174,5.4087144444896555,6.9114369523792725,1,0,6.9114369523792725
Inflation,PCEPI,3,month_end,2024-07,Inflation Bridge Ridge,short_memory,2024-07-31,2024-08-30,1.861066474463003,1.8591450193301995,53,48,3.3815412240059395,-1.5204747495429365,5.2426076984689427,6.763082448011879,1,0,6.763082448011879
Inflation,PCEPI,3,month_end,2024-07,Inflation Bridge Ridge,long_memory,2024-07-31,2024-08-30,1.861066474463003,1.8591450193301995,53,48,3.3815412240059395,-1.5204747495429365,5.2426076984689427,6.763082448011879,1,0,6.763082448011879
Inflation,PCEPI,4,pre_release,2024-07,Inflation Bridge Ridge,short_memory,2024-08-29,2024-08-30,1.8816747884267095,1.8591450193301995,53,48,3.3494952249179235,-1.467820436491214,5.2311700133446326,6.698990449835847,1,0,6.698990449835847
Inflation,PCEPI,4,pre_release,2024-07,Inflation Bridge Ridge,long_memory,2024-08-29,2024-08-30,1.8816747884267095,1.8591450193301995,53,48,3.3494952249179235,-1.467820436491214,5.2311700133446326,6.698990449835847,1,0,6.698990449835847
Inflation,PCEPI,1,month_open,2024-08,Inflation Ridge-AR Ensemble,short_memory,2024-08-01,2024-09-27,1.8318224962183947,1.0872555632399639,52,48,3.0862033723902664,-1.2543808761718718,4.9180258686086606,6.1724067447805329,1,0,6.1724067447805329
Inflation,PCEPI,1,month_open,2024-08,Inflation Ridge-AR Ensemble,long_memory,2024-08-01,2024-09-27,1.8318224962183947,1.0872555632399639,52,48,3.0862033723902664,-1.2543808761718718,4.9180258686086606,6.1724067447805329,1,0,6.1724067447805329
Inflation,PCEPI,2,mid_month,2024-08,Inflation Bridge Ridge,short_memory,2024-08-15,2024-09-27,2.1413830784621752,1.0872555632399639,52,48,3.4534523067160139,-1.3120692282538386,5.5948353851781896,6.9069046134320278,1,0,6.9069046134320278
Inflation,PCEPI,2,mid_month,2024-08,Inflation Bridge Ridge,long_memory,2024-08-15,2024-09-27,2.1413830784621752,1.0872555632399639,52,48,3.4557184761896362,-1.314335397727461,5.597101554651811,6.9114369523792725,1,0,6.9114369523792725
Inflation,PCEPI,3,month_end,2024-08,Inflation Bridge Ridge,short_memory,2024-08-31,2024-09-27,2.1951627397699576,1.0872555632399639,54,48,3.2979659656659779,-1.1028032258960203,5.4931287054359359,6.5959319313319558,1,0,6.5959319313319558
Inflation,PCEPI,3,month_end,2024-08,Inflation Bridge Ridge,long_memory,2024-08-31,2024-09-27,2.1951627397699576,1.0872555632399639,54,48,3.3815412240059395,-1.1863784842359819,5.5767039637758966,6.763082448011879,1,0,6.763082448011879
Inflation,PCEPI,4,pre_release,2024-08,Inflation Bridge Ridge,short_memory,2024-09-26,2024-09-27,2.1430367182339385,1.0872555632399639,54,48,3.0969820865997413,-0.95394536836580279,5.2400188048336798,6.1939641731994826,1,0,6.1939641731994826
Inflation,PCEPI,4,pre_release,2024-08,Inflation Bridge Ridge,long_memory,2024-09-26,2024-09-27,2.1430367182339385,1.0872555632399639,54,48,3.3494952249179235,-1.206458506683985,5.492531943151862,6.698990449835847,1,0,6.698990449835847
Inflation,PCEPI,1,month_open,2024-09,Inflation Ridge-AR Ensemble,short_memory,2024-09-01,2024-10-31,1.0991369357129259,2.1030278800367341,53,48,3.0690374837922216,-1.9699005480792957,4.1681744195051476,6.1380749675844433,1,0,6.1380749675844433
Inflation,PCEPI,1,month_open,2024-09,Inflation Ridge-AR Ensemble,long_memory,2024-09-01,2024-10-31,1.0991369357129259,2.1030278800367341,53,48,3.0862033723902664,-1.9870664366773405,4.1853403081031928,6.1724067447805329,1,0,6.1724067447805329
Inflation,PCEPI,2,mid_month,2024-09,Inflation Bridge Ridge,short_memory,2024-09-15,2024-10-31,0.88919215689310405,2.1030278800367341,53,48,3.3286251539371303,-2.4394329970440261,4.2178173108302346,6.6572503078742606,1,0,6.6572503078742606
Inflation,PCEPI,2,mid_month,2024-09,Inflation Bridge Ridge,long_memory,2024-09-15,2024-10-31,0.88919215689310405,2.1030278800367341,53,48,3.4534523067160139,-2.5642601498229096,4.3426444636091182,6.9069046134320278,1,0,6.9069046134320278
Inflation,PCEPI,3,month_end,2024-09,Inflation Bridge Ridge,short_memory,2024-09-30,2024-10-31,0.85293564158874302,2.1030278800367341,55,48,3.1149634235581769,-2.2620277819694339,3.9678990651469199,6.2299268471163538,1,0,6.2299268471163538
Inflation,PCEPI,3,month_end,2024-09,Inflation Bridge Ridge,long_memory,2024-09-30,2024-10-31,0.85293564158874302,2.1030278800367341,55,48,3.3815412240059395,-2.5286055824171965,4.2344768655946829,6.763082448011879,1,0,6.763082448011879
Inflation,PCEPI,4,pre_release,2024-09,Inflation Bridge Ridge,short_memory,2024-10-30,2024-10-31,0.97219191532237703,2.1030278800367341,55,48,3.0860950751584042,-2.1139031598360272,4.0582869904807808,6.1721901503168084,1,0,6.1721901503168084
Inflation,PCEPI,4,pre_release,2024-09,Inflation Bridge Ridge,long_memory,2024-10-30,2024-10-31,0.97219191532237703,2.1030278800367341,55,48,3.3494952249179235,-2.3773033095955465,4.3216871402403001,6.698990449835847,1,0,6.698990449835847
Inflation,PCEPI,1,month_open,2024-10,Inflation Ridge-AR Ensemble,short_memory,2024-10-01,2024-11-27,2.0670729468585654,2.853033899934232,54,48,3.0055045580474413,-0.93843161118887597,5.0725775049060067,6.0110091160948826,1,0,6.0110091160948826
Inflation,PCEPI,1,month_open,2024-10,Inflation Ridge-AR Ensemble,long_memory,2024-10-01,2024-11-27,2.0670729468585654,2.853033899934232,54,48,3.0862033723902664,-1.0191304255317011,5.1532763192488318,6.1724067447805329,1,0,6.1724067447805329
Inflation,PCEPI,2,mid_month,2024-10,Inflation Bridge Ridge,short_memory,2024-10-15,2024-11-27,1.7337699652236815,2.853033899934232,54,48,3.1367776616657022,-1.4030076964420206,4.8705476268893833,6.2735553233314043,1,0,6.2735553233314043
Inflation,PCEPI,2,mid_month,2024-10,Inflation Bridge Ridge,long_memory,2024-10-15,2024-11-27,1.7337699652236815,2.853033899934232,54,48,3.4534523067160139,-1.7196823414923323,5.1872222719396959,6.9069046134320278,1,0,6.9069046134320278
Inflation,PCEPI,3,month_end,2024-10,Inflation Bridge Ridge,short_memory,2024-10-31,2024-11-27,1.75144625366997,2.853033899934232,55,48,3.1149634235581769,-1.3635171698882069,4.8664096772281464,6.2299268471163538,1,0,6.2299268471163529
Inflation,PCEPI,3,month_end,2024-10,Inflation Bridge Ridge,long_memory,2024-10-31,2024-11-27,1.75144625366997,2.853033899934232,55,48,3.3815412240059395,-1.6300949703359695,5.1329874776759095,6.763082448011879,1,0,6.763082448011879
Inflation,PCEPI,4,pre_release,2024-10,Inflation Bridge Ridge,short_memory,2024-11-26,2024-11-27,1.679643055743907,2.853033899934232,56,48,3.0860950751584042,-1.4064520194144972,4.765738130902311,6.1721901503168084,1,0,6.1721901503168084
Inflation,PCEPI,4,pre_release,2024-10,Inflation Bridge Ridge,long_memory,2024-11-26,2024-11-27,1.679643055743907,2.853033899934232,56,48,3.3494952249179235,-1.6698521691740165,5.0291382806618303,6.698990449835847,1,0,6.698990449835847
Inflation,PCEPI,1,month_open,2024-11,Inflation Ridge-AR Ensemble,short_memory,2024-11-01,2024-12-20,2.3772494030542202,1.5349653145793951,55,48,3.0055045580474413,-0.62825515499322115,5.3827539611016615,6.0110091160948826,1,0,6.0110091160948826
Inflation,PCEPI,1,month_open,2024-11,Inflation Ridge-AR Ensemble,long_memory,2024-11-01,2024-12-20,2.3772494030542202,1.5349653145793951,55,48,3.0862033723902664,-0.70895396933604626,5.4634527754444866,6.1724067447805329,1,0,6.1724067447805329
Inflation,PCEPI,2,mid_month,2024-11,Inflation Bridge Ridge,short_memory,2024-11-15,2024-12-20,2.9612499300405952,1.5349653145793951,55,48,3.1367776616657022,-0.17552773162510693,6.0980275917062974,6.2735553233314043,1,0,6.2735553233314043
Inflation,PCEPI,2,mid_month,2024-11,Inflation Bridge Ridge,long_memory,2024-11-15,2024-12-20,2.9612499300405952,1.5349653145793951,55,48,3.4534523067160139,-0.49220237667541866,6.4147022367566091,6.9069046134320278,1,0,6.9069046134320278
Inflation,PCEPI,3,month_end,2024-11,Inflation Bridge Ridge,short_memory,2024-11-30,2024-12-20,3.061414227230292,1.5349653145793951,57,48,2.7098765312311528,0.3515376959991392,5.7712907584614452,5.4197530624623056,1,0,5.4197530624623056
Inflation,PCEPI,3,month_end,2024-11,Inflation Bridge Ridge,long_memory,2024-11-30,2024-12-20,3.061414227230292,1.5349653145793951,57,48,3.2979659656659779,-0.23655173843568589,6.3593801928962694,6.5959319313319558,1,0,6.5959319313319558
Inflation,PCEPI,4,pre_release,2024-11,Inflation Bridge Ridge,short_memory,2024-12-19,2024-12-20,3.3409161528174893,1.5349653145793951,57,48,2.8599190292563499,0.48099712356113944,6.2008351820738392,5.7198380585126998,1,0,5.7198380585126998
Inflation,PCEPI,4,pre_release,2024-11,Inflation Bridge Ridge,long_memory,2024-12-19,2024-12-20,3.3409161528174893,1.5349653145793951,57,48,3.0969820865997413,0.24393406621774805,6.4378982394172306,6.1939641731994826,1,0,6.1939641731994826
Inflation,PCEPI,1,month_open,2024-12,Inflation Ridge-AR Ensemble,short_memory,2024-12-01,2025-01-31,2.7038688015822281,3.063929851709446,56,48,3.0055045580474413,-0.30163575646521323,5.7093733596296694,6.0110091160948826,1,0,6.0110091160948826
Inflation,PCEPI,1,month_open,2024-12,Inflation Ridge-AR Ensemble,long_memory,2024-12-01,2025-01-31,2.7038688015822281,3.063929851709446,56,48,3.0690374837922216,-0.36516868220999354,5.7729062853744502,6.1380749675844433,1,0,6.1380749675844442
Inflation,PCEPI,2,mid_month,2024-12,Inflation Bridge Ridge,short_memory,2024-12-15,2025-01-31,2.1915645193095123,3.063929851709446,56,48,2.6848125273131256,-0.49324800800361324,4.8763770466226379,5.3696250546262512,1,0,5.3696250546262512
Inflation,PCEPI,2,mid_month,2024-12,Inflation Bridge Ridge,long_memory,2024-12-15,2025-01-31,2.1915645193095123,3.063929851709446,56,48,3.3286251539371303,-1.137060634627618,5.5201896732466427,6.6572503078742606,1,0,6.6572503078742606
Inflation,PCEPI,3,month_end,2024-12,Inflation Bridge Ridge,short_memory,2024-12-31,2025-01-31,2.0205431137594685,3.063929851709446,58,48,2.5359974221952992,-0.51545430843583073,4.5565405359547677,5.0719948443905984,1,0,5.0719948443905984
Inflation,PCEPI,3,month_end,2024-12,Inflation Bridge Ridge,long_memory,2024-12-31,2025-01-31,2.0205431137594685,3.063929851709446,58,48,3.2979659656659779,-1.2774228519065094,5.3185090794254464,6.5959319313319558,1,0,6.5959319313319558
Inflation,PCEPI,4,pre_release,2024-12,Inflation Bridge Ridge,short_memory,2025-01-30,2025-01-31,1.9273028297916242,3.063929851709446,58,48,2.6954422095471173,-0.76813937975549318,4.6227450393387413,5.3908844190942347,1,0,5.3908844190942347
Inflation,PCEPI,4,pre_release,2024-12,Inflation Bridge Ridge,long_memory,2025-01-30,2025-01-31,1.9273028297916242,3.063929851709446,58,48,3.0969820865997413,-1.1696792568081171,5.0242849163913652,6.1939641731994826,1,0,6.1939641731994826
Inflation,PCEPI,1,month_open,2025-01,Inflation Ridge-AR Ensemble,short_memory,2025-01-01,2025-02-28,2.1529691362527448,3.8984766867979914,57,48,3.0055045580474413,-0.85253542179469655,5.1584736943001861,6.0110091160948826,1,0,6.0110091160948826
Inflation,PCEPI,1,month_open,2025-01,Inflation Ridge-AR Ensemble,long_memory,2025-01-01,2025-02-28,2.1529691362527448,3.8984766867979914,57,48,3.0690374837922216,-0.91606834753947686,5.2220066200449669,6.1380749675844433,1,0,6.1380749675844442
Inflation,PCEPI,2,mid_month,2025-01,Inflation Bridge Ridge,short_memory,2025-01-15,2025-02-28,2.5192396467671525,3.8984766867979914,57,48,2.6132178786151314,-0.093978231847978932,5.1324575253822839,5.2264357572302629,1,0,5.2264357572302629
Inflation,PCEPI,2,mid_month,2025-01,Inflation Bridge Ridge,long_memory,2025-01-15,2025-02-28,2.5192396467671525,3.8984766867979914,57,48,3.3286251539371303,-0.80938550716997781,5.8478648007042828,6.6572503078742606,1,0,6.6572503078742606
Inflation,PCEPI,3,month_end,2025-01,Inflation Bridge Ridge,short_memory,2025-01-31,2025-02-28,2.6451558608176375,3.8984766867979914,58,48,2.5359974221952992,0.10915843862233832,5.1811532830129368,5.0719948443905984,1,0,5.0719948443905984
Inflation,PCEPI,3,month_end,2025-01,Inflation Bridge Ridge,long_memory,2025-01-31,2025-02-28,2.6451558608176375,3.8984766867979914,58,48,3.2979659656659779,-0.65281010484834034,5.9431218264836154,6.5959319313319558,1,0,6.5959319313319558
Inflation,PCEPI,4,pre_release,2025-01,Inflation Bridge Ridge,short_memory,2025-02-27,2025-02-28,2.4657248096195654,3.8984766867979914,59,48,2.5251322114627892,-0.059407401843223795,4.9908570210823546,5.0502644229255784,1,0,5.0502644229255784
Inflation,PCEPI,4,pre_release,2025-01,Inflation Bridge Ridge,long_memory,2025-02-27,2025-02-28,2.4657248096195654,3.8984766867979914,59,48,3.0860950751584042,-0.62037026553883878,5.5518198847779701,6.1721901503168084,1,0,6.1721901503168084
Inflation,PCEPI,1,month_open,2025-02,Inflation Ridge-AR Ensemble,short_memory,2025-02-01,2025-03-28,2.8515741577376508,3.9331903834629145,58,48,2.8851761151991848,-0.033601957461534049,5.7367502729368356,5.7703522303983696,1,0,5.7703522303983696
Inflation,PCEPI,1,month_open,2025-02,Inflation Ridge-AR Ensemble,long_memory,2025-02-01,2025-03-28,2.8515741577376508,3.9331903834629145,58,48,3.0055045580474413,-0.15393040030979055,5.8570787157850921,6.0110091160948826,1,0,6.0110091160948826
Inflation,PCEPI,2,mid_month,2025-02,Inflation Bridge Ridge,short_memory,2025-02-15,2025-03-28,3.701796807378487,3.9331903834629145,58,48,2.5448553197382568,1.1569414876402302,6.2466521271167439,5.0897106394765137,1,0,5.0897106394765137
Inflation,PCEPI,2,mid_month,2025-02,Inflation Bridge Ridge,long_memory,2025-02-15,2025-03-28,3.701796807378487,3.9331903834629145,58,48,3.1367776616657022,0.56501914571278489,6.8385744690441896,6.2735553233314043,1,0,6.2735553233314043
Inflation,PCEPI,3,month_end,2025-02,Inflation Bridge Ridge,short_memory,2025-02-28,2025-03-28,3.7439837508072946,3.9331903834629145,59,48,2.5128407660517582,1.2311429847555364,6.2568245168590533,5.0256815321035164,1,0,5.0256815321035173
Inflation,PCEPI,3,month_end,2025-02,Inflation Bridge Ridge,long_memory,2025-02-28,2025-03-28,3.7439837508072946,3.9331903834629145,59,48,3.1149634235581769,0.62902032724911772,6.858947174365472,6.2299268471163538,1,0,6.2299268471163547
Inflation,PCEPI,4,pre_release,2025-02,Inflation Bridge Ridge,short_memory,2025-03-27,2025-03-28,3.7144221511137063,3.9331903834629145,60,48,2.5251322114627892,1.1892899396509171,6.2395543625764951,5.0502644229255784,1,0,5.0502644229255775
Inflation,PCEPI,4,pre_release,2025-02,Inflation Bridge Ridge,long_memory,2025-03-27,2025-03-28,3.7144221511137063,3.9331903834629145,60,48,3.0860950751584042,0.62832707595530213,6.8005172262721105,6.1721901503168084,1,0,6.1721901503168084
Inflation,PCEPI,1,month_open,2025-03,Inflation Ridge-AR Ensemble,short_memory,2025-03-01,2025-04-30,3.1593031092443611,-0.53435115386761822,59,48,2.8788213101534819,0.28048179909087922,6.0381244193978425,5.7576426203069637,0,1,13.905972149891937
Inflation,PCEPI,1,month_open,2025-03,Inflation Ridge-AR Ensemble,long_memory,2025-03-01,2025-04-30,3.1593031092443611,-0.53435115386761822,59,48,3.0055045580474413,0.15379855119691976,6.164807667291802,6.0110091160948826,0,1,12.892506166740262
Inflation,PCEPI,2,mid_month,2025-03,Inflation Bridge Ridge,short_memory,2025-03-15,2025-04-30,2.6573239003655753,-0.53435115386761822,59,48,2.5128407660517582,0.1444831343138171,5.1701646664173335,5.0256815321035164,0,1,11.814024413917871
Inflation,PCEPI,2,mid_month,2025-03,Inflation Bridge Ridge,long_memory,2025-03-15,2025-04-30,2.6573239003655753,-0.53435115386761822,59,48,3.1367776616657022,-0.47945376130012685,5.7941015620312779,6.2735553233314043,0,1,6.8225292490063181
Inflation,PCEPI,3,month_end,2025-03,Inflation Bridge Ridge,short_memory,2025-03-31,2025-04-30,2.6548639087741668,-0.53435115386761822,61,48,2.4238258165683715,0.2310380922057953,5.0786897253425387,4.847651633136743,0,1,12.50154409387088
Inflation,PCEPI,3,month_end,2025-03,Inflation Bridge Ridge,long_memory,2025-03-31,2025-04-30,2.6548639087741668,-0.53435115386761822,61,48,3.1149634235581769,-0.46009951478401012,5.7698273323323441,6.2299268471163538,0,1,6.9724432379524357
Inflation,PCEPI,4,pre_release,2025-03,Inflation Bridge Ridge,short_memory,2025-04-29,2025-04-30,2.6196511896455914,-0.53435115386761822,61,48,2.5251322114627892,0.094518978182802194,5.1447834011083806,5.0502644229255784,0,1,11.338965743429782
Inflation,PCEPI,4,pre_release,2025-03,Inflation Bridge Ridge,long_memory,2025-04-29,2025-04-30,2.6196511896455914,-0.53435115386761822,61,48,3.0860950751584042,-0.46644388551281279,5.7057462648039952,6.1721901503168084,0,1,6.8512628338648627
Inflation,PCEPI,1,month_open,2025-04,Inflation Ridge-AR Ensemble,short_memory,2025-04-01,2025-05-30,2.8391775785992737,1.201745492554096,60,48,2.8034305850878489,0.035746993511424741,5.6426081636871226,5.6068611701756979,1,0,5.6068611701756979
Inflation,PCEPI,1,month_open,2025-04,Inflation Ridge-AR Ensemble,long_memory,2025-04-01,2025-05-30,2.8391775785992737,1.201745492554096,60,48,3.0055045580474413,-0.16632697944816766,5.844682136646715,6.0110091160948826,1,0,6.0110091160948826
Inflation,PCEPI,2,mid_month,2025-04,Inflation Bridge Ridge,short_memory,2025-04-15,2025-05-30,2.7845953328967354,1.201745492554096,60,48,2.4612734906021911,0.3233218422945443,5.2458688234989266,4.9225469812043823,1,0,4.9225469812043823
Inflation,PCEPI,2,mid_month,2025-04,Inflation Bridge Ridge,long_memory,2025-04-15,2025-05-30,2.7845953328967354,1.201745492554096,60,48,3.1367776616657022,-0.35218232876896671,5.9213729945624376,6.2735553233314043,1,0,6.2735553233314043
Inflation,PCEPI,3,month_end,2025-04,Inflation Bridge Ridge,short_memory,2025-04-30,2025-05-30,2.2947542507569776,1.201745492554096,61,48,2.4238258165683715,-0.1290715658113939,4.7185800673253491,4.847651633136743,1,0,4.847651633136743
Inflation,PCEPI,3,month_end,2025-04,Inflation Bridge Ridge,long_memory,2025-04-30,2025-05-30,2.2947542507569776,1.201745492554096,61,48,3.1149634235581769,-0.82020917280119932,5.4097176743151545,6.2299268471163538,1,0,6.2299268471163538
Inflation,PCEPI,4,pre_release,2025-04,Inflation Bridge Ridge,short_memory,2025-05-29,2025-05-30,2.7949332340941826,1.201745492554096,62,48,2.8599190292563499,-0.064985795162167292,5.6548522633505325,5.7198380585126998,1,0,5.7198380585126998
Inflation,PCEPI,4,pre_release,2025-04,Inflation Bridge Ridge,long_memory,2025-05-29,2025-05-30,2.7949332340941826,1.201745492554096,62,48,3.0969820865997413,-0.30204885250555868,5.8919153206939239,6.1939641731994826,1,0,6.1939641731994826
Inflation,PCEPI,1,month_open,2025-05,Inflation Ridge-AR Ensemble,short_memory,2025-05-01,2025-06-27,2.0604017679213738,1.6282550732857004,61,48,3.0055045580474413,-0.94510279012606757,5.0659063259688146,6.0110091160948826,1,0,6.0110091160948826
Inflation,PCEPI,1,month_open,2025-05,Inflation Ridge-AR Ensemble,long_memory,2025-05-01,2025-06-27,2.0604017679213738,1.6282550732857004,61,48,3.0690374837922216,-1.0086357158708479,5.1294392517135954,6.1380749675844433,1,0,6.1380749675844433
Inflation,PCEPI,2,mid_month,2025-05,Inflation Bridge Ridge,short_memory,2025-05-15,2025-06-27,3.655057205750369,1.6282550732857004,61,48,3.1367776616657022,0.51827954408466681,6.7918348674160711,6.2735553233314043,1,0,6.2735553233314043
Inflation,PCEPI,2,mid_month,2025-05,Inflation Bridge Ridge,long_memory,2025-05-15,2025-06-27,3.655057205750369,1.6282550732857004,61,48,3.1916750542331935,0.46338215151717543,6.8467322599835629,6.3833501084663871,1,0,6.383350108466388
Inflation,PCEPI,3,month_end,2025-05,Inflation Bridge Ridge,short_memory,2025-05-31,2025-06-27,3.3079411463002741,1.6282550732857004,63,48,2.5359974221952992,0.77194372410497492,5.8439385684955738,5.0719948443905984,1,0,5.0719948443905984
Inflation,PCEPI,3,month_end,2025-05,Inflation Bridge Ridge,long_memory,2025-05-31,2025-06-27,3.3079411463002741,1.6282550732857004,63,48,3.189215062641785,0.11872608365848913,6.4971562089420587,6.37843012528357,1,0,6.37843012528357
Inflation,PCEPI,4,pre_release,2025-05,Inflation Bridge Ridge,short_memory,2025-06-26,2025-06-27,3.455480154938221,1.6282550732857004,63,48,2.6954422095471173,0.7600379453911037,6.1509223644853384,5.3908844190942347,1,0,5.3908844190942347
Inflation,PCEPI,4,pre_release,2025-05,Inflation Bridge Ridge,long_memory,2025-06-26,2025-06-27,3.455480154938221,1.6282550732857004,63,48,3.0969820865997413,0.35849806833847975,6.5524622415379623,6.1939641731994826,1,0,6.1939641731994826
Inflation,PCEPI,1,month_open,2025-06,Inflation Ridge-AR Ensemble,short_memory,2025-06-01,2025-07-31,2.7992394679790582,3.3613467356538251,62,48,3.0055045580474413,-0.20626509006838312,5.8047440260264995,6.0110091160948826,1,0,6.0110091160948826
Inflation,PCEPI,1,month_open,2025-06,Inflation Ridge-AR Ensemble,long_memory,2025-06-01,2025-07-31,2.7992394679790582,3.3613467356538251,62,48,3.0055045580474413,-0.20626509006838312,5.8047440260264995,6.0110091160948826,1,0,6.0110091160948826
Inflation,PCEPI,2,mid_month,2025-06,Inflation Bridge Ridge,short_memory,2025-06-15,2025-07-31,4.9881211500246732,3.3613467356538251,62,48,2.6132178786151314,2.3749032714095417,7.6013390286398046,5.2264357572302629,1,0,5.2264357572302629
Inflation,PCEPI,2,mid_month,2025-06,Inflation Bridge Ridge,long_memory,2025-06-15,2025-07-31,4.9881211500246732,3.3613467356538251,62,48,3.1916750542331935,1.7964460957914796,8.1797962042578671,6.3833501084663871,1,0,6.383350108466388
Inflation,PCEPI,3,month_end,2025-06,Inflation Bridge Ridge,short_memory,2025-06-30,2025-07-31,4.5341896461632327,3.3613467356538251,64,48,2.5128407660517582,2.0213488801114745,7.0470304122149905,5.0256815321035164,1,0,5.0256815321035155
Inflation,PCEPI,3,month_end,2025-06,Inflation Bridge Ridge,long_memory,2025-06-30,2025-07-31,4.5341896461632327,3.3613467356538251,64,48,3.1149634235581769,1.4192262226050558,7.6491530697214092,6.2299268471163538,1,0,6.2299268471163529
Inflation,PCEPI,4,pre_release,2025-06,Inflation Bridge Ridge,short_memory,2025-07-30,2025-07-31,4.6319223168749026,3.3613467356538251,64,48,2.5251322114627892,2.1067901054121134,7.1570545283376923,5.0502644229255784,1,0,5.0502644229255793
Inflation,PCEPI,4,pre_release,2025-06,Inflation Bridge Ridge,long_memory,2025-07-30,2025-07-31,4.6319223168749026,3.3613467356538251,64,48,3.0860950751584042,1.5458272417164984,7.7180173920333068,6.1721901503168084,1,0,6.1721901503168084
Inflation,PCEPI,1,month_open,2025-07,Inflation Ridge-AR Ensemble,short_memory,2025-07-01,2025-08-29,4.4424028647629994,2.3685838825748817,63,48,2.8851761151991848,1.5572267495638146,7.3275789799621842,5.7703522303983696,1,0,5.7703522303983696
Inflation,PCEPI,1,month_open,2025-07,Inflation Ridge-AR Ensemble,long_memory,2025-07-01,2025-08-29,4.4424028647629994,2.3685838825748817,63,48,3.0055045580474413,1.4368983067155581,7.4479074228104407,6.0110091160948826,1,0,6.0110091160948826
Inflation,PCEPI,2,mid_month,2025-07,Inflation Bridge Ridge,short_memory,2025-07-15,2025-08-29,6.7170431752163555,2.3685838825748817,63,48,2.5448553197382568,4.1721878554780982,9.2618984949546128,5.0897106394765137,0,1,23.12575036850868
Inflation,PCEPI,2,mid_month,2025-07,Inflation Bridge Ridge,long_memory,2025-07-15,2025-08-29,6.7170431752163555,2.3685838825748817,63,48,3.1367776616657022,3.5802655135506534,9.8538208368820577,6.2735553233314043,0,1,18.390371633089121
Inflation,PCEPI,3,month_end,2025-07,Inflation Bridge Ridge,short_memory,2025-07-31,2025-08-29,6.6069770783249258,2.3685838825748817,64,48,2.5128407660517582,4.094136312273168,9.1198178443766835,5.0256815321035164,0,1,22.281205829086378
Inflation,PCEPI,3,month_end,2025-07,Inflation Bridge Ridge,long_memory,2025-07-31,2025-08-29,6.6069770783249258,2.3685838825748817,64,48,3.1149634235581769,3.4920136547667489,9.7219405018831022,6.2299268471163538,0,1,17.464224569035025
Inflation,PCEPI,4,pre_release,2025-07,Inflation Bridge Ridge,short_memory,2025-08-28,2025-08-29,6.7703059387954827,2.3685838825748817,65,48,2.5251322114627892,4.245173727332693,9.2954381502582724,5.0502644229255784,0,1,23.816162870503693
Inflation,PCEPI,4,pre_release,2025-07,Inflation Bridge Ridge,long_memory,2025-08-28,2025-08-29,6.7703059387954827,2.3685838825748817,65,48,3.0860950751584042,3.6842108636370785,9.8564010139538869,6.1721901503168084,0,1,19.328459960938776
Inflation,PCEPI,1,month_open,2025-08,Inflation Ridge-AR Ensemble,short_memory,2025-08-01,2025-09-26,3.2385139289265865,3.1718828697414381,64,48,2.8788213101534819,0.35969261877310466,6.1173352390800684,5.7576426203069637,1,0,5.7576426203069637
Inflation,PCEPI,1,month_open,2025-08,Inflation Ridge-AR Ensemble,long_memory,2025-08-01,2025-09-26,3.2385139289265865,3.1718828697414381,64,48,3.0055045580474413,0.23300937087914519,6.2440184869740278,6.0110091160948826,1,0,6.0110091160948826
Inflation,PCEPI,2,mid_month,2025-08,Inflation Bridge Ridge,short_memory,2025-08-15,2025-09-26,4.4044624285462604,3.1718828697414381,64,48,2.4612734906021911,1.9431889379440692,6.8657359191484515,4.9225469812043823,1,0,4.9225469812043823
Inflation,PCEPI,2,mid_month,2025-08,Inflation Bridge Ridge,long_memory,2025-08-15,2025-09-26,4.4044624285462604,3.1718828697414381,64,48,3.1367776616657022,1.2676847668805582,7.5412400902119625,6.2735553233314043,1,0,6.2735553233314043
Inflation,PCEPI,3,month_end,2025-08,Inflation Bridge Ridge,short_memory,2025-08-31,2025-09-26,4.0118406200436327,3.1718828697414381,66,48,3.189215062641785,0.82262555740184773,7.2010556826854177,6.37843012528357,1,0,6.37843012528357
Inflation,PCEPI,3,month_end,2025-08,Inflation Bridge Ridge,long_memory,2025-08-31,2025-09-26,4.0118406200436327,3.1718828697414381,66,48,3.189215062641785,0.82262555740184773,7.2010556826854177,6.37843012528357,1,0,6.37843012528357
Inflation,PCEPI,4,pre_release,2025-08,Inflation Bridge Ridge,short_memory,2025-09-25,2025-09-26,3.7823732234040621,3.1718828697414381,66,48,3.0969820865997413,0.68539113680432084,6.8793553100038034,6.1939641731994826,1,0,6.1939641731994826
Inflation,PCEPI,4,pre_release,2025-08,Inflation Bridge Ridge,long_memory,2025-09-25,2025-09-26,3.7823732234040621,3.1718828697414381,66,48,3.1540023435132096,0.6283708798908525,6.9363755669172722,6.3080046870264193,1,0,6.3080046870264201
Inflation,PCEPI,1,month_open,2025-09,Inflation Ridge-AR Ensemble,short_memory,2025-09-01,2025-12-05,3.4205891346923449,3.2199871816310122,65,48,2.7915109190703813,0.62907821562196364,6.2121000537627262,5.5830218381407626,1,0,5.5830218381407626
Inflation,PCEPI,1,month_open,2025-09,Inflation Ridge-AR Ensemble,long_memory,2025-09-01,2025-12-05,3.4205891346923449,3.2199871816310122,65,48,3.0055045580474413,0.41508457664490361,6.4260936927397863,6.0110091160948826,1,0,6.0110091160948826
Inflation,PCEPI,2,mid_month,2025-09,Inflation Bridge Ridge,short_memory,2025-09-15,2025-12-05,3.3972914613952527,3.2199871816310122,65,48,3.1916750542331935,0.2056164071620592,6.5889665156284458,6.3833501084663871,1,0,6.3833501084663862
Inflation,PCEPI,2,mid_month,2025-09,Inflation Bridge Ridge,long_memory,2025-09-15,2025-12-05,3.3972914613952527,3.2199871816310122,65,48,3.1916750542331935,0.2056164071620592,6.5889665156284458,6.3833501084663871,1,0,6.3833501084663862
Inflation,PCEPI,3,month_end,2025-09,Inflation Bridge Ridge,short_memory,2025-09-30,2025-12-05,3.681746966245016,3.2199871816310122,67,48,3.1149634235581769,0.56678354268683906,6.7967103898031933,6.2299268471163538,1,0,6.2299268471163547
Inflation,PCEPI,3,month_end,2025-09,Inflation Bridge Ridge,long_memory,2025-09-30,2025-12-05,3.681746966245016,3.2199871816310122,67,48,3.189215062641785,0.49253190360323096,6.870962028886801,6.37843012528357,1,0,6.37843012528357
Inflation,PCEPI,4,pre_release,2025-09,Inflation Bridge Ridge,short_memory,2025-12-04,2025-12-05,4.0409638341439829,3.2199871816310122,67,48,3.0860950751584042,0.95486875898557866,7.1270589093023871,6.1721901503168084,1,0,6.1721901503168084
Inflation,PCEPI,4,pre_release,2025-09,Inflation Bridge Ridge,long_memory,2025-12-04,2025-12-05,4.0409638341439829,3.2199871816310122,67,48,3.1540023435132096,0.88696149063077323,7.1949661776571929,6.3080046870264193,1,0,6.3080046870264201
Inflation,PCEPI,1,month_open,2025-10,Inflation Ridge-AR Ensemble,short_memory,2025-10-01,2026-01-22,2.7864766626258715,1.9072005517838164,66,48,2.4546203086479306,0.33185635397794089,5.2410969712738016,4.9092406172958611,1,0,4.9092406172958611
Inflation,PCEPI,1,month_open,2025-10,Inflation Ridge-AR Ensemble,long_memory,2025-10-01,2026-01-22,2.7864766626258715,1.9072005517838164,66,48,3.0055045580474413,-0.21902789542156986,5.7919812206733123,6.0110091160948826,1,0,6.0110091160948826
Inflation,PCEPI,2,mid_month,2025-10,Inflation Bridge Ridge,short_memory,2025-10-15,2026-01-22,2.8161650278721355,1.9072005517838164,66,48,3.1367776616657022,-0.32061263379356664,5.9529426895378377,6.2735553233314043,1,0,6.2735553233314043
Inflation,PCEPI,2,mid_month,2025-10,Inflation Bridge Ridge,long_memory,2025-10-15,2026-01-22,2.8161650278721355,1.9072005517838164,66,48,3.1916750542331935,-0.37551002636105801,6.0078400821053286,6.3833501084663871,1,0,6.3833501084663862
Inflation,PCEPI,3,month_end,2025-10,Inflation Bridge Ridge,short_memory,2025-10-31,2026-01-22,1.9435426692907678,1.9072005517838164,67,48,3.1149634235581769,-1.1714207542674091,5.0585060928489449,6.2299268471163538,1,0,6.2299268471163538
Inflation,PCEPI,3,month_end,2025-10,Inflation Bridge Ridge,long_memory,2025-10-31,2026-01-22,1.9435426692907678,1.9072005517838164,67,48,3.189215062641785,-1.2456723933510172,5.1327577319325526,6.37843012528357,1,0,6.37843012528357
Inflation,PCEPI,4,pre_release,2025-10,Inflation Bridge Ridge,short_memory,2026-01-21,2026-01-22,2.5955207280138888,1.9072005517838164,68,48,2.8599190292563499,-0.26439830124246111,5.4554397572702387,5.7198380585126998,1,0,5.7198380585126998
Inflation,PCEPI,4,pre_release,2025-10,Inflation Bridge Ridge,long_memory,2026-01-21,2026-01-22,2.5955207280138888,1.9072005517838164,68,48,3.0969820865997413,-0.5014613585858525,5.6925028146136301,6.1939641731994826,1,0,6.1939641731994826
Inflation,PCEPI,1,month_open,2025-11,Inflation Ridge-AR Ensemble,short_memory,2025-11-01,2026-01-22,2.2563883012891135,2.4851427874558851,66,48,2.4546203086479306,-0.19823200735881708,4.7110086099370445,4.9092406172958611,1,0,4.9092406172958611
Inflation,PCEPI,1,month_open,2025-11,Inflation Ridge-AR Ensemble,long_memory,2025-11-01,2026-01-22,2.2563883012891135,2.4851427874558851,66,48,3.0055045580474413,-0.74911625675832783,5.2618928593365553,6.0110091160948826,1,0,6.0110091160948826
Inflation,PCEPI,2,mid_month,2025-11,Inflation Bridge Ridge,short_memory,2025-11-15,2026-01-22,1.7915181156633864,2.4851427874558851,66,48,3.1367776616657022,-1.3452595460023158,4.9282957773290885,6.2735553233314043,1,0,6.2735553233314043
Inflation,PCEPI,2,mid_month,2025-11,Inflation Bridge Ridge,long_memory,2025-11-15,2026-01-22,1.7915181156633864,2.4851427874558851,66,48,3.1916750542331935,-1.4001569385698072,4.9831931698965803,6.3833501084663871,1,0,6.383350108466388
Inflation,PCEPI,3,month_end,2025-11,Inflation Bridge Ridge,short_memory,2025-11-30,2026-01-22,2.8081554519237124,2.4851427874558851,67,48,3.1149634235581769,-0.30680797163446449,5.9231188754818893,6.2299268471163538,1,0,6.2299268471163538
Inflation,PCEPI,3,month_end,2025-11,Inflation Bridge Ridge,long_memory,2025-11-30,2026-01-22,2.8081554519237124,2.4851427874558851,67,48,3.189215062641785,-0.38105961071807259,5.9973705145654979,6.37843012528357,1,0,6.37843012528357
Inflation,PCEPI,4,pre_release,2025-11,Inflation Bridge Ridge,short_memory,2026-01-21,2026-01-22,3.2013883837068811,2.4851427874558851,68,48,2.8599190292563499,0.34146935445053117,6.0613074129632309,5.7198380585126998,1,0,5.7198380585126998
Inflation,PCEPI,4,pre_release,2025-11,Inflation Bridge Ridge,long_memory,2026-01-21,2026-01-22,3.2013883837068811,2.4851427874558851,68,48,3.0969820865997413,0.10440629710713978,6.2983704703066223,6.1939641731994826,1,0,6.1939641731994826
Inflation,PCEPI,2,mid_month,2025-12,Inflation Bridge Ridge,short_memory,2025-12-15,2026-02-20,3.2433380468385371,4.2624502468136427,67,48,2.6132178786151314,0.63012016822340566,5.8565559254536685,5.2264357572302629,1,0,5.2264357572302629
Inflation,PCEPI,2,mid_month,2025-12,Inflation Bridge Ridge,long_memory,2025-12-15,2026-02-20,3.2433380468385371,4.2624502468136427,67,48,3.1916750542331935,0.051662992605343572,6.4350131010717302,6.3833501084663871,1,0,6.3833501084663862
Inflation,PCEPI,3,month_end,2025-12,Inflation Bridge Ridge,short_memory,2025-12-31,2026-02-20,3.2807346083798028,4.2624502468136427,68,48,2.5359974221952992,0.74473718618450357,5.8167320305751016,5.0719948443905984,1,0,5.0719948443905984
Inflation,PCEPI,3,month_end,2025-12,Inflation Bridge Ridge,long_memory,2025-12-31,2026-02-20,3.2807346083798028,4.2624502468136427,68,48,3.189215062641785,0.091519545738017793,6.4699496710215882,6.37843012528357,1,0,6.37843012528357
Inflation,PCEPI,4,pre_release,2025-12,Inflation Bridge Ridge,short_memory,2026-02-19,2026-02-20,3.4838381831808403,4.2624502468136427,70,48,2.5251322114627892,0.95870597171805105,6.0089703946436295,5.0502644229255784,1,0,5.0502644229255784
Inflation,PCEPI,4,pre_release,2025-12,Inflation Bridge Ridge,long_memory,2026-02-19,2026-02-20,3.4838381831808403,4.2624502468136427,70,48,3.0860950751584042,0.39774310802243606,6.569933258339244,6.1721901503168084,1,0,6.1721901503168084
Inflation,PCEPI,3,month_end,2026-01,Inflation Bridge Ridge,short_memory,2026-01-31,2026-03-13,3.8078377764552411,3.298343588451047,70,48,2.4238258165683715,1.3840119598868696,6.2316635930236126,4.847651633136743,1,0,4.847651633136743
Inflation,PCEPI,3,month_end,2026-01,Inflation Bridge Ridge,long_memory,2026-01-31,2026-03-13,3.8078377764552411,3.298343588451047,70,48,3.1149634235581769,0.69287435289706423,6.922801200013418,6.2299268471163538,1,0,6.2299268471163538
Inflation,PCEPI,4,pre_release,2026-01,Inflation Bridge Ridge,short_memory,2026-03-12,2026-03-13,3.6381999663876536,3.298343588451047,71,48,2.2922790111415425,1.3459209552461111,5.9304789775291962,4.5845580222830851,1,0,4.5845580222830851
Inflation,PCEPI,4,pre_release,2026-01,Inflation Bridge Ridge,long_memory,2026-03-12,2026-03-13,3.6381999663876536,3.298343588451047,71,48,3.0860950751584042,0.55210489122924944,6.7242950415460578,6.1721901503168084,1,0,6.1721901503168084
Inflation,PCEPI,1,month_open,2026-02,Inflation Ridge-AR Ensemble,short_memory,2026-02-01,2026-04-09,3.4000424553965454,4.4951177501893369,69,48,2.0943202236627609,1.3057222317337844,5.4943626790593063,4.1886404473255219,1,0,4.1886404473255219
Inflation,PCEPI,1,month_open,2026-02,Inflation Ridge-AR Ensemble,long_memory,2026-02-01,2026-04-09,3.4000424553965454,4.4951177501893369,69,48,2.8034305850878489,0.59661187030869645,6.2034730404843943,5.6068611701756979,1,0,5.6068611701756979
Inflation,PCEPI,2,mid_month,2026-02,Inflation Bridge Ridge,short_memory,2026-02-15,2026-04-09,4.3086759596206425,4.4951177501893369,69,48,2.4612734906021911,1.8474024690184514,6.7699494502228337,4.9225469812043823,1,0,4.9225469812043823
Inflation,PCEPI,2,mid_month,2026-02,Inflation Bridge Ridge,long_memory,2026-02-15,2026-04-09,4.3086759596206425,4.4951177501893369,69,48,3.1367776616657022,1.1718982979549404,7.4454536212863447,6.2735553233314043,1,0,6.2735553233314043
Inflation,PCEPI,3,month_end,2026-02,Inflation Bridge Ridge,short_memory,2026-02-28,2026-04-09,3.88999986264932,4.4951177501893369,71,48,2.3630756669646731,1.5269241956846469,6.2530755296139926,4.7261513339293462,1,0,4.7261513339293462
Inflation,PCEPI,3,month_end,2026-02,Inflation Bridge Ridge,long_memory,2026-02-28,2026-04-09,3.88999986264932,4.4951177501893369,71,48,3.1149634235581769,0.77503643909114306,7.0049632862074969,6.2299268471163538,1,0,6.2299268471163538
Inflation,PCEPI,4,pre_release,2026-02,Inflation Bridge Ridge,short_memory,2026-04-08,2026-04-09,3.7655576176931915,4.4951177501893369,72,48,2.0662921675791281,1.6992654501140634,5.8318497852723201,4.1325843351582563,1,0,4.1325843351582563
Inflation,PCEPI,4,pre_release,2026-02,Inflation Bridge Ridge,long_memory,2026-04-08,2026-04-09,3.7655576176931915,4.4951177501893369,72,48,2.8599190292563499,0.90563858843684164,6.6254766469495419,5.7198380585126998,1,0,5.7198380585126998
Inflation,PCEPI,1,month_open,2026-03,Inflation Ridge-AR Ensemble,short_memory,2026-03-01,2026-04-30,3.3327028503537415,7.9437456213664603,69,48,2.0943202236627609,1.2383826266909805,5.4270230740165024,4.1886404473255219,0,1,29.355865920825099
Inflation,PCEPI,1,month_open,2026-03,Inflation Ridge-AR Ensemble,long_memory,2026-03-01,2026-04-30,3.3327028503537415,7.9437456213664603,69,48,2.8034305850878489,0.52927226526589255,6.1361334354415904,5.6068611701756979,0,1,23.682983029424399
Inflation,PCEPI,2,mid_month,2026-03,Inflation Bridge Ridge,short_memory,2026-03-15,2026-04-30,4.5214186407291859,7.9437456213664603,70,48,2.4612734906021911,2.0601451501269947,6.982692131331377,4.9225469812043823,0,1,14.533081881555216
Inflation,PCEPI,2,mid_month,2026-03,Inflation Bridge Ridge,long_memory,2026-03-15,2026-04-30,4.5214186407291859,7.9437456213664603,70,48,3.1367776616657022,1.3846409790634837,7.658196302394888,6.2735553233314043,0,1,9.1290485130471275
Inflation,PCEPI,3,month_end,2026-03,Inflation Bridge Ridge,short_memory,2026-03-31,2026-04-30,4.7527733782429351,7.9437456213664603,72,48,1.9692887680248745,2.7834846102180606,6.7220621462678096,3.938577536049749,0,1,16.155412287036256
Inflation,PCEPI,3,month_end,2026-03,Inflation Bridge Ridge,long_memory,2026-03-31,2026-04-30,4.7527733782429351,7.9437456213664603,72,48,2.5359974221952992,2.2167759560476359,7.2887708004382343,5.0719948443905984,0,1,11.621743053672859
Inflation,PCEPI,4,pre_release,2026-03,Inflation Bridge Ridge,short_memory,2026-04-29,2026-04-30,4.499710668308289,7.9437456213664603,73,48,1.8272250816525206,2.6724855866557684,6.3269357499608097,3.6544501633050412,0,1,19.822548877361548
Inflation,PCEPI,4,pre_release,2026-03,Inflation Bridge Ridge,long_memory,2026-04-29,2026-04-30,4.499710668308289,7.9437456213664603,73,48,2.5251322114627892,1.9745784568454998,7.0248428797710787,5.0502644229255784,0,1,14.239291838879396
Inflation,PCEPI,1,month_open,2026-04,Inflation Ridge-AR Ensemble,short_memory,2026-04-01,2026-05-28,4.7129198175604898,4.7856219395313815,69,48,2.0943202236627609,2.6185995938977289,6.8072400412232508,4.1886404473255219,1,0,4.1886404473255219
Inflation,PCEPI,1,month_open,2026-04,Inflation Ridge-AR Ensemble,long_memory,2026-04-01,2026-05-28,4.7129198175604898,4.7856219395313815,69,48,2.8034305850878489,1.9094892324726409,7.5163504026483388,5.6068611701756979,1,0,5.6068611701756979
Inflation,PCEPI,2,mid_month,2026-04,Inflation Bridge Ridge,short_memory,2026-04-15,2026-05-28,6.5729435373133915,4.7856219395313815,71,48,2.0268021324646686,4.546141404848723,8.5997456697780592,4.0536042649293371,1,0,4.0536042649293362
Inflation,PCEPI,2,mid_month,2026-04,Inflation Bridge Ridge,long_memory,2026-04-15,2026-05-28,6.5729435373133915,4.7856219395313815,71,48,2.6132178786151314,3.9597256586982601,9.1861614159285239,5.2264357572302629,1,0,5.2264357572302638
Inflation,PCEPI,3,month_end,2026-04,Inflation Bridge Ridge,short_memory,2026-04-30,2026-05-28,6.8037525382382213,4.7856219395313815,73,48,1.6796860730145737,5.1240664652236472,8.4834386112527955,3.3593721460291475,0,1,6.7438174029518052
Inflation,PCEPI,3,month_end,2026-04,Inflation Bridge Ridge,long_memory,2026-04-30,2026-05-28,6.8037525382382213,4.7856219395313815,73,48,2.5128407660517582,4.2909117721864636,9.3165933042899791,5.0256815321035164,1,0,5.0256815321035155
Inflation,PCEPI,4,pre_release,2026-04,Inflation Bridge Ridge,short_memory,2026-05-27,2026-05-28,6.9660567515618457,4.7856219395313815,74,48,2.5251322114627892,4.440924540099056,9.4911889630246353,5.0502644229255784,1,0,5.0502644229255793
Inflation,PCEPI,4,pre_release,2026-04,Inflation Bridge Ridge,long_memory,2026-05-27,2026-05-28,6.9660567515618457,4.7856219395313815,74,48,3.0860950751584042,3.8799616764034415,10.05215182672025,6.1721901503168084,1,0,6.1721901503168084
Inflation,PCEPI,1,month_open,2026-05,Inflation Ridge-AR Ensemble,short_memory,2026-05-01,2026-06-25,4.7055476137673597,5.3858700130746229,71,48,2.4546203086479306,2.2509273051194292,7.1601679224152903,4.9092406172958611,1,0,4.9092406172958611
Inflation,PCEPI,1,month_open,2026-05,Inflation Ridge-AR Ensemble,long_memory,2026-05-01,2026-06-25,4.7055476137673597,5.3858700130746229,71,48,2.8851761151991848,1.8203714985681749,7.5907237289665446,5.7703522303983696,1,0,5.7703522303983696
Inflation,PCEPI,2,mid_month,2026-05,Inflation Bridge Ridge,short_memory,2026-05-15,2026-06-25,5.7106213243457091,5.3858700130746229,72,48,3.1367776616657022,2.573843662680007,8.8473989860114113,6.2735553233314043,1,0,6.2735553233314043
Inflation,PCEPI,2,mid_month,2026-05,Inflation Bridge Ridge,long_memory,2026-05-15,2026-06-25,5.7106213243457091,5.3858700130746229,72,48,3.1916750542331935,2.5189462701125156,8.9022963785789031,6.3833501084663871,1,0,6.383350108466388
Inflation,PCEPI,3,month_end,2026-05,Inflation Bridge Ridge,short_memory,2026-05-31,2026-06-25,5.5907847680997289,5.3858700130746229,75,48,2.4238258165683715,3.1669589515313574,8.0146105846680999,4.847651633136743,1,0,4.8476516331367421
Inflation,PCEPI,3,month_end,2026-05,Inflation Bridge Ridge,long_memory,2026-05-31,2026-06-25,5.5907847680997289,5.3858700130746229,75,48,2.5359974221952992,3.0547873459044297,8.1267821902950281,5.0719948443905984,1,0,5.0719948443905984
Inflation,PCEPI,4,pre_release,2026-05,Inflation Bridge Ridge,short_memory,2026-06-24,2026-06-25,5.3715549149774784,5.3858700130746229,75,48,2.5051976178511457,2.8663572971263327,7.8767525328286236,5.0103952357022914,1,0,5.0103952357022905
Inflation,PCEPI,4,pre_release,2026-05,Inflation Bridge Ridge,long_memory,2026-06-24,2026-06-25,5.3715549149774784,5.3858700130746229,75,48,2.8599190292563499,2.5116358857211285,8.2314739442338283,5.7198380585126998,1,0,5.7198380585126998
Inflation,PCEPILFE,1,month_open,2023-02,Inflation Bridge Ridge,short_memory,2023-02-01,2023-03-31,3.6242534588784245,3.5927744819368002,34,34,3.4308680653934553,0.19338539348496919,7.0551215242718799,6.8617361307869107,1,0,6.8617361307869107
Inflation,PCEPILFE,1,month_open,2023-02,Inflation Bridge Ridge,long_memory,2023-02-01,2023-03-31,3.6242534588784245,3.5927744819368002,34,34,3.4308680653934553,0.19338539348496919,7.0551215242718799,6.8617361307869107,1,0,6.8617361307869107
Inflation,PCEPILFE,2,mid_month,2023-02,Inflation Ridge-AR Ensemble,short_memory,2023-02-15,2023-03-31,3.1111018662580676,3.5927744819368002,34,34,2.8239244349884634,0.28717743126960427,5.9350263012465305,5.6478488699769267,1,0,5.6478488699769258
Inflation,PCEPILFE,2,mid_month,2023-02,Inflation Ridge-AR Ensemble,long_memory,2023-02-15,2023-03-31,3.1111018662580676,3.5927744819368002,34,34,2.8239244349884634,0.28717743126960427,5.9350263012465305,5.6478488699769267,1,0,5.6478488699769258
Inflation,PCEPILFE,3,month_end,2023-02,Inflation Bridge Ridge,short_memory,2023-02-28,2023-03-31,4.124299090620184,3.5927744819368002,36,36,3.2907218942237044,0.83357719639647954,7.4150209848438884,6.5814437884474088,1,0,6.5814437884474088
Inflation,PCEPILFE,3,month_end,2023-02,Inflation Bridge Ridge,long_memory,2023-02-28,2023-03-31,4.124299090620184,3.5927744819368002,36,36,3.2907218942237044,0.83357719639647954,7.4150209848438884,6.5814437884474088,1,0,6.5814437884474088
Inflation,PCEPILFE,4,pre_release,2023-02,Inflation Bridge Ridge,short_memory,2023-03-30,2023-03-31,4.2340337647504258,3.5927744819368002,36,36,3.1460556225225633,1.0879781422278625,7.3800893872729887,6.2921112450451266,1,0,6.2921112450451258
Inflation,PCEPILFE,4,pre_release,2023-02,Inflation Bridge Ridge,long_memory,2023-03-30,2023-03-31,4.2340337647504258,3.5927744819368002,36,36,2.9700303303122446,1.2640034344381812,7.2040640950626704,5.9400606606244892,1,0,5.9400606606244892
Inflation,PCEPILFE,1,month_open,2023-03,Inflation Bridge Ridge,short_memory,2023-03-01,2023-04-28,4.6595101618044676,3.3620345288436937,35,35,3.4466592235768072,1.2128509382276604,8.1061693853812749,6.8933184471536144,1,0,6.8933184471536144
Inflation,PCEPILFE,1,month_open,2023-03,Inflation Bridge Ridge,long_memory,2023-03-01,2023-04-28,4.6595101618044676,3.3620345288436937,35,35,3.4308680653934553,1.2286420964110123,8.0903782271979239,6.8617361307869107,1,0,6.8617361307869116
Inflation,PCEPILFE,2,mid_month,2023-03,Inflation Ridge-AR Ensemble,short_memory,2023-03-15,2023-04-28,4.74861339247731,3.3620345288436937,35,35,3.2202847662563192,1.5283286262209907,7.9688981587336292,6.4405695325126384,1,0,6.4405695325126384
Inflation,PCEPILFE,2,mid_month,2023-03,Inflation Ridge-AR Ensemble,long_memory,2023-03-15,2023-04-28,4.74861339247731,3.3620345288436937,35,35,3.0318591685455667,1.7167542239317433,7.7804725610228767,6.0637183370911334,1,0,6.0637183370911334
Inflation,PCEPILFE,3,month_end,2023-03,Inflation Bridge Ridge,short_memory,2023-03-31,2023-04-28,4.044872790420631,3.3620345288436937,36,36,3.2907218942237044,0.75415089619692655,7.3355946846443354,6.5814437884474088,1,0,6.5814437884474088
Inflation,PCEPILFE,3,month_end,2023-03,Inflation Bridge Ridge,long_memory,2023-03-31,2023-04-28,4.044872790420631,3.3620345288436937,36,36,3.2907218942237044,0.75415089619692655,7.3355946846443354,6.5814437884474088,1,0,6.5814437884474088
Inflation,PCEPILFE,4,pre_release,2023-03,Inflation Bridge Ridge,short_memory,2023-04-27,2023-04-28,4.0181119135416647,3.3620345288436937,37,37,3.1460556225225633,0.87205629101910143,7.1641675360642285,6.2921112450451266,1,0,6.2921112450451275
Inflation,PCEPILFE,4,pre_release,2023-03,Inflation Bridge Ridge,long_memory,2023-04-27,2023-04-28,4.0181119135416647,3.3620345288436937,37,37,2.9700303303122446,1.0480815832294201,6.9881422438539094,5.9400606606244892,1,0,5.9400606606244892
Inflation,PCEPILFE,1,month_open,2023-04,Inflation Bridge Ridge,short_memory,2023-04-01,2023-05-26,3.2654754144011613,4.554585141444889,36,36,3.4466592235768072,-0.18118380917564592,6.7121346379779681,6.8933184471536144,1,0,6.8933184471536144
Inflation,PCEPILFE,1,month_open,2023-04,Inflation Bridge Ridge,long_memory,2023-04-01,2023-05-26,3.2654754144011613,4.554585141444889,36,36,3.4308680653934553,-0.16539265099229405,6.6963434797946171,6.8617361307869107,1,0,6.8617361307869107
Inflation,PCEPILFE,2,mid_month,2023-04,Inflation Ridge-AR Ensemble,short_memory,2023-04-15,2023-05-26,2.9720535801079642,4.554585141444889,36,36,3.0318591685455667,-0.05980558843760253,6.0039127486535309,6.0637183370911334,1,0,6.0637183370911334
Inflation,PCEPILFE,2,mid_month,2023-04,Inflation Ridge-AR Ensemble,long_memory,2023-04-15,2023-05-26,2.9720535801079642,4.554585141444889,36,36,3.0318591685455667,-0.05980558843760253,6.0039127486535309,6.0637183370911334,1,0,6.0637183370911334
Inflation,PCEPILFE,3,month_end,2023-04,Inflation Bridge Ridge,short_memory,2023-04-30,2023-05-26,2.8961892405978524,4.554585141444889,38,38,3.2907218942237044,-0.39453265362585199,6.1869111348215569,6.5814437884474088,1,0,6.5814437884474088
Inflation,PCEPILFE,3,month_end,2023-04,Inflation Bridge Ridge,long_memory,2023-04-30,2023-05-26,2.8961892405978524,4.554585141444889,38,38,3.1300078861722076,-0.23381864557435517,6.02619712677006,6.2600157723444152,1,0,6.2600157723444152
Inflation,PCEPILFE,4,pre_release,2023-04,Inflation Bridge Ridge,short_memory,2023-05-25,2023-05-26,2.9119510571340399,4.554585141444889,38,38,2.9700303303122446,-0.058079273178204716,5.8819813874462845,5.9400606606244892,1,0,5.9400606606244892
Inflation,PCEPILFE,4,pre_release,2023-04,Inflation Bridge Ridge,long_memory,2023-05-25,2023-05-26,2.9119510571340399,4.554585141444889,38,38,2.9700303303122446,-0.058079273178204716,5.8819813874462845,5.9400606606244892,1,0,5.9400606606244892
Inflation,PCEPILFE,1,month_open,2023-05,Inflation Bridge Ridge,short_memory,2023-05-01,2023-06-30,3.0481480458652217,3.770491061349901,37,37,3.4308680653934553,-0.38272001952823365,6.4790161112586766,6.8617361307869107,1,0,6.8617361307869107
Inflation,PCEPILFE,1,month_open,2023-05,Inflation Bridge Ridge,long_memory,2023-05-01,2023-06-30,3.0481480458652217,3.770491061349901,37,37,3.4308680653934553,-0.38272001952823365,6.4790161112586766,6.8617361307869107,1,0,6.8617361307869107
Inflation,PCEPILFE,2,mid_month,2023-05,Inflation Ridge-AR Ensemble,short_memory,2023-05-15,2023-06-30,3.0377435746158108,3.770491061349901,37,37,3.0318591685455667,0.005884406070244097,6.0696027431613775,6.0637183370911334,1,0,6.0637183370911334
Inflation,PCEPILFE,2,mid_month,2023-05,Inflation Ridge-AR Ensemble,long_memory,2023-05-15,2023-06-30,3.0377435746158108,3.770491061349901,37,37,2.8239244349884634,0.21381913962734744,5.8616680096042746,5.6478488699769267,1,0,5.6478488699769276
Inflation,PCEPILFE,3,month_end,2023-05,Inflation Bridge Ridge,short_memory,2023-05-31,2023-06-30,3.4744344730744441,3.770491061349901,39,39,3.2907218942237044,0.18371257885073966,6.7651563672981485,6.5814437884474088,1,0,6.5814437884474088
Inflation,PCEPILFE,3,month_end,2023-05,Inflation Bridge Ridge,long_memory,2023-05-31,2023-06-30,3.4744344730744441,3.770491061349901,39,39,3.1300078861722076,0.34442658690223649,6.6044423592466517,6.2600157723444152,1,0,6.2600157723444152
Inflation,PCEPILFE,4,pre_release,2023-05,Inflation Bridge Ridge,short_memory,2023-06-29,2023-06-30,3.3858445976397169,3.770491061349901,39,39,2.9700303303122446,0.41581426732747229,6.3558749279519615,5.9400606606244892,1,0,5.9400606606244892
Inflation,PCEPILFE,4,pre_release,2023-05,Inflation Bridge Ridge,long_memory,2023-06-29,2023-06-30,3.3858445976397169,3.770491061349901,39,39,2.9700303303122446,0.41581426732747229,6.3558749279519615,5.9400606606244892,1,0,5.9400606606244892
Inflation,PCEPILFE,1,month_open,2023-06,Inflation Bridge Ridge,short_memory,2023-06-01,2023-07-28,3.3009235670685637,1.9843224364830547,38,38,3.4308680653934553,-0.12994449832489163,6.7317916324620191,6.8617361307869107,1,0,6.8617361307869107
Inflation,PCEPILFE,1,month_open,2023-06,Inflation Bridge Ridge,long_memory,2023-06-01,2023-07-28,3.3009235670685637,1.9843224364830547,38,38,3.4308680653934553,-0.12994449832489163,6.7317916324620191,6.8617361307869107,1,0,6.8617361307869107
Inflation,PCEPILFE,2,mid_month,2023-06,Inflation Ridge-AR Ensemble,short_memory,2023-06-15,2023-07-28,3.4947779912316284,1.9843224364830547,38,38,2.8239244349884634,0.67085355624316501,6.3187024262200921,5.6478488699769267,1,0,5.6478488699769276
Inflation,PCEPILFE,2,mid_month,2023-06,Inflation Ridge-AR Ensemble,long_memory,2023-06-15,2023-07-28,3.4947779912316284,1.9843224364830547,38,38,2.8239244349884634,0.67085355624316501,6.3187024262200921,5.6478488699769267,1,0,5.6478488699769276
Inflation,PCEPILFE,3,month_end,2023-06,Inflation Bridge Ridge,short_memory,2023-06-30,2023-07-28,3.30375020284258,1.9843224364830547,39,39,3.2907218942237044,0.013028308618875606,6.5944720970662845,6.5814437884474088,1,0,6.5814437884474088
Inflation,PCEPILFE,3,month_end,2023-06,Inflation Bridge Ridge,long_memory,2023-06-30,2023-07-28,3.30375020284258,1.9843224364830547,39,39,3.1300078861722076,0.17374231667037243,6.4337580890147876,6.2600157723444152,1,0,6.2600157723444152
Inflation,PCEPILFE,4,pre_release,2023-06,Inflation Bridge Ridge,short_memory,2023-07-27,2023-07-28,3.237675325320164,1.9843224364830547,40,40,2.9700303303122446,0.26764499500791938,6.2077056556324086,5.9400606606244892,1,0,5.9400606606244892
Inflation,PCEPILFE,4,pre_release,2023-06,Inflation Bridge Ridge,long_memory,2023-07-27,2023-07-28,3.237675325320164,1.9843224364830547,40,40,2.9007249623579066,0.33695036296225744,6.1384002876780706,5.8014499247158131,1,0,5.8014499247158131
Inflation,PCEPILFE,1,month_open,2023-07,Inflation Bridge Ridge,short_memory,2023-07-01,2023-08-31,3.6206979745649881,2.587969751250796,39,39,3.4308680653934553,0.18982990917153275,7.051566039958443,6.8617361307869107,1,0,6.8617361307869107
Inflation,PCEPILFE,1,month_open,2023-07,Inflation Bridge Ridge,long_memory,2023-07-01,2023-08-31,3.6206979745649881,2.587969751250796,39,39,3.4308680653934553,0.18982990917153275,7.051566039958443,6.8617361307869107,1,0,6.8617361307869107
Inflation,PCEPILFE,2,mid_month,2023-07,Inflation Ridge-AR Ensemble,short_memory,2023-07-15,2023-08-31,2.9055926623271482,2.587969751250796,39,39,2.8239244349884634,0.08166822733868484,5.7295170973156111,5.6478488699769267,1,0,5.6478488699769258
Inflation,PCEPILFE,2,mid_month,2023-07,Inflation Ridge-AR Ensemble,long_memory,2023-07-15,2023-08-31,2.9055926623271482,2.587969751250796,39,39,2.8239244349884634,0.08166822733868484,5.7295170973156111,5.6478488699769267,1,0,5.6478488699769258
Inflation,PCEPILFE,3,month_end,2023-07,Inflation Bridge Ridge,short_memory,2023-07-31,2023-08-31,2.3391938785512076,2.587969751250796,41,41,2.9378874073615409,-0.59869352881033322,5.2770812859127485,5.8757748147230817,1,0,5.8757748147230817
Inflation,PCEPILFE,3,month_end,2023-07,Inflation Bridge Ridge,long_memory,2023-07-31,2023-08-31,2.3391938785512076,2.587969751250796,41,41,2.9378874073615409,-0.59869352881033322,5.2770812859127485,5.8757748147230817,1,0,5.8757748147230817
Inflation,PCEPILFE,4,pre_release,2023-07,Inflation Bridge Ridge,short_memory,2023-08-30,2023-08-31,2.5823442226994047,2.587969751250796,41,41,2.9007249623579066,-0.31838073965850189,5.4830691850573112,5.8014499247158131,1,0,5.8014499247158131
Inflation,PCEPILFE,4,pre_release,2023-07,Inflation Bridge Ridge,long_memory,2023-08-30,2023-08-31,2.5823442226994047,2.587969751250796,41,41,2.9007249623579066,-0.31838073965850189,5.4830691850573112,5.8014499247158131,1,0,5.8014499247158131
Inflation,PCEPILFE,1,month_open,2023-08,Inflation Bridge Ridge,short_memory,2023-08-01,2023-09-29,1.9208254838887413,1.7367228667325207,40,40,3.4308680653934553,-1.510042581504714,5.3516935492821966,6.8617361307869107,1,0,6.8617361307869107
Inflation,PCEPILFE,1,month_open,2023-08,Inflation Bridge Ridge,long_memory,2023-08-01,2023-09-29,1.9208254838887413,1.7367228667325207,40,40,2.8129326040539935,-0.89210712016525218,4.7337580879427348,5.625865208107987,1,0,5.625865208107987
Inflation,PCEPILFE,2,mid_month,2023-08,Inflation Ridge-AR Ensemble,short_memory,2023-08-15,2023-09-29,2.0399197039859871,1.7367228667325207,40,40,2.6061490301432264,-0.56622932615723931,4.646068734129214,5.2122980602864528,1,0,5.2122980602864537
Inflation,PCEPILFE,2,mid_month,2023-08,Inflation Ridge-AR Ensemble,long_memory,2023-08-15,2023-09-29,2.0399197039859871,1.7367228667325207,40,40,2.8239244349884634,-0.78400473100247625,4.86384413897445,5.6478488699769267,1,0,5.6478488699769258
Inflation,PCEPILFE,3,month_end,2023-08,Inflation Bridge Ridge,short_memory,2023-08-31,2023-09-29,2.1519150491067824,1.7367228667325207,41,41,2.9378874073615409,-0.78597235825475842,5.0898024564683233,5.8757748147230817,1,0,5.8757748147230817
Inflation,PCEPILFE,3,month_end,2023-08,Inflation Bridge Ridge,long_memory,2023-08-31,2023-09-29,2.1519150491067824,1.7367228667325207,41,41,2.9378874073615409,-0.78597235825475842,5.0898024564683233,5.8757748147230817,1,0,5.8757748147230817
Inflation,PCEPILFE,4,pre_release,2023-08,Inflation Bridge Ridge,short_memory,2023-09-28,2023-09-29,2.0818377961298764,1.7367228667325207,42,42,2.5942308586775091,-0.51239306254763273,4.676068654807386,5.1884617173550183,1,0,5.1884617173550183
Inflation,PCEPILFE,4,pre_release,2023-08,Inflation Bridge Ridge,long_memory,2023-09-28,2023-09-29,2.0818377961298764,1.7367228667325207,42,42,2.5942308586775091,-0.51239306254763273,4.676068654807386,5.1884617173550183,1,0,5.1884617173550183
Inflation,PCEPILFE,1,month_open,2023-09,Inflation Bridge Ridge,short_memory,2023-09-01,2023-10-27,3.2351885626269943,3.5771121539678319,41,41,2.7046363741711144,0.53055218845587993,5.9398249367981091,5.4092727483422287,1,0,5.4092727483422287
Inflation,PCEPILFE,1,month_open,2023-09,Inflation Bridge Ridge,long_memory,2023-09-01,2023-10-27,3.2351885626269943,3.5771121539678319,41,41,2.7046363741711144,0.53055218845587993,5.9398249367981091,5.4092727483422287,1,0,5.4092727483422287
Inflation,PCEPILFE,2,mid_month,2023-09,Inflation Ridge-AR Ensemble,short_memory,2023-09-15,2023-10-27,2.5492192762479533,3.5771121539678319,41,41,2.5837675469938173,-0.034548270745863974,5.1329868232417706,5.1675350939876346,1,0,5.1675350939876346
Inflation,PCEPILFE,2,mid_month,2023-09,Inflation Ridge-AR Ensemble,long_memory,2023-09-15,2023-10-27,2.5492192762479533,3.5771121539678319,41,41,2.6061490301432264,-0.056929753895273105,5.1553683063911802,5.2122980602864528,1,0,5.2122980602864537
Inflation,PCEPILFE,3,month_end,2023-09,Inflation Bridge Ridge,short_memory,2023-09-30,2023-10-27,2.5095974036463016,3.5771121539678319,43,43,2.5094965360428994,0.00010086760340222156,5.0190939396892009,5.0189930720857987,1,0,5.0189930720857987
Inflation,PCEPILFE,3,month_end,2023-09,Inflation Bridge Ridge,long_memory,2023-09-30,2023-10-27,2.5095974036463016,3.5771121539678319,43,43,2.6333305695014451,-0.12373316585514349,5.1429279731477466,5.2666611390028901,1,0,5.2666611390028901
Inflation,PCEPILFE,4,pre_release,2023-09,Inflation Bridge Ridge,short_memory,2023-10-26,2023-10-27,2.6616943583582442,3.5771121539678319,43,43,2.4343740738576702,0.22732028450057395,5.0960684322159144,4.8687481477153405,1,0,4.8687481477153405
Inflation,PCEPILFE,4,pre_release,2023-09,Inflation Bridge Ridge,long_memory,2023-10-26,2023-10-27,2.6616943583582442,3.5771121539678319,43,43,2.5942308586775091,0.067463499680735062,5.2559252170357533,5.1884617173550183,1,0,5.1884617173550183
Inflation,PCEPILFE,1,month_open,2023-10,Inflation Bridge Ridge,short_memory,2023-10-01,2023-11-30,2.7861230288553873,1.9598534466631179,42,42,2.7046363741711144,0.081486654684272963,5.4907594030265017,5.4092727483422287,1,0,5.4092727483422287
Inflation,PCEPILFE,1,month_open,2023-10,Inflation Bridge Ridge,long_memory,2023-10-01,2023-11-30,2.7861230288553873,1.9598534466631179,42,42,2.7046363741711144,0.081486654684272963,5.4907594030265017,5.4092727483422287,1,0,5.4092727483422287
Inflation,PCEPILFE,2,mid_month,2023-10,Inflation Ridge-AR Ensemble,short_memory,2023-10-15,2023-11-30,2.358697292756442,1.9598534466631179,42,42,2.5837675469938173,-0.22507025423737526,4.9424648397502597,5.1675350939876346,1,0,5.1675350939876346
Inflation,PCEPILFE,2,mid_month,2023-10,Inflation Ridge-AR Ensemble,long_memory,2023-10-15,2023-11-30,2.358697292756442,1.9598534466631179,42,42,2.5837675469938173,-0.22507025423737526,4.9424648397502597,5.1675350939876346,1,0,5.1675350939876346
Inflation,PCEPILFE,3,month_end,2023-10,Inflation Bridge Ridge,short_memory,2023-10-31,2023-11-30,3.301426710842009,1.9598534466631179,44,44,2.5094965360428994,0.79193017479910965,5.8109232468849079,5.0189930720857987,1,0,5.0189930720857987
Inflation,PCEPILFE,3,month_end,2023-10,Inflation Bridge Ridge,long_memory,2023-10-31,2023-11-30,3.301426710842009,1.9598534466631179,44,44,2.5094965360428994,0.79193017479910965,5.8109232468849079,5.0189930720857987,1,0,5.0189930720857987
Inflation,PCEPILFE,4,pre_release,2023-10,Inflation Bridge Ridge,short_memory,2023-11-29,2023-11-30,3.4568223884409917,1.9598534466631179,44,44,2.4343740738576702,1.0224483145833214,5.8911964622986623,4.8687481477153405,1,0,4.8687481477153405
Inflation,PCEPILFE,4,pre_release,2023-10,Inflation Bridge Ridge,long_memory,2023-11-29,2023-11-30,3.4568223884409917,1.9598534466631179,44,44,2.4735842611026904,0.98323812733830129,5.9304066495436825,4.9471685222053807,1,0,4.9471685222053807
Inflation,PCEPILFE,1,month_open,2023-11,Inflation Bridge Ridge,short_memory,2023-11-01,2023-12-22,3.7556095101591773,0.69967933346966049,43,43,2.7046363741711144,1.050973135988063,6.4602458843302912,5.4092727483422287,0,1,8.9222107735262526
Inflation,PCEPILFE,1,month_open,2023-11,Inflation Bridge Ridge,long_memory,2023-11-01,2023-12-22,3.7556095101591773,0.69967933346966049,43,43,2.7046363741711144,1.050973135988063,6.4602458843302912,5.4092727483422287,0,1,8.9222107735262526
Inflation,PCEPILFE,2,mid_month,2023-11,Inflation Ridge-AR Ensemble,short_memory,2023-11-15,2023-12-22,3.2869197761677444,0.69967933346966049,43,43,2.5837675469938173,0.70315222917392717,5.8706873231615617,5.1675350939876346,0,1,5.2022640510303013
Inflation,PCEPILFE,2,mid_month,2023-11,Inflation Ridge-AR Ensemble,long_memory,2023-11-15,2023-12-22,3.2869197761677444,0.69967933346966049,43,43,2.5837675469938173,0.70315222917392717,5.8706873231615617,5.1675350939876346,0,1,5.2022640510303013
Inflation,PCEPILFE,3,month_end,2023-11,Inflation Bridge Ridge,short_memory,2023-11-30,2023-12-22,3.1010351136496999,0.69967933346966049,44,44,2.5094965360428994,0.59153857760680051,5.6105316496925992,5.0189930720857987,1,0,5.0189930720857987
Inflation,PCEPILFE,3,month_end,2023-11,Inflation Bridge Ridge,long_memory,2023-11-30,2023-12-22,3.1010351136496999,0.69967933346966049,44,44,2.5094965360428994,0.59153857760680051,5.6105316496925992,5.0189930720857987,1,0,5.0189930720857987
Inflation,PCEPILFE,4,pre_release,2023-11,Inflation Bridge Ridge,short_memory,2023-12-21,2023-12-22,3.1186638732826286,0.69967933346966049,45,45,2.3129727458726546,0.80569112740997406,5.4316366191552827,4.6259454917453091,0,1,5.6860634311484448
Inflation,PCEPILFE,4,pre_release,2023-11,Inflation Bridge Ridge,long_memory,2023-12-21,2023-12-22,3.1186638732826286,0.69967933346966049,45,45,2.4343740738576702,0.68428979942495838,5.5530379471402984,4.8687481477153405,1,0,4.8687481477153405
Inflation,PCEPILFE,1,month_open,2023-12,Inflation Bridge Ridge,short_memory,2023-12-01,2024-01-26,1.9331196614103625,2.0567268806672701,44,44,2.0814282786934148,-0.14830861728305234,4.0145479401037774,4.1628565573868297,1,0,4.1628565573868297
Inflation,PCEPILFE,1,month_open,2023-12,Inflation Bridge Ridge,long_memory,2023-12-01,2024-01-26,1.9331196614103625,2.0567268806672701,44,44,2.7046363741711144,-0.77151671276075184,4.6377560355814769,5.4092727483422287,1,0,5.4092727483422287
Inflation,PCEPILFE,2,mid_month,2023-12,Inflation Ridge-AR Ensemble,short_memory,2023-12-15,2024-01-26,2.1202744460558463,2.0567268806672701,44,44,2.4211622065506013,-0.30088776049475507,4.541436652606448,4.8423244131012027,1,0,4.8423244131012027
Inflation,PCEPILFE,2,mid_month,2023-12,Inflation Ridge-AR Ensemble,long_memory,2023-12-15,2024-01-26,2.1202744460558463,2.0567268806672701,44,44,2.5837675469938173,-0.46349310093797103,4.704041993049664,5.1675350939876346,1,0,5.1675350939876346
Inflation,PCEPILFE,3,month_end,2023-12,Inflation Bridge Ridge,short_memory,2023-12-31,2024-01-26,1.7386116341158033,2.0567268806672701,46,46,2.4013557801800394,-0.66274414606423604,4.1399674142958425,4.8027115603600787,1,0,4.8027115603600787
Inflation,PCEPILFE,3,month_end,2023-12,Inflation Bridge Ridge,long_memory,2023-12-31,2024-01-26,1.7386116341158033,2.0567268806672701,46,46,2.5094965360428994,-0.77088490192709602,4.2481081701587025,5.0189930720857987,1,0,5.0189930720857987
Inflation,PCEPILFE,4,pre_release,2023-12,Inflation Bridge Ridge,short_memory,2024-01-25,2024-01-26,1.6984894326565998,2.0567268806672701,46,46,2.4189845398129681,-0.72049510715636833,4.1174739724695684,4.8379690796259363,1,0,4.8379690796259371
Inflation,PCEPILFE,4,pre_release,2023-12,Inflation Bridge Ridge,long_memory,2024-01-25,2024-01-26,1.6984894326565998,2.0567268806672701,46,46,2.4343740738576702,-0.73588464120107044,4.13286350651427,4.8687481477153405,1,0,4.8687481477153405
Inflation,PCEPILFE,1,month_open,2024-01,Inflation Bridge Ridge,short_memory,2024-01-01,2024-02-29,1.6882827056769956,4.9768647459384141,45,45,3.0559301766895168,-1.3676474710125213,4.7442128823665124,6.1118603533790337,0,1,8.4383789890980516
Inflation,PCEPILFE,1,month_open,2024-01,Inflation Bridge Ridge,long_memory,2024-01-01,2024-02-29,1.6882827056769956,4.9768647459384141,45,45,2.8129326040539935,-1.1246498983769979,4.5012153097309895,5.625865208107987,0,1,10.382359570182233
Inflation,PCEPILFE,2,mid_month,2024-01,Inflation Ridge-AR Ensemble,short_memory,2024-01-15,2024-02-29,1.4741096702389063,4.9768647459384141,45,45,2.587240442698084,-1.1131307724591777,4.0613501129369904,5.1744808853961679,0,1,14.329627215410405
Inflation,PCEPILFE,2,mid_month,2024-01,Inflation Ridge-AR Ensemble,long_memory,2024-01-15,2024-02-29,1.4741096702389063,4.9768647459384141,45,45,2.587240442698084,-1.1131307724591777,4.0613501129369904,5.1744808853961679,0,1,14.329627215410405
Inflation,PCEPILFE,3,month_end,2024-01,Inflation Bridge Ridge,short_memory,2024-01-31,2024-02-29,2.1123734407853156,4.9768647459384141,47,47,2.4013557801800394,-0.28898233939472373,4.513729220965355,4.8027115603600787,0,1,9.4340668100906697
Inflation,PCEPILFE,3,month_end,2024-01,Inflation Bridge Ridge,long_memory,2024-01-31,2024-02-29,2.1123734407853156,4.9768647459384141,47,47,2.4013557801800394,-0.28898233939472373,4.513729220965355,4.8027115603600787,0,1,9.4340668100906697
Inflation,PCEPILFE,4,pre_release,2024-01,Inflation Bridge Ridge,short_memory,2024-02-28,2024-02-29,2.101561024748571,4.9768647459384141,47,47,2.4189845398129681,-0.31742351506439714,4.5205455645615391,4.8379690796259363,0,1,9.4011608933946853
Inflation,PCEPILFE,4,pre_release,2024-01,Inflation Bridge Ridge,long_memory,2024-02-28,2024-02-29,2.101561024748571,4.9768647459384141,47,47,2.4343740738576702,-0.33281304910909926,4.5359350986062417,4.8687481477153405,0,1,9.2780446210370648
Inflation,PCEPILFE,1,month_open,2024-02,Inflation Bridge Ridge,short_memory,2024-02-01,2024-03-29,2.1080291687477599,3.1337047897789461,46,46,2.8129326040539935,-0.70490343530623356,4.9209617728017534,5.625865208107987,1,0,5.625865208107987
Inflation,PCEPILFE,1,month_open,2024-02,Inflation Bridge Ridge,long_memory,2024-02-01,2024-03-29,2.1080291687477599,3.1337047897789461,46,46,2.8129326040539935,-0.70490343530623356,4.9209617728017534,5.625865208107987,1,0,5.625865208107987
Inflation,PCEPILFE,2,mid_month,2024-02,Inflation Ridge-AR Ensemble,short_memory,2024-02-15,2024-03-29,2.2351403993399663,3.1337047897789461,46,46,2.5837675469938173,-0.34862714765385094,4.8189079463337841,5.1675350939876346,1,0,5.1675350939876346
Inflation,PCEPILFE,2,mid_month,2024-02,Inflation Ridge-AR Ensemble,long_memory,2024-02-15,2024-03-29,2.2351403993399663,3.1337047897789461,46,46,2.587240442698084,-0.35210004335811762,4.8223808420380507,5.1744808853961679,1,0,5.1744808853961679
Inflation,PCEPILFE,3,month_end,2024-02,Inflation Bridge Ridge,short_memory,2024-02-29,2024-03-29,3.4047586300767083,3.1337047897789461,47,47,2.4013557801800394,1.0034028498966689,5.8061144102567477,4.8027115603600787,1,0,4.8027115603600787
Inflation,PCEPILFE,3,month_end,2024-02,Inflation Bridge Ridge,long_memory,2024-02-29,2024-03-29,3.4047586300767083,3.1337047897789461,47,47,2.4013557801800394,1.0034028498966689,5.8061144102567477,4.8027115603600787,1,0,4.8027115603600787
Inflation,PCEPILFE,4,pre_release,2024-02,Inflation Bridge Ridge,short_memory,2024-03-28,2024-03-29,3.4616103819655093,3.1337047897789461,48,48,2.4735842611026904,0.98802612086281894,5.9351946430681997,4.9471685222053807,1,0,4.9471685222053807
Inflation,PCEPILFE,4,pre_release,2024-02,Inflation Bridge Ridge,long_memory,2024-03-28,2024-03-29,3.4616103819655093,3.1337047897789461,48,48,2.5942308586775091,0.86737952328800016,6.0558412406430184,5.1884617173550183,1,0,5.1884617173550183
Inflation,PCEPILFE,1,month_open,2024-03,Inflation Bridge Ridge,short_memory,2024-03-01,2024-04-26,4.235304325911752,3.7950008157764614,47,47,3.0559301766895168,1.1793741492222352,7.2912345026012684,6.1118603533790337,1,0,6.1118603533790328
Inflation,PCEPILFE,1,month_open,2024-03,Inflation Bridge Ridge,long_memory,2024-03-01,2024-04-26,4.235304325911752,3.7950008157764614,47,47,3.0559301766895168,1.1793741492222352,7.2912345026012684,6.1118603533790337,1,0,6.1118603533790328
Inflation,PCEPILFE,2,mid_month,2024-03,Inflation Ridge-AR Ensemble,short_memory,2024-03-15,2024-04-26,3.7265151765484452,3.7950008157764614,47,47,2.587240442698084,1.1392747338503613,6.3137556192465292,5.1744808853961679,1,0,5.1744808853961679
Inflation,PCEPILFE,2,mid_month,2024-03,Inflation Ridge-AR Ensemble,long_memory,2024-03-15,2024-04-26,3.7265151765484452,3.7950008157764614,47,47,2.6061490301432264,1.1203661464052188,6.3326642066916712,5.2122980602864528,1,0,5.2122980602864519
Inflation,PCEPILFE,3,month_end,2024-03,Inflation Bridge Ridge,short_memory,2024-03-31,2024-04-26,3.0078277334183352,3.7950008157764614,49,48,2.5094965360428994,0.49833119737543585,5.5173242694612341,5.0189930720857987,1,0,5.0189930720857987
Inflation,PCEPILFE,3,month_end,2024-03,Inflation Bridge Ridge,long_memory,2024-03-31,2024-04-26,3.0078277334183352,3.7950008157764614,49,48,2.5094965360428994,0.49833119737543585,5.5173242694612341,5.0189930720857987,1,0,5.0189930720857987
Inflation,PCEPILFE,4,pre_release,2024-03,Inflation Bridge Ridge,short_memory,2024-04-25,2024-04-26,3.0762073432278259,3.7950008157764614,49,48,2.4343740738576702,0.64183326937015561,5.5105814170854961,4.8687481477153405,1,0,4.8687481477153405
Inflation,PCEPILFE,4,pre_release,2024-03,Inflation Bridge Ridge,long_memory,2024-04-25,2024-04-26,3.0762073432278259,3.7950008157764614,49,48,2.4735842611026904,0.60262308212513549,5.5497916043305162,4.9471685222053807,1,0,4.9471685222053807
Inflation,PCEPILFE,1,month_open,2024-04,Inflation Bridge Ridge,short_memory,2024-04-01,2024-05-31,2.6190519470827911,2.9862652209914131,48,48,3.0559301766895168,-0.43687822960672573,5.6749821237723079,6.1118603533790337,1,0,6.1118603533790337
Inflation,PCEPILFE,1,month_open,2024-04,Inflation Bridge Ridge,long_memory,2024-04-01,2024-05-31,2.6190519470827911,2.9862652209914131,48,48,3.0559301766895168,-0.43687822960672573,5.6749821237723079,6.1118603533790337,1,0,6.1118603533790337
Inflation,PCEPILFE,2,mid_month,2024-04,Inflation Ridge-AR Ensemble,short_memory,2024-04-15,2024-05-31,2.8575960208117248,2.9862652209914131,48,48,2.587240442698084,0.27035557811364086,5.4448364635098088,5.1744808853961679,1,0,5.1744808853961679
Inflation,PCEPILFE,2,mid_month,2024-04,Inflation Ridge-AR Ensemble,long_memory,2024-04-15,2024-05-31,2.8575960208117248,2.9862652209914131,48,48,2.587240442698084,0.27035557811364086,5.4448364635098088,5.1744808853961679,1,0,5.1744808853961679
Inflation,PCEPILFE,3,month_end,2024-04,Inflation Bridge Ridge,short_memory,2024-04-30,2024-05-31,3.0743733985754194,2.9862652209914131,50,48,2.4013557801800394,0.67301761839537999,5.4757291787554587,4.8027115603600787,1,0,4.8027115603600787
Inflation,PCEPILFE,3,month_end,2024-04,Inflation Bridge Ridge,long_memory,2024-04-30,2024-05-31,3.0743733985754194,2.9862652209914131,50,48,2.5094965360428994,0.56487686253252001,5.5838699346183187,5.0189930720857987,1,0,5.0189930720857987
Inflation,PCEPILFE,4,pre_release,2024-04,Inflation Bridge Ridge,short_memory,2024-05-30,2024-05-31,3.1101050112103632,2.9862652209914131,50,48,2.4189845398129681,0.69112047139739508,5.5290895510233309,4.8379690796259363,1,0,4.8379690796259354
Inflation,PCEPILFE,4,pre_release,2024-04,Inflation Bridge Ridge,long_memory,2024-05-30,2024-05-31,3.1101050112103632,2.9862652209914131,50,48,2.4343740738576702,0.67573093735269296,5.5444790850680334,4.8687481477153405,1,0,4.8687481477153405
Inflation,PCEPILFE,1,month_open,2024-05,Inflation Bridge Ridge,short_memory,2024-05-01,2024-06-28,2.6757553266616769,0.9934874680656236,49,48,3.0559301766895168,-0.38017485002783991,5.7316855033511942,6.1118603533790337,1,0,6.1118603533790345
Inflation,PCEPILFE,1,month_open,2024-05,Inflation Bridge Ridge,long_memory,2024-05-01,2024-06-28,2.6757553266616769,0.9934874680656236,49,48,3.0559301766895168,-0.38017485002783991,5.7316855033511942,6.1118603533790337,1,0,6.1118603533790345
Inflation,PCEPILFE,2,mid_month,2024-05,Inflation Ridge-AR Ensemble,short_memory,2024-05-15,2024-06-28,2.8021123417961875,0.9934874680656236,49,48,2.587240442698084,0.21487189909810356,5.389352784494271,5.1744808853961679,1,0,5.1744808853961679
Inflation,PCEPILFE,2,mid_month,2024-05,Inflation Ridge-AR Ensemble,long_memory,2024-05-15,2024-06-28,2.8021123417961875,0.9934874680656236,49,48,2.587240442698084,0.21487189909810356,5.389352784494271,5.1744808853961679,1,0,5.1744808853961679
Inflation,PCEPILFE,3,month_end,2024-05,Inflation Bridge Ridge,short_memory,2024-05-31,2024-06-28,2.2064198554431496,0.9934874680656236,50,48,2.4013557801800394,-0.19493592473688981,4.6077756356231889,4.8027115603600787,1,0,4.8027115603600787
Inflation,PCEPILFE,3,month_end,2024-05,Inflation Bridge Ridge,long_memory,2024-05-31,2024-06-28,2.2064198554431496,0.9934874680656236,50,48,2.5094965360428994,-0.30307668059974979,4.7159163914860489,5.0189930720857987,1,0,5.0189930720857987
Inflation,PCEPILFE,4,pre_release,2024-05,Inflation Bridge Ridge,short_memory,2024-06-27,2024-06-28,2.2473233347636232,0.9934874680656236,51,48,2.4189845398129681,-0.1716612050493449,4.6663078745765914,4.8379690796259363,1,0,4.8379690796259363
Inflation,PCEPILFE,4,pre_release,2024-05,Inflation Bridge Ridge,long_memory,2024-06-27,2024-06-28,2.2473233347636232,0.9934874680656236,51,48,2.4189845398129681,-0.1716612050493449,4.6663078745765914,4.8379690796259363,1,0,4.8379690796259363
Inflation,PCEPILFE,1,month_open,2024-06,Inflation Bridge Ridge,short_memory,2024-06-01,2024-07-26,2.6157081712935466,2.1798014389048603,50,48,3.0559301766895168,-0.44022200539597023,5.6716383479830634,6.1118603533790337,1,0,6.1118603533790337
Inflation,PCEPILFE,1,month_open,2024-06,Inflation Bridge Ridge,long_memory,2024-06-01,2024-07-26,2.6157081712935466,2.1798014389048603,50,48,2.8129326040539935,-0.19722443276044688,5.4286407753475405,5.625865208107987,1,0,5.625865208107987
Inflation,PCEPILFE,2,mid_month,2024-06,Inflation Ridge-AR Ensemble,short_memory,2024-06-15,2024-07-26,2.7481353345590627,2.1798014389048603,50,48,2.5837675469938173,0.16436778756524539,5.3319028815528799,5.1675350939876346,1,0,5.1675350939876346
Inflation,PCEPILFE,2,mid_month,2024-06,Inflation Ridge-AR Ensemble,long_memory,2024-06-15,2024-07-26,2.7481353345590627,2.1798014389048603,50,48,2.5837675469938173,0.16436778756524539,5.3319028815528799,5.1675350939876346,1,0,5.1675350939876346
Inflation,PCEPILFE,3,month_end,2024-06,Inflation Bridge Ridge,short_memory,2024-06-30,2024-07-26,2.3027850838736823,2.1798014389048603,52,48,2.4013557801800394,-0.098570696306357064,4.7041408640537217,4.8027115603600787,1,0,4.8027115603600787
Inflation,PCEPILFE,3,month_end,2024-06,Inflation Bridge Ridge,long_memory,2024-06-30,2024-07-26,2.3027850838736823,2.1798014389048603,52,48,2.4013557801800394,-0.098570696306357064,4.7041408640537217,4.8027115603600787,1,0,4.8027115603600787
Inflation,PCEPILFE,4,pre_release,2024-06,Inflation Bridge Ridge,short_memory,2024-07-25,2024-07-26,2.3102134893873663,2.1798014389048603,52,48,2.4189845398129681,-0.10877105042560187,4.7291980292003348,4.8379690796259363,1,0,4.8379690796259371
Inflation,PCEPILFE,4,pre_release,2024-06,Inflation Bridge Ridge,long_memory,2024-07-25,2024-07-26,2.3102134893873663,2.1798014389048603,52,48,2.4189845398129681,-0.10877105042560187,4.7291980292003348,4.8379690796259363,1,0,4.8379690796259371
Inflation,PCEPILFE,1,month_open,2024-07,Inflation Bridge Ridge,short_memory,2024-07-01,2024-08-30,1.8675150340250353,1.9319964454560079,51,48,2.7046363741711144,-0.83712134014607908,4.5721514081961496,5.4092727483422287,1,0,5.4092727483422287
Inflation,PCEPILFE,1,month_open,2024-07,Inflation Bridge Ridge,long_memory,2024-07-01,2024-08-30,1.8675150340250353,1.9319964454560079,51,48,2.8129326040539935,-0.94541757002895821,4.6804476380790287,5.625865208107987,1,0,5.625865208107987
Inflation,PCEPILFE,2,mid_month,2024-07,Inflation Ridge-AR Ensemble,short_memory,2024-07-15,2024-08-30,1.6824452205065705,1.9319964454560079,51,48,2.5837675469938173,-0.90132232648724675,4.266212767500388,5.1675350939876346,1,0,5.1675350939876346
Inflation,PCEPILFE,2,mid_month,2024-07,Inflation Ridge-AR Ensemble,long_memory,2024-07-15,2024-08-30,1.6824452205065705,1.9319964454560079,51,48,2.5837675469938173,-0.90132232648724675,4.266212767500388,5.1675350939876346,1,0,5.1675350939876346
Inflation,PCEPILFE,3,month_end,2024-07,Inflation Bridge Ridge,short_memory,2024-07-31,2024-08-30,2.2117103847578345,1.9319964454560079,53,48,2.1803122897411713,0.031398095016663241,4.3920226744990059,4.3606245794823426,1,0,4.3606245794823426
Inflation,PCEPILFE,3,month_end,2024-07,Inflation Bridge Ridge,long_memory,2024-07-31,2024-08-30,2.2117103847578345,1.9319964454560079,53,48,2.4013557801800394,-0.18964539542220482,4.6130661649378739,4.8027115603600787,1,0,4.8027115603600787
Inflation,PCEPILFE,4,pre_release,2024-07,Inflation Bridge Ridge,short_memory,2024-08-29,2024-08-30,2.2837506117357953,1.9319964454560079,53,48,2.3129727458726546,-0.029222134136859257,4.5967233576084503,4.6259454917453091,1,0,4.6259454917453091
Inflation,PCEPILFE,4,pre_release,2024-07,Inflation Bridge Ridge,long_memory,2024-08-29,2024-08-30,2.2837506117357953,1.9319964454560079,53,48,2.4189845398129681,-0.13523392807717283,4.7027351515487634,4.8379690796259363,1,0,4.8379690796259363
Inflation,PCEPILFE,1,month_open,2024-08,Inflation Bridge Ridge,short_memory,2024-08-01,2024-09-27,2.1048948327149226,1.5637346144796282,52,48,2.7046363741711144,-0.59974154145619174,4.809531206886037,5.4092727483422287,1,0,5.4092727483422287
Inflation,PCEPILFE,1,month_open,2024-08,Inflation Bridge Ridge,long_memory,2024-08-01,2024-09-27,2.1048948327149226,1.5637346144796282,52,48,2.7046363741711144,-0.59974154145619174,4.809531206886037,5.4092727483422287,1,0,5.4092727483422287
Inflation,PCEPILFE,2,mid_month,2024-08,Inflation Ridge-AR Ensemble,short_memory,2024-08-15,2024-09-27,2.024486075097899,1.5637346144796282,52,48,2.4211622065506013,-0.39667613145270231,4.4456482816485003,4.8423244131012027,1,0,4.8423244131012027
Inflation,PCEPILFE,2,mid_month,2024-08,Inflation Ridge-AR Ensemble,long_memory,2024-08-15,2024-09-27,2.024486075097899,1.5637346144796282,52,48,2.5837675469938173,-0.55928147189591826,4.6082536220917163,5.1675350939876346,1,0,5.1675350939876346
Inflation,PCEPILFE,3,month_end,2024-08,Inflation Bridge Ridge,short_memory,2024-08-31,2024-09-27,1.8002528464543779,1.5637346144796282,54,48,1.7965498336616799,0.0037030127926980239,3.596802680116058,3.5930996673233597,1,0,3.5930996673233597
Inflation,PCEPILFE,3,month_end,2024-08,Inflation Bridge Ridge,long_memory,2024-08-31,2024-09-27,1.8002528464543779,1.5637346144796282,54,48,2.4013557801800394,-0.60110293372566148,4.2016086266344175,4.8027115603600787,1,0,4.8027115603600787
Inflation,PCEPILFE,4,pre_release,2024-08,Inflation Bridge Ridge,short_memory,2024-09-26,2024-09-27,1.8139229793230878,1.5637346144796282,54,48,1.8551992229115304,-0.041276243588442618,3.6691222022346182,3.7103984458230608,1,0,3.7103984458230608
Inflation,PCEPILFE,4,pre_release,2024-08,Inflation Bridge Ridge,long_memory,2024-09-26,2024-09-27,1.8139229793230878,1.5637346144796282,54,48,2.4189845398129681,-0.60506156048988036,4.2329075191360559,4.8379690796259363,1,0,4.8379690796259363
Inflation,PCEPILFE,1,month_open,2024-09,Inflation Bridge Ridge,short_memory,2024-09-01,2024-10-31,1.2003840008236106,3.0422716309459474,53,48,2.0814282786934148,-0.88104427786980422,3.2818122795170255,4.1628565573868297,1,0,4.1628565573868297
Inflation,PCEPILFE,1,month_open,2024-09,Inflation Bridge Ridge,long_memory,2024-09-01,2024-10-31,1.2003840008236106,3.0422716309459474,53,48,2.7046363741711144,-1.5042523733475037,3.905020374994725,5.4092727483422287,1,0,5.4092727483422287
Inflation,PCEPILFE,2,mid_month,2024-09,Inflation Ridge-AR Ensemble,short_memory,2024-09-15,2024-10-31,1.8519793164035296,3.0422716309459474,53,48,2.1914483129359081,-0.3394689965323785,4.0434276293394378,4.3828966258718163,1,0,4.3828966258718163
Inflation,PCEPILFE,2,mid_month,2024-09,Inflation Ridge-AR Ensemble,long_memory,2024-09-15,2024-10-31,1.8519793164035296,3.0422716309459474,53,48,2.5837675469938173,-0.73178823059028764,4.4357468633973465,5.1675350939876346,1,0,5.1675350939876346
Inflation,PCEPILFE,3,month_end,2024-09,Inflation Bridge Ridge,short_memory,2024-09-30,2024-10-31,1.6697675112912858,3.0422716309459474,55,48,1.6957798135771958,-0.026012302285910005,3.3655473248684817,3.3915596271543915,1,0,3.3915596271543915
Inflation,PCEPILFE,3,month_end,2024-09,Inflation Bridge Ridge,long_memory,2024-09-30,2024-10-31,1.6697675112912858,3.0422716309459474,55,48,1.9354477890625026,-0.26568027777121683,3.6052153003537883,3.8708955781250052,1,0,3.8708955781250052
Inflation,PCEPILFE,4,pre_release,2024-09,Inflation Bridge Ridge,short_memory,2024-10-30,2024-10-31,1.7581830380443693,3.0422716309459474,55,48,1.6694946099749313,0.088688428069437997,3.4276776480193005,3.3389892199498625,1,0,3.3389892199498625
Inflation,PCEPILFE,4,pre_release,2024-09,Inflation Bridge Ridge,long_memory,2024-10-30,2024-10-31,1.7581830380443693,3.0422716309459474,55,48,1.9236673953207619,-0.16548435727639266,3.6818504333651312,3.8473347906415238,1,0,3.8473347906415238
Inflation,PCEPILFE,1,month_open,2024-10,Inflation Bridge Ridge,short_memory,2024-10-01,2024-11-27,1.9436583315565203,3.2676103922955946,54,48,1.6822678585960533,0.26139047296046702,3.6259261901525734,3.3645357171921066,1,0,3.3645357171921066
Inflation,PCEPILFE,1,month_open,2024-10,Inflation Bridge Ridge,long_memory,2024-10-01,2024-11-27,1.9436583315565203,3.2676103922955946,54,48,2.0814282786934148,-0.1377699471368945,4.025086610249935,4.1628565573868297,1,0,4.1628565573868297
Inflation,PCEPILFE,2,mid_month,2024-10,Inflation Ridge-AR Ensemble,short_memory,2024-10-15,2024-11-27,1.7418069636247504,3.2676103922955946,54,48,2.0526669929621231,-0.31086002933737267,3.7944739565868737,4.1053339859242461,1,0,4.1053339859242461
Inflation,PCEPILFE,2,mid_month,2024-10,Inflation Ridge-AR Ensemble,long_memory,2024-10-15,2024-11-27,1.7418069636247504,3.2676103922955946,54,48,2.4211622065506013,-0.67935524292585092,4.1629691701753515,4.8423244131012027,1,0,4.8423244131012027
Inflation,PCEPILFE,3,month_end,2024-10,Inflation Bridge Ridge,short_memory,2024-10-31,2024-11-27,2.0325333650816604,3.2676103922955946,55,48,1.6957798135771958,0.33675355150446462,3.7283131786588561,3.3915596271543915,1,0,3.3915596271543915
Inflation,PCEPILFE,3,month_end,2024-10,Inflation Bridge Ridge,long_memory,2024-10-31,2024-11-27,2.0325333650816604,3.2676103922955946,55,48,1.9354477890625026,0.097085576019157793,3.9679811541441632,3.8708955781250052,1,0,3.8708955781250056
Inflation,PCEPILFE,4,pre_release,2024-10,Inflation Bridge Ridge,short_memory,2024-11-26,2024-11-27,1.9868156047190482,3.2676103922955946,56,48,1.6426340843108491,0.34418152040819905,3.6294496890298973,3.2852681686216982,1,0,3.2852681686216982
Inflation,PCEPILFE,4,pre_release,2024-10,Inflation Bridge Ridge,long_memory,2024-11-26,2024-11-27,1.9868156047190482,3.2676103922955946,56,48,1.8551992229115304,0.13161638180751778,3.8420148276305786,3.7103984458230608,1,0,3.7103984458230608
Inflation,PCEPILFE,1,month_open,2024-11,Inflation Bridge Ridge,short_memory,2024-11-01,2024-12-20,2.1216382458586565,1.3783286855243659,55,48,1.8418876301223368,0.27975061573631965,3.9635258759809933,3.6837752602446736,1,0,3.6837752602446736
Inflation,PCEPILFE,1,month_open,2024-11,Inflation Bridge Ridge,long_memory,2024-11-01,2024-12-20,2.1216382458586565,1.3783286855243659,55,48,2.0814282786934148,0.040209967165241611,4.2030665245520709,4.1628565573868297,1,0,4.1628565573868297
Inflation,PCEPILFE,2,mid_month,2024-11,Inflation Ridge-AR Ensemble,short_memory,2024-11-15,2024-12-20,2.4891478627283155,1.3783286855243659,55,48,2.0330196431330698,0.45612821959524563,4.5221675058613853,4.0660392862661396,1,0,4.0660392862661396
Inflation,PCEPILFE,2,mid_month,2024-11,Inflation Ridge-AR Ensemble,long_memory,2024-11-15,2024-12-20,2.4891478627283155,1.3783286855243659,55,48,2.4211622065506013,0.067985656177714127,4.9103100692789168,4.8423244131012027,1,0,4.8423244131012027
Inflation,PCEPILFE,3,month_end,2024-11,Inflation Bridge Ridge,short_memory,2024-11-30,2024-12-20,2.3776390047743972,1.3783286855243659,57,48,1.6583959008470366,0.71924310392736057,4.0360349056214337,3.3167918016940732,1,0,3.3167918016940732
Inflation,PCEPILFE,3,month_end,2024-11,Inflation Bridge Ridge,long_memory,2024-11-30,2024-12-20,2.3776390047743972,1.3783286855243659,57,48,1.7965498336616799,0.5810891711127173,4.174188838436077,3.5930996673233597,1,0,3.5930996673233597
Inflation,PCEPILFE,4,pre_release,2024-11,Inflation Bridge Ridge,short_memory,2024-12-19,2024-12-20,2.5113616234523093,1.3783286855243659,57,48,1.6426340843108491,0.86872753914146017,4.1539957077631584,3.2852681686216982,1,0,3.2852681686216982
Inflation,PCEPILFE,4,pre_release,2024-11,Inflation Bridge Ridge,long_memory,2024-12-19,2024-12-20,2.5113616234523093,1.3783286855243659,57,48,1.8551992229115304,0.6561624005407789,4.3665608463638392,3.7103984458230608,1,0,3.7103984458230603
Inflation,PCEPILFE,1,month_open,2024-12,Inflation Bridge Ridge,short_memory,2024-12-01,2025-01-31,2.8791556021737943,1.8707672236683237,56,48,1.8418876301223368,1.0372679720514575,4.7210432322961307,3.6837752602446736,1,0,3.6837752602446732
Inflation,PCEPILFE,1,month_open,2024-12,Inflation Bridge Ridge,long_memory,2024-12-01,2025-01-31,2.8791556021737943,1.8707672236683237,56,48,1.894231221781058,0.98492438039273633,4.7733868239548523,3.7884624435621159,1,0,3.7884624435621159
Inflation,PCEPILFE,2,mid_month,2024-12,Inflation Ridge-AR Ensemble,short_memory,2024-12-15,2025-01-31,2.8947526613583627,1.8707672236683237,56,48,1.8086248737305639,1.0861277876277988,4.7033775350889266,3.6172497474611278,1,0,3.6172497474611278
Inflation,PCEPILFE,2,mid_month,2024-12,Inflation Ridge-AR Ensemble,long_memory,2024-12-15,2025-01-31,2.8947526613583627,1.8707672236683237,56,48,2.1914483129359081,0.70330434842245459,5.0862009742942709,4.3828966258718163,1,0,4.3828966258718163
Inflation,PCEPILFE,3,month_end,2024-12,Inflation Bridge Ridge,short_memory,2024-12-31,2025-01-31,2.4267147598100776,1.8707672236683237,58,48,1.5194203811657676,0.90729437864430995,3.9461351409758452,3.0388407623315352,1,0,3.0388407623315352
Inflation,PCEPILFE,3,month_end,2024-12,Inflation Bridge Ridge,long_memory,2024-12-31,2025-01-31,2.4267147598100776,1.8707672236683237,58,48,1.7965498336616799,0.6301649261483977,4.2232645934717574,3.5930996673233597,1,0,3.5930996673233597
Inflation,PCEPILFE,4,pre_release,2024-12,Inflation Bridge Ridge,short_memory,2025-01-30,2025-01-31,2.4092321740492295,1.8707672236683237,58,48,1.636427584663565,0.77280458938566454,4.0456597587127945,3.2728551693271299,1,0,3.2728551693271299
Inflation,PCEPILFE,4,pre_release,2024-12,Inflation Bridge Ridge,long_memory,2025-01-30,2025-01-31,2.4092321740492295,1.8707672236683237,58,48,1.8551992229115304,0.55403295113769913,4.2644313969607595,3.7103984458230608,1,0,3.7103984458230603
Inflation,PCEPILFE,1,month_open,2025-01,Inflation Bridge Ridge,short_memory,2025-01-01,2025-02-28,1.2755089324414641,3.4117977999773785,57,48,1.8418876301223368,-0.56637869768087268,3.1173965625638012,3.6837752602446736,0,1,6.6277876343804474
Inflation,PCEPILFE,1,month_open,2025-01,Inflation Bridge Ridge,long_memory,2025-01-01,2025-02-28,1.2755089324414641,3.4117977999773785,57,48,1.894231221781058,-0.61872228933959383,3.1697401542225219,3.7884624435621159,0,1,6.2090389011106826
Inflation,PCEPILFE,2,mid_month,2025-01,Inflation Ridge-AR Ensemble,short_memory,2025-01-15,2025-02-28,1.4746754663775525,3.4117977999773785,57,48,1.8086248737305639,-0.33394940735301137,3.2833003401081164,3.6172497474611278,0,1,4.9022243461537487
Inflation,PCEPILFE,2,mid_month,2025-01,Inflation Ridge-AR Ensemble,long_memory,2025-01-15,2025-02-28,1.4746754663775525,3.4117977999773785,57,48,2.1914483129359081,-0.7167728465583556,3.6661237793134607,4.3828966258718163,1,0,4.3828966258718163
Inflation,PCEPILFE,3,month_end,2025-01,Inflation Bridge Ridge,short_memory,2025-01-31,2025-02-28,1.321774190203352,3.4117977999773785,58,48,1.5194203811657676,-0.19764619096241565,2.8411945713691198,3.0388407623315352,0,1,8.7448730484141226
Inflation,PCEPILFE,3,month_end,2025-01,Inflation Bridge Ridge,long_memory,2025-01-31,2025-02-28,1.321774190203352,3.4117977999773785,58,48,1.7965498336616799,-0.4747756434583279,3.118324023865032,3.5930996673233597,0,1,6.5278374284468246
Inflation,PCEPILFE,4,pre_release,2025-01,Inflation Bridge Ridge,short_memory,2025-02-27,2025-02-28,1.2283220570373263,3.4117977999773785,59,48,1.4969689417778738,-0.26864688474054743,2.7252909988152001,2.9939378835557475,0,1,9.8590058951775319
Inflation,PCEPILFE,4,pre_release,2025-01,Inflation Bridge Ridge,long_memory,2025-02-27,2025-02-28,1.2283220570373263,3.4117977999773785,59,48,1.6694946099749313,-0.44117255293760493,2.8978166670122576,3.3389892199498625,0,1,8.4788005496010719
Inflation,PCEPILFE,1,month_open,2025-02,Inflation Bridge Ridge,short_memory,2025-02-01,2025-03-28,2.2522233076205018,4.3732037451999162,58,48,1.8418876301223368,0.41033567749816502,4.0941109377428386,3.6837752602446736,0,1,6.474703334815449
Inflation,PCEPILFE,1,month_open,2025-02,Inflation Bridge Ridge,long_memory,2025-02-01,2025-03-28,2.2522233076205018,4.3732037451999162,58,48,1.8418876301223368,0.41033567749816502,4.0941109377428386,3.6837752602446736,0,1,6.474703334815449
Inflation,PCEPILFE,2,mid_month,2025-02,Inflation Ridge-AR Ensemble,short_memory,2025-02-15,2025-03-28,2.282363937800862,4.3732037451999162,58,48,1.8086248737305639,0.47373906407029809,4.0909888115314264,3.6172497474611278,0,1,6.4393990841460269
Inflation,PCEPILFE,2,mid_month,2025-02,Inflation Ridge-AR Ensemble,long_memory,2025-02-15,2025-03-28,2.282363937800862,4.3732037451999162,58,48,2.1914483129359081,0.090915624864953859,4.4738122507367706,4.3828966258718163,1,0,4.3828966258718172
Inflation,PCEPILFE,3,month_end,2025-02,Inflation Bridge Ridge,short_memory,2025-02-28,2025-03-28,3.0543010934473549,4.3732037451999162,59,48,1.3725041196546617,1.6817969737926932,4.4268052131020168,2.7450082393093234,1,0,2.7450082393093238
Inflation,PCEPILFE,3,month_end,2025-02,Inflation Bridge Ridge,long_memory,2025-02-28,2025-03-28,3.0543010934473549,4.3732037451999162,59,48,1.6957798135771958,1.3585212798701591,4.7500809070245502,3.3915596271543915,1,0,3.3915596271543911
Inflation,PCEPILFE,4,pre_release,2025-02,Inflation Bridge Ridge,short_memory,2025-03-27,2025-03-28,2.9949077150206902,4.3732037451999162,60,48,1.8551992229115304,1.1397084921091598,4.850106937932221,3.7103984458230608,1,0,3.7103984458230612
Inflation,PCEPILFE,4,pre_release,2025-02,Inflation Bridge Ridge,long_memory,2025-03-27,2025-03-28,2.9949077150206902,4.3732037451999162,60,48,2.1834757429400522,0.811431972080638,5.1783834579607424,4.3669514858801044,1,0,4.3669514858801044
Inflation,PCEPILFE,1,month_open,2025-03,Inflation Bridge Ridge,short_memory,2025-03-01,2025-04-30,2.8948738965356404,0.33590729178136769,59,48,1.894231221781058,1.0006426747545825,4.7891051183166979,3.7884624435621159,0,1,10.435816273294263
Inflation,PCEPILFE,1,month_open,2025-03,Inflation Bridge Ridge,long_memory,2025-03-01,2025-04-30,2.8948738965356404,0.33590729178136769,59,48,2.1362888675359146,0.7585850289997258,5.0311627640715546,4.2725777350718293,0,1,8.4993551072554112
Inflation,PCEPILFE,2,mid_month,2025-03,Inflation Ridge-AR Ensemble,short_memory,2025-03-15,2025-04-30,3.0880743956801622,0.33590729178136769,59,48,1.937122333599826,1.1509520620803362,5.0251967292799886,3.874244667199652,0,1,12.024692370189337
Inflation,PCEPILFE,2,mid_month,2025-03,Inflation Ridge-AR Ensemble,long_memory,2025-03-15,2025-04-30,3.0880743956801622,0.33590729178136769,59,48,2.0526669929621231,1.0354074027180391,5.1407413886422848,4.1053339859242461,0,1,11.100335095290959
Inflation,PCEPILFE,3,month_end,2025-03,Inflation Bridge Ridge,short_memory,2025-03-31,2025-04-30,3.4656797593377506,0.33590729178136769,61,48,1.6583959008470366,1.807283858490714,5.1240756601847872,3.3167918016940732,0,1,18.030557468787535
Inflation,PCEPILFE,3,month_end,2025-03,Inflation Bridge Ridge,long_memory,2025-03-31,2025-04-30,3.4656797593377506,0.33590729178136769,61,48,2.0900236097740263,1.3756561495637243,5.555703369111777,4.1800472195480527,0,1,14.577535797371619
Inflation,PCEPILFE,4,pre_release,2025-03,Inflation Bridge Ridge,short_memory,2025-04-29,2025-04-30,3.4036356913596482,0.33590729178136769,61,48,1.6426340843108491,1.761001607048799,5.0462697756704973,3.2852681686216982,0,1,17.536211321296012
Inflation,PCEPILFE,4,pre_release,2025-03,Inflation Bridge Ridge,long_memory,2025-04-29,2025-04-30,3.4036356913596482,0.33590729178136769,61,48,2.1834757429400522,1.220159948419596,5.5871114342997004,4.3669514858801044,0,1,13.209478052262387
Inflation,PCEPILFE,1,month_open,2025-04,Inflation Bridge Ridge,short_memory,2025-04-01,2025-05-30,3.1912116018880998,1.3903484217941298,60,48,2.1209804375794143,1.0702311643086855,5.3121920394675142,4.2419608751588287,1,0,4.2419608751588287
Inflation,PCEPILFE,1,month_open,2025-04,Inflation Bridge Ridge,long_memory,2025-04-01,2025-05-30,3.1912116018880998,1.3903484217941298,60,48,2.1362888675359146,1.0549227343521852,5.3275004694240149,4.2725777350718293,1,0,4.2725777350718293
Inflation,PCEPILFE,2,mid_month,2025-04,Inflation Ridge-AR Ensemble,short_memory,2025-04-15,2025-05-30,3.4920008344775733,1.3903484217941298,60,48,2.0526669929621231,1.4393338415154502,5.5446678274396959,4.1053339859242461,0,1,4.5951881831374495
Inflation,PCEPILFE,2,mid_month,2025-04,Inflation Ridge-AR Ensemble,long_memory,2025-04-15,2025-05-30,3.4920008344775733,1.3903484217941298,60,48,2.0908398073990542,1.4011610270785191,5.5828406418766274,4.1816796147981083,0,1,4.2898056676420016
Inflation,PCEPILFE,3,month_end,2025-04,Inflation Bridge Ridge,short_memory,2025-04-30,2025-05-30,2.3943964436840686,1.3903484217941298,61,48,1.6583959008470366,0.73600054283703198,4.0527923445311052,3.3167918016940732,1,0,3.3167918016940732
Inflation,PCEPILFE,3,month_end,2025-04,Inflation Bridge Ridge,long_memory,2025-04-30,2025-05-30,2.3943964436840686,1.3903484217941298,61,48,2.0900236097740263,0.30437283391004222,4.4844200534580949,4.1800472195480527,1,0,4.1800472195480527
Inflation,PCEPILFE,4,pre_release,2025-04,Inflation Bridge Ridge,short_memory,2025-05-29,2025-05-30,2.5835583538628102,1.3903484217941298,62,48,2.1834757429400522,0.40008261092275799,4.7670340968028624,4.3669514858801044,1,0,4.3669514858801044
Inflation,PCEPILFE,4,pre_release,2025-04,Inflation Bridge Ridge,long_memory,2025-05-29,2025-05-30,2.5835583538628102,1.3903484217941298,62,48,2.1834757429400522,0.40008261092275799,4.7670340968028624,4.3669514858801044,1,0,4.3669514858801044
Inflation,PCEPILFE,1,month_open,2025-05,Inflation Bridge Ridge,short_memory,2025-05-01,2025-06-27,2.6049384690894564,2.143541239825808,61,48,2.1362888675359146,0.46864960155354174,4.7412273366253714,4.2725777350718293,1,0,4.2725777350718293
Inflation,PCEPILFE,1,month_open,2025-05,Inflation Bridge Ridge,long_memory,2025-05-01,2025-06-27,2.6049384690894564,2.143541239825808,61,48,2.1362888675359146,0.46864960155354174,4.7412273366253714,4.2725777350718293,1,0,4.2725777350718293
Inflation,PCEPILFE,2,mid_month,2025-05,Inflation Ridge-AR Ensemble,short_memory,2025-05-15,2025-06-27,1.8488861551493698,2.143541239825808,61,48,2.0908398073990542,-0.24195365224968435,3.9397259625484242,4.1816796147981083,1,0,4.1816796147981083
Inflation,PCEPILFE,2,mid_month,2025-05,Inflation Ridge-AR Ensemble,long_memory,2025-05-15,2025-06-27,1.8488861551493698,2.143541239825808,61,48,2.4211622065506013,-0.5722760514012315,4.2700483616999714,4.8423244131012027,1,0,4.8423244131012027
Inflation,PCEPILFE,3,month_end,2025-05,Inflation Bridge Ridge,short_memory,2025-05-31,2025-06-27,2.6770741198568713,2.143541239825808,63,48,2.0900236097740263,0.58705051008284492,4.7670977296308976,4.1800472195480527,1,0,4.1800472195480527
Inflation,PCEPILFE,3,month_end,2025-05,Inflation Bridge Ridge,long_memory,2025-05-31,2025-06-27,2.6770741198568713,2.143541239825808,63,48,2.0900236097740263,0.58705051008284492,4.7670977296308976,4.1800472195480527,1,0,4.1800472195480527
Inflation,PCEPILFE,4,pre_release,2025-05,Inflation Bridge Ridge,short_memory,2025-06-26,2025-06-27,2.6866586591367723,2.143541239825808,63,48,2.1834757429400522,0.50318291619672006,4.8701344020768245,4.3669514858801044,1,0,4.3669514858801044
Inflation,PCEPILFE,4,pre_release,2025-05,Inflation Bridge Ridge,long_memory,2025-06-26,2025-06-27,2.6866586591367723,2.143541239825808,63,48,2.1834757429400522,0.50318291619672006,4.8701344020768245,4.3669514858801044,1,0,4.3669514858801044
Inflation,PCEPILFE,1,month_open,2025-06,Inflation Bridge Ridge,short_memory,2025-06-01,2025-07-31,3.2919639559602731,3.07225203791468,62,48,2.1362888675359146,1.1556750884243585,5.4282528234961873,4.2725777350718293,1,0,4.2725777350718293
Inflation,PCEPILFE,1,month_open,2025-06,Inflation Bridge Ridge,long_memory,2025-06-01,2025-07-31,3.2919639559602731,3.07225203791468,62,48,2.1362888675359146,1.1556750884243585,5.4282528234961873,4.2725777350718293,1,0,4.2725777350718293
Inflation,PCEPILFE,2,mid_month,2025-06,Inflation Ridge-AR Ensemble,short_memory,2025-06-15,2025-07-31,2.7934146496573353,3.07225203791468,62,48,2.1016524126834435,0.69176223697389183,4.8950670623407788,4.203304825366887,1,0,4.203304825366887
Inflation,PCEPILFE,2,mid_month,2025-06,Inflation Ridge-AR Ensemble,long_memory,2025-06-15,2025-07-31,2.7934146496573353,3.07225203791468,62,48,2.1914483129359081,0.60196633672142719,4.9848629625932439,4.3828966258718163,1,0,4.3828966258718172
Inflation,PCEPILFE,3,month_end,2025-06,Inflation Bridge Ridge,short_memory,2025-06-30,2025-07-31,3.8982702285963571,3.07225203791468,64,48,1.7965498336616799,2.1017203949346772,5.6948200622580369,3.5930996673233597,1,0,3.5930996673233597
Inflation,PCEPILFE,3,month_end,2025-06,Inflation Bridge Ridge,long_memory,2025-06-30,2025-07-31,3.8982702285963571,3.07225203791468,64,48,2.0900236097740263,1.8082466188223307,5.9882938383703834,4.1800472195480527,1,0,4.1800472195480527
Inflation,PCEPILFE,4,pre_release,2025-06,Inflation Bridge Ridge,short_memory,2025-07-30,2025-07-31,3.9192653242211768,3.07225203791468,64,48,1.8551992229115304,2.0640661013096464,5.7744645471327072,3.7103984458230608,1,0,3.7103984458230608
Inflation,PCEPILFE,4,pre_release,2025-06,Inflation Bridge Ridge,long_memory,2025-07-30,2025-07-31,3.9192653242211768,3.07225203791468,64,48,2.1834757429400522,1.7357895812811246,6.1027410671612294,4.3669514858801044,1,0,4.3669514858801044
Inflation,PCEPILFE,1,month_open,2025-07,Inflation Bridge Ridge,short_memory,2025-07-01,2025-08-29,4.7398972821102205,3.2740877378866884,63,48,2.1209804375794143,2.6189168445308062,6.8608777196896344,4.2419608751588287,1,0,4.2419608751588278
Inflation,PCEPILFE,1,month_open,2025-07,Inflation Bridge Ridge,long_memory,2025-07-01,2025-08-29,4.7398972821102205,3.2740877378866884,63,48,2.1362888675359146,2.6036084145743059,6.8761861496461352,4.2725777350718293,1,0,4.2725777350718293
Inflation,PCEPILFE,2,mid_month,2025-07,Inflation Ridge-AR Ensemble,short_memory,2025-07-15,2025-08-29,3.3646551083827387,3.2740877378866884,63,48,2.1016524126834435,1.2630026956992952,5.4663075210661827,4.203304825366887,1,0,4.203304825366887
Inflation,PCEPILFE,2,mid_month,2025-07,Inflation Ridge-AR Ensemble,long_memory,2025-07-15,2025-08-29,3.3646551083827387,3.2740877378866884,63,48,2.1016524126834435,1.2630026956992952,5.4663075210661827,4.203304825366887,1,0,4.203304825366887
Inflation,PCEPILFE,3,month_end,2025-07,Inflation Bridge Ridge,short_memory,2025-07-31,2025-08-29,4.6157011459650334,3.2740877378866884,64,48,1.7965498336616799,2.8191513123033536,6.4122509796267133,3.5930996673233597,1,0,3.5930996673233597
Inflation,PCEPILFE,3,month_end,2025-07,Inflation Bridge Ridge,long_memory,2025-07-31,2025-08-29,4.6157011459650334,3.2740877378866884,64,48,2.0900236097740263,2.5256775361910071,6.7057247557390598,4.1800472195480527,1,0,4.1800472195480527
Inflation,PCEPILFE,4,pre_release,2025-07,Inflation Bridge Ridge,short_memory,2025-08-28,2025-08-29,4.6773861585680079,3.2740877378866884,65,48,1.6426340843108491,3.0347520742571588,6.320020242878857,3.2852681686216982,1,0,3.2852681686216982
Inflation,PCEPILFE,4,pre_release,2025-07,Inflation Bridge Ridge,long_memory,2025-08-28,2025-08-29,4.6773861585680079,3.2740877378866884,65,48,1.8551992229115304,2.8221869356564775,6.5325853814795387,3.7103984458230608,1,0,3.7103984458230612
Inflation,PCEPILFE,1,month_open,2025-08,Inflation Bridge Ridge,short_memory,2025-08-01,2025-09-26,3.671280484244166,2.7212078521923644,64,48,2.1209804375794143,1.5503000466647516,5.7922609218235799,4.2419608751588287,1,0,4.2419608751588278
Inflation,PCEPILFE,1,month_open,2025-08,Inflation Bridge Ridge,long_memory,2025-08-01,2025-09-26,3.671280484244166,2.7212078521923644,64,48,2.1209804375794143,1.5503000466647516,5.7922609218235799,4.2419608751588287,1,0,4.2419608751588278
Inflation,PCEPILFE,2,mid_month,2025-08,Inflation Ridge-AR Ensemble,short_memory,2025-08-15,2025-09-26,3.2984188951163085,2.7212078521923644,64,48,2.1016524126834435,1.196766482432865,5.4000713077997524,4.203304825366887,1,0,4.203304825366887
Inflation,PCEPILFE,2,mid_month,2025-08,Inflation Ridge-AR Ensemble,long_memory,2025-08-15,2025-09-26,3.2984188951163085,2.7212078521923644,64,48,2.1016524126834435,1.196766482432865,5.4000713077997524,4.203304825366887,1,0,4.203304825366887
Inflation,PCEPILFE,3,month_end,2025-08,Inflation Bridge Ridge,short_memory,2025-08-31,2025-09-26,3.7566534131192446,2.7212078521923644,66,48,1.5194203811657676,2.237233031953477,5.2760737942850122,3.0388407623315352,1,0,3.0388407623315352
Inflation,PCEPILFE,3,month_end,2025-08,Inflation Bridge Ridge,long_memory,2025-08-31,2025-09-26,3.7566534131192446,2.7212078521923644,66,48,1.6957798135771958,2.0608735995420489,5.4524332266964404,3.3915596271543915,1,0,3.3915596271543915
Inflation,PCEPILFE,4,pre_release,2025-08,Inflation Bridge Ridge,short_memory,2025-09-25,2025-09-26,3.7122796415551864,2.7212078521923644,66,48,1.636427584663565,2.0758520568916214,5.3487072262187514,3.2728551693271299,1,0,3.2728551693271299
Inflation,PCEPILFE,4,pre_release,2025-08,Inflation Bridge Ridge,long_memory,2025-09-25,2025-09-26,3.7122796415551864,2.7212078521923644,66,48,1.6694946099749313,2.0427850315802552,5.3817742515301177,3.3389892199498625,1,0,3.3389892199498625
Inflation,PCEPILFE,1,month_open,2025-09,Inflation Bridge Ridge,short_memory,2025-09-01,2025-12-05,3.3167596445885712,2.374861315144372,65,48,2.1209804375794143,1.1957792070091569,5.437740082167986,4.2419608751588287,1,0,4.2419608751588296
Inflation,PCEPILFE,1,month_open,2025-09,Inflation Bridge Ridge,long_memory,2025-09-01,2025-12-05,3.3167596445885712,2.374861315144372,65,48,2.1209804375794143,1.1957792070091569,5.437740082167986,4.2419608751588287,1,0,4.2419608751588296
Inflation,PCEPILFE,2,mid_month,2025-09,Inflation Ridge-AR Ensemble,short_memory,2025-09-15,2025-12-05,2.9094635591066682,2.374861315144372,65,48,2.0908398073990542,0.81862375170761403,5.0003033665057224,4.1816796147981083,1,0,4.1816796147981083
Inflation,PCEPILFE,2,mid_month,2025-09,Inflation Ridge-AR Ensemble,long_memory,2025-09-15,2025-12-05,2.9094635591066682,2.374861315144372,65,48,2.1016524126834435,0.80781114642322471,5.0111159717901117,4.203304825366887,1,0,4.203304825366887
Inflation,PCEPILFE,3,month_end,2025-09,Inflation Bridge Ridge,short_memory,2025-09-30,2025-12-05,2.8202822442381148,2.374861315144372,67,48,1.3725041196546617,1.4477781245834531,4.1927863638927763,2.7450082393093234,1,0,2.7450082393093229
Inflation,PCEPILFE,3,month_end,2025-09,Inflation Bridge Ridge,long_memory,2025-09-30,2025-12-05,2.8202822442381148,2.374861315144372,67,48,1.6583959008470366,1.1618863433910782,4.4786781450851514,3.3167918016940732,1,0,3.3167918016940732
Inflation,PCEPILFE,4,pre_release,2025-09,Inflation Bridge Ridge,short_memory,2025-12-04,2025-12-05,3.0460488804710528,2.374861315144372,67,48,1.4969689417778738,1.5490799386931791,4.5430178222489266,2.9939378835557475,1,0,2.9939378835557475
Inflation,PCEPILFE,4,pre_release,2025-09,Inflation Bridge Ridge,long_memory,2025-12-04,2025-12-05,3.0460488804710528,2.374861315144372,67,48,1.6426340843108491,1.4034147961602037,4.6886829647819024,3.2852681686216982,1,0,3.2852681686216987
Inflation,PCEPILFE,1,month_open,2025-10,Inflation Bridge Ridge,short_memory,2025-10-01,2026-01-22,2.6840223783047237,2.4928010475139928,66,48,2.1209804375794143,0.56304194072530933,4.805002815884138,4.2419608751588287,1,0,4.2419608751588287
Inflation,PCEPILFE,1,month_open,2025-10,Inflation Bridge Ridge,long_memory,2025-10-01,2026-01-22,2.6840223783047237,2.4928010475139928,66,48,2.1209804375794143,0.56304194072530933,4.805002815884138,4.2419608751588287,1,0,4.2419608751588287
Inflation,PCEPILFE,2,mid_month,2025-10,Inflation Ridge-AR Ensemble,short_memory,2025-10-15,2026-01-22,2.6153311202820313,2.4928010475139928,66,48,2.0908398073990542,0.52449131288297712,4.7061709276810859,4.1816796147981083,1,0,4.1816796147981083
Inflation,PCEPILFE,2,mid_month,2025-10,Inflation Ridge-AR Ensemble,long_memory,2025-10-15,2026-01-22,2.6153311202820313,2.4928010475139928,66,48,2.1016524126834435,0.5136787075985878,4.7169835329654752,4.203304825366887,1,0,4.203304825366887
Inflation,PCEPILFE,3,month_end,2025-10,Inflation Bridge Ridge,short_memory,2025-10-31,2026-01-22,2.3505287415439335,2.4928010475139928,67,48,1.3725041196546617,0.97802462188927186,3.723032861198595,2.7450082393093234,1,0,2.7450082393093229
Inflation,PCEPILFE,3,month_end,2025-10,Inflation Bridge Ridge,long_memory,2025-10-31,2026-01-22,2.3505287415439335,2.4928010475139928,67,48,1.6583959008470366,0.69213284069689696,4.0089246423909701,3.3167918016940732,1,0,3.3167918016940732
Inflation,PCEPILFE,4,pre_release,2025-10,Inflation Bridge Ridge,short_memory,2026-01-21,2026-01-22,2.2689505766224158,2.4928010475139928,68,48,1.4969689417778738,0.77198163484454208,3.7659195184002896,2.9939378835557475,1,0,2.9939378835557475
Inflation,PCEPILFE,4,pre_release,2025-10,Inflation Bridge Ridge,long_memory,2026-01-21,2026-01-22,2.2689505766224158,2.4928010475139928,68,48,1.6426340843108491,0.62631649231156672,3.911584660933265,3.2852681686216982,1,0,3.2852681686216982
Inflation,PCEPILFE,1,month_open,2025-11,Inflation Bridge Ridge,short_memory,2025-11-01,2026-01-22,2.3703097687094812,1.9227148316979026,66,48,2.1209804375794143,0.24932933113006683,4.4912902062888955,4.2419608751588287,1,0,4.2419608751588287
Inflation,PCEPILFE,1,month_open,2025-11,Inflation Bridge Ridge,long_memory,2025-11-01,2026-01-22,2.3703097687094812,1.9227148316979026,66,48,2.1209804375794143,0.24932933113006683,4.4912902062888955,4.2419608751588287,1,0,4.2419608751588287
Inflation,PCEPILFE,2,mid_month,2025-11,Inflation Ridge-AR Ensemble,short_memory,2025-11-15,2026-01-22,2.4399807066671904,1.9227148316979026,66,48,2.0908398073990542,0.34914089926813618,4.5308205140662441,4.1816796147981083,1,0,4.1816796147981083
Inflation,PCEPILFE,2,mid_month,2025-11,Inflation Ridge-AR Ensemble,long_memory,2025-11-15,2026-01-22,2.4399807066671904,1.9227148316979026,66,48,2.1016524126834435,0.33832829398374686,4.5416331193506334,4.203304825366887,1,0,4.203304825366887
Inflation,PCEPILFE,3,month_end,2025-11,Inflation Bridge Ridge,short_memory,2025-11-30,2026-01-22,2.6848647480828896,1.9227148316979026,67,48,1.3725041196546617,1.3123606284282279,4.0573688677375515,2.7450082393093234,1,0,2.7450082393093238
Inflation,PCEPILFE,3,month_end,2025-11,Inflation Bridge Ridge,long_memory,2025-11-30,2026-01-22,2.6848647480828896,1.9227148316979026,67,48,1.6583959008470366,1.026468847235853,4.3432606489299257,3.3167918016940732,1,0,3.3167918016940727
Inflation,PCEPILFE,4,pre_release,2025-11,Inflation Bridge Ridge,short_memory,2026-01-21,2026-01-22,2.9460005655548915,1.9227148316979026,68,48,1.4969689417778738,1.4490316237770178,4.4429695073327657,2.9939378835557475,1,0,2.993937883555748
Inflation,PCEPILFE,4,pre_release,2025-11,Inflation Bridge Ridge,long_memory,2026-01-21,2026-01-22,2.9460005655548915,1.9227148316979026,68,48,1.6426340843108491,1.3033664812440424,4.5886346498657407,3.2852681686216982,1,0,3.2852681686216982
Inflation,PCEPILFE,2,mid_month,2025-12,Inflation Ridge-AR Ensemble,short_memory,2025-12-15,2026-02-20,2.4422722143388533,4.2571398262751359,67,48,2.0908398073990542,0.35143240693979916,4.5331120217379075,4.1816796147981083,1,0,4.1816796147981083
Inflation,PCEPILFE,2,mid_month,2025-12,Inflation Ridge-AR Ensemble,long_memory,2025-12-15,2026-02-20,2.4422722143388533,4.2571398262751359,67,48,2.0908398073990542,0.35143240693979916,4.5331120217379075,4.1816796147981083,1,0,4.1816796147981083
Inflation,PCEPILFE,3,month_end,2025-12,Inflation Bridge Ridge,short_memory,2025-12-31,2026-02-20,2.4029645454176998,4.2571398262751359,68,48,1.3725041196546617,1.0304604257630381,3.7754686650723617,2.7450082393093234,0,1,7.5617198513370658
Inflation,PCEPILFE,3,month_end,2025-12,Inflation Bridge Ridge,long_memory,2025-12-31,2026-02-20,2.4029645454176998,4.2571398262751359,68,48,1.6583959008470366,0.74456864457066319,4.0613604462647359,3.3167918016940732,0,1,5.2745856017980728
Inflation,PCEPILFE,4,pre_release,2025-12,Inflation Bridge Ridge,short_memory,2026-02-19,2026-02-20,2.5529710498994485,4.2571398262751359,70,48,1.4032984206813195,1.149672629218129,3.9562694705807679,2.806596841362639,0,1,5.8153003983063183
Inflation,PCEPILFE,4,pre_release,2025-12,Inflation Bridge Ridge,long_memory,2026-02-19,2026-02-20,2.5529710498994485,4.2571398262751359,70,48,1.636427584663565,0.91654346523588348,4.1893986345630134,3.2728551693271299,0,1,3.9502670864483544
Inflation,PCEPILFE,3,month_end,2026-01,Inflation Bridge Ridge,short_memory,2026-01-31,2026-03-13,2.9083143647969947,4.3538864021670065,70,48,1.3416134080783451,1.5667009567186496,4.2499277728753402,2.6832268161566901,0,1,3.7228131090733538
Inflation,PCEPILFE,3,month_end,2026-01,Inflation Bridge Ridge,long_memory,2026-01-31,2026-03-13,2.9083143647969947,4.3538864021670065,70,48,1.4522716542505183,1.4560427105464764,4.3605860190475134,2.9045433085010366,1,0,2.904543308501037
Inflation,PCEPILFE,4,pre_release,2026-01,Inflation Bridge Ridge,short_memory,2026-03-12,2026-03-13,3.0718671827539512,4.3538864021670065,71,48,1.6426340843108491,1.4292330984431021,4.7145012670648008,3.2852681686216982,1,0,3.2852681686216987
Inflation,PCEPILFE,4,pre_release,2026-01,Inflation Bridge Ridge,long_memory,2026-03-12,2026-03-13,3.0718671827539512,4.3538864021670065,71,48,1.7041687763756874,1.3676984063782638,4.7760359591296382,3.4083375527513748,1,0,3.4083375527513744
Inflation,PCEPILFE,1,month_open,2026-02,Inflation Bridge Ridge,short_memory,2026-02-01,2026-04-09,3.1372073474103401,4.3942252510010604,69,48,1.8418876301223368,1.2953197172880033,4.9790949775326769,3.6837752602446736,1,0,3.6837752602446736
Inflation,PCEPILFE,1,month_open,2026-02,Inflation Bridge Ridge,long_memory,2026-02-01,2026-04-09,3.1372073474103401,4.3942252510010604,69,48,2.0814282786934148,1.0557790687169253,5.2186356261037545,4.1628565573868297,1,0,4.1628565573868297
Inflation,PCEPILFE,2,mid_month,2026-02,Inflation Ridge-AR Ensemble,short_memory,2026-02-15,2026-04-09,2.869253938797268,4.3942252510010604,69,48,1.937122333599826,0.93213160519744198,4.8063762723970935,3.874244667199652,1,0,3.8742446671996515
Inflation,PCEPILFE,2,mid_month,2026-02,Inflation Ridge-AR Ensemble,long_memory,2026-02-15,2026-04-09,2.869253938797268,4.3942252510010604,69,48,2.0908398073990542,0.7784141313982138,4.9600937461963222,4.1816796147981083,1,0,4.1816796147981083
Inflation,PCEPILFE,3,month_end,2026-02,Inflation Bridge Ridge,short_memory,2026-02-28,2026-04-09,3.761771026513884,4.3942252510010604,71,48,1.6583959008470366,2.1033751256668474,5.4201669273609205,3.3167918016940732,1,0,3.3167918016940732
Inflation,PCEPILFE,3,month_end,2026-02,Inflation Bridge Ridge,long_memory,2026-02-28,2026-04-09,3.761771026513884,4.3942252510010604,71,48,1.7965498336616799,1.9652211928522041,5.5583208601755638,3.5930996673233597,1,0,3.5930996673233597
Inflation,PCEPILFE,4,pre_release,2026-02,Inflation Bridge Ridge,short_memory,2026-04-08,2026-04-09,3.6946300697914447,4.3942252510010604,72,48,1.4969689417778738,2.1976611280135709,5.191599011569318,2.9939378835557475,1,0,2.9939378835557471
Inflation,PCEPILFE,4,pre_release,2026-02,Inflation Bridge Ridge,long_memory,2026-04-08,2026-04-09,3.6946300697914447,4.3942252510010604,72,48,1.7041687763756874,1.9904612934157573,5.3987988461671321,3.4083375527513748,1,0,3.4083375527513748
Inflation,PCEPILFE,1,month_open,2026-03,Inflation Bridge Ridge,short_memory,2026-03-01,2026-04-30,3.7316658312511253,3.5138300728842609,69,48,1.8418876301223368,1.8897782011287885,5.5735534613734625,3.6837752602446736,1,0,3.6837752602446741
Inflation,PCEPILFE,1,month_open,2026-03,Inflation Bridge Ridge,long_memory,2026-03-01,2026-04-30,3.7316658312511253,3.5138300728842609,69,48,2.0814282786934148,1.6502375525577104,5.8130941099445401,4.1628565573868297,1,0,4.1628565573868297
Inflation,PCEPILFE,2,mid_month,2026-03,Inflation Ridge-AR Ensemble,short_memory,2026-03-15,2026-04-30,3.2851868760189356,3.5138300728842609,70,48,1.937122333599826,1.3480645424191096,5.2223092096187615,3.874244667199652,1,0,3.874244667199652
Inflation,PCEPILFE,2,mid_month,2026-03,Inflation Ridge-AR Ensemble,long_memory,2026-03-15,2026-04-30,3.2851868760189356,3.5138300728842609,70,48,1.937122333599826,1.3480645424191096,5.2223092096187615,3.874244667199652,1,0,3.874244667199652
Inflation,PCEPILFE,3,month_end,2026-03,Inflation Bridge Ridge,short_memory,2026-03-31,2026-04-30,4.0625503243951897,3.5138300728842609,72,48,1.4455720373700118,2.6169782870251779,5.5081223617652011,2.8911440747400237,1,0,2.8911440747400232
Inflation,PCEPILFE,3,month_end,2026-03,Inflation Bridge Ridge,long_memory,2026-03-31,2026-04-30,4.0625503243951897,3.5138300728842609,72,48,1.7965498336616799,2.2660004907335098,5.8591001580568696,3.5930996673233597,1,0,3.5930996673233597
Inflation,PCEPILFE,4,pre_release,2026-03,Inflation Bridge Ridge,short_memory,2026-04-29,2026-04-30,4.0657179490848252,3.5138300728842609,73,48,1.4032984206813195,2.6624195284035057,5.4690163697661447,2.806596841362639,1,0,2.806596841362639
Inflation,PCEPILFE,4,pre_release,2026-03,Inflation Bridge Ridge,long_memory,2026-04-29,2026-04-30,4.0657179490848252,3.5138300728842609,73,48,1.6426340843108491,2.4230838647739761,5.7083520333956743,3.2852681686216982,1,0,3.2852681686216982
Inflation,PCEPILFE,1,month_open,2026-04,Inflation Bridge Ridge,short_memory,2026-04-01,2026-05-28,4.3950633820813962,2.8638636343949031,69,48,1.8418876301223368,2.5531757519590594,6.2369510122037326,3.6837752602446736,1,0,3.6837752602446732
Inflation,PCEPILFE,1,month_open,2026-04,Inflation Bridge Ridge,long_memory,2026-04-01,2026-05-28,4.3950633820813962,2.8638636343949031,69,48,2.0814282786934148,2.3136351033879814,6.4764916607748111,4.1628565573868297,1,0,4.1628565573868297
Inflation,PCEPILFE,2,mid_month,2026-04,Inflation Ridge-AR Ensemble,short_memory,2026-04-15,2026-05-28,3.8958184845701433,2.8638636343949031,71,48,1.8148676119362825,2.0809508726338608,5.7106860965064259,3.6297352238725651,1,0,3.6297352238725651
Inflation,PCEPILFE,2,mid_month,2026-04,Inflation Ridge-AR Ensemble,long_memory,2026-04-15,2026-05-28,3.8958184845701433,2.8638636343949031,71,48,1.937122333599826,1.9586961509703174,5.8329408181699698,3.874244667199652,1,0,3.8742446671996524
Inflation,PCEPILFE,3,month_end,2026-04,Inflation Bridge Ridge,short_memory,2026-04-30,2026-05-28,3.9789096126599532,2.8638636343949031,73,48,1.4455720373700118,2.5333375752899414,5.4244816500299651,2.8911440747400237,1,0,2.8911440747400237
Inflation,PCEPILFE,3,month_end,2026-04,Inflation Bridge Ridge,long_memory,2026-04-30,2026-05-28,3.9789096126599532,2.8638636343949031,73,48,1.6583959008470366,2.3205137118129167,5.6373055135069894,3.3167918016940732,1,0,3.3167918016940727
Inflation,PCEPILFE,4,pre_release,2026-04,Inflation Bridge Ridge,short_memory,2026-05-27,2026-05-28,4.0360721779644928,2.8638636343949031,74,48,1.4032984206813195,2.6327737572831733,5.4393705986458123,2.806596841362639,1,0,2.806596841362639
Inflation,PCEPILFE,4,pre_release,2026-04,Inflation Bridge Ridge,long_memory,2026-05-27,2026-05-28,4.0360721779644928,2.8638636343949031,74,48,1.6426340843108491,2.3934380936536437,5.6787062622753419,3.2852681686216982,1,0,3.2852681686216982
Inflation,PCEPILFE,1,month_open,2026-05,Inflation Bridge Ridge,short_memory,2026-05-01,2026-06-25,3.5895634338275446,3.834474232723295,71,48,1.8008631800939701,1.7887002537335746,5.3904266139215142,3.6017263601879401,1,0,3.6017263601879397
Inflation,PCEPILFE,1,month_open,2026-05,Inflation Bridge Ridge,long_memory,2026-05-01,2026-06-25,3.5895634338275446,3.834474232723295,71,48,1.8418876301223368,1.7476758037052078,5.431451063949881,3.6837752602446736,1,0,3.6837752602446732
Inflation,PCEPILFE,2,mid_month,2026-05,Inflation Ridge-AR Ensemble,short_memory,2026-05-15,2026-06-25,3.458278550263667,3.834474232723295,72,48,1.8148676119362825,1.6434109383273845,5.27314616219995,3.6297352238725651,1,0,3.6297352238725655
Inflation,PCEPILFE,2,mid_month,2026-05,Inflation Ridge-AR Ensemble,long_memory,2026-05-15,2026-06-25,3.458278550263667,3.834474232723295,72,48,1.937122333599826,1.521156216663841,5.395400883863493,3.874244667199652,1,0,3.874244667199652
Inflation,PCEPILFE,3,month_end,2026-05,Inflation Bridge Ridge,short_memory,2026-05-31,2026-06-25,3.6571152667319788,3.834474232723295,75,48,1.4455720373700118,2.211543229361967,5.1026873041019911,2.8911440747400237,1,0,2.8911440747400241
Inflation,PCEPILFE,3,month_end,2026-05,Inflation Bridge Ridge,long_memory,2026-05-31,2026-06-25,3.6571152667319788,3.834474232723295,75,48,1.4455720373700118,2.211543229361967,5.1026873041019911,2.8911440747400237,1,0,2.8911440747400241
Inflation,PCEPILFE,4,pre_release,2026-05,Inflation Bridge Ridge,short_memory,2026-06-24,2026-06-25,3.6352235273080096,3.834474232723295,75,48,1.4032984206813195,2.2319251066266901,5.0385219479893291,2.806596841362639,1,0,2.806596841362639
Inflation,PCEPILFE,4,pre_release,2026-05,Inflation Bridge Ridge,long_memory,2026-06-24,2026-06-25,3.6352235273080096,3.834474232723295,75,48,1.4969689417778738,2.1382545855301358,5.1321924690858829,2.9939378835557475,1,0,2.9939378835557471
Labour,CES0500000003,1,month_open,2023-02,Labour Bridge Ridge,short_memory,2023-02-01,2023-03-10,3.4107633483847253,2.9046912821033999,67,48,3.1594713018205614,0.25129204656416393,6.5702346502052862,6.3189426036411227,1,0,6.3189426036411227
Labour,CES0500000003,1,month_open,2023-02,Labour Bridge Ridge,long_memory,2023-02-01,2023-03-10,3.4107633483847253,2.9046912821033999,67,48,3.9284973849166249,-0.51773403653189964,7.3392607333013498,7.8569947698332498,1,0,7.8569947698332498
Labour,CES0500000003,2,after_week_1,2023-02,Labour Bridge Ridge,short_memory,2023-02-07,2023-03-10,2.8277355698790703,2.9046912821033999,68,48,3.0845500821910576,-0.25681451231198738,5.9122856520701284,6.1691001643821153,1,0,6.1691001643821153
Labour,CES0500000003,2,after_week_1,2023-02,Labour Bridge Ridge,long_memory,2023-02-07,2023-03-10,2.8277355698790703,2.9046912821033999,68,48,3.7244619813218591,-0.89672641144278886,6.5521975512009298,7.4489239626437183,1,0,7.4489239626437183
Labour,CES0500000003,3,after_week_2,2023-02,Labour Bridge Ridge,short_memory,2023-02-14,2023-03-10,2.8611715090271082,2.9046912821033999,69,48,2.9338077474121356,-0.072636238385027418,5.7949792564392437,5.8676154948242711,1,0,5.8676154948242711
Labour,CES0500000003,3,after_week_2,2023-02,Labour Bridge Ridge,long_memory,2023-02-14,2023-03-10,2.8611715090271082,2.9046912821033999,69,48,4.1963307724884169,-1.3351592634613088,7.0575022815155251,8.3926615449768338,1,0,8.3926615449768338
Labour,CES0500000003,4,month_end,2023-02,Labour Equal-Weight Ensemble,short_memory,2023-02-28,2023-03-10,3.0633886184552463,2.9046912821033999,69,48,2.8207910499790136,0.24259756847623271,5.8841796684342604,5.6415820999580273,1,0,5.6415820999580273
Labour,CES0500000003,4,month_end,2023-02,Labour Equal-Weight Ensemble,long_memory,2023-02-28,2023-03-10,3.0633886184552463,2.9046912821033999,69,48,4.2003511551055057,-1.1369625366502594,7.2637397735607525,8.4007023102110114,1,0,8.4007023102110114
Labour,CES0500000003,5,pre_employment_report,2023-02,Labour Equal-Weight Ensemble,short_memory,2023-03-09,2023-03-10,3.1515956996831029,2.9046912821033999,69,48,2.876537575081545,0.27505812460155799,6.0281332747646479,5.7530751501630899,1,0,5.7530751501630899
Labour,CES0500000003,5,pre_employment_report,2023-02,Labour Equal-Weight Ensemble,long_memory,2023-03-09,2023-03-10,3.1515956996831029,2.9046912821033999,69,48,4.2255928235781059,-1.073997123895003,7.3771885232612089,8.4511856471562119,1,0,8.4511856471562119
Labour,CES0500000003,1,month_open,2023-03,Labour Bridge Ridge,short_memory,2023-03-01,2023-04-07,3.9989564676986471,3.2593953945330156,68,48,2.9709526939953399,1.0280037737033072,6.9699091616939874,5.9419053879906798,1,0,5.9419053879906798
Labour,CES0500000003,1,month_open,2023-03,Labour Bridge Ridge,long_memory,2023-03-01,2023-04-07,3.9989564676986471,3.2593953945330156,68,48,3.9284973849166249,0.070459082782022175,7.9274538526152725,7.8569947698332498,1,0,7.8569947698332498
Labour,CES0500000003,2,after_week_1,2023-03,Labour Bridge Ridge,short_memory,2023-03-07,2023-04-07,3.9770465685541581,3.2593953945330156,68,48,3.0845500821910576,0.89249648636310042,7.0615966507452157,6.1691001643821153,1,0,6.1691001643821153
Labour,CES0500000003,2,after_week_1,2023-03,Labour Bridge Ridge,long_memory,2023-03-07,2023-04-07,3.9770465685541581,3.2593953945330156,68,48,3.7244619813218591,0.25258458723229893,7.7015085498760172,7.4489239626437183,1,0,7.4489239626437183
Labour,CES0500000003,3,after_week_2,2023-03,Labour Bridge Ridge,short_memory,2023-03-14,2023-04-07,4.3777331480532453,3.2593953945330156,70,48,2.3456841696602284,2.0320489783930169,6.7234173177134737,4.6913683393204568,1,0,4.6913683393204568
Labour,CES0500000003,3,after_week_2,2023-03,Labour Bridge Ridge,long_memory,2023-03-14,2023-04-07,4.3777331480532453,3.2593953945330156,70,48,4.1963307724884169,0.18140237556482841,8.5740639205416613,8.3926615449768338,1,0,8.392661544976832
Labour,CES0500000003,4,month_end,2023-03,Labour Equal-Weight Ensemble,short_memory,2023-03-31,2023-04-07,4.0909145018695101,3.2593953945330156,70,48,2.6291099861604059,1.4618045157091042,6.7200244880299156,5.2582199723208118,1,0,5.258219972320811
Labour,CES0500000003,4,month_end,2023-03,Labour Equal-Weight Ensemble,long_memory,2023-03-31,2023-04-07,4.0909145018695101,3.2593953945330156,70,48,4.2003511551055057,-0.10943665323599561,8.2912656569750158,8.4007023102110114,1,0,8.4007023102110114
Labour,CES0500000003,5,pre_employment_report,2023-03,Labour Equal-Weight Ensemble,short_memory,2023-04-06,2023-04-07,4.1378376757135831,3.2593953945330156,70,48,2.5861008367658345,1.5517368389477486,6.7239385124794175,5.1722016735316689,1,0,5.1722016735316689
Labour,CES0500000003,5,pre_employment_report,2023-03,Labour Equal-Weight Ensemble,long_memory,2023-04-06,2023-04-07,4.1378376757135831,3.2593953945330156,70,48,4.2255928235781059,-0.087755147864522876,8.3634304992916881,8.4511856471562119,1,0,8.4511856471562119
Labour,CES0500000003,1,month_open,2023-04,Labour Bridge Ridge,short_memory,2023-04-01,2023-05-05,4.2465068622776432,5.7692418817232749,69,48,2.377301466364905,1.8692053959127382,6.6238083286425482,4.75460293272981,1,0,4.75460293272981
Labour,CES0500000003,1,month_open,2023-04,Labour Bridge Ridge,long_memory,2023-04-01,2023-05-05,4.2465068622776432,5.7692418817232749,69,48,3.9284973849166249,0.31800947736101826,8.1750042471942681,7.8569947698332498,1,0,7.8569947698332498
Labour,CES0500000003,2,after_week_1,2023-04,Labour Bridge Ridge,short_memory,2023-04-07,2023-05-05,4.7457300894052441,5.7692418817232749,69,48,2.3997627139318598,2.3459673754733843,7.1454928033371043,4.7995254278637196,1,0,4.7995254278637205
Labour,CES0500000003,2,after_week_1,2023-04,Labour Bridge Ridge,long_memory,2023-04-07,2023-05-05,4.7457300894052441,5.7692418817232749,69,48,3.7244619813218591,1.021268108083385,8.4701920707271032,7.4489239626437183,1,0,7.4489239626437183
Labour,CES0500000003,3,after_week_2,2023-04,Labour Bridge Ridge,short_memory,2023-04-14,2023-05-05,4.6016604797866218,5.7692418817232749,71,48,2.1856323045844839,2.416028175202138,6.7872927843711057,4.3712646091689678,1,0,4.3712646091689678
Labour,CES0500000003,3,after_week_2,2023-04,Labour Bridge Ridge,long_memory,2023-04-14,2023-05-05,4.6016604797866218,5.7692418817232749,71,48,4.1963307724884169,0.40532970729820494,8.7979912522750396,8.3926615449768338,1,0,8.3926615449768356
Labour,CES0500000003,4,month_end,2023-04,Labour Equal-Weight Ensemble,short_memory,2023-04-30,2023-05-05,4.0560865174452756,5.7692418817232749,71,48,2.6291099861604059,1.4269765312848697,6.6851965036056811,5.2582199723208118,1,0,5.258219972320811
Labour,CES0500000003,4,month_end,2023-04,Labour Equal-Weight Ensemble,long_memory,2023-04-30,2023-05-05,4.0560865174452756,5.7692418817232749,71,48,4.2003511551055057,-0.14426463766023012,8.2564376725507813,8.4007023102110114,1,0,8.4007023102110114
Labour,CES0500000003,5,pre_employment_report,2023-04,Labour Equal-Weight Ensemble,short_memory,2023-05-04,2023-05-05,4.0500160467945312,5.7692418817232749,71,48,2.5861008367658345,1.4639152100286967,6.6361168835603657,5.1722016735316689,1,0,5.1722016735316689
Labour,CES0500000003,5,pre_employment_report,2023-04,Labour Equal-Weight Ensemble,long_memory,2023-05-04,2023-05-05,4.0500160467945312,5.7692418817232749,71,48,4.2255928235781059,-0.17557677678357475,8.2756088703726363,8.4511856471562119,1,0,8.4511856471562119
Labour,CES0500000003,1,month_open,2023-05,Labour Bridge Ridge,short_memory,2023-05-01,2023-06-02,4.5804687238570949,3.9538750762231345,70,48,2.377301466364905,2.2031672574921899,6.9577701902219999,4.75460293272981,1,0,4.75460293272981
Labour,CES0500000003,1,month_open,2023-05,Labour Bridge Ridge,long_memory,2023-05-01,2023-06-02,4.5804687238570949,3.9538750762231345,70,48,3.5439654810705861,1.0365032427865088,8.124434204927681,7.0879309621411721,1,0,7.0879309621411721
Labour,CES0500000003,2,after_week_1,2023-05,Labour Bridge Ridge,short_memory,2023-05-07,2023-06-02,4.0035435537230999,3.9538750762231345,71,48,2.2325352222296058,1.7710083314934941,6.2360787759527057,4.4650704444592115,1,0,4.4650704444592115
Labour,CES0500000003,2,after_week_1,2023-05,Labour Bridge Ridge,long_memory,2023-05-07,2023-06-02,4.0035435537230999,3.9538750762231345,71,48,3.7159773853946438,0.28756616832845605,7.7195209391177437,7.4319547707892877,1,0,7.4319547707892877
Labour,CES0500000003,3,after_week_2,2023-05,Labour Bridge Ridge,short_memory,2023-05-14,2023-06-02,4.0405991092466227,3.9538750762231345,72,48,2.1856323045844839,1.8549668046621388,6.2262314138311066,4.3712646091689678,1,0,4.3712646091689678
Labour,CES0500000003,3,after_week_2,2023-05,Labour Bridge Ridge,long_memory,2023-05-14,2023-06-02,4.0405991092466227,3.9538750762231345,72,48,4.1963307724884169,-0.15573166324179422,8.2369298817350405,8.3926615449768338,1,0,8.3926615449768356
Labour,CES0500000003,4,month_end,2023-05,Labour Equal-Weight Ensemble,short_memory,2023-05-31,2023-06-02,3.6886223017675732,3.9538750762231345,72,48,2.6291099861604059,1.0595123156071673,6.3177322879279796,5.2582199723208118,1,0,5.2582199723208127
Labour,CES0500000003,4,month_end,2023-05,Labour Equal-Weight Ensemble,long_memory,2023-05-31,2023-06-02,3.6886223017675732,3.9538750762231345,72,48,4.2003511551055057,-0.5117288533379325,7.8889734568730789,8.4007023102110114,1,0,8.4007023102110114
Labour,CES0500000003,5,pre_employment_report,2023-05,Labour Equal-Weight Ensemble,short_memory,2023-06-01,2023-06-02,3.6873249924302236,3.9538750762231345,72,48,2.5861008367658345,1.1012241556643891,6.2734258291960581,5.1722016735316689,1,0,5.1722016735316689
Labour,CES0500000003,5,pre_employment_report,2023-05,Labour Equal-Weight Ensemble,long_memory,2023-06-01,2023-06-02,3.6873249924302236,3.9538750762231345,72,48,4.2255928235781059,-0.53826783114788235,7.9129178160083296,8.4511856471562119,1,0,8.4511856471562119
Labour,CES0500000003,1,month_open,2023-06,Labour Bridge Ridge,short_memory,2023-06-01,2023-07-07,4.4799372160896898,4.2959473088599154,71,48,2.377301466364905,2.1026357497247847,6.8572386824545948,4.75460293272981,1,0,4.75460293272981
Labour,CES0500000003,1,month_open,2023-06,Labour Bridge Ridge,long_memory,2023-06-01,2023-07-07,4.4799372160896898,4.2959473088599154,71,48,3.5439654810705861,0.93597173501910369,8.0239026971602758,7.0879309621411721,1,0,7.0879309621411721
Labour,CES0500000003,2,after_week_1,2023-06,Labour Bridge Ridge,short_memory,2023-06-07,2023-07-07,4.2293816754062146,4.2959473088599154,72,48,2.2325352222296058,1.9968464531766088,6.4619168976358203,4.4650704444592115,1,0,4.4650704444592115
Labour,CES0500000003,2,after_week_1,2023-06,Labour Bridge Ridge,long_memory,2023-06-07,2023-07-07,4.2293816754062146,4.2959473088599154,72,48,3.7159773853946438,0.51340429001157073,7.9453590608008584,7.4319547707892877,1,0,7.4319547707892877
Labour,CES0500000003,3,after_week_2,2023-06,Labour Bridge Ridge,short_memory,2023-06-14,2023-07-07,4.2701582480648703,4.2959473088599154,73,48,2.1856323045844839,2.0845259434803864,6.4557905526493542,4.3712646091689678,1,0,4.3712646091689678
Labour,CES0500000003,3,after_week_2,2023-06,Labour Bridge Ridge,long_memory,2023-06-14,2023-07-07,4.2701582480648703,4.2959473088599154,73,48,3.9383418990218995,0.33181634904297086,8.2085001470867702,7.8766837980437989,1,0,7.8766837980437998
Labour,CES0500000003,4,month_end,2023-06,Labour Equal-Weight Ensemble,short_memory,2023-06-30,2023-07-07,3.8743132343918241,4.2959473088599154,73,48,1.7361385434193752,2.1381746909724488,5.6104517778111997,3.4722770868387505,1,0,3.4722770868387509
Labour,CES0500000003,4,month_end,2023-06,Labour Equal-Weight Ensemble,long_memory,2023-06-30,2023-07-07,3.8743132343918241,4.2959473088599154,73,48,4.0787985212328204,-0.20448528684099632,7.9531117556246445,8.1575970424656408,1,0,8.1575970424656408
Labour,CES0500000003,5,pre_employment_report,2023-06,Labour Equal-Weight Ensemble,short_memory,2023-07-06,2023-07-07,3.6712446280232953,4.2959473088599154,73,48,1.7361385434193752,1.9351060846039201,5.407383171442671,3.4722770868387505,1,0,3.4722770868387509
Labour,CES0500000003,5,pre_employment_report,2023-06,Labour Equal-Weight Ensemble,long_memory,2023-07-06,2023-07-07,3.6712446280232953,4.2959473088599154,73,48,4.1813924637261106,-0.5101478357028153,7.8526370917494059,8.3627849274522212,1,0,8.3627849274522212
Labour,CES0500000003,1,month_open,2023-07,Labour Bridge Ridge,short_memory,2023-07-01,2023-08-04,4.7911352992133862,4.9896121783962855,72,48,1.574816518680703,3.2163187805326832,6.3659518178940893,3.1496330373614061,1,0,3.1496330373614061
Labour,CES0500000003,1,month_open,2023-07,Labour Bridge Ridge,long_memory,2023-07-01,2023-08-04,4.7911352992133862,4.9896121783962855,72,48,3.5439654810705861,1.2471698181428001,8.3351007802839732,7.0879309621411721,1,0,7.087930962141173
Labour,CES0500000003,2,after_week_1,2023-07,Labour Bridge Ridge,short_memory,2023-07-07,2023-08-04,5.3128796926531132,4.9896121783962855,72,48,2.2325352222296058,3.0803444704235075,7.545414914882719,4.4650704444592115,1,0,4.4650704444592115
Labour,CES0500000003,2,after_week_1,2023-07,Labour Bridge Ridge,long_memory,2023-07-07,2023-08-04,5.3128796926531132,4.9896121783962855,72,48,3.7159773853946438,1.5969023072584694,9.0288570780477571,7.4319547707892877,1,0,7.4319547707892877
Labour,CES0500000003,3,after_week_2,2023-07,Labour Bridge Ridge,short_memory,2023-07-14,2023-08-04,5.3861473407917533,4.9896121783962855,74,48,1.3529654369581872,4.0331819038335661,6.7391127777499404,2.7059308739163743,1,0,2.7059308739163743
Labour,CES0500000003,3,after_week_2,2023-07,Labour Bridge Ridge,long_memory,2023-07-14,2023-08-04,5.3861473407917533,4.9896121783962855,74,48,3.9383418990218995,1.4478054417698538,9.3244892398136532,7.8766837980437989,1,0,7.8766837980437998
Labour,CES0500000003,4,month_end,2023-07,Labour Equal-Weight Ensemble,short_memory,2023-07-31,2023-08-04,4.1549715728036043,4.9896121783962855,74,48,1.7131553642779993,2.441816208525605,5.8681269370816036,3.4263107285559986,1,0,3.4263107285559986
Labour,CES0500000003,4,month_end,2023-07,Labour Equal-Weight Ensemble,long_memory,2023-07-31,2023-08-04,4.1549715728036043,4.9896121783962855,74,48,4.0787985212328204,0.076173051570783912,8.2337700940364247,8.1575970424656408,1,0,8.1575970424656408
Labour,CES0500000003,5,pre_employment_report,2023-07,Labour Equal-Weight Ensemble,short_memory,2023-08-03,2023-08-04,4.3765555801060598,4.9896121783962855,74,48,1.7192258349287437,2.6573297451773161,6.0957814150348035,3.4384516698574874,1,0,3.4384516698574874
Labour,CES0500000003,5,pre_employment_report,2023-07,Labour Equal-Weight Ensemble,long_memory,2023-08-03,2023-08-04,4.3765555801060598,4.9896121783962855,74,48,4.1813924637261106,0.19516311637994921,8.5579480438321696,8.3627849274522212,1,0,8.3627849274522212
Labour,CES0500000003,1,month_open,2023-08,Labour Bridge Ridge,short_memory,2023-08-01,2023-09-01,4.1377861407582568,2.8419196231345367,73,48,1.5227350194456317,2.6150511213126251,5.6605211602038885,3.0454700388912634,1,0,3.0454700388912634
Labour,CES0500000003,1,month_open,2023-08,Labour Bridge Ridge,long_memory,2023-08-01,2023-09-01,4.1377861407582568,2.8419196231345367,73,48,3.5439654810705861,0.59382065968767073,7.6817516218288429,7.0879309621411721,1,0,7.0879309621411721
Labour,CES0500000003,2,after_week_1,2023-08,Labour Bridge Ridge,short_memory,2023-08-07,2023-09-01,4.2877442087518665,2.8419196231345367,74,48,1.2369951720980006,3.0507490366538659,5.5247393808498675,2.4739903441960012,0,1,4.5622844793892927
Labour,CES0500000003,2,after_week_1,2023-08,Labour Bridge Ridge,long_memory,2023-08-07,2023-09-01,4.2877442087518665,2.8419196231345367,74,48,3.5767725606780925,0.710971648073774,7.8645167694299589,7.1535451213561849,1,0,7.1535451213561849
Labour,CES0500000003,3,after_week_2,2023-08,Labour Bridge Ridge,short_memory,2023-08-14,2023-09-01,4.3343772081684131,2.8419196231345367,75,48,1.2752658000742163,3.0591114080941968,5.6096430082426298,2.5505316001484326,0,1,4.7224494497450333
Labour,CES0500000003,3,after_week_2,2023-08,Labour Bridge Ridge,long_memory,2023-08-14,2023-09-01,4.3343772081684131,2.8419196231345367,75,48,3.4535703024998634,0.88080690566854969,7.7879475106682765,6.9071406049997268,1,0,6.9071406049997268
Labour,CES0500000003,4,month_end,2023-08,Labour Equal-Weight Ensemble,short_memory,2023-08-31,2023-09-01,3.8128378525933848,2.8419196231345367,75,48,1.7131553642779993,2.0996824883153855,5.5259932168713846,3.4263107285559986,1,0,3.4263107285559991
Labour,CES0500000003,4,month_end,2023-08,Labour Equal-Weight Ensemble,long_memory,2023-08-31,2023-09-01,3.8128378525933848,2.8419196231345367,75,48,3.8684115638023902,-0.055573711209005339,7.681249416395775,7.7368231276047803,1,0,7.7368231276047803
Labour,CES0500000003,5,pre_employment_report,2023-08,Labour Equal-Weight Ensemble,short_memory,2023-08-31,2023-09-01,3.8128378525933848,2.8419196231345367,75,48,1.7192258349287437,2.0936120176646411,5.532063687522129,3.4384516698574874,1,0,3.4384516698574878
Labour,CES0500000003,5,pre_employment_report,2023-08,Labour Equal-Weight Ensemble,long_memory,2023-08-31,2023-09-01,3.8128378525933848,2.8419196231345367,75,48,3.8771117722474386,-0.064273919654053824,7.689949624840823,7.7542235444948773,1,0,7.7542235444948773
Labour,CES0500000003,1,month_open,2023-09,Labour Bridge Ridge,short_memory,2023-09-01,2023-10-06,5.4220544460165838,2.4819036768708003,74,48,1.5227350194456317,3.8993194265709521,6.9447894654622155,3.0454700388912634,0,1,17.219627535892783
Labour,CES0500000003,1,month_open,2023-09,Labour Bridge Ridge,long_memory,2023-09-01,2023-10-06,5.4220544460165838,2.4819036768708003,74,48,3.5163947512172964,1.9056596947992874,8.9384491972338793,7.0327895024345928,1,0,7.0327895024345919
Labour,CES0500000003,2,after_week_1,2023-09,Labour Bridge Ridge,short_memory,2023-09-07,2023-10-06,5.3594288986351373,2.4819036768708003,75,48,1.4458245856173297,3.9136043130178075,6.805253484252467,2.8916491712346595,0,1,17.208655532704732
Labour,CES0500000003,2,after_week_1,2023-09,Labour Bridge Ridge,long_memory,2023-09-07,2023-10-06,5.3594288986351373,2.4819036768708003,75,48,3.5767725606780925,1.7826563379570448,8.9362014593132297,7.1535451213561849,1,0,7.1535451213561849
Labour,CES0500000003,3,after_week_2,2023-09,Labour Bridge Ridge,short_memory,2023-09-14,2023-10-06,5.3155740159421079,2.4819036768708003,76,48,1.4924575850338764,3.8231164309082315,6.8080316009759843,2.9849151700677528,0,1,16.397042710442065
Labour,CES0500000003,3,after_week_2,2023-09,Labour Bridge Ridge,long_memory,2023-09-14,2023-10-06,5.3155740159421079,2.4819036768708003,76,48,3.4535703024998634,1.8620037134422445,8.7691443184419704,6.9071406049997268,1,0,6.9071406049997259
Labour,CES0500000003,4,month_end,2023-09,Labour Equal-Weight Ensemble,short_memory,2023-09-30,2023-10-06,4.1830026768001822,2.4819036768708003,76,48,1.7131553642779993,2.4698473125221829,5.8961580410781815,3.4263107285559986,1,0,3.4263107285559986
Labour,CES0500000003,4,month_end,2023-09,Labour Equal-Weight Ensemble,long_memory,2023-09-30,2023-10-06,4.1830026768001822,2.4819036768708003,76,48,3.8684115638023902,0.31459111299779208,8.0514142406025719,7.7368231276047803,1,0,7.7368231276047794
Labour,CES0500000003,5,pre_employment_report,2023-09,Labour Equal-Weight Ensemble,short_memory,2023-10-05,2023-10-06,4.087544555578364,2.4819036768708003,76,48,1.7192258349287437,2.3683187206496203,5.8067703905071077,3.4384516698574874,1,0,3.4384516698574874
Labour,CES0500000003,5,pre_employment_report,2023-09,Labour Equal-Weight Ensemble,long_memory,2023-10-05,2023-10-06,4.087544555578364,2.4819036768708003,76,48,3.8771117722474386,0.21043278333092541,7.9646563278258027,7.7542235444948773,1,0,7.7542235444948773
Labour,CES0500000003,1,month_open,2023-10,Labour Bridge Ridge,short_memory,2023-10-01,2023-11-03,4.3333774893569128,2.473134984027503,75,48,1.5227350194456317,2.8106424699112811,5.8561125088025445,3.0454700388912634,0,1,6.4205448977290445
Labour,CES0500000003,1,month_open,2023-10,Labour Bridge Ridge,long_memory,2023-10-01,2023-11-03,4.3333774893569128,2.473134984027503,75,48,3.5163947512172964,0.81698273813961642,7.8497722405742092,7.0327895024345928,1,0,7.0327895024345928
Labour,CES0500000003,2,after_week_1,2023-10,Labour Bridge Ridge,short_memory,2023-10-07,2023-11-03,4.3551531835149015,2.473134984027503,76,48,2.3997627139318598,1.9553904695830417,6.7549158974467609,4.7995254278637196,1,0,4.7995254278637187
Labour,CES0500000003,2,after_week_1,2023-10,Labour Bridge Ridge,long_memory,2023-10-07,2023-11-03,4.3551531835149015,2.473134984027503,76,48,3.4883905106648454,0.86676267285005615,7.843543694179747,6.9767810213296908,1,0,6.9767810213296908
Labour,CES0500000003,3,after_week_2,2023-10,Labour Bridge Ridge,short_memory,2023-10-14,2023-11-03,4.4201485844702617,2.473134984027503,77,48,2.1856323045844839,2.2345162798857778,6.6057808890547456,4.3712646091689678,1,0,4.3712646091689678
Labour,CES0500000003,3,after_week_2,2023-10,Labour Bridge Ridge,long_memory,2023-10-14,2023-11-03,4.4201485844702617,2.473134984027503,77,48,3.4535703024998634,0.9665782819703983,7.8737188869701251,6.9071406049997268,1,0,6.9071406049997268
Labour,CES0500000003,4,month_end,2023-10,Labour Equal-Weight Ensemble,short_memory,2023-10-31,2023-11-03,3.8534355012884376,2.473134984027503,77,48,1.7131553642779993,2.1402801370104383,5.5665908655664369,3.4263107285559986,1,0,3.4263107285559986
Labour,CES0500000003,4,month_end,2023-10,Labour Equal-Weight Ensemble,long_memory,2023-10-31,2023-11-03,3.8534355012884376,2.473134984027503,77,48,3.8684115638023902,-0.014976062513952559,7.7218470650908273,7.7368231276047803,1,0,7.7368231276047794
Labour,CES0500000003,5,pre_employment_report,2023-10,Labour Equal-Weight Ensemble,short_memory,2023-11-02,2023-11-03,3.8407983513239472,2.473134984027503,77,48,1.7192258349287437,2.1215725163952035,5.5600241862526909,3.4384516698574874,1,0,3.4384516698574874
Labour,CES0500000003,5,pre_employment_report,2023-10,Labour Equal-Weight Ensemble,long_memory,2023-11-02,2023-11-03,3.8407983513239472,2.473134984027503,77,48,3.8771117722474386,-0.036313420923491435,7.7179101235713858,7.7542235444948773,1,0,7.7542235444948773
Labour,CES0500000003,1,month_open,2023-11,Labour Bridge Ridge,short_memory,2023-11-01,2023-12-08,4.4577189306750729,4.230321654821978,76,48,2.377301466364905,2.0804174643101678,6.8350203970399779,4.75460293272981,1,0,4.75460293272981
Labour,CES0500000003,1,month_open,2023-11,Labour Bridge Ridge,long_memory,2023-11-01,2023-12-08,4.4577189306750729,4.230321654821978,76,48,3.5163947512172964,0.94132417945777647,7.9741136818923692,7.0327895024345928,1,0,7.0327895024345928
Labour,CES0500000003,2,after_week_1,2023-11,Labour Bridge Ridge,short_memory,2023-11-07,2023-12-08,5.0142883348414342,4.230321654821978,77,48,2.2325352222296058,2.7817531126118284,7.24682355707104,4.4650704444592115,1,0,4.4650704444592115
Labour,CES0500000003,2,after_week_1,2023-11,Labour Bridge Ridge,long_memory,2023-11-07,2023-12-08,5.0142883348414342,4.230321654821978,77,48,3.4883905106648454,1.5258978241765888,8.5026788455062796,6.9767810213296908,1,0,6.9767810213296908
Labour,CES0500000003,3,after_week_2,2023-11,Labour Bridge Ridge,short_memory,2023-11-14,2023-12-08,5.0648064507304049,4.230321654821978,78,48,2.1856323045844839,2.879174146145921,7.2504387553148888,4.3712646091689678,1,0,4.3712646091689678
Labour,CES0500000003,3,after_week_2,2023-11,Labour Bridge Ridge,long_memory,2023-11-14,2023-12-08,5.0648064507304049,4.230321654821978,78,48,3.4535703024998634,1.6112361482305415,8.5183767532302674,6.9071406049997268,1,0,6.9071406049997259
Labour,CES0500000003,4,month_end,2023-11,Labour Equal-Weight Ensemble,short_memory,2023-11-30,2023-12-08,4.1816160575680525,4.230321654821978,78,48,1.701098999929382,2.4805170576386706,5.8827150574974345,3.4021979998587639,1,0,3.4021979998587639
Labour,CES0500000003,4,month_end,2023-11,Labour Equal-Weight Ensemble,long_memory,2023-11-30,2023-12-08,4.1816160575680525,4.230321654821978,78,48,3.1061717382114917,1.0754443193565608,7.2877877957795443,6.2123434764229835,1,0,6.2123434764229835
Labour,CES0500000003,5,pre_employment_report,2023-11,Labour Equal-Weight Ensemble,short_memory,2023-12-07,2023-12-08,4.1618678711574075,4.230321654821978,78,48,1.6624567948584001,2.4994110762990074,5.8243246660158077,3.3249135897168003,1,0,3.3249135897168003
Labour,CES0500000003,5,pre_employment_report,2023-11,Labour Equal-Weight Ensemble,long_memory,2023-12-07,2023-12-08,4.1618678711574075,4.230321654821978,78,48,3.10456712327262,1.0573007478847876,7.2664349944300275,6.2091342465452399,1,0,6.2091342465452399
Labour,CES0500000003,1,month_open,2023-12,Labour Bridge Ridge,short_memory,2023-12-01,2024-01-05,4.2312709885236774,5.2639359156470888,77,48,2.377301466364905,1.8539695221587724,6.6085724548885825,4.75460293272981,1,0,4.75460293272981
Labour,CES0500000003,1,month_open,2023-12,Labour Bridge Ridge,long_memory,2023-12-01,2024-01-05,4.2312709885236774,5.2639359156470888,77,48,3.1594713018205614,1.0717996867031161,7.3907422903442388,6.3189426036411227,1,0,6.3189426036411227
Labour,CES0500000003,2,after_week_1,2023-12,Labour Bridge Ridge,short_memory,2023-12-07,2024-01-05,4.0091128814314114,5.2639359156470888,77,48,2.2325352222296058,1.7765776592018057,6.2416481036610172,4.4650704444592115,1,0,4.4650704444592115
Labour,CES0500000003,2,after_week_1,2023-12,Labour Bridge Ridge,long_memory,2023-12-07,2024-01-05,4.0091128814314114,5.2639359156470888,77,48,3.4883905106648454,0.52072237076656602,7.4975033920962568,6.9767810213296908,1,0,6.9767810213296908
Labour,CES0500000003,3,after_week_2,2023-12,Labour Bridge Ridge,short_memory,2023-12-14,2024-01-05,3.2656347508094248,5.2639359156470888,79,48,1.9470136004427587,1.3186211503666661,5.2126483512521835,3.8940272008855175,0,1,4.4069028448345708
Labour,CES0500000003,3,after_week_2,2023-12,Labour Bridge Ridge,long_memory,2023-12-14,2024-01-05,3.2656347508094248,5.2639359156470888,79,48,3.4391476573307926,-0.17351290652136786,6.7047824081402174,6.8782953146615853,1,0,6.8782953146615853
Labour,CES0500000003,4,month_end,2023-12,Labour Equal-Weight Ensemble,short_memory,2023-12-31,2024-01-05,3.4802786834859791,5.2639359156470888,79,48,1.701098999929382,1.7791796835565972,5.1813776834153611,3.4021979998587639,0,1,4.2277803221760415
Labour,CES0500000003,4,month_end,2023-12,Labour Equal-Weight Ensemble,long_memory,2023-12-31,2024-01-05,3.4802786834859791,5.2639359156470888,79,48,3.1061717382114917,0.3741069452744874,6.5864504216974709,6.2123434764229835,1,0,6.2123434764229835
Labour,CES0500000003,5,pre_employment_report,2023-12,Labour Equal-Weight Ensemble,short_memory,2024-01-04,2024-01-05,3.496506062538113,5.2639359156470888,79,48,1.6056408787075638,1.8908651838305492,5.1021469412456764,3.2112817574151276,0,1,4.8291715014292524
Labour,CES0500000003,5,pre_employment_report,2023-12,Labour Equal-Weight Ensemble,long_memory,2024-01-04,2024-01-05,3.496506062538113,5.2639359156470888,79,48,3.10456712327262,0.39193893926549306,6.6010731858107334,6.2091342465452399,1,0,6.2091342465452399
Labour,CES0500000003,1,month_open,2024-01,Labour Bridge Ridge,short_memory,2024-01-01,2024-02-02,3.6533491616950062,6.6173437171489269,78,48,1.8602425053294098,1.7931066563655964,5.5135916670244161,3.7204850106588196,0,1,14.758005511903928
Labour,CES0500000003,1,month_open,2024-01,Labour Bridge Ridge,long_memory,2024-01-01,2024-02-02,3.6533491616950062,6.6173437171489269,78,48,3.1594713018205614,0.49387785987444488,6.8128204635155676,6.3189426036411227,1,0,6.3189426036411227
Labour,CES0500000003,2,after_week_1,2024-01,Labour Bridge Ridge,short_memory,2024-01-07,2024-02-02,4.0259091974380929,6.6173437171489269,79,48,1.8820181994873986,2.1438909979506944,5.9079273969254915,3.7640363989747971,0,1,10.858199601209151
Labour,CES0500000003,2,after_week_1,2024-01,Labour Bridge Ridge,long_memory,2024-01-07,2024-02-02,4.0259091974380929,6.6173437171489269,79,48,3.4883905106648454,0.53751868677324754,7.5142997081029383,6.9767810213296908,1,0,6.9767810213296908
Labour,CES0500000003,3,after_week_2,2024-01,Labour Bridge Ridge,short_memory,2024-01-14,2024-02-02,4.0234149166767645,6.6173437171489269,80,48,1.9983011648376641,2.0251137518391005,6.0217160815144286,3.9966023296753281,0,1,9.9528786860203109
Labour,CES0500000003,3,after_week_2,2024-01,Labour Bridge Ridge,long_memory,2024-01-14,2024-02-02,4.0234149166767645,6.6173437171489269,80,48,3.4391476573307926,0.5842672593459719,7.4625625740075572,6.8782953146615853,1,0,6.8782953146615853
Labour,CES0500000003,4,month_end,2024-01,Labour Equal-Weight Ensemble,short_memory,2024-01-31,2024-02-02,3.6535059868772897,6.6173437171489269,80,48,1.7361385434193752,1.9173674434579144,5.3896445302966649,3.4722770868387505,0,1,15.749268955361369
Labour,CES0500000003,4,month_end,2024-01,Labour Equal-Weight Ensemble,long_memory,2024-01-31,2024-02-02,3.6535059868772897,6.6173437171489269,80,48,3.1061717382114917,0.54733424866579794,6.7596777250887818,6.2123434764229835,1,0,6.2123434764229835
Labour,CES0500000003,5,pre_employment_report,2024-01,Labour Equal-Weight Ensemble,short_memory,2024-02-01,2024-02-02,3.7032100700519557,6.6173437171489269,80,48,1.7361385434193752,1.9670715266325804,5.4393486134713314,3.4722770868387505,0,1,15.252228123614707
Labour,CES0500000003,5,pre_employment_report,2024-01,Labour Equal-Weight Ensemble,long_memory,2024-02-01,2024-02-02,3.7032100700519557,6.6173437171489269,80,48,3.0700814680432811,0.6331286020086746,6.7732915380952363,6.1401629360865622,1,0,6.1401629360865613
Labour,CES0500000003,1,month_open,2024-02,Labour Bridge Ridge,short_memory,2024-02-01,2024-03-08,4.7820641561549806,1.7368652619673242,79,48,1.8602425053294098,2.9218216508255708,6.6423066614843904,3.7204850106588196,0,1,15.570048899241286
Labour,CES0500000003,1,month_open,2024-02,Labour Bridge Ridge,long_memory,2024-02-01,2024-03-08,4.7820641561549806,1.7368652619673242,79,48,2.9709526939953399,1.8111114621596407,7.7530168501503205,5.9419053879906798,0,1,6.6843673899138452
Labour,CES0500000003,2,after_week_1,2024-02,Labour Bridge Ridge,short_memory,2024-02-07,2024-03-08,3.8727942618497644,1.7368652619673242,80,48,2.5914345197108339,1.2813597421389304,6.4642287815605979,5.1828690394216679,1,0,5.1828690394216679
Labour,CES0500000003,2,after_week_1,2024-02,Labour Bridge Ridge,long_memory,2024-02-07,2024-03-08,3.8727942618497644,1.7368652619673242,80,48,3.394545264862912,0.47824899698685241,7.2673395267126768,6.7890905297258239,1,0,6.7890905297258239
Labour,CES0500000003,3,after_week_2,2024-02,Labour Bridge Ridge,short_memory,2024-02-14,2024-03-08,3.9018671705830892,1.7368652619673242,81,48,2.5939288004721623,1.3079383701109268,6.4957959710552515,5.1878576009443247,1,0,5.1878576009443247
Labour,CES0500000003,3,after_week_2,2024-02,Labour Bridge Ridge,long_memory,2024-02-14,2024-03-08,3.9018671705830892,1.7368652619673242,81,48,3.2113835779030451,0.69048359268004411,7.1132507484861343,6.4227671558060901,1,0,6.4227671558060901
Labour,CES0500000003,4,month_end,2024-02,Labour Equal-Weight Ensemble,short_memory,2024-02-29,2024-03-08,3.7624345021224088,1.7368652619673242,81,48,1.7836572321611097,1.9787772699612991,5.5460917342835181,3.5673144643222194,0,1,5.986434544261968
Labour,CES0500000003,4,month_end,2024-02,Labour Equal-Weight Ensemble,long_memory,2024-02-29,2024-03-08,3.7624345021224088,1.7368652619673242,81,48,2.9638377302716372,0.7985967718507716,6.726272232394046,5.9276754605432744,1,0,5.9276754605432744
Labour,CES0500000003,5,pre_employment_report,2024-02,Labour Equal-Weight Ensemble,short_memory,2024-03-07,2024-03-08,3.9061399710661981,1.7368652619673242,81,48,1.7674298531089758,2.1387101179572223,5.673569824175174,3.5348597062179516,0,1,7.5533082661169333
Labour,CES0500000003,5,pre_employment_report,2024-02,Labour Equal-Weight Ensemble,long_memory,2024-03-07,2024-03-08,3.9061399710661981,1.7368652619673242,81,48,3.0700814680432811,0.83605850302291707,6.9762214391094792,6.1401629360865622,1,0,6.1401629360865622
Labour,CES0500000003,1,month_open,2024-03,Labour Bridge Ridge,short_memory,2024-03-01,2024-04-05,4.3073901307237223,4.1582484577501688,80,48,2.9401507691457835,1.3672393615779388,7.2475408998695059,5.8803015382915671,1,0,5.8803015382915671
Labour,CES0500000003,1,month_open,2024-03,Labour Bridge Ridge,long_memory,2024-03-01,2024-04-05,4.3073901307237223,4.1582484577501688,80,48,2.9709526939953399,1.3364374367283824,7.2783428247190622,5.9419053879906798,1,0,5.9419053879906798
Labour,CES0500000003,2,after_week_1,2024-03,Labour Bridge Ridge,short_memory,2024-03-07,2024-04-05,4.2683266529298916,4.1582484577501688,80,48,2.5914345197108339,1.6768921332190576,6.8597611726407255,5.1828690394216679,1,0,5.1828690394216679
Labour,CES0500000003,2,after_week_1,2024-03,Labour Bridge Ridge,long_memory,2024-03-07,2024-04-05,4.2683266529298916,4.1582484577501688,80,48,3.394545264862912,0.87378138806697958,7.6628719177928035,6.7890905297258239,1,0,6.7890905297258239
Labour,CES0500000003,3,after_week_2,2024-03,Labour Bridge Ridge,short_memory,2024-03-14,2024-04-05,5.0738806579658728,4.1582484577501688,82,48,2.5939288004721623,2.4799518574937105,7.6678094584380352,5.1878576009443247,1,0,5.1878576009443247
Labour,CES0500000003,3,after_week_2,2024-03,Labour Bridge Ridge,long_memory,2024-03-14,2024-04-05,5.0738806579658728,4.1582484577501688,82,48,3.2113835779030451,1.8624970800628278,8.2852642358689188,6.4227671558060901,1,0,6.422767155806091
Labour,CES0500000003,4,month_end,2024-03,Labour Equal-Weight Ensemble,short_memory,2024-03-31,2024-04-05,4.0754792230145096,4.1582484577501688,82,48,2.0255692401550847,2.0499099828594249,6.1010484631695938,4.0511384803101693,1,0,4.0511384803101684
Labour,CES0500000003,4,month_end,2024-03,Labour Equal-Weight Ensemble,long_memory,2024-03-31,2024-04-05,4.0754792230145096,4.1582484577501688,82,48,2.9638377302716372,1.1116414927428724,7.0393169532861464,5.9276754605432744,1,0,5.9276754605432735
Labour,CES0500000003,5,pre_employment_report,2024-03,Labour Equal-Weight Ensemble,short_memory,2024-04-04,2024-04-05,4.1078711304600413,4.1582484577501688,82,48,2.169274709098874,1.9385964213611673,6.2771458395589157,4.338549418197748,1,0,4.3385494181977489
Labour,CES0500000003,5,pre_employment_report,2024-03,Labour Equal-Weight Ensemble,long_memory,2024-04-04,2024-04-05,4.1078711304600413,4.1582484577501688,82,48,3.0700814680432811,1.0377896624167602,7.1779525985033228,6.1401629360865622,1,0,6.1401629360865631
Labour,CES0500000003,1,month_open,2024-04,Labour Bridge Ridge,short_memory,2024-04-01,2024-05-03,4.8087116448927496,2.4197041181523105,81,48,2.9639945554539207,1.8447170894388289,7.7727062003466703,5.9279891109078413,1,0,5.9279891109078413
Labour,CES0500000003,1,month_open,2024-04,Labour Bridge Ridge,long_memory,2024-04-01,2024-05-03,4.8087116448927496,2.4197041181523105,81,48,3.0451988941876564,1.7635127507050932,7.853910539080406,6.0903977883753129,1,0,6.0903977883753129
Labour,CES0500000003,2,after_week_1,2024-04,Labour Bridge Ridge,short_memory,2024-04-07,2024-05-03,4.3775118387643968,2.4197041181523105,82,48,2.2325352222296058,2.144976616534791,6.6100470609940025,4.4650704444592115,1,0,4.4650704444592115
Labour,CES0500000003,2,after_week_1,2024-04,Labour Bridge Ridge,long_memory,2024-04-07,2024-05-03,4.3775118387643968,2.4197041181523105,82,48,3.394545264862912,0.98296657390148479,7.7720571036273087,6.7890905297258239,1,0,6.7890905297258239
Labour,CES0500000003,3,after_week_2,2024-04,Labour Bridge Ridge,short_memory,2024-04-14,2024-05-03,4.3833625457826564,2.4197041181523105,83,48,2.1856323045844839,2.1977302411981725,6.5689948503671403,4.3712646091689678,1,0,4.3712646091689678
Labour,CES0500000003,3,after_week_2,2024-04,Labour Bridge Ridge,long_memory,2024-04-14,2024-05-03,4.3833625457826564,2.4197041181523105,83,48,3.2113835779030451,1.1719789678796113,7.5947461236857015,6.4227671558060901,1,0,6.4227671558060901
Labour,CES0500000003,4,month_end,2024-04,Labour Equal-Weight Ensemble,short_memory,2024-04-30,2024-05-03,3.945312535792779,2.4197041181523105,83,48,2.0255692401550847,1.9197432956376943,5.9708817759478636,4.0511384803101693,1,0,4.0511384803101693
Labour,CES0500000003,4,month_end,2024-04,Labour Equal-Weight Ensemble,long_memory,2024-04-30,2024-05-03,3.945312535792779,2.4197041181523105,83,48,2.9638377302716372,0.98147480552114175,6.9091502660644162,5.9276754605432744,1,0,5.9276754605432744
Labour,CES0500000003,5,pre_employment_report,2024-04,Labour Equal-Weight Ensemble,short_memory,2024-05-02,2024-05-03,3.9948850397440157,2.4197041181523105,83,48,2.169274709098874,1.8256103306451417,6.1641597488428896,4.338549418197748,1,0,4.338549418197748
Labour,CES0500000003,5,pre_employment_report,2024-04,Labour Equal-Weight Ensemble,long_memory,2024-05-02,2024-05-03,3.9948850397440157,2.4197041181523105,83,48,2.9141336470969712,1.0807513926470445,6.9090186868409873,5.8282672941939424,1,0,5.8282672941939424
Labour,CES0500000003,1,month_open,2024-05,Labour Bridge Ridge,short_memory,2024-05-01,2024-06-07,4.3958221673153899,4.822050116609411,82,48,2.9639945554539207,1.4318276118614692,7.3598167227693105,5.9279891109078413,1,0,5.9279891109078413
Labour,CES0500000003,1,month_open,2024-05,Labour Bridge Ridge,long_memory,2024-05-01,2024-06-07,4.3958221673153899,4.822050116609411,82,48,3.0451988941876564,1.3506232731277334,7.4410210615030463,6.0903977883753129,1,0,6.0903977883753129
Labour,CES0500000003,2,after_week_1,2024-05,Labour Bridge Ridge,short_memory,2024-05-07,2024-06-07,4.6973922312726879,4.822050116609411,83,48,2.1359289998824402,2.5614632313902477,6.8333212311551286,4.2718579997648805,1,0,4.2718579997648813
Labour,CES0500000003,2,after_week_1,2024-05,Labour Bridge Ridge,long_memory,2024-05-07,2024-06-07,4.6973922312726879,4.822050116609411,83,48,2.877525221764337,1.8198670095083509,7.5749174530370249,5.755050443528674,1,0,5.755050443528674
Labour,CES0500000003,3,after_week_2,2024-05,Labour Bridge Ridge,short_memory,2024-05-14,2024-06-07,4.7123856525357537,4.822050116609411,84,48,2.165001908615765,2.5473837439199887,6.8773875611515187,4.33000381723153,1,0,4.33000381723153
Labour,CES0500000003,3,after_week_2,2024-05,Labour Bridge Ridge,long_memory,2024-05-14,2024-06-07,4.7123856525357537,4.822050116609411,84,48,2.8336703390713076,1.8787153134644461,7.5460559916070613,5.6673406781426152,1,0,5.6673406781426152
Labour,CES0500000003,4,month_end,2024-05,Labour Equal-Weight Ensemble,short_memory,2024-05-31,2024-06-07,4.1252424295102772,4.822050116609411,84,48,2.0255692401550847,2.0996731893551925,6.1508116696653623,4.0511384803101693,1,0,4.0511384803101702
Labour,CES0500000003,4,month_end,2024-05,Labour Equal-Weight Ensemble,long_memory,2024-05-31,2024-06-07,4.1252424295102772,4.822050116609411,84,48,2.9638377302716372,1.16140469923864,7.0890801597819149,5.9276754605432744,1,0,5.9276754605432753
Labour,CES0500000003,5,pre_employment_report,2024-05,Labour Equal-Weight Ensemble,short_memory,2024-06-06,2024-06-07,4.1361643194752586,4.822050116609411,84,48,2.169274709098874,1.9668896103763847,6.3054390285741331,4.338549418197748,1,0,4.3385494181977489
Labour,CES0500000003,5,pre_employment_report,2024-05,Labour Equal-Weight Ensemble,long_memory,2024-06-06,2024-06-07,4.1361643194752586,4.822050116609411,84,48,2.9141336470969712,1.2220306723782874,7.0502979665722298,5.8282672941939424,1,0,5.8282672941939424
Labour,CES0500000003,1,month_open,2024-06,Labour Bridge Ridge,short_memory,2024-06-01,2024-07-05,4.8304298017943985,3.4334787372383602,83,48,2.9401507691457835,1.890279032648615,7.7705805709401821,5.8803015382915671,1,0,5.8803015382915671
Labour,CES0500000003,1,month_open,2024-06,Labour Bridge Ridge,long_memory,2024-06-01,2024-07-05,4.8304298017943985,3.4334787372383602,83,48,3.0451988941876564,1.7852309076067421,7.8756286959820549,6.0903977883753129,1,0,6.0903977883753129
Labour,CES0500000003,2,after_week_1,2024-06,Labour Bridge Ridge,short_memory,2024-06-07,2024-07-05,4.8088562890069468,3.4334787372383602,83,48,2.1359289998824402,2.6729272891245066,6.9447852888893866,4.2718579997648805,1,0,4.2718579997648796
Labour,CES0500000003,2,after_week_1,2024-06,Labour Bridge Ridge,long_memory,2024-06-07,2024-07-05,4.8088562890069468,3.4334787372383602,83,48,2.877525221764337,1.9313310672426098,7.6863815107712838,5.755050443528674,1,0,5.755050443528674
Labour,CES0500000003,3,after_week_2,2024-06,Labour Bridge Ridge,short_memory,2024-06-14,2024-07-05,4.8900505351465178,3.4334787372383602,85,48,2.165001908615765,2.7250486265307527,7.0550524437622828,4.33000381723153,1,0,4.33000381723153
Labour,CES0500000003,3,after_week_2,2024-06,Labour Bridge Ridge,long_memory,2024-06-14,2024-07-05,4.8900505351465178,3.4334787372383602,85,48,2.8336703390713076,2.0563801960752102,7.7237208742178254,5.6673406781426152,1,0,5.6673406781426152
Labour,CES0500000003,4,month_end,2024-06,Labour Equal-Weight Ensemble,short_memory,2024-06-30,2024-07-05,4.1117929743640884,3.4334787372383602,85,48,1.7836572321611097,2.3281357422029787,5.8954502065251981,3.5673144643222194,1,0,3.5673144643222194
Labour,CES0500000003,4,month_end,2024-06,Labour Equal-Weight Ensemble,long_memory,2024-06-30,2024-07-05,4.1117929743640884,3.4334787372383602,85,48,2.8831171813882528,1.2286757929758356,6.9949101557523417,5.7662343627765056,1,0,5.7662343627765065
Labour,CES0500000003,5,pre_employment_report,2024-06,Labour Equal-Weight Ensemble,short_memory,2024-07-04,2024-07-05,4.0734840228833109,3.4334787372383602,85,48,1.7674298531089758,2.3060541697743351,5.8409138759922872,3.5348597062179516,1,0,3.5348597062179521
Labour,CES0500000003,5,pre_employment_report,2024-06,Labour Equal-Weight Ensemble,long_memory,2024-07-04,2024-07-05,4.0734840228833109,3.4334787372383602,85,48,2.8974188855782663,1.1760651373050446,6.9709029084615768,5.7948377711565326,1,0,5.7948377711565318
Labour,CES0500000003,1,month_open,2024-07,Labour Bridge Ridge,short_memory,2024-07-01,2024-08-02,5.2781535601271301,2.7405093269878833,84,48,2.9401507691457835,2.3380027909813466,8.2183043292729145,5.8803015382915671,1,0,5.880301538291568
Labour,CES0500000003,1,month_open,2024-07,Labour Bridge Ridge,long_memory,2024-07-01,2024-08-02,5.2781535601271301,2.7405093269878833,84,48,2.9709526939953399,2.3072008661317902,8.24910625412247,5.9419053879906798,1,0,5.9419053879906798
Labour,CES0500000003,2,after_week_1,2024-07,Labour Bridge Ridge,short_memory,2024-07-07,2024-08-02,5.8954828047016505,2.7405093269878833,85,48,2.1359289998824402,3.7595538048192103,8.0314118045840903,4.2718579997648805,0,1,14.462302778078151
Labour,CES0500000003,2,after_week_1,2024-07,Labour Bridge Ridge,long_memory,2024-07-07,2024-08-02,5.8954828047016505,2.7405093269878833,85,48,2.7057990109411576,3.1896837937604929,8.6012818156428086,5.4115980218823152,0,1,9.9033426896084116
Labour,CES0500000003,3,after_week_2,2024-07,Labour Bridge Ridge,short_memory,2024-07-14,2024-08-02,5.8931292227355971,2.7405093269878833,86,48,2.165001908615765,3.7281273141198321,8.0581311313513631,4.33000381723153,0,1,14.206183688551018
Labour,CES0500000003,3,after_week_2,2024-07,Labour Bridge Ridge,long_memory,2024-07-14,2024-08-02,5.8931292227355971,2.7405093269878833,86,48,2.5939288004721623,3.2992004222634348,8.4870580232077586,5.1878576009443247,0,1,10.77476855369984
Labour,CES0500000003,4,month_end,2024-07,Labour Equal-Weight Ensemble,short_memory,2024-07-31,2024-08-02,4.2175397570386473,2.7405093269878833,86,48,1.7836572321611097,2.4338825248775375,6.001196989199757,3.5673144643222194,1,0,3.5673144643222194
Labour,CES0500000003,4,month_end,2024-07,Labour Equal-Weight Ensemble,long_memory,2024-07-31,2024-08-02,4.2175397570386473,2.7405093269878833,86,48,2.8207910499790136,1.3967487070596336,7.0383308070176609,5.6415820999580273,1,0,5.6415820999580273
Labour,CES0500000003,5,pre_employment_report,2024-07,Labour Equal-Weight Ensemble,short_memory,2024-08-01,2024-08-02,4.2292550379286462,2.7405093269878833,86,48,1.7674298531089758,2.4618251848196704,5.9966848910376225,3.5348597062179516,1,0,3.5348597062179521
Labour,CES0500000003,5,pre_employment_report,2024-07,Labour Equal-Weight Ensemble,long_memory,2024-08-01,2024-08-02,4.2292550379286462,2.7405093269878833,86,48,2.876537575081545,1.3527174628471013,7.1057926130101912,5.7530751501630899,1,0,5.7530751501630899
Labour,CES0500000003,1,month_open,2024-08,Labour Bridge Ridge,short_memory,2024-08-01,2024-09-06,5.3316284131277651,4.7808828178496299,85,48,2.3890075267404391,2.942620886387326,7.7206359398682043,4.7780150534808783,1,0,4.7780150534808783
Labour,CES0500000003,1,month_open,2024-08,Labour Bridge Ridge,long_memory,2024-08-01,2024-09-06,5.3316284131277651,4.7808828178496299,85,48,2.9639945554539207,2.3676338576738445,8.2956229685816858,5.9279891109078413,1,0,5.9279891109078413
Labour,CES0500000003,2,after_week_1,2024-08,Labour Bridge Ridge,short_memory,2024-08-07,2024-09-06,4.8983050360477929,4.7808828178496299,86,48,2.5914345197108339,2.3068705163369589,7.4897395557586268,5.1828690394216679,1,0,5.1828690394216679
Labour,CES0500000003,2,after_week_1,2024-08,Labour Bridge Ridge,long_memory,2024-08-07,2024-09-06,4.8983050360477929,4.7808828178496299,86,48,3.0845500821910576,1.8137549538567352,7.9828551182388505,6.1691001643821153,1,0,6.1691001643821153
Labour,CES0500000003,3,after_week_2,2024-08,Labour Bridge Ridge,short_memory,2024-08-14,2024-09-06,4.9042901759344675,4.7808828178496299,87,48,2.5939288004721623,2.3103613754623051,7.4982189764066298,5.1878576009443247,1,0,5.1878576009443247
Labour,CES0500000003,3,after_week_2,2024-08,Labour Bridge Ridge,long_memory,2024-08-14,2024-09-06,4.9042901759344675,4.7808828178496299,87,48,2.9338077474121356,1.9704824285223319,7.838097923346603,5.8676154948242711,1,0,5.8676154948242711
Labour,CES0500000003,4,month_end,2024-08,Labour Equal-Weight Ensemble,short_memory,2024-08-31,2024-09-06,3.9165519426831019,4.7808828178496299,87,48,1.7836572321611097,2.1328947105219922,5.7002091748442112,3.5673144643222194,1,0,3.567314464322219
Labour,CES0500000003,4,month_end,2024-08,Labour Equal-Weight Ensemble,long_memory,2024-08-31,2024-09-06,3.9165519426831019,4.7808828178496299,87,48,2.6291099861604059,1.287441956522696,6.5456619288435078,5.2582199723208118,1,0,5.2582199723208118
Labour,CES0500000003,5,pre_employment_report,2024-08,Labour Equal-Weight Ensemble,short_memory,2024-09-05,2024-09-06,3.7985969021446042,4.7808828178496299,87,48,1.7674298531089758,2.0311670490356284,5.5660267552535796,3.5348597062179516,1,0,3.5348597062179512
Labour,CES0500000003,5,pre_employment_report,2024-08,Labour Equal-Weight Ensemble,long_memory,2024-09-05,2024-09-06,3.7985969021446042,4.7808828178496299,87,48,2.5861008367658345,1.2124960653787697,6.3846977389104387,5.1722016735316689,1,0,5.1722016735316689
Labour,CES0500000003,1,month_open,2024-09,Labour Bridge Ridge,short_memory,2024-09-01,2024-10-04,4.1042182709255712,4.4198944995560652,86,48,2.5376442331392468,1.5665740377863244,6.641862504064818,5.0752884662784936,1,0,5.0752884662784936
Labour,CES0500000003,1,month_open,2024-09,Labour Bridge Ridge,long_memory,2024-09-01,2024-10-04,4.1042182709255712,4.4198944995560652,86,48,2.9639945554539207,1.1402237154716506,7.0682128263794919,5.9279891109078413,1,0,5.9279891109078413
Labour,CES0500000003,2,after_week_1,2024-09,Labour Bridge Ridge,short_memory,2024-09-07,2024-10-04,4.177500679331466,4.4198944995560652,87,48,2.3997627139318598,1.7777379653996062,6.5772633932633262,4.7995254278637196,1,0,4.7995254278637205
Labour,CES0500000003,2,after_week_1,2024-09,Labour Bridge Ridge,long_memory,2024-09-07,2024-10-04,4.177500679331466,4.4198944995560652,87,48,2.877525221764337,1.299975457567129,7.055025901095803,5.755050443528674,1,0,5.755050443528674
Labour,CES0500000003,3,after_week_2,2024-09,Labour Bridge Ridge,short_memory,2024-09-14,2024-10-04,4.1828840590099468,4.4198944995560652,88,48,2.1856323045844839,1.9972517544254629,6.3685163635944306,4.3712646091689678,1,0,4.3712646091689678
Labour,CES0500000003,3,after_week_2,2024-09,Labour Bridge Ridge,long_memory,2024-09-14,2024-10-04,4.1828840590099468,4.4198944995560652,88,48,2.8336703390713076,1.3492137199386391,7.0165543980812544,5.6673406781426152,1,0,5.6673406781426152
Labour,CES0500000003,4,month_end,2024-09,Labour Equal-Weight Ensemble,short_memory,2024-09-30,2024-10-04,3.5703736123769008,4.4198944995560652,88,48,1.7131553642779993,1.8572182480989015,5.2835289766548996,3.4263107285559986,1,0,3.4263107285559982
Labour,CES0500000003,4,month_end,2024-09,Labour Equal-Weight Ensemble,long_memory,2024-09-30,2024-10-04,3.5703736123769008,4.4198944995560652,88,48,2.6291099861604059,0.94126362621649484,6.1994835985373067,5.2582199723208118,1,0,5.2582199723208118
Labour,CES0500000003,5,pre_employment_report,2024-09,Labour Equal-Weight Ensemble,short_memory,2024-10-03,2024-10-04,3.5153801746603901,4.4198944995560652,88,48,1.7192258349287437,1.7961543397316464,5.2346060095891342,3.4384516698574874,1,0,3.4384516698574878
Labour,CES0500000003,5,pre_employment_report,2024-09,Labour Equal-Weight Ensemble,long_memory,2024-10-03,2024-10-04,3.5153801746603901,4.4198944995560652,88,48,2.5861008367658345,0.92927933789455563,6.101481011426225,5.1722016735316689,1,0,5.1722016735316689
Labour,CES0500000003,1,month_open,2024-10,Labour Bridge Ridge,short_memory,2024-10-01,2024-11-01,4.3287903609226843,4.4074071300096662,87,48,2.5376442331392468,1.7911461277834375,6.8664345940619311,5.0752884662784936,1,0,5.0752884662784936
Labour,CES0500000003,1,month_open,2024-10,Labour Bridge Ridge,long_memory,2024-10-01,2024-11-01,4.3287903609226843,4.4074071300096662,87,48,2.9639945554539207,1.3647958054687637,7.292784916376605,5.9279891109078413,1,0,5.9279891109078413
Labour,CES0500000003,2,after_week_1,2024-10,Labour Bridge Ridge,short_memory,2024-10-07,2024-11-01,4.4504140722375745,4.4074071300096662,88,48,2.1359289998824402,2.3144850723551342,6.5863430721200142,4.2718579997648805,1,0,4.2718579997648796
Labour,CES0500000003,2,after_week_1,2024-10,Labour Bridge Ridge,long_memory,2024-10-07,2024-11-01,4.4504140722375745,4.4074071300096662,88,48,2.877525221764337,1.5728888504732375,7.3279392940019115,5.755050443528674,1,0,5.755050443528674
Labour,CES0500000003,3,after_week_2,2024-10,Labour Bridge Ridge,short_memory,2024-10-14,2024-11-01,4.4829748224419284,4.4074071300096662,89,48,2.165001908615765,2.3179729138261633,6.6479767310576934,4.33000381723153,1,0,4.33000381723153
Labour,CES0500000003,3,after_week_2,2024-10,Labour Bridge Ridge,long_memory,2024-10-14,2024-11-01,4.4829748224419284,4.4074071300096662,89,48,2.8336703390713076,1.6493044833706207,7.316645161513236,5.6673406781426152,1,0,5.6673406781426152
Labour,CES0500000003,4,month_end,2024-10,Labour Equal-Weight Ensemble,short_memory,2024-10-31,2024-11-01,4.1327153999588511,4.4074071300096662,89,48,1.701098999929382,2.4316164000294691,5.833814399888233,3.4021979998587639,1,0,3.4021979998587639
Labour,CES0500000003,4,month_end,2024-10,Labour Equal-Weight Ensemble,long_memory,2024-10-31,2024-11-01,4.1327153999588511,4.4074071300096662,89,48,2.0255692401550847,2.1071461598037664,6.1582846401139353,4.0511384803101693,1,0,4.0511384803101684
Labour,CES0500000003,5,pre_employment_report,2024-10,Labour Equal-Weight Ensemble,short_memory,2024-10-31,2024-11-01,4.1327153999588511,4.4074071300096662,89,48,1.6056408787075638,2.5270745212512873,5.7383562786664148,3.2112817574151276,1,0,3.2112817574151276
Labour,CES0500000003,5,pre_employment_report,2024-10,Labour Equal-Weight Ensemble,long_memory,2024-10-31,2024-11-01,4.1327153999588511,4.4074071300096662,89,48,2.169274709098874,1.9634406908599771,6.3019901090577246,4.338549418197748,1,0,4.3385494181977471
Labour,CES0500000003,1,month_open,2024-11,Labour Bridge Ridge,short_memory,2024-11-01,2024-12-06,5.5144793100744645,4.3888078179692869,88,48,2.5376442331392468,2.9768350769352176,8.0521235432137104,5.0752884662784936,1,0,5.0752884662784927
Labour,CES0500000003,1,month_open,2024-11,Labour Bridge Ridge,long_memory,2024-11-01,2024-12-06,5.5144793100744645,4.3888078179692869,88,48,2.9639945554539207,2.5504847546205438,8.478473865528386,5.9279891109078413,1,0,5.9279891109078422
Labour,CES0500000003,2,after_week_1,2024-11,Labour Bridge Ridge,short_memory,2024-11-07,2024-12-06,5.5170729851990394,4.3888078179692869,89,48,2.1359289998824402,3.3811439853165992,7.6530019850814792,4.2718579997648805,1,0,4.2718579997648796
Labour,CES0500000003,2,after_week_1,2024-11,Labour Bridge Ridge,long_memory,2024-11-07,2024-12-06,5.5170729851990394,4.3888078179692869,89,48,2.7057990109411576,2.8112739742578818,8.2228719961401975,5.4115980218823152,1,0,5.4115980218823161
Labour,CES0500000003,3,after_week_2,2024-11,Labour Bridge Ridge,short_memory,2024-11-14,2024-12-06,5.3630950984835994,4.3888078179692869,90,48,2.165001908615765,3.1980931898678344,7.5280970070993645,4.33000381723153,1,0,4.33000381723153
Labour,CES0500000003,3,after_week_2,2024-11,Labour Bridge Ridge,long_memory,2024-11-14,2024-12-06,5.3630950984835994,4.3888078179692869,90,48,2.5939288004721623,2.7691662980114371,7.9570238989557618,5.1878576009443247,1,0,5.1878576009443247
Labour,CES0500000003,4,month_end,2024-11,Labour Equal-Weight Ensemble,short_memory,2024-11-30,2024-12-06,4.4100552891495459,4.3888078179692869,90,48,1.5256084176404685,2.8844468715090774,5.9356637067900149,3.051216835280937,1,0,3.0512168352809375
Labour,CES0500000003,4,month_end,2024-11,Labour Equal-Weight Ensemble,long_memory,2024-11-30,2024-12-06,4.4100552891495459,4.3888078179692869,90,48,2.0255692401550847,2.3844860489944613,6.435624529304631,4.0511384803101693,1,0,4.0511384803101702
Labour,CES0500000003,5,pre_employment_report,2024-11,Labour Equal-Weight Ensemble,short_memory,2024-12-05,2024-12-06,4.1490023231062052,4.3888078179692869,90,48,1.5848631433836515,2.5641391797225537,5.7338654664898563,3.1697262867673031,1,0,3.1697262867673026
Labour,CES0500000003,5,pre_employment_report,2024-11,Labour Equal-Weight Ensemble,long_memory,2024-12-05,2024-12-06,4.1490023231062052,4.3888078179692869,90,48,2.169274709098874,1.9797276140073312,6.3182770322050796,4.338549418197748,1,0,4.3385494181977489
Labour,CES0500000003,1,month_open,2024-12,Labour Bridge Ridge,short_memory,2024-12-01,2025-01-10,4.7708017785276251,3.3670055759611017,89,48,2.5376442331392468,2.2331575453883783,7.3084460116668719,5.0752884662784936,1,0,5.0752884662784936
Labour,CES0500000003,1,month_open,2024-12,Labour Bridge Ridge,long_memory,2024-12-01,2025-01-10,4.7708017785276251,3.3670055759611017,89,48,2.9639945554539207,1.8068072230737044,7.7347963339815458,5.9279891109078413,1,0,5.9279891109078413
Labour,CES0500000003,2,after_week_1,2024-12,Labour Bridge Ridge,short_memory,2024-12-07,2025-01-10,4.4681550193566535,3.3670055759611017,90,48,1.9578077206120863,2.5103472987445672,6.4259627399687398,3.9156154412241726,1,0,3.9156154412241726
Labour,CES0500000003,2,after_week_1,2024-12,Labour Bridge Ridge,long_memory,2024-12-07,2025-01-10,4.4681550193566535,3.3670055759611017,90,48,2.5914345197108339,1.8767204996458196,7.0595895390674874,5.1828690394216679,1,0,5.1828690394216679
Labour,CES0500000003,3,after_week_2,2024-12,Labour Bridge Ridge,short_memory,2024-12-14,2025-01-10,4.486715895148107,3.3670055759611017,91,48,1.9983011648376641,2.4884147303104429,6.485017059985771,3.9966023296753281,1,0,3.9966023296753281
Labour,CES0500000003,3,after_week_2,2024-12,Labour Bridge Ridge,long_memory,2024-12-14,2025-01-10,4.486715895148107,3.3670055759611017,91,48,2.5939288004721623,1.8927870946759446,7.0806446956202693,5.1878576009443247,1,0,5.1878576009443247
Labour,CES0500000003,4,month_end,2024-12,Labour Equal-Weight Ensemble,short_memory,2024-12-31,2025-01-10,3.4712235562084359,3.3670055759611017,91,48,1.5256084176404685,1.9456151385679674,4.996831973848904,3.051216835280937,1,0,3.0512168352809366
Labour,CES0500000003,4,month_end,2024-12,Labour Equal-Weight Ensemble,long_memory,2024-12-31,2025-01-10,3.4712235562084359,3.3670055759611017,91,48,2.0255692401550847,1.4456543160533513,5.4967927963635201,4.0511384803101693,1,0,4.0511384803101684
Labour,CES0500000003,5,pre_employment_report,2024-12,Labour Equal-Weight Ensemble,short_memory,2025-01-09,2025-01-10,3.6259649080399954,3.3670055759611017,91,48,1.5751809215917052,2.0507839864482902,5.2011458296317006,3.1503618431834104,1,0,3.1503618431834104
Labour,CES0500000003,5,pre_employment_report,2024-12,Labour Equal-Weight Ensemble,long_memory,2025-01-09,2025-01-10,3.6259649080399954,3.3670055759611017,91,48,2.169274709098874,1.4566901989411214,5.7952396171388694,4.338549418197748,1,0,4.338549418197748
Labour,CES0500000003,1,month_open,2025-01,Labour Bridge Ridge,short_memory,2025-01-01,2025-02-07,4.675641853393719,5.7007233103172794,90,48,2.3890075267404391,2.2866343266532798,7.0646493801341581,4.7780150534808783,1,0,4.7780150534808783
Labour,CES0500000003,1,month_open,2025-01,Labour Bridge Ridge,long_memory,2025-01-01,2025-02-07,4.675641853393719,5.7007233103172794,90,48,2.9401507691457835,1.7354910842479354,7.6157926225395025,5.8803015382915671,1,0,5.8803015382915671
Labour,CES0500000003,2,after_week_1,2025-01,Labour Bridge Ridge,short_memory,2025-01-07,2025-02-07,3.298665942714508,5.7007233103172794,90,48,1.9578077206120863,1.3408582221024217,5.2564736633265943,3.9156154412241726,0,1,8.358111911131024
Labour,CES0500000003,2,after_week_1,2025-01,Labour Bridge Ridge,long_memory,2025-01-07,2025-02-07,3.298665942714508,5.7007233103172794,90,48,2.5914345197108339,0.70723142300367403,5.8901004624253419,5.1828690394216679,1,0,5.1828690394216679
Labour,CES0500000003,3,after_week_2,2025-01,Labour Bridge Ridge,short_memory,2025-01-14,2025-02-07,3.4449177763657794,5.7007233103172794,92,48,1.9636584276303459,1.4812593487354335,5.4085762039961249,3.9273168552606919,0,1,6.8487879184722367
Labour,CES0500000003,3,after_week_2,2025-01,Labour Bridge Ridge,long_memory,2025-01-14,2025-02-07,3.4449177763657794,5.7007233103172794,92,48,2.3456841696602284,1.099233606705551,5.7906019460260083,4.6913683393204568,1,0,4.6913683393204568
Labour,CES0500000003,4,month_end,2025-01,Labour Equal-Weight Ensemble,short_memory,2025-01-31,2025-02-07,3.6314795262795809,5.7007233103172794,92,48,1.5256084176404685,2.1058711086391124,5.1570879439200494,3.051216835280937,0,1,8.4875704992532377
Labour,CES0500000003,4,month_end,2025-01,Labour Equal-Weight Ensemble,long_memory,2025-01-31,2025-02-07,3.6314795262795809,5.7007233103172794,92,48,1.7836572321611097,1.8478222941184712,5.4151367584406902,3.5673144643222194,0,1,6.4231799830881116
Labour,CES0500000003,5,pre_employment_report,2025-01,Labour Equal-Weight Ensemble,short_memory,2025-02-06,2025-02-07,3.7212070687792083,5.7007233103172794,92,48,1.5751809215917052,2.1460261471875031,5.2963879903709135,3.1503618431834104,0,1,7.19371504264707
Labour,CES0500000003,5,pre_employment_report,2025-01,Labour Equal-Weight Ensemble,long_memory,2025-02-06,2025-02-07,3.7212070687792083,5.7007233103172794,92,48,1.7674298531089758,1.9537772156702324,5.4886369218881841,3.5348597062179516,0,1,5.6557235905089049
Labour,CES0500000003,1,month_open,2025-02,Labour Bridge Ridge,short_memory,2025-02-01,2025-03-07,4.0385040572419708,3.3444837702777619,91,48,2.3890075267404391,1.6494965305015317,6.42751158398241,4.7780150534808783,1,0,4.7780150534808783
Labour,CES0500000003,1,month_open,2025-02,Labour Bridge Ridge,long_memory,2025-02-01,2025-03-07,4.0385040572419708,3.3444837702777619,91,48,2.5376442331392468,1.500859824102724,6.5761482903812176,5.0752884662784936,1,0,5.0752884662784936
Labour,CES0500000003,2,after_week_1,2025-02,Labour Bridge Ridge,short_memory,2025-02-07,2025-03-07,4.5615254226823723,3.3444837702777619,91,48,1.9578077206120863,2.603717702070286,6.5193331432944586,3.9156154412241726,1,0,3.9156154412241726
Labour,CES0500000003,2,after_week_1,2025-02,Labour Bridge Ridge,long_memory,2025-02-07,2025-03-07,4.5615254226823723,3.3444837702777619,91,48,2.5914345197108339,1.9700909029715383,7.1529599423932062,5.1828690394216679,1,0,5.1828690394216679
Labour,CES0500000003,3,after_week_2,2025-02,Labour Bridge Ridge,short_memory,2025-02-14,2025-03-07,4.4961503585404872,3.3444837702777619,93,48,2.2558055339515,2.2403448245889872,6.7519558924919867,4.5116110679029999,1,0,4.511611067902999
Labour,CES0500000003,3,after_week_2,2025-02,Labour Bridge Ridge,long_memory,2025-02-14,2025-03-07,4.4961503585404872,3.3444837702777619,93,48,2.2558055339515,2.2403448245889872,6.7519558924919867,4.5116110679029999,1,0,4.511611067902999
Labour,CES0500000003,4,month_end,2025-02,Labour Equal-Weight Ensemble,short_memory,2025-02-28,2025-03-07,4.0488567342119559,3.3444837702777619,93,48,1.7836572321611097,2.2651995020508462,5.8325139663730656,3.5673144643222194,1,0,3.5673144643222194
Labour,CES0500000003,4,month_end,2025-02,Labour Equal-Weight Ensemble,long_memory,2025-02-28,2025-03-07,4.0488567342119559,3.3444837702777619,93,48,2.0255692401550847,2.0232874940568712,6.0744259743670401,4.0511384803101693,1,0,4.0511384803101684
Labour,CES0500000003,5,pre_employment_report,2025-02,Labour Equal-Weight Ensemble,short_memory,2025-03-06,2025-03-07,4.058767955792784,3.3444837702777619,93,48,1.7674298531089758,2.2913381026838082,5.8261978089017603,3.5348597062179516,1,0,3.5348597062179521
Labour,CES0500000003,5,pre_employment_report,2025-02,Labour Equal-Weight Ensemble,long_memory,2025-03-06,2025-03-07,4.058767955792784,3.3444837702777619,93,48,1.9795162415380712,2.0792517142547129,6.0382841973308548,3.9590324830761423,1,0,3.9590324830761419
Labour,CES0500000003,1,month_open,2025-03,Labour Bridge Ridge,short_memory,2025-03-01,2025-04-04,4.6960726075188948,3.0037562617421187,92,48,1.8602425053294098,2.8358301021894849,6.5563151128483046,3.7204850106588196,1,0,3.7204850106588196
Labour,CES0500000003,1,month_open,2025-03,Labour Bridge Ridge,long_memory,2025-03-01,2025-04-04,4.6960726075188948,3.0037562617421187,92,48,2.5376442331392468,2.158428374379648,7.2337168406581416,5.0752884662784936,1,0,5.0752884662784936
Labour,CES0500000003,2,after_week_1,2025-03,Labour Bridge Ridge,short_memory,2025-03-07,2025-04-04,4.9706625344540205,3.0037562617421187,92,48,2.4020573676027714,2.5686051668512491,7.372719902056792,4.8041147352055429,1,0,4.8041147352055429
Labour,CES0500000003,2,after_week_1,2025-03,Labour Bridge Ridge,long_memory,2025-03-07,2025-04-04,4.9706625344540205,3.0037562617421187,92,48,2.4020573676027714,2.5686051668512491,7.372719902056792,4.8041147352055429,1,0,4.8041147352055429
Labour,CES0500000003,3,after_week_2,2025-03,Labour Bridge Ridge,short_memory,2025-03-14,2025-04-04,5.5338945909631274,3.0037562617421187,94,48,2.1856323045844839,3.3482622863786435,7.7195268955476113,4.3712646091689678,0,1,7.8163248555342157
Labour,CES0500000003,3,after_week_2,2025-03,Labour Bridge Ridge,long_memory,2025-03-14,2025-04-04,5.5338945909631274,3.0037562617421187,94,48,2.2558055339515,3.2780890570116274,7.7897001249146278,4.5116110679029999,0,1,7.2549390205980879
Labour,CES0500000003,4,month_end,2025-03,Labour Equal-Weight Ensemble,short_memory,2025-03-31,2025-04-04,3.9738324913594791,3.0037562617421187,94,48,1.701098999929382,2.2727334914300972,5.6749314912888611,3.4021979998587639,1,0,3.4021979998587639
Labour,CES0500000003,4,month_end,2025-03,Labour Equal-Weight Ensemble,long_memory,2025-03-31,2025-04-04,3.9738324913594791,3.0037562617421187,94,48,2.0255692401550847,1.9482632512043945,5.9994017315145634,4.0511384803101693,1,0,4.0511384803101684
Labour,CES0500000003,5,pre_employment_report,2025-03,Labour Equal-Weight Ensemble,short_memory,2025-04-03,2025-04-04,4.0429820005971813,3.0037562617421187,94,48,1.6624567948584001,2.3805252057387811,5.7054387954555814,3.3249135897168003,1,0,3.3249135897168003
Labour,CES0500000003,5,pre_employment_report,2025-03,Labour Equal-Weight Ensemble,long_memory,2025-04-03,2025-04-04,4.0429820005971813,3.0037562617421187,94,48,1.9795162415380712,2.0634657590591101,6.0224982421352529,3.9590324830761423,1,0,3.9590324830761427
Labour,CES0500000003,1,month_open,2025-04,Labour Bridge Ridge,short_memory,2025-04-01,2025-05-02,4.7779407063620827,1.9983351828734897,93,48,1.5227350194456317,3.255205686916451,6.3006757258077144,3.0454700388912634,0,1,15.614175079320876
Labour,CES0500000003,1,month_open,2025-04,Labour Bridge Ridge,long_memory,2025-04-01,2025-05-02,4.7779407063620827,1.9983351828734897,93,48,2.5376442331392468,2.2402964732228359,7.3155849395013295,5.0752884662784936,0,1,7.4949013697719558
Labour,CES0500000003,2,after_week_1,2025-04,Labour Bridge Ridge,short_memory,2025-04-07,2025-05-02,4.6639834741419861,1.9983351828734897,94,48,2.1359289998824402,2.5280544742595459,6.7999124740244259,4.2718579997648805,0,1,9.5690509136254427
Labour,CES0500000003,2,after_week_1,2025-04,Labour Bridge Ridge,long_memory,2025-04-07,2025-05-02,4.6639834741419861,1.9983351828734897,94,48,2.4020573676027714,2.2619261065392147,7.0660408417447576,4.8041147352055429,0,1,7.440023971862793
Labour,CES0500000003,3,after_week_2,2025-04,Labour Bridge Ridge,short_memory,2025-04-14,2025-05-02,4.6502271282151124,1.9983351828734897,95,48,2.2558055339515,2.3944215942636125,6.9060326621666128,4.5116110679029999,0,1,8.4724751818042279
Labour,CES0500000003,3,after_week_2,2025-04,Labour Bridge Ridge,long_memory,2025-04-14,2025-05-02,4.6502271282151124,1.9983351828734897,95,48,2.5301383292210087,2.1200887989941037,7.1803654574361211,5.0602766584420174,0,1,6.2778128196481582
Labour,CES0500000003,4,month_end,2025-04,Labour Equal-Weight Ensemble,short_memory,2025-04-30,2025-05-02,3.9115627685220158,1.9983351828734897,95,48,1.5256084176404685,2.3859543508815473,5.4371711861624838,3.051216835280937,0,1,6.9274085153615133
Labour,CES0500000003,4,month_end,2025-04,Labour Equal-Weight Ensemble,long_memory,2025-04-30,2025-05-02,3.9115627685220158,1.9983351828734897,95,48,2.0255692401550847,1.8859935283669311,5.9371320086771,4.0511384803101693,1,0,4.0511384803101684
Labour,CES0500000003,5,pre_employment_report,2025-04,Labour Equal-Weight Ensemble,short_memory,2025-05-01,2025-05-02,3.9371475570436281,1.9983351828734897,95,48,1.5751809215917052,2.3619666354519229,5.5123284786353333,3.1503618431834104,0,1,6.7866763689677425
Labour,CES0500000003,5,pre_employment_report,2025-04,Labour Equal-Weight Ensemble,long_memory,2025-05-01,2025-05-02,3.9371475570436281,1.9983351828734897,95,48,1.9795162415380712,1.9576313155055569,5.9166637985816992,3.9590324830761423,1,0,3.9590324830761423
Labour,CES0500000003,1,month_open,2025-05,Labour Bridge Ridge,short_memory,2025-05-01,2025-06-06,4.394647341876496,4.9771950240979024,94,48,1.692316345776776,2.7023309960997199,6.086963687653272,3.3846326915535521,1,0,3.3846326915535521
Labour,CES0500000003,1,month_open,2025-05,Labour Bridge Ridge,long_memory,2025-05-01,2025-06-06,4.394647341876496,4.9771950240979024,94,48,2.5376442331392468,1.8570031087372492,6.9322915750157428,5.0752884662784936,1,0,5.0752884662784936
Labour,CES0500000003,2,after_week_1,2025-05,Labour Bridge Ridge,short_memory,2025-05-07,2025-06-06,4.3162901599895127,4.9771950240979024,95,48,2.4020573676027714,1.9142327923867413,6.7183475275922842,4.8041147352055429,1,0,4.8041147352055429
Labour,CES0500000003,2,after_week_1,2025-05,Labour Bridge Ridge,long_memory,2025-05-07,2025-06-06,4.3162901599895127,4.9771950240979024,95,48,2.5914345197108339,1.7248556402786788,6.9077246797003466,5.1828690394216679,1,0,5.1828690394216679
Labour,CES0500000003,3,after_week_2,2025-05,Labour Bridge Ridge,short_memory,2025-05-14,2025-06-06,4.3155713860167655,4.9771950240979024,96,48,2.5301383292210087,1.7854330567957568,6.8457097152377742,5.0602766584420174,1,0,5.0602766584420174
Labour,CES0500000003,3,after_week_2,2025-05,Labour Bridge Ridge,long_memory,2025-05-14,2025-06-06,4.3155713860167655,4.9771950240979024,96,48,2.5301383292210087,1.7854330567957568,6.8457097152377742,5.0602766584420174,1,0,5.0602766584420174
Labour,CES0500000003,4,month_end,2025-05,Labour Equal-Weight Ensemble,short_memory,2025-05-31,2025-06-06,3.8407559135193203,4.9771950240979024,96,48,1.9132275856485261,1.9275283278707942,5.7539834991678465,3.8264551712970523,1,0,3.8264551712970523
Labour,CES0500000003,4,month_end,2025-05,Labour Equal-Weight Ensemble,long_memory,2025-05-31,2025-06-06,3.8407559135193203,4.9771950240979024,96,48,1.9132275856485261,1.9275283278707942,5.7539834991678465,3.8264551712970523,1,0,3.8264551712970523
Labour,CES0500000003,5,pre_employment_report,2025-05,Labour Equal-Weight Ensemble,short_memory,2025-06-05,2025-06-06,3.9196308893054805,4.9771950240979024,96,48,1.9388123741701384,1.9808185151353421,5.8584432634756194,3.8776247483402768,1,0,3.8776247483402773
Labour,CES0500000003,5,pre_employment_report,2025-05,Labour Equal-Weight Ensemble,long_memory,2025-06-05,2025-06-06,3.9196308893054805,4.9771950240979024,96,48,1.9388123741701384,1.9808185151353421,5.8584432634756194,3.8776247483402768,1,0,3.8776247483402773
Labour,CES0500000003,1,month_open,2025-06,Labour Bridge Ridge,short_memory,2025-06-01,2025-07-03,4.3913246173053624,2.6475465786454322,95,48,2.5376442331392468,1.8536803841661156,6.9289688504446092,5.0752884662784936,1,0,5.0752884662784936
Labour,CES0500000003,1,month_open,2025-06,Labour Bridge Ridge,long_memory,2025-06-01,2025-07-03,4.3913246173053624,2.6475465786454322,95,48,2.5376442331392468,1.8536803841661156,6.9289688504446092,5.0752884662784936,1,0,5.0752884662784936
Labour,CES0500000003,2,after_week_1,2025-06,Labour Bridge Ridge,short_memory,2025-06-07,2025-07-03,4.2194065732378485,2.6475465786454322,96,48,2.4020573676027714,1.8173492056350771,6.62146394084062,4.8041147352055429,1,0,4.8041147352055429
Labour,CES0500000003,2,after_week_1,2025-06,Labour Bridge Ridge,long_memory,2025-06-07,2025-07-03,4.2194065732378485,2.6475465786454322,96,48,2.4020573676027714,1.8173492056350771,6.62146394084062,4.8041147352055429,1,0,4.8041147352055429
Labour,CES0500000003,3,after_week_2,2025-06,Labour Bridge Ridge,short_memory,2025-06-14,2025-07-03,4.2335978611917593,2.6475465786454322,97,48,2.5301383292210087,1.7034595319707506,6.763736190412768,5.0602766584420174,1,0,5.0602766584420174
Labour,CES0500000003,3,after_week_2,2025-06,Labour Bridge Ridge,long_memory,2025-06-14,2025-07-03,4.2335978611917593,2.6475465786454322,97,48,2.5301383292210087,1.7034595319707506,6.763736190412768,5.0602766584420174,1,0,5.0602766584420174
Labour,CES0500000003,4,month_end,2025-06,Labour Equal-Weight Ensemble,short_memory,2025-06-30,2025-07-03,3.9170370056932313,2.6475465786454322,97,48,1.9132275856485261,2.0038094200447052,5.8302645913417575,3.8264551712970523,1,0,3.8264551712970523
Labour,CES0500000003,4,month_end,2025-06,Labour Equal-Weight Ensemble,long_memory,2025-06-30,2025-07-03,3.9170370056932313,2.6475465786454322,97,48,1.9132275856485261,2.0038094200447052,5.8302645913417575,3.8264551712970523,1,0,3.8264551712970523
Labour,CES0500000003,5,pre_employment_report,2025-06,Labour Equal-Weight Ensemble,short_memory,2025-07-02,2025-07-03,3.6850341742694099,2.6475465786454322,97,48,1.9388123741701384,1.7462218000992715,5.6238465484395483,3.8776247483402768,1,0,3.8776247483402768
Labour,CES0500000003,5,pre_employment_report,2025-06,Labour Equal-Weight Ensemble,long_memory,2025-07-02,2025-07-03,3.6850341742694099,2.6475465786454322,97,48,1.9388123741701384,1.7462218000992715,5.6238465484395483,3.8776247483402768,1,0,3.8776247483402768
Labour,CES0500000003,1,month_open,2025-07,Labour Bridge Ridge,short_memory,2025-07-01,2025-08-01,4.7863170211146597,3.9582223903979141,96,48,2.3890075267404391,2.3973094943742206,7.1753245478550989,4.7780150534808783,1,0,4.7780150534808783
Labour,CES0500000003,1,month_open,2025-07,Labour Bridge Ridge,long_memory,2025-07-01,2025-08-01,4.7863170211146597,3.9582223903979141,96,48,2.5376442331392468,2.2486727879754129,7.3239612542539065,5.0752884662784936,1,0,5.0752884662784936
Labour,CES0500000003,2,after_week_1,2025-07,Labour Bridge Ridge,short_memory,2025-07-07,2025-08-01,4.6051239102632513,3.9582223903979141,97,48,2.4020573676027714,2.2030665426604799,7.0071812778660227,4.8041147352055429,1,0,4.8041147352055429
Labour,CES0500000003,2,after_week_1,2025-07,Labour Bridge Ridge,long_memory,2025-07-07,2025-08-01,4.6051239102632513,3.9582223903979141,97,48,2.4020573676027714,2.2030665426604799,7.0071812778660227,4.8041147352055429,1,0,4.8041147352055429
Labour,CES0500000003,3,after_week_2,2025-07,Labour Bridge Ridge,short_memory,2025-07-14,2025-08-01,4.630053516691941,3.9582223903979141,98,48,2.5301383292210087,2.0999151874709323,7.1601918459129497,5.0602766584420174,1,0,5.0602766584420174
Labour,CES0500000003,3,after_week_2,2025-07,Labour Bridge Ridge,long_memory,2025-07-14,2025-08-01,4.630053516691941,3.9582223903979141,98,48,2.5301383292210087,2.0999151874709323,7.1601918459129497,5.0602766584420174,1,0,5.0602766584420174
Labour,CES0500000003,4,month_end,2025-07,Labour Equal-Weight Ensemble,short_memory,2025-07-31,2025-08-01,3.6612779883501361,3.9582223903979141,98,48,1.7836572321611097,1.8776207561890264,5.4449352205112458,3.5673144643222194,1,0,3.5673144643222194
Labour,CES0500000003,4,month_end,2025-07,Labour Equal-Weight Ensemble,long_memory,2025-07-31,2025-08-01,3.6612779883501361,3.9582223903979141,98,48,1.7836572321611097,1.8776207561890264,5.4449352205112458,3.5673144643222194,1,0,3.5673144643222194
Labour,CES0500000003,5,pre_employment_report,2025-07,Labour Equal-Weight Ensemble,short_memory,2025-07-31,2025-08-01,3.6612779883501361,3.9582223903979141,98,48,1.7674298531089758,1.8938481352411602,5.4287078414591114,3.5348597062179516,1,0,3.5348597062179512
Labour,CES0500000003,5,pre_employment_report,2025-07,Labour Equal-Weight Ensemble,long_memory,2025-07-31,2025-08-01,3.6612779883501361,3.9582223903979141,98,48,1.7674298531089758,1.8938481352411602,5.4287078414591114,3.5348597062179516,1,0,3.5348597062179512
Labour,CES0500000003,1,month_open,2025-08,Labour Bridge Ridge,short_memory,2025-08-01,2025-09-05,4.0901042999604229,3.2894757440626421,97,48,1.8602425053294098,2.2298617946310131,5.9503468052898327,3.7204850106588196,1,0,3.7204850106588196
Labour,CES0500000003,1,month_open,2025-08,Labour Bridge Ridge,long_memory,2025-08-01,2025-09-05,4.0901042999604229,3.2894757440626421,97,48,2.3890075267404391,1.7010967732199838,6.4791118267008621,4.7780150534808783,1,0,4.7780150534808783
Labour,CES0500000003,2,after_week_1,2025-08,Labour Bridge Ridge,short_memory,2025-08-07,2025-09-05,4.0672367946800918,3.2894757440626421,98,48,2.1359289998824402,1.9313077947976516,6.2031657945625316,4.2718579997648805,1,0,4.2718579997648796
Labour,CES0500000003,2,after_week_1,2025-08,Labour Bridge Ridge,long_memory,2025-08-07,2025-09-05,4.0672367946800918,3.2894757440626421,98,48,2.2325352222296058,1.834701572450486,6.2997720169096976,4.4650704444592115,1,0,4.4650704444592115
Labour,CES0500000003,3,after_week_2,2025-08,Labour Bridge Ridge,short_memory,2025-08-14,2025-09-05,4.0795713426932405,3.2894757440626421,99,48,2.2558055339515,1.8237658087417405,6.3353768766447409,4.5116110679029999,1,0,4.5116110679030008
Labour,CES0500000003,3,after_week_2,2025-08,Labour Bridge Ridge,long_memory,2025-08-14,2025-09-05,4.0795713426932405,3.2894757440626421,99,48,2.3456841696602284,1.7338871730330121,6.4252555123534689,4.6913683393204568,1,0,4.6913683393204568
Labour,CES0500000003,4,month_end,2025-08,Labour Equal-Weight Ensemble,short_memory,2025-08-31,2025-09-05,3.6779154395828102,3.2894757440626421,99,48,1.6295516734188169,2.0483637661639933,5.3074671130016267,3.2591033468376338,1,0,3.2591033468376334
Labour,CES0500000003,4,month_end,2025-08,Labour Equal-Weight Ensemble,long_memory,2025-08-31,2025-09-05,3.6779154395828102,3.2894757440626421,99,48,1.7836572321611097,1.8942582074217005,5.4615726717439195,3.5673144643222194,1,0,3.567314464322219
Labour,CES0500000003,5,pre_employment_report,2025-08,Labour Equal-Weight Ensemble,short_memory,2025-09-04,2025-09-05,3.6508324964227477,3.2894757440626421,99,48,1.6056408787075638,2.0451916177151839,5.2564733751303114,3.2112817574151276,1,0,3.2112817574151276
Labour,CES0500000003,5,pre_employment_report,2025-08,Labour Equal-Weight Ensemble,long_memory,2025-09-04,2025-09-05,3.6508324964227477,3.2894757440626421,99,48,1.7674298531089758,1.8834026433137718,5.418262349531723,3.5348597062179516,1,0,3.5348597062179512
Labour,CES0500000003,1,month_open,2025-09,Labour Bridge Ridge,short_memory,2025-09-01,2025-11-20,4.511112786814353,2.948806944617921,98,48,1.7437780386599302,2.7673347481544228,6.2548908254742832,3.4875560773198604,1,0,3.4875560773198604
Labour,CES0500000003,1,month_open,2025-09,Labour Bridge Ridge,long_memory,2025-09-01,2025-11-20,4.511112786814353,2.948806944617921,98,48,2.3890075267404391,2.1221052600739139,6.9001203135547922,4.7780150534808783,1,0,4.7780150534808783
Labour,CES0500000003,2,after_week_1,2025-09,Labour Bridge Ridge,short_memory,2025-09-07,2025-11-20,4.5926466904881114,2.948806944617921,99,48,1.9669062727119018,2.6257404177762096,6.5595529632000131,3.9338125454238035,1,0,3.9338125454238035
Labour,CES0500000003,2,after_week_1,2025-09,Labour Bridge Ridge,long_memory,2025-09-07,2025-11-20,4.5926466904881114,2.948806944617921,99,48,2.1359289998824402,2.4567176906056711,6.7285756903705511,4.2718579997648805,1,0,4.2718579997648796
Labour,CES0500000003,3,after_week_2,2025-09,Labour Bridge Ridge,short_memory,2025-09-14,2025-11-20,4.5596450810551374,2.948806944617921,100,48,2.2558055339515,2.3038395471036375,6.8154506150066378,4.5116110679029999,1,0,4.5116110679030008
Labour,CES0500000003,3,after_week_2,2025-09,Labour Bridge Ridge,long_memory,2025-09-14,2025-11-20,4.5596450810551374,2.948806944617921,100,48,2.2558055339515,2.3038395471036375,6.8154506150066378,4.5116110679029999,1,0,4.5116110679030008
Labour,CES0500000003,4,month_end,2025-09,Labour Equal-Weight Ensemble,short_memory,2025-09-30,2025-11-20,3.8804067610056525,2.948806944617921,100,48,1.477030430050764,2.4033763309548886,5.357437191056416,2.9540608601015279,1,0,2.9540608601015275
Labour,CES0500000003,4,month_end,2025-09,Labour Equal-Weight Ensemble,long_memory,2025-09-30,2025-11-20,3.8804067610056525,2.948806944617921,100,48,1.7131553642779993,2.1672513967276532,5.5935621252836523,3.4263107285559986,1,0,3.4263107285559991
Labour,CES0500000003,5,pre_employment_report,2025-09,Labour Equal-Weight Ensemble,short_memory,2025-11-19,2025-11-20,3.8804067610056525,2.948806944617921,100,48,1.4887457109407629,2.3916610500648896,5.3691524719464159,2.9774914218815258,1,0,2.9774914218815263
Labour,CES0500000003,5,pre_employment_report,2025-09,Labour Equal-Weight Ensemble,long_memory,2025-11-19,2025-11-20,3.8804067610056525,2.948806944617921,100,48,1.7192258349287437,2.1611809260769088,5.5996325959343967,3.4384516698574874,1,0,3.4384516698574878
Labour,CES0500000003,1,month_open,2025-10,Labour Bridge Ridge,short_memory,2025-10-01,2025-12-16,4.2842602476838998,5.2273428699233904,99,48,1.7437780386599302,2.5404822090239696,6.02803828634383,3.4875560773198604,1,0,3.4875560773198604
Labour,CES0500000003,1,month_open,2025-10,Labour Bridge Ridge,long_memory,2025-10-01,2025-12-16,4.2842602476838998,5.2273428699233904,99,48,2.377301466364905,1.9069587813189948,6.6615617140488048,4.75460293272981,1,0,4.75460293272981
Labour,CES0500000003,2,after_week_1,2025-10,Labour Bridge Ridge,short_memory,2025-10-07,2025-12-16,4.2842602476838998,5.2273428699233904,99,48,1.9669062727119018,2.317353974971998,6.2511665203958016,3.9338125454238035,1,0,3.9338125454238035
Labour,CES0500000003,2,after_week_1,2025-10,Labour Bridge Ridge,long_memory,2025-10-07,2025-12-16,4.2842602476838998,5.2273428699233904,99,48,2.1359289998824402,2.1483312478014596,6.4201892475663396,4.2718579997648805,1,0,4.2718579997648796
Labour,CES0500000003,3,after_week_2,2025-10,Labour Bridge Ridge,short_memory,2025-10-14,2025-12-16,4.2842602476838998,5.2273428699233904,100,48,2.2558055339515,2.0284547137323998,6.5400657816354002,4.5116110679029999,1,0,4.5116110679030008
Labour,CES0500000003,3,after_week_2,2025-10,Labour Bridge Ridge,long_memory,2025-10-14,2025-12-16,4.2842602476838998,5.2273428699233904,100,48,2.2558055339515,2.0284547137323998,6.5400657816354002,4.5116110679029999,1,0,4.5116110679030008
Labour,CES0500000003,4,month_end,2025-10,Labour Equal-Weight Ensemble,short_memory,2025-10-31,2025-12-16,3.7859335708443749,5.2273428699233904,100,48,1.477030430050764,2.3089031407936109,5.2629640008951384,2.9540608601015279,1,0,2.9540608601015275
Labour,CES0500000003,4,month_end,2025-10,Labour Equal-Weight Ensemble,long_memory,2025-10-31,2025-12-16,3.7859335708443749,5.2273428699233904,100,48,1.7131553642779993,2.0727782065663756,5.4990889351223746,3.4263107285559986,1,0,3.4263107285559991
Labour,CES0500000003,5,pre_employment_report,2025-10,Labour Equal-Weight Ensemble,short_memory,2025-12-15,2025-12-16,3.9819291526570439,5.2273428699233904,101,48,1.4887457109407629,2.493183441716281,5.4706748635978073,2.9774914218815258,1,0,2.9774914218815263
Labour,CES0500000003,5,pre_employment_report,2025-10,Labour Equal-Weight Ensemble,long_memory,2025-12-15,2025-12-16,3.9819291526570439,5.2273428699233904,101,48,1.6624567948584001,2.3194723577986438,5.6443859475154436,3.3249135897168003,1,0,3.3249135897167998
Labour,CES0500000003,1,month_open,2025-11,Labour Bridge Ridge,short_memory,2025-11-01,2025-12-16,4.3292296776996322,1.6288858208966417,99,48,1.7437780386599302,2.585451639039702,6.0730077163595624,3.4875560773198604,0,1,13.053214258750463
Labour,CES0500000003,1,month_open,2025-11,Labour Bridge Ridge,long_memory,2025-11-01,2025-12-16,4.3292296776996322,1.6288858208966417,99,48,2.377301466364905,1.9519282113347272,6.7065311440645372,4.75460293272981,0,1,7.9850268371106647
Labour,CES0500000003,2,after_week_1,2025-11,Labour Bridge Ridge,short_memory,2025-11-07,2025-12-16,4.3292296776996322,1.6288858208966417,99,48,1.9669062727119018,2.3623234049877304,6.296135950411534,3.9338125454238035,0,1,11.268188386334691
Labour,CES0500000003,2,after_week_1,2025-11,Labour Bridge Ridge,long_memory,2025-11-07,2025-12-16,4.3292296776996322,1.6288858208966417,99,48,2.1359289998824402,2.193300677817192,6.4651586775820729,4.2718579997648805,0,1,9.9160065689703849
Labour,CES0500000003,3,after_week_2,2025-11,Labour Bridge Ridge,short_memory,2025-11-14,2025-12-16,4.3292296776996322,1.6288858208966417,100,48,2.2558055339515,2.0734241437481322,6.5850352116511317,4.5116110679029999,0,1,8.9569942964179035
Labour,CES0500000003,3,after_week_2,2025-11,Labour Bridge Ridge,long_memory,2025-11-14,2025-12-16,4.3292296776996322,1.6288858208966417,100,48,2.2558055339515,2.0734241437481322,6.5850352116511317,4.5116110679029999,0,1,8.9569942964179035
Labour,CES0500000003,4,month_end,2025-11,Labour Equal-Weight Ensemble,short_memory,2025-11-30,2025-12-16,3.7636107365166382,1.6288858208966417,101,48,1.477030430050764,2.2865803064658743,5.2406411665674018,2.9540608601015279,0,1,9.531005715793853
Labour,CES0500000003,4,month_end,2025-11,Labour Equal-Weight Ensemble,long_memory,2025-11-30,2025-12-16,3.7636107365166382,1.6288858208966417,101,48,1.701098999929382,2.0625117365872563,5.4647097364460198,3.4021979998587639,0,1,7.738457156764909
Labour,CES0500000003,5,pre_employment_report,2025-11,Labour Equal-Weight Ensemble,short_memory,2025-12-15,2025-12-16,4.0137406596629575,1.6288858208966417,101,48,1.4887457109407629,2.5249949487221945,5.5024863706037204,2.9774914218815258,0,1,11.938582700137054
Labour,CES0500000003,5,pre_employment_report,2025-11,Labour Equal-Weight Ensemble,long_memory,2025-12-15,2025-12-16,4.0137406596629575,1.6288858208966417,101,48,1.6624567948584001,2.3512838648045573,5.6761974545213576,3.3249135897168003,0,1,10.548894028795957
Labour,CES0500000003,1,month_open,2025-12,Labour Bridge Ridge,short_memory,2025-12-01,2026-01-09,3.9217710394269001,3.8961073186440487,100,48,1.7437780386599302,2.1779930007669699,5.6655490780868298,3.4875560773198604,1,0,3.4875560773198599
Labour,CES0500000003,1,month_open,2025-12,Labour Bridge Ridge,long_memory,2025-12-01,2026-01-09,3.9217710394269001,3.8961073186440487,100,48,1.8602425053294098,2.0615285340974903,5.7820135447563104,3.7204850106588196,1,0,3.7204850106588201
Labour,CES0500000003,2,after_week_1,2025-12,Labour Bridge Ridge,short_memory,2025-12-07,2026-01-09,3.8824004584045473,3.8961073186440487,100,48,1.9669062727119018,1.9154941856926455,5.8493067311164495,3.9338125454238035,1,0,3.933812545423804
Labour,CES0500000003,2,after_week_1,2025-12,Labour Bridge Ridge,long_memory,2025-12-07,2026-01-09,3.8824004584045473,3.8961073186440487,100,48,2.1359289998824402,1.7464714585221071,6.0183294582869875,4.2718579997648805,1,0,4.2718579997648805
Labour,CES0500000003,3,after_week_2,2025-12,Labour Bridge Ridge,short_memory,2025-12-14,2026-01-09,3.4944199351408036,3.8961073186440487,101,48,2.2558055339515,1.2386144011893037,5.7502254690923031,4.5116110679029999,1,0,4.511611067902999
Labour,CES0500000003,3,after_week_2,2025-12,Labour Bridge Ridge,long_memory,2025-12-14,2026-01-09,3.4944199351408036,3.8961073186440487,101,48,2.2558055339515,1.2386144011893037,5.7502254690923031,4.5116110679029999,1,0,4.511611067902999
Labour,CES0500000003,4,month_end,2025-12,Labour Equal-Weight Ensemble,short_memory,2025-12-31,2026-01-09,3.5778763688610575,3.8961073186440487,103,48,1.9132275856485261,1.6646487832125314,5.4911039545095832,3.8264551712970523,1,0,3.8264551712970518
Labour,CES0500000003,4,month_end,2025-12,Labour Equal-Weight Ensemble,long_memory,2025-12-31,2026-01-09,3.5778763688610575,3.8961073186440487,103,48,1.7836572321611097,1.7942191366999478,5.3615336010221668,3.5673144643222194,1,0,3.567314464322219
Labour,CES0500000003,5,pre_employment_report,2025-12,Labour Equal-Weight Ensemble,short_memory,2026-01-08,2026-01-09,3.4940531793084055,3.8961073186440487,103,48,1.9388123741701384,1.5552408051382671,5.4328655534785444,3.8776247483402768,1,0,3.8776247483402773
Labour,CES0500000003,5,pre_employment_report,2025-12,Labour Equal-Weight Ensemble,long_memory,2026-01-08,2026-01-09,3.4940531793084055,3.8961073186440487,103,48,1.7674298531089758,1.7266233261994297,5.2614830324173809,3.5348597062179516,1,0,3.5348597062179512
Labour,CES0500000003,1,month_open,2026-01,Labour Bridge Ridge,short_memory,2026-01-01,2026-02-11,3.8174208535909342,4.8524125965711207,102,48,2.3890075267404391,1.428413326850495,6.2064283803313733,4.7780150534808783,1,0,4.7780150534808783
Labour,CES0500000003,1,month_open,2026-01,Labour Bridge Ridge,long_memory,2026-01-01,2026-02-11,3.8174208535909342,4.8524125965711207,102,48,2.3890075267404391,1.428413326850495,6.2064283803313733,4.7780150534808783,1,0,4.7780150534808783
Labour,CES0500000003,2,after_week_1,2026-01,Labour Bridge Ridge,short_memory,2026-01-07,2026-02-11,4.6353960925688478,4.8524125965711207,102,48,2.4020573676027714,2.2333387249660763,7.0374534601716192,4.8041147352055429,1,0,4.8041147352055429
Labour,CES0500000003,2,after_week_1,2026-01,Labour Bridge Ridge,long_memory,2026-01-07,2026-02-11,4.6353960925688478,4.8524125965711207,102,48,2.2325352222296058,2.402860870339242,6.8679313147984535,4.4650704444592115,1,0,4.4650704444592115
Labour,CES0500000003,3,after_week_2,2026-01,Labour Bridge Ridge,short_memory,2026-01-14,2026-02-11,4.6325235518607037,4.8524125965711207,104,48,2.5301383292210087,2.1023852226396951,7.1626618810817124,5.0602766584420174,1,0,5.0602766584420174
Labour,CES0500000003,3,after_week_2,2026-01,Labour Bridge Ridge,long_memory,2026-01-14,2026-02-11,4.6325235518607037,4.8524125965711207,104,48,2.2558055339515,2.3767180179092038,6.8883290858122042,4.5116110679029999,1,0,4.5116110679030008
Labour,CES0500000003,4,month_end,2026-01,Labour Equal-Weight Ensemble,short_memory,2026-01-31,2026-02-11,3.8918550312687401,4.8524125965711207,104,48,1.7131553642779993,2.1786996669907408,5.6050103955467394,3.4263107285559986,1,0,3.4263107285559986
Labour,CES0500000003,4,month_end,2026-01,Labour Equal-Weight Ensemble,long_memory,2026-01-31,2026-02-11,3.8918550312687401,4.8524125965711207,104,48,1.7131553642779993,2.1786996669907408,5.6050103955467394,3.4263107285559986,1,0,3.4263107285559986
Labour,CES0500000003,5,pre_employment_report,2026-01,Labour Equal-Weight Ensemble,short_memory,2026-02-10,2026-02-11,4.0303251768828376,4.8524125965711207,104,48,1.7192258349287437,2.3110993419540939,5.7495510118115813,3.4384516698574874,1,0,3.4384516698574874
Labour,CES0500000003,5,pre_employment_report,2026-01,Labour Equal-Weight Ensemble,long_memory,2026-02-10,2026-02-11,4.0303251768828376,4.8524125965711207,104,48,1.7192258349287437,2.3110993419540939,5.7495510118115813,3.4384516698574874,1,0,3.4384516698574874
Labour,CES0500000003,1,month_open,2026-02,Labour Bridge Ridge,short_memory,2026-02-01,2026-03-06,4.4904971991275824,4.8328700039784067,103,48,1.7437780386599302,2.7467191604676522,6.2342752377875126,3.4875560773198604,1,0,3.4875560773198604
Labour,CES0500000003,1,month_open,2026-02,Labour Bridge Ridge,long_memory,2026-02-01,2026-03-06,4.4904971991275824,4.8328700039784067,103,48,2.377301466364905,2.1131957327626774,6.8677986654924874,4.75460293272981,1,0,4.75460293272981
Labour,CES0500000003,2,after_week_1,2026-02,Labour Bridge Ridge,short_memory,2026-02-07,2026-03-06,4.3340436747278268,4.8328700039784067,103,48,2.2325352222296058,2.101508452498221,6.5665788969574326,4.4650704444592115,1,0,4.4650704444592115
Labour,CES0500000003,2,after_week_1,2026-02,Labour Bridge Ridge,long_memory,2026-02-07,2026-03-06,4.3340436747278268,4.8328700039784067,103,48,2.1359289998824402,2.1981146748453866,6.4699726746102666,4.2718579997648805,1,0,4.2718579997648796
Labour,CES0500000003,3,after_week_2,2026-02,Labour Bridge Ridge,short_memory,2026-02-14,2026-03-06,3.4249279436167113,4.8328700039784067,105,48,2.2558055339515,1.1691224096652113,5.6807334775682108,4.5116110679029999,1,0,4.511611067902999
Labour,CES0500000003,3,after_week_2,2026-02,Labour Bridge Ridge,long_memory,2026-02-14,2026-03-06,3.4249279436167113,4.8328700039784067,105,48,2.1856323045844839,1.2392956390322274,5.6105602482011951,4.3712646091689678,1,0,4.3712646091689678
Labour,CES0500000003,4,month_end,2026-02,Labour Equal-Weight Ensemble,short_memory,2026-02-28,2026-03-06,3.5995302091546884,4.8328700039784067,105,48,1.477030430050764,2.1224997791039244,5.0765606392054519,2.9540608601015279,1,0,2.9540608601015275
Labour,CES0500000003,4,month_end,2026-02,Labour Equal-Weight Ensemble,long_memory,2026-02-28,2026-03-06,3.5995302091546884,4.8328700039784067,105,48,1.701098999929382,1.8984312092253064,5.3006292090840699,3.4021979998587639,1,0,3.4021979998587635
Labour,CES0500000003,5,pre_employment_report,2026-02,Labour Equal-Weight Ensemble,short_memory,2026-03-05,2026-03-06,3.6025737308024524,4.8328700039784067,105,48,1.4887457109407629,2.1138280198616894,5.0913194417432148,2.9774914218815258,1,0,2.9774914218815254
Labour,CES0500000003,5,pre_employment_report,2026-02,Labour Equal-Weight Ensemble,long_memory,2026-03-05,2026-03-06,3.6025737308024524,4.8328700039784067,105,48,1.6624567948584001,1.9401169359440522,5.2650305256608529,3.3249135897168003,1,0,3.3249135897168007
Labour,CES0500000003,1,month_open,2026-03,Labour Bridge Ridge,short_memory,2026-03-01,2026-04-03,4.1895412538409875,2.8927294040249407,104,48,1.7437780386599302,2.4457632151810573,5.9333192925009177,3.4875560773198604,1,0,3.4875560773198604
Labour,CES0500000003,1,month_open,2026-03,Labour Bridge Ridge,long_memory,2026-03-01,2026-04-03,4.1895412538409875,2.8927294040249407,104,48,1.8602425053294098,2.3292987485115777,6.0497837591703973,3.7204850106588196,1,0,3.7204850106588196
Labour,CES0500000003,2,after_week_1,2026-03,Labour Bridge Ridge,short_memory,2026-03-07,2026-04-03,4.8052098272888815,2.8927294040249407,105,48,1.9669062727119018,2.8383035545769797,6.7721161000007832,3.9338125454238035,1,0,3.9338125454238035
Labour,CES0500000003,2,after_week_1,2026-03,Labour Bridge Ridge,long_memory,2026-03-07,2026-04-03,4.8052098272888815,2.8927294040249407,105,48,1.9669062727119018,2.8383035545769797,6.7721161000007832,3.9338125454238035,1,0,3.9338125454238035
Labour,CES0500000003,3,after_week_2,2026-03,Labour Bridge Ridge,short_memory,2026-03-14,2026-04-03,4.7453606234694519,2.8927294040249407,106,48,2.165001908615765,2.5803587148536868,6.9103625320852169,4.33000381723153,1,0,4.33000381723153
Labour,CES0500000003,3,after_week_2,2026-03,Labour Bridge Ridge,long_memory,2026-03-14,2026-04-03,4.7453606234694519,2.8927294040249407,106,48,2.165001908615765,2.5803587148536868,6.9103625320852169,4.33000381723153,1,0,4.33000381723153
Labour,CES0500000003,4,month_end,2026-03,Labour Equal-Weight Ensemble,short_memory,2026-03-31,2026-04-03,3.883653954731217,2.8927294040249407,106,48,1.4414092990790155,2.4422446556522015,5.3250632538102325,2.882818598158031,1,0,2.882818598158031
Labour,CES0500000003,4,month_end,2026-03,Labour Equal-Weight Ensemble,long_memory,2026-03-31,2026-04-03,3.883653954731217,2.8927294040249407,106,48,1.6295516734188169,2.2541022813124001,5.5132056281500343,3.2591033468376338,1,0,3.2591033468376343
Labour,CES0500000003,5,pre_employment_report,2026-03,Labour Equal-Weight Ensemble,short_memory,2026-04-02,2026-04-03,3.8835039518147014,2.8927294040249407,106,48,1.2454137172663464,2.638090234548355,5.1289176690810478,2.4908274345326928,1,0,2.4908274345326928
Labour,CES0500000003,5,pre_employment_report,2026-03,Labour Equal-Weight Ensemble,long_memory,2026-04-02,2026-04-03,3.8835039518147014,2.8927294040249407,106,48,1.6056408787075638,2.2778630731071376,5.4891448305222657,3.2112817574151276,1,0,3.211281757415128
Labour,CES0500000003,1,month_open,2026-04,Labour Bridge Ridge,short_memory,2026-04-01,2026-05-08,4.2559682025855254,1.9261641374738403,105,48,1.7437780386599302,2.5121901639255952,5.9997462412454556,3.4875560773198604,0,1,9.3478163418374098
Labour,CES0500000003,1,month_open,2026-04,Labour Bridge Ridge,long_memory,2026-04-01,2026-05-08,4.2559682025855254,1.9261641374738403,105,48,1.7437780386599302,2.5121901639255952,5.9997462412454556,3.4875560773198604,0,1,9.3478163418374098
Labour,CES0500000003,2,after_week_1,2026-04,Labour Bridge Ridge,short_memory,2026-04-07,2026-05-08,4.0637489000984699,1.9261641374738403,106,48,1.9124804232639407,2.1512684768345292,5.9762293233624106,3.8249608465278815,0,1,6.07600424013477
Labour,CES0500000003,2,after_week_1,2026-04,Labour Bridge Ridge,long_memory,2026-04-07,2026-05-08,4.0637489000984699,1.9261641374738403,106,48,1.9578077206120863,2.1059411794863836,6.0215566207105562,3.9156154412241726,0,1,5.7133858613496056
Labour,CES0500000003,3,after_week_2,2026-04,Labour Bridge Ridge,short_memory,2026-04-14,2026-05-08,4.0068078152780089,1.9261641374738403,107,48,1.9470136004427587,2.0597942148352502,5.9538214157207676,3.8940272008855175,0,1,5.2303279744996161
Labour,CES0500000003,3,after_week_2,2026-04,Labour Bridge Ridge,long_memory,2026-04-14,2026-05-08,4.0068078152780089,1.9261641374738403,107,48,1.9983011648376641,2.0085066504403448,6.005108980115673,3.9966023296753281,0,1,4.8200274593403734
Labour,CES0500000003,4,month_end,2026-04,Labour Equal-Weight Ensemble,short_memory,2026-04-30,2026-05-08,3.7376417168498413,1.9261641374738403,107,48,1.4414092990790155,2.2962324177708258,5.1790510159288567,2.882818598158031,0,1,6.5835014011278856
Labour,CES0500000003,4,month_end,2026-04,Labour Equal-Weight Ensemble,long_memory,2026-04-30,2026-05-08,3.7376417168498413,1.9261641374738403,107,48,1.5256084176404685,2.2120332992093727,5.2632501344903098,3.051216835280937,0,1,5.9099084526362615
Labour,CES0500000003,5,pre_employment_report,2026-04,Labour Equal-Weight Ensemble,short_memory,2026-05-07,2026-05-08,3.5517854180694246,1.9261641374738403,107,48,1.2454137172663464,2.3063717008030782,4.797199135335771,2.4908274345326928,0,1,6.2929030678250717
Labour,CES0500000003,5,pre_employment_report,2026-04,Labour Equal-Weight Ensemble,long_memory,2026-05-07,2026-05-08,3.5517854180694246,1.9261641374738403,107,48,1.5751809215917052,1.9766044964777194,5.1269663396611298,3.1503618431834104,0,1,3.6547654332222015
Labour,CES0500000003,1,month_open,2026-05,Labour Bridge Ridge,short_memory,2026-05-01,2026-06-05,3.9203025101020192,3.8430777442499675,106,48,1.692316345776776,2.2279861643252432,5.6126188558787948,3.3846326915535521,1,0,3.3846326915535516
Labour,CES0500000003,1,month_open,2026-05,Labour Bridge Ridge,long_memory,2026-05-01,2026-06-05,3.9203025101020192,3.8430777442499675,106,48,1.7437780386599302,2.176524471442089,5.6640805487619499,3.4875560773198604,1,0,3.4875560773198608
Labour,CES0500000003,2,after_week_1,2026-05,Labour Bridge Ridge,short_memory,2026-05-07,2026-06-05,4.3192730920287046,3.8430777442499675,106,48,1.9124804232639407,2.4067926687647638,6.2317535152926453,3.8249608465278815,1,0,3.8249608465278815
Labour,CES0500000003,2,after_week_1,2026-05,Labour Bridge Ridge,long_memory,2026-05-07,2026-06-05,4.3192730920287046,3.8430777442499675,106,48,1.9578077206120863,2.3614653714166183,6.2770808126407909,3.9156154412241726,1,0,3.9156154412241726
Labour,CES0500000003,3,after_week_2,2026-05,Labour Bridge Ridge,short_memory,2026-05-14,2026-06-05,4.5045176025526468,3.8430777442499675,108,48,2.0806436778041686,2.4238739247484782,6.5851612803568154,4.1612873556083372,1,0,4.1612873556083372
Labour,CES0500000003,3,after_week_2,2026-05,Labour Bridge Ridge,long_memory,2026-05-14,2026-06-05,4.5045176025526468,3.8430777442499675,108,48,2.0806436778041686,2.4238739247484782,6.5851612803568154,4.1612873556083372,1,0,4.1612873556083372
Labour,CES0500000003,4,month_end,2026-05,Labour Equal-Weight Ensemble,short_memory,2026-05-31,2026-06-05,3.6630516492161274,3.8430777442499675,108,48,1.811477579376001,1.8515740698401264,5.4745292285921288,3.6229551587520019,1,0,3.6229551587520024
Labour,CES0500000003,4,month_end,2026-05,Labour Equal-Weight Ensemble,long_memory,2026-05-31,2026-06-05,3.6630516492161274,3.8430777442499675,108,48,1.7131553642779993,1.9498962849381281,5.3762070134941267,3.4263107285559986,1,0,3.4263107285559986
Labour,CES0500000003,5,pre_employment_report,2026-05,Labour Equal-Weight Ensemble,short_memory,2026-06-04,2026-06-05,3.647201409666144,3.8430777442499675,108,48,1.6256212805955843,2.0215801290705597,5.2728226902617283,3.2512425611911686,1,0,3.2512425611911686
Labour,CES0500000003,5,pre_employment_report,2026-05,Labour Equal-Weight Ensemble,long_memory,2026-06-04,2026-06-05,3.647201409666144,3.8430777442499675,108,48,1.6256212805955843,2.0215801290705597,5.2728226902617283,3.2512425611911686,1,0,3.2512425611911686
Labour,CES0500000003,1,month_open,2026-06,Labour Bridge Ridge,short_memory,2026-06-01,2026-07-02,4.68303910188488,4.1517007480594614,107,48,2.3298040651116851,2.3532350367731949,7.0128431669965652,4.6596081302233703,1,0,4.6596081302233703
Labour,CES0500000003,1,month_open,2026-06,Labour Bridge Ridge,long_memory,2026-06-01,2026-07-02,4.68303910188488,4.1517007480594614,107,48,2.3298040651116851,2.3532350367731949,7.0128431669965652,4.6596081302233703,1,0,4.6596081302233703
Labour,CES0500000003,2,after_week_1,2026-06,Labour Bridge Ridge,short_memory,2026-06-07,2026-07-02,3.7528679506671478,4.1517007480594614,108,48,2.1375847626246296,1.6152831880425182,5.8904527132917774,4.2751695252492592,1,0,4.2751695252492592
Labour,CES0500000003,2,after_week_1,2026-06,Labour Bridge Ridge,long_memory,2026-06-07,2026-07-02,3.7528679506671478,4.1517007480594614,108,48,2.1359289998824402,1.6169389507847076,5.8887969505495885,4.2718579997648805,1,0,4.2718579997648813
Labour,CES0500000003,3,after_week_2,2026-06,Labour Bridge Ridge,short_memory,2026-06-14,2026-07-02,3.7304815449600017,4.1517007480594614,109,48,2.0806436778041686,1.6498378671558331,5.8111252227641703,4.1612873556083372,1,0,4.1612873556083372
Labour,CES0500000003,3,after_week_2,2026-06,Labour Bridge Ridge,long_memory,2026-06-14,2026-07-02,3.7304815449600017,4.1517007480594614,109,48,2.0806436778041686,1.6498378671558331,5.8111252227641703,4.1612873556083372,1,0,4.1612873556083372
Labour,CES0500000003,4,month_end,2026-06,Labour Equal-Weight Ensemble,short_memory,2026-06-30,2026-07-02,3.5347982593996101,4.1517007480594614,109,48,1.811477579376001,1.7233206800236092,5.3462758387756111,3.6229551587520019,1,0,3.6229551587520019
Labour,CES0500000003,4,month_end,2026-06,Labour Equal-Weight Ensemble,long_memory,2026-06-30,2026-07-02,3.5347982593996101,4.1517007480594614,109,48,1.701098999929382,1.8336992594702282,5.2358972593289916,3.4021979998587639,1,0,3.4021979998587635
Labour,CES0500000003,5,pre_employment_report,2026-06,Labour Equal-Weight Ensemble,short_memory,2026-07-01,2026-07-02,3.5347982593996101,4.1517007480594614,109,48,1.6256212805955843,1.9091769788040258,5.1604195399951944,3.2512425611911686,1,0,3.2512425611911686
Labour,CES0500000003,5,pre_employment_report,2026-06,Labour Equal-Weight Ensemble,long_memory,2026-07-01,2026-07-02,3.5347982593996101,4.1517007480594614,109,48,1.6256212805955843,1.9091769788040258,5.1604195399951944,3.2512425611911686,1,0,3.2512425611911686
Labour,PAYEMS,1,month_open,2023-02,Labour 12-Month Mean,short_memory,2023-02-01,2023-03-10,375.25,311,77,48,294.58333333333331,80.666666666666686,669.83333333333326,589.16666666666663,1,0,589.16666666666652
Labour,PAYEMS,1,month_open,2023-02,Labour 12-Month Mean,long_memory,2023-02-01,2023-03-10,375.25,311,77,48,1086.75,-711.5,1462,2173.5,1,0,2173.5
Labour,PAYEMS,2,after_week_1,2023-02,Labour Bridge Ridge,short_memory,2023-02-07,2023-03-10,679.1298757406455,311,78,48,469.08105018693823,210.04882555370727,1148.2109259275837,938.16210037387646,1,0,938.16210037387646
Labour,PAYEMS,2,after_week_1,2023-02,Labour Bridge Ridge,long_memory,2023-02-07,2023-03-10,679.1298757406455,311,78,48,691.98435654895138,-12.85448080830588,1371.1142322895969,1383.9687130979028,1,0,1383.9687130979028
Labour,PAYEMS,3,after_week_2,2023-02,Labour Factor Ridge,short_memory,2023-02-14,2023-03-10,515.94364259341387,311,79,48,447.37914142756108,68.564501165852789,963.32278402097495,894.75828285512216,1,0,894.75828285512216
Labour,PAYEMS,3,after_week_2,2023-02,Labour Factor Ridge,long_memory,2023-02-14,2023-03-10,515.94364259341387,311,79,48,551.09862032959086,-35.154977736176988,1067.0422629230047,1102.1972406591817,1,0,1102.1972406591817
Labour,PAYEMS,4,month_end,2023-02,Labour Bridge Ridge,short_memory,2023-02-28,2023-03-10,665.6478479893218,311,79,48,568.71555646500099,96.932291524320817,1234.3634044543228,1137.431112930002,1,0,1137.431112930002
Labour,PAYEMS,4,month_end,2023-02,Labour Bridge Ridge,long_memory,2023-02-28,2023-03-10,665.6478479893218,311,79,48,625.74742718030541,39.900420809016396,1291.3952751696272,1251.4948543606108,1,0,1251.4948543606108
Labour,PAYEMS,5,pre_employment_report,2023-02,Labour Bridge Ridge,short_memory,2023-03-09,2023-03-10,675.17675287516965,311,79,48,416.14619928581232,259.03055358935734,1091.3229521609819,832.29239857162463,1,0,832.29239857162452
Labour,PAYEMS,5,pre_employment_report,2023-02,Labour Bridge Ridge,long_memory,2023-03-09,2023-03-10,675.17675287516965,311,79,48,769.29086152415164,-94.114108648981983,1444.4676143993213,1538.5817230483033,1,0,1538.5817230483033
Labour,PAYEMS,1,month_open,2023-03,Labour 12-Month Mean,short_memory,2023-03-01,2023-04-07,401.16666666666669,236,78,48,249.41666666666663,151.75000000000006,650.58333333333326,498.83333333333326,1,0,498.8333333333332
Labour,PAYEMS,1,month_open,2023-03,Labour 12-Month Mean,long_memory,2023-03-01,2023-04-07,401.16666666666669,236,78,48,1086.75,-685.58333333333326,1487.9166666666667,2173.5,1,0,2173.5
Labour,PAYEMS,2,after_week_1,2023-03,Labour Bridge Ridge,short_memory,2023-03-07,2023-04-07,332.03152352259525,236,78,48,469.08105018693823,-137.04952666434298,801.11257370953354,938.16210037387646,1,0,938.16210037387646
Labour,PAYEMS,2,after_week_1,2023-03,Labour Bridge Ridge,long_memory,2023-03-07,2023-04-07,332.03152352259525,236,78,48,691.98435654895138,-359.95283302635613,1024.0158800715467,1383.9687130979028,1,0,1383.9687130979028
Labour,PAYEMS,3,after_week_2,2023-03,Labour Factor Ridge,short_memory,2023-03-14,2023-04-07,-30.172287435149755,236,80,48,441.7344881584429,-471.90677559359267,411.56220072329313,883.4689763168858,1,0,883.4689763168858
Labour,PAYEMS,3,after_week_2,2023-03,Labour Factor Ridge,long_memory,2023-03-14,2023-04-07,-30.172287435149755,236,80,48,551.09862032959086,-581.27090776474063,520.92633289444109,1102.1972406591817,1,0,1102.1972406591817
Labour,PAYEMS,4,month_end,2023-03,Labour Bridge Ridge,short_memory,2023-03-31,2023-04-07,244.41862044385573,236,80,48,421.99831640236107,-177.57969595850534,666.4169368462168,843.99663280472214,1,0,843.99663280472214
Labour,PAYEMS,4,month_end,2023-03,Labour Bridge Ridge,long_memory,2023-03-31,2023-04-07,244.41862044385573,236,80,48,625.74742718030541,-381.32880673644968,870.16604762416114,1251.4948543606108,1,0,1251.4948543606108
Labour,PAYEMS,5,pre_employment_report,2023-03,Labour Bridge Ridge,short_memory,2023-04-06,2023-04-07,28.464423121693443,236,80,48,416.14619928581232,-387.6817761641189,444.61062240750573,832.29239857162463,1,0,832.29239857162463
Labour,PAYEMS,5,pre_employment_report,2023-03,Labour Bridge Ridge,long_memory,2023-04-06,2023-04-07,28.464423121693443,236,80,48,769.29086152415164,-740.82643840245817,797.75528464584511,1538.5817230483033,1,0,1538.5817230483033
Labour,PAYEMS,1,month_open,2023-04,Labour 12-Month Mean,short_memory,2023-04-01,2023-05-05,411.08333333333331,253,79,48,249.41666666666663,161.66666666666669,660.5,498.83333333333326,1,0,498.83333333333331
Labour,PAYEMS,1,month_open,2023-04,Labour 12-Month Mean,long_memory,2023-04-01,2023-05-05,411.08333333333331,253,79,48,1086.75,-675.66666666666674,1497.8333333333333,2173.5,1,0,2173.5
Labour,PAYEMS,2,after_week_1,2023-04,Labour Bridge Ridge,short_memory,2023-04-07,2023-05-05,-81.660840557629271,253,79,48,469.08105018693823,-550.74189074456751,387.42020962930894,938.16210037387646,1,0,938.16210037387646
Labour,PAYEMS,2,after_week_1,2023-04,Labour Bridge Ridge,long_memory,2023-04-07,2023-05-05,-81.660840557629271,253,79,48,691.98435654895138,-773.64519710658067,610.3235159913221,1383.9687130979028,1,0,1383.9687130979028
Labour,PAYEMS,3,after_week_2,2023-04,Labour Factor Ridge,short_memory,2023-04-14,2023-05-05,49.558871912661232,253,81,48,383.87279890357172,-334.31392699091049,433.43167081623295,767.74559780714344,1,0,767.74559780714344
Labour,PAYEMS,3,after_week_2,2023-04,Labour Factor Ridge,long_memory,2023-04-14,2023-05-05,49.558871912661232,253,81,48,551.09862032959086,-501.53974841692963,600.65749224225215,1102.1972406591817,1,0,1102.1972406591817
Labour,PAYEMS,4,month_end,2023-04,Labour Bridge Ridge,short_memory,2023-04-30,2023-05-05,-40.968750147817545,253,81,48,421.99831640236107,-462.96706655017863,381.02956625454351,843.99663280472214,1,0,843.99663280472214
Labour,PAYEMS,4,month_end,2023-04,Labour Bridge Ridge,long_memory,2023-04-30,2023-05-05,-40.968750147817545,253,81,48,625.74742718030541,-666.71617732812297,584.77867703248785,1251.4948543606108,1,0,1251.4948543606108
Labour,PAYEMS,5,pre_employment_report,2023-04,Labour Bridge Ridge,short_memory,2023-05-04,2023-05-05,26.8263640089272,253,81,48,402.57510669481474,-375.74874268588752,429.40147070374195,805.15021338962947,1,0,805.15021338962947
Labour,PAYEMS,5,pre_employment_report,2023-04,Labour Bridge Ridge,long_memory,2023-05-04,2023-05-05,26.8263640089272,253,81,48,661.95280376983146,-635.1264397609043,688.77916777875862,1323.9056075396629,1,0,1323.9056075396629
Labour,PAYEMS,1,month_open,2023-05,Labour 12-Month Mean,short_memory,2023-05-01,2023-06-02,360.25,339,80,48,249.41666666666663,110.83333333333337,609.66666666666663,498.83333333333326,1,0,498.83333333333326
Labour,PAYEMS,1,month_open,2023-05,Labour 12-Month Mean,long_memory,2023-05-01,2023-06-02,360.25,339,80,48,1063.0833333333335,-702.83333333333348,1423.3333333333335,2126.166666666667,1,0,2126.166666666667
Labour,PAYEMS,2,after_week_1,2023-05,Labour Bridge Ridge,short_memory,2023-05-07,2023-06-02,272.69465347658377,339,81,48,402.79901377531462,-130.10436029873085,675.49366725189839,805.59802755062924,1,0,805.59802755062924
Labour,PAYEMS,2,after_week_1,2023-05,Labour Bridge Ridge,long_memory,2023-05-07,2023-06-02,272.69465347658377,339,81,48,676.2576857217349,-403.56303224515113,948.95233919831867,1352.5153714434698,1,0,1352.5153714434698
Labour,PAYEMS,3,after_week_2,2023-05,Labour Factor Ridge,short_memory,2023-05-14,2023-06-02,-32.113592344799642,339,82,48,378.07165249658834,-410.185244841388,345.95806015178869,756.14330499317668,1,0,756.14330499317668
Labour,PAYEMS,3,after_week_2,2023-05,Labour Factor Ridge,long_memory,2023-05-14,2023-06-02,-32.113592344799642,339,82,48,542.50352625062771,-574.61711859542731,510.38993390582806,1085.0070525012554,1,0,1085.0070525012554
Labour,PAYEMS,4,month_end,2023-05,Labour Bridge Ridge,short_memory,2023-05-31,2023-06-02,343.98976172218829,339,82,48,359.32552754494338,-15.335765822755093,703.31528926713167,718.65105508988677,1,0,718.65105508988677
Labour,PAYEMS,4,month_end,2023-05,Labour Bridge Ridge,long_memory,2023-05-31,2023-06-02,343.98976172218829,339,82,48,625.74742718030541,-281.75766545811712,969.7371889024937,1251.4948543606108,1,0,1251.4948543606108
Labour,PAYEMS,5,pre_employment_report,2023-05,Labour Bridge Ridge,short_memory,2023-06-01,2023-06-02,346.75816835198918,339,82,48,364.17675287516965,-17.418584523180471,710.93492122715884,728.35350575033931,1,0,728.35350575033931
Labour,PAYEMS,5,pre_employment_report,2023-05,Labour Bridge Ridge,long_memory,2023-06-01,2023-06-02,346.75816835198918,339,82,48,661.95280376983146,-315.19463541784228,1008.7109721218206,1323.9056075396629,1,0,1323.9056075396629
Labour,PAYEMS,1,month_open,2023-06,Labour 12-Month Mean,short_memory,2023-06-01,2023-07-07,332.91666666666669,209,81,48,242.5,90.416666666666686,575.41666666666674,485,1,0,485.00000000000006
Labour,PAYEMS,1,month_open,2023-06,Labour 12-Month Mean,long_memory,2023-06-01,2023-07-07,332.91666666666669,209,81,48,1063.0833333333335,-730.16666666666674,1396.0000000000002,2126.166666666667,1,0,2126.166666666667
Labour,PAYEMS,2,after_week_1,2023-06,Labour Bridge Ridge,short_memory,2023-06-07,2023-07-07,361.34212692593252,209,82,48,402.79901377531462,-41.456886849382101,764.1411407012472,805.59802755062924,1,0,805.59802755062924
Labour,PAYEMS,2,after_week_1,2023-06,Labour Bridge Ridge,long_memory,2023-06-07,2023-07-07,361.34212692593252,209,82,48,676.2576857217349,-314.91555879580238,1037.5998126476675,1352.5153714434698,1,0,1352.5153714434698
Labour,PAYEMS,3,after_week_2,2023-06,Labour Factor Ridge,short_memory,2023-06-14,2023-07-07,242.92309913996777,209,83,48,371.11359234479966,-128.19049320483188,614.0366914847674,742.22718468959931,1,0,742.22718468959931
Labour,PAYEMS,3,after_week_2,2023-06,Labour Factor Ridge,long_memory,2023-06-14,2023-07-07,242.92309913996777,209,83,48,542.50352625062771,-299.58042711065991,785.42662539059552,1085.0070525012554,1,0,1085.0070525012554
Labour,PAYEMS,4,month_end,2023-06,Labour Bridge Ridge,short_memory,2023-06-30,2023-07-07,347.88506706093887,209,83,48,359.32552754494338,-11.440460484004518,707.21059460588231,718.65105508988677,1,0,718.65105508988677
Labour,PAYEMS,4,month_end,2023-06,Labour Bridge Ridge,long_memory,2023-06-30,2023-07-07,347.88506706093887,209,83,48,578.81537133721952,-230.93030427628065,926.70043839815844,1157.630742674439,1,0,1157.630742674439
Labour,PAYEMS,5,pre_employment_report,2023-06,Labour Bridge Ridge,short_memory,2023-07-06,2023-07-07,304.85725399823883,209,83,48,364.17675287516965,-59.319498876930822,669.03400687340854,728.35350575033931,1,0,728.35350575033931
Labour,PAYEMS,5,pre_employment_report,2023-06,Labour Bridge Ridge,long_memory,2023-07-06,2023-07-07,304.85725399823883,209,83,48,661.95280376983146,-357.09554977159263,966.81005776807024,1323.9056075396629,1,0,1323.9056075396629
Labour,PAYEMS,1,month_open,2023-07,Labour 12-Month Mean,short_memory,2023-07-01,2023-08-04,340.66666666666669,187,82,48,242.5,98.166666666666686,583.16666666666674,485,1,0,485.00000000000006
Labour,PAYEMS,1,month_open,2023-07,Labour 12-Month Mean,long_memory,2023-07-01,2023-08-04,340.66666666666669,187,82,48,1063.0833333333335,-722.41666666666674,1403.7500000000002,2126.166666666667,1,0,2126.166666666667
Labour,PAYEMS,2,after_week_1,2023-07,Labour Bridge Ridge,short_memory,2023-07-07,2023-08-04,-111.29978177033736,187,82,48,402.79901377531462,-514.09879554565202,291.49923200497727,805.59802755062924,1,0,805.59802755062924
Labour,PAYEMS,2,after_week_1,2023-07,Labour Bridge Ridge,long_memory,2023-07-07,2023-08-04,-111.29978177033736,187,82,48,676.2576857217349,-787.55746749207231,564.9579039513975,1352.5153714434698,1,0,1352.5153714434698
Labour,PAYEMS,3,after_week_2,2023-07,Labour Factor Ridge,short_memory,2023-07-14,2023-08-04,170.8808885969508,187,84,48,371.11359234479966,-200.23270374784886,541.99448094175045,742.22718468959931,1,0,742.22718468959931
Labour,PAYEMS,3,after_week_2,2023-07,Labour Factor Ridge,long_memory,2023-07-14,2023-08-04,170.8808885969508,187,84,48,542.50352625062771,-371.62263765367692,713.38441484757846,1085.0070525012554,1,0,1085.0070525012554
Labour,PAYEMS,4,month_end,2023-07,Labour Bridge Ridge,short_memory,2023-07-31,2023-08-04,-126.4036650911916,187,84,48,354.6478479893218,-481.05151308051342,228.24418289813019,709.29569597864361,1,0,709.29569597864361
Labour,PAYEMS,4,month_end,2023-07,Labour Bridge Ridge,long_memory,2023-07-31,2023-08-04,-126.4036650911916,187,84,48,578.81537133721952,-705.21903642841107,452.4117062460279,1157.630742674439,1,0,1157.630742674439
Labour,PAYEMS,5,pre_employment_report,2023-07,Labour Bridge Ridge,short_memory,2023-08-03,2023-08-04,-43.962494337400628,187,84,48,364.17675287516965,-408.1392472125703,320.21425853776901,728.35350575033931,1,0,728.35350575033931
Labour,PAYEMS,5,pre_employment_report,2023-07,Labour Bridge Ridge,long_memory,2023-08-03,2023-08-04,-43.962494337400628,187,84,48,661.95280376983146,-705.91529810723205,617.99030943243088,1323.9056075396629,1,0,1323.9056075396629
Labour,PAYEMS,1,month_open,2023-08,Labour 12-Month Mean,short_memory,2023-08-01,2023-09-01,316,187,83,48,238.16666666666674,77.833333333333258,554.16666666666674,476.33333333333348,1,0,476.33333333333348
Labour,PAYEMS,1,month_open,2023-08,Labour 12-Month Mean,long_memory,2023-08-01,2023-09-01,316,187,83,48,875.66666666666663,-559.66666666666663,1191.6666666666665,1751.3333333333333,1,0,1751.333333333333
Labour,PAYEMS,2,after_week_1,2023-08,Labour Bridge Ridge,short_memory,2023-08-07,2023-09-01,435.63646086219046,187,84,48,368.1298757406455,67.506585121544958,803.76633660283596,736.259751481291,1,0,736.259751481291
Labour,PAYEMS,2,after_week_1,2023-08,Labour Bridge Ridge,long_memory,2023-08-07,2023-09-01,435.63646086219046,187,84,48,532.70063345204005,-97.064172589849591,968.33709431423051,1065.4012669040801,1,0,1065.4012669040801
Labour,PAYEMS,3,after_week_2,2023-08,Labour Factor Ridge,short_memory,2023-08-14,2023-09-01,15.589833727832868,187,85,48,371.11359234479966,-355.5237586169668,386.70342607263251,742.22718468959931,1,0,742.22718468959931
Labour,PAYEMS,3,after_week_2,2023-08,Labour Factor Ridge,long_memory,2023-08-14,2023-09-01,15.589833727832868,187,85,48,542.50352625062771,-526.9136925227948,558.09335997846063,1085.0070525012554,1,0,1085.0070525012554
Labour,PAYEMS,4,month_end,2023-08,Labour Bridge Ridge,short_memory,2023-08-31,2023-09-01,417.67699877891579,187,85,48,354.6478479893218,63.029150789593984,772.32484676823765,709.29569597864361,1,0,709.29569597864361
Labour,PAYEMS,4,month_end,2023-08,Labour Bridge Ridge,long_memory,2023-08-31,2023-09-01,417.67699877891579,187,85,48,578.81537133721952,-161.13837255830373,996.49237011613536,1157.630742674439,1,0,1157.630742674439
Labour,PAYEMS,5,pre_employment_report,2023-08,Labour Bridge Ridge,short_memory,2023-08-31,2023-09-01,417.67699877891579,187,85,48,303.50931916734112,114.16767961157467,721.18631794625685,607.01863833468224,1,0,607.01863833468224
Labour,PAYEMS,5,pre_employment_report,2023-08,Labour Bridge Ridge,long_memory,2023-08-31,2023-09-01,417.67699877891579,187,85,48,590.72802933923117,-173.05103056031538,1008.4050281181469,1181.4560586784623,1,0,1181.4560586784623
Labour,PAYEMS,1,month_open,2023-09,Labour 12-Month Mean,short_memory,2023-09-01,2023-10-06,271,336,84,48,223.91666666666663,47.083333333333371,494.91666666666663,447.83333333333326,1,0,447.83333333333326
Labour,PAYEMS,1,month_open,2023-09,Labour 12-Month Mean,long_memory,2023-09-01,2023-10-06,271,336,84,48,875.66666666666663,-604.66666666666663,1146.6666666666665,1751.3333333333333,1,0,1751.333333333333
Labour,PAYEMS,2,after_week_1,2023-09,Labour Bridge Ridge,short_memory,2023-09-07,2023-10-06,256.69599123812333,336,85,48,368.1298757406455,-111.43388450252218,624.82586697876877,736.259751481291,1,0,736.259751481291
Labour,PAYEMS,2,after_week_1,2023-09,Labour Bridge Ridge,long_memory,2023-09-07,2023-10-06,256.69599123812333,336,85,48,532.70063345204005,-276.00464221391672,789.39662469016343,1065.4012669040801,1,0,1065.4012669040801
Labour,PAYEMS,3,after_week_2,2023-09,Labour Factor Ridge,short_memory,2023-09-14,2023-10-06,136.81352145994094,336,86,48,371.11359234479966,-234.30007088485871,507.9271138047406,742.22718468959931,1,0,742.22718468959931
Labour,PAYEMS,3,after_week_2,2023-09,Labour Factor Ridge,long_memory,2023-09-14,2023-10-06,136.81352145994094,336,86,48,522.82071303349312,-386.00719157355218,659.63423449343406,1045.6414260669862,1,0,1045.6414260669862
Labour,PAYEMS,4,month_end,2023-09,Labour Bridge Ridge,short_memory,2023-09-30,2023-10-06,291.26670852895109,336,86,48,354.6478479893218,-63.381139460370719,645.91455651827289,709.29569597864361,1,0,709.29569597864361
Labour,PAYEMS,4,month_end,2023-09,Labour Bridge Ridge,long_memory,2023-09-30,2023-10-06,291.26670852895109,336,86,48,577.66987591843861,-286.40316738948752,868.93658444738969,1155.3397518368772,1,0,1155.3397518368772
Labour,PAYEMS,5,pre_employment_report,2023-09,Labour Bridge Ridge,short_memory,2023-10-05,2023-10-06,237.44347812566053,336,86,48,303.50931916734112,-66.065841041680585,540.95279729300159,607.01863833468224,1,0,607.01863833468224
Labour,PAYEMS,5,pre_employment_report,2023-09,Labour Bridge Ridge,long_memory,2023-10-05,2023-10-06,237.44347812566053,336,86,48,590.72802933923117,-353.28455121357064,828.17150746489165,1181.4560586784623,1,0,1181.4560586784623
Labour,PAYEMS,1,month_open,2023-10,Labour 12-Month Mean,short_memory,2023-10-01,2023-11-03,271,150,85,48,218.91666666666669,52.083333333333314,489.91666666666669,437.83333333333337,1,0,437.83333333333337
Labour,PAYEMS,1,month_open,2023-10,Labour 12-Month Mean,long_memory,2023-10-01,2023-11-03,271,150,85,48,813.08333333333337,-542.08333333333337,1084.0833333333335,1626.1666666666667,1,0,1626.166666666667
Labour,PAYEMS,2,after_week_1,2023-10,Labour Bridge Ridge,short_memory,2023-10-07,2023-11-03,552.41811505061276,150,86,48,368.1298757406455,184.28823930996725,920.54799079125826,736.259751481291,0,1,1079.1421445809635
Labour,PAYEMS,2,after_week_1,2023-10,Labour Bridge Ridge,long_memory,2023-10-07,2023-11-03,552.41811505061276,150,86,48,532.70063345204005,19.717481598572704,1085.1187485026528,1065.4012669040801,1,0,1065.4012669040801
Labour,PAYEMS,3,after_week_2,2023-10,Labour Factor Ridge,short_memory,2023-10-14,2023-11-03,456.84783833928861,150,87,48,293.25533384534651,163.5925044939421,750.10317218463513,586.51066769069303,0,1,722.43571263011404
Labour,PAYEMS,3,after_week_2,2023-10,Labour Factor Ridge,long_memory,2023-10-14,2023-11-03,456.84783833928861,150,87,48,522.82071303349312,-65.972874694204506,979.66855137278174,1045.6414260669862,1,0,1045.6414260669862
Labour,PAYEMS,4,month_end,2023-10,Labour Bridge Ridge,short_memory,2023-10-31,2023-11-03,405.56635425741513,150,87,48,318.63597404669895,86.93038021071618,724.20232830411408,637.2719480933979,1,0,637.2719480933979
Labour,PAYEMS,4,month_end,2023-10,Labour Bridge Ridge,long_memory,2023-10-31,2023-11-03,405.56635425741513,150,87,48,577.66987591843861,-172.10352166102348,983.23623017585373,1155.3397518368772,1,0,1155.3397518368772
Labour,PAYEMS,5,pre_employment_report,2023-10,Labour Bridge Ridge,short_memory,2023-11-02,2023-11-03,400.06061437240362,150,87,48,283.90078695930845,116.15982741309517,683.96140133171207,567.8015739186169,1,0,567.8015739186169
Labour,PAYEMS,5,pre_employment_report,2023-10,Labour Bridge Ridge,long_memory,2023-11-02,2023-11-03,400.06061437240362,150,87,48,590.72802933923117,-190.66741496682755,990.78864371163479,1181.4560586784623,1,0,1181.4560586784623
Labour,PAYEMS,1,month_open,2023-11,Labour 12-Month Mean,short_memory,2023-11-01,2023-12-08,266,199,86,48,218.91666666666669,47.083333333333314,484.91666666666669,437.83333333333337,1,0,437.83333333333337
Labour,PAYEMS,1,month_open,2023-11,Labour 12-Month Mean,long_memory,2023-11-01,2023-12-08,266,199,86,48,813.08333333333337,-547.08333333333337,1079.0833333333335,1626.1666666666667,1,0,1626.166666666667
Labour,PAYEMS,2,after_week_1,2023-11,Labour Bridge Ridge,short_memory,2023-11-07,2023-12-08,75.606658478174808,199,87,48,402.41811505061276,-326.81145657243792,478.02477352878759,804.83623010122551,1,0,804.83623010122551
Labour,PAYEMS,2,after_week_1,2023-11,Labour Bridge Ridge,long_memory,2023-11-07,2023-12-08,75.606658478174808,199,87,48,532.70063345204005,-457.09397497386522,608.30729193021489,1065.4012669040801,1,0,1065.4012669040801
Labour,PAYEMS,3,after_week_2,2023-11,Labour Factor Ridge,short_memory,2023-11-14,2023-12-08,81.544989346939857,199,88,48,306.84783833928861,-225.30284899234874,388.39282768622849,613.69567667857723,1,0,613.69567667857723
Labour,PAYEMS,3,after_week_2,2023-11,Labour Factor Ridge,long_memory,2023-11-14,2023-12-08,81.544989346939857,199,88,48,515.48102499328468,-433.93603564634481,597.02601434022449,1030.9620499865694,1,0,1030.9620499865694
Labour,PAYEMS,4,month_end,2023-11,Labour Bridge Ridge,short_memory,2023-11-30,2023-12-08,90.979432503016113,199,88,48,313.40366509119161,-222.4242325881755,404.3830975942077,626.80733018238323,1,0,626.80733018238323
Labour,PAYEMS,4,month_end,2023-11,Labour Bridge Ridge,long_memory,2023-11-30,2023-12-08,90.979432503016113,199,88,48,577.66987591843861,-486.69044341542246,668.64930842145475,1155.3397518368772,1,0,1155.3397518368772
Labour,PAYEMS,5,pre_employment_report,2023-11,Labour Bridge Ridge,short_memory,2023-12-07,2023-12-08,113.3664004525794,199,88,48,283.90078695930845,-170.53438650672905,397.26718741188785,567.8015739186169,1,0,567.8015739186169
Labour,PAYEMS,5,pre_employment_report,2023-11,Labour Bridge Ridge,long_memory,2023-12-07,2023-12-08,113.3664004525794,199,88,48,579.41536115023564,-466.04896069765624,692.7817616028151,1158.8307223004713,1,0,1158.8307223004713
Labour,PAYEMS,1,month_open,2023-12,Labour 12-Month Mean,short_memory,2023-12-01,2024-01-05,257.58333333333331,216,87,48,211.16666666666669,46.416666666666629,468.75,422.33333333333337,1,0,422.33333333333337
Labour,PAYEMS,1,month_open,2023-12,Labour 12-Month Mean,long_memory,2023-12-01,2024-01-05,257.58333333333331,216,87,48,813.08333333333337,-555.5,1070.6666666666667,1626.1666666666667,1,0,1626.1666666666667
Labour,PAYEMS,2,after_week_1,2023-12,Labour Bridge Ridge,short_memory,2023-12-07,2024-01-05,62.057179316488103,216,87,48,402.41811505061276,-340.36093573412467,464.47529436710084,804.83623010122551,1,0,804.83623010122551
Labour,PAYEMS,2,after_week_1,2023-12,Labour Bridge Ridge,long_memory,2023-12-07,2024-01-05,62.057179316488103,216,87,48,532.70063345204005,-470.64345413555196,594.7578127685282,1065.4012669040801,1,0,1065.4012669040801
Labour,PAYEMS,3,after_week_2,2023-12,Labour Factor Ridge,short_memory,2023-12-14,2024-01-05,-24.600037012705698,216,89,48,306.84783833928861,-331.4478753519943,282.24780132658293,613.69567667857723,1,0,613.69567667857723
Labour,PAYEMS,3,after_week_2,2023-12,Labour Factor Ridge,long_memory,2023-12-14,2024-01-05,-24.600037012705698,216,89,48,515.48102499328468,-540.08106200599036,490.88098798057899,1030.9620499865694,1,0,1030.9620499865694
Labour,PAYEMS,4,month_end,2023-12,Labour Bridge Ridge,short_memory,2023-12-31,2024-01-05,371.69853692171483,216,89,48,313.40366509119161,58.294871830523221,685.10220201290645,626.80733018238323,1,0,626.80733018238323
Labour,PAYEMS,4,month_end,2023-12,Labour Bridge Ridge,long_memory,2023-12-31,2024-01-05,371.69853692171483,216,89,48,577.66987591843861,-205.97133899672377,949.3684128401535,1155.3397518368772,1,0,1155.3397518368772
Labour,PAYEMS,5,pre_employment_report,2023-12,Labour Bridge Ridge,short_memory,2024-01-04,2024-01-05,370.49769629982154,216,89,48,259.41524858281775,111.08244771700379,629.91294488263929,518.83049716563551,1,0,518.83049716563551
Labour,PAYEMS,5,pre_employment_report,2023-12,Labour Bridge Ridge,long_memory,2024-01-04,2024-01-05,370.49769629982154,216,89,48,579.41536115023564,-208.9176648504141,949.91305745005718,1158.8307223004713,1,0,1158.8307223004713
Labour,PAYEMS,1,month_open,2024-01,Labour 12-Month Mean,short_memory,2024-01-01,2024-02-02,240.16666666666666,353,88,48,211.16666666666669,28.999999999999972,451.33333333333337,422.33333333333337,1,0,422.33333333333337
Labour,PAYEMS,1,month_open,2024-01,Labour 12-Month Mean,long_memory,2024-01-01,2024-02-02,240.16666666666666,353,88,48,757.91666666666663,-517.75,998.08333333333326,1515.8333333333333,1,0,1515.8333333333333
Labour,PAYEMS,2,after_week_1,2024-01,Labour Bridge Ridge,short_memory,2024-01-07,2024-02-02,322.19485460168812,353,89,48,368.1298757406455,-45.935021138957381,690.32473034233362,736.259751481291,1,0,736.259751481291
Labour,PAYEMS,2,after_week_1,2024-01,Labour Bridge Ridge,long_memory,2024-01-07,2024-02-02,322.19485460168812,353,89,48,469.08105018693823,-146.88619558525011,791.27590478862635,938.16210037387646,1,0,938.16210037387646
Labour,PAYEMS,3,after_week_2,2024-01,Labour Factor Ridge,short_memory,2024-01-14,2024-02-02,90.859083674599077,353,90,48,306.84783833928861,-215.98875466468954,397.70692201388772,613.69567667857723,1,0,613.69567667857723
Labour,PAYEMS,3,after_week_2,2024-01,Labour Factor Ridge,long_memory,2024-01-14,2024-02-02,90.859083674599077,353,90,48,515.48102499328468,-424.62194131868557,606.34010866788378,1030.9620499865694,1,0,1030.9620499865694
Labour,PAYEMS,4,month_end,2024-01,Labour Bridge Ridge,short_memory,2024-01-31,2024-02-02,346.70160527758821,353,90,48,313.40366509119161,33.297940186396602,660.10527036877988,626.80733018238323,1,0,626.80733018238334
Labour,PAYEMS,4,month_end,2024-01,Labour Bridge Ridge,long_memory,2024-01-31,2024-02-02,346.70160527758821,353,90,48,568.71555646500099,-222.01395118741277,915.4171617425892,1137.431112930002,1,0,1137.431112930002
Labour,PAYEMS,5,pre_employment_report,2024-01,Labour Bridge Ridge,short_memory,2024-02-01,2024-02-02,317.29008415101873,353,90,48,259.41524858281775,57.874835568200979,576.70533273383649,518.83049716563551,1,0,518.83049716563551
Labour,PAYEMS,5,pre_employment_report,2024-01,Labour Bridge Ridge,long_memory,2024-02-01,2024-02-02,317.29008415101873,353,90,48,579.41536115023564,-262.12527699921691,896.70544530125437,1158.8307223004713,1,0,1158.8307223004713
Labour,PAYEMS,1,month_open,2024-02,Labour 12-Month Mean,short_memory,2024-02-01,2024-03-08,224.75,275,89,48,173.91666666666663,50.833333333333371,398.66666666666663,347.83333333333326,1,0,347.83333333333326
Labour,PAYEMS,1,month_open,2024-02,Labour 12-Month Mean,long_memory,2024-02-01,2024-03-08,224.75,275,89,48,757.91666666666663,-533.16666666666663,982.66666666666663,1515.8333333333333,1,0,1515.8333333333333
Labour,PAYEMS,2,after_week_1,2024-02,Labour Bridge Ridge,short_memory,2024-02-07,2024-03-08,406.58436372554661,275,90,48,368.1298757406455,38.454487984901107,774.71423946619211,736.259751481291,1,0,736.259751481291
Labour,PAYEMS,2,after_week_1,2024-02,Labour Bridge Ridge,long_memory,2024-02-07,2024-03-08,406.58436372554661,275,90,48,469.08105018693823,-62.496686461391619,875.66541391248484,938.16210037387646,1,0,938.16210037387646
Labour,PAYEMS,3,after_week_2,2024-02,Labour Factor Ridge,short_memory,2024-02-14,2024-03-08,237.30039354017504,275,91,48,293.25533384534651,-55.954940305171476,530.55572738552155,586.51066769069303,1,0,586.51066769069303
Labour,PAYEMS,3,after_week_2,2024-02,Labour Factor Ridge,long_memory,2024-02-14,2024-03-08,237.30039354017504,275,91,48,515.48102499328468,-278.18063145310964,752.78141853345971,1030.9620499865694,1,0,1030.9620499865694
Labour,PAYEMS,4,month_end,2024-02,Labour Bridge Ridge,short_memory,2024-02-29,2024-03-08,332.6551397617925,275,91,48,293.96875014781756,38.686389613974939,626.62388990961006,587.93750029563512,1,0,587.93750029563512
Labour,PAYEMS,4,month_end,2024-02,Labour Bridge Ridge,long_memory,2024-02-29,2024-03-08,332.6551397617925,275,91,48,568.71555646500099,-236.06041670320849,901.37069622679348,1137.431112930002,1,0,1137.431112930002
Labour,PAYEMS,5,pre_employment_report,2024-02,Labour Bridge Ridge,short_memory,2024-03-07,2024-03-08,351.58515003589872,275,91,48,250.06061437240362,101.5245356634951,601.64576440830228,500.12122874480724,1,0,500.12122874480718
Labour,PAYEMS,5,pre_employment_report,2024-02,Labour Bridge Ridge,long_memory,2024-03-07,2024-03-08,351.58515003589872,275,91,48,579.41536115023564,-227.83021111433692,931.00051118613442,1158.8307223004713,1,0,1158.8307223004713
Labour,PAYEMS,1,month_open,2024-03,Labour 12-Month Mean,short_memory,2024-03-01,2024-04-05,254.66666666666666,303,90,48,165.16666666666669,89.499999999999972,419.83333333333337,330.33333333333337,1,0,330.33333333333337
Labour,PAYEMS,1,month_open,2024-03,Labour 12-Month Mean,long_memory,2024-03-01,2024-04-05,254.66666666666666,303,90,48,662.75,-408.08333333333337,917.41666666666663,1325.5,1,0,1325.5
Labour,PAYEMS,2,after_week_1,2024-03,Labour Bridge Ridge,short_memory,2024-03-07,2024-04-05,282.4531895499407,303,90,48,368.1298757406455,-85.6766861907048,650.58306529058621,736.259751481291,1,0,736.259751481291
Labour,PAYEMS,2,after_week_1,2024-03,Labour Bridge Ridge,long_memory,2024-03-07,2024-04-05,282.4531895499407,303,90,48,469.08105018693823,-186.62786063699753,751.53423973687893,938.16210037387646,1,0,938.16210037387646
Labour,PAYEMS,3,after_week_2,2024-03,Labour Factor Ridge,short_memory,2024-03-14,2024-04-05,117.63272753751264,303,92,48,266.17228743514977,-148.53955989763713,383.80501497266243,532.34457487029954,1,0,532.34457487029954
Labour,PAYEMS,3,after_week_2,2024-03,Labour Factor Ridge,long_memory,2024-03-14,2024-04-05,117.63272753751264,303,92,48,483.36317733848477,-365.73044980097211,600.99590487599744,966.72635467696955,1,0,966.72635467696955
Labour,PAYEMS,4,month_end,2024-03,Labour Bridge Ridge,short_memory,2024-03-31,2024-04-05,207.38401238212663,303,92,48,293.96875014781756,-86.584737765690932,501.35276252994419,587.93750029563512,1,0,587.93750029563512
Labour,PAYEMS,4,month_end,2024-03,Labour Bridge Ridge,long_memory,2024-03-31,2024-04-05,207.38401238212663,303,92,48,568.71555646500099,-361.33154408287436,776.09956884712756,1137.431112930002,1,0,1137.431112930002
Labour,PAYEMS,5,pre_employment_report,2024-03,Labour Bridge Ridge,short_memory,2024-04-04,2024-04-05,173.98825375885303,303,92,48,250.06061437240362,-76.072360613550586,424.04886813125665,500.12122874480724,1,0,500.12122874480724
Labour,PAYEMS,5,pre_employment_report,2024-03,Labour Bridge Ridge,long_memory,2024-04-04,2024-04-05,173.98825375885303,303,92,48,416.14619928581232,-242.15794552695928,590.13445304466541,832.29239857162463,1,0,832.29239857162474
Labour,PAYEMS,1,month_open,2024-04,Labour 12-Month Mean,short_memory,2024-04-01,2024-05-03,230,175,91,48,165.16666666666669,64.833333333333314,395.16666666666669,330.33333333333337,1,0,330.33333333333337
Labour,PAYEMS,1,month_open,2024-04,Labour 12-Month Mean,long_memory,2024-04-01,2024-05-03,230,175,91,48,662.75,-432.75,892.75,1325.5,1,0,1325.5
Labour,PAYEMS,2,after_week_1,2024-04,Labour Bridge Ridge,short_memory,2024-04-07,2024-05-03,257.47394644514549,175,92,48,334.66084055762929,-77.186894112483799,592.13478700277483,669.32168111525857,1,0,669.32168111525857
Labour,PAYEMS,2,after_week_1,2024-04,Labour Bridge Ridge,long_memory,2024-04-07,2024-05-03,257.47394644514549,175,92,48,459.63334630635438,-202.1593998612089,717.10729275149993,919.26669261270877,1,0,919.26669261270877
Labour,PAYEMS,3,after_week_2,2024-04,Labour Factor Ridge,short_memory,2024-04-14,2024-05-03,162.66437155139695,175,93,48,266.17228743514977,-103.50791588375282,428.83665898654669,532.34457487029954,1,0,532.34457487029954
Labour,PAYEMS,3,after_week_2,2024-04,Labour Factor Ridge,long_memory,2024-04-14,2024-05-03,162.66437155139695,175,93,48,447.37914142756108,-284.71476987616415,610.04351297895801,894.75828285512216,1,0,894.75828285512216
Labour,PAYEMS,4,month_end,2024-04,Labour Bridge Ridge,short_memory,2024-04-30,2024-05-03,272.59287393326321,175,93,48,264.43727143707696,8.1556024961862477,537.03014537034016,528.87454287415392,1,0,528.87454287415392
Labour,PAYEMS,4,month_end,2024-04,Labour Bridge Ridge,long_memory,2024-04-30,2024-05-03,272.59287393326321,175,93,48,421.99831640236107,-149.40544246909786,694.59119033562433,843.99663280472214,1,0,843.99663280472214
Labour,PAYEMS,5,pre_employment_report,2024-04,Labour Bridge Ridge,short_memory,2024-05-02,2024-05-03,302.30656092305941,175,93,48,250.06061437240362,52.245946550655788,552.36717529546308,500.12122874480724,1,0,500.1212287448073
Labour,PAYEMS,5,pre_employment_report,2024-04,Labour Bridge Ridge,long_memory,2024-05-02,2024-05-03,302.30656092305941,175,93,48,416.14619928581232,-113.83963836275291,718.45276020887172,832.29239857162463,1,0,832.29239857162463
Labour,PAYEMS,1,month_open,2024-05,Labour 12-Month Mean,short_memory,2024-05-01,2024-06-07,243.91666666666666,272,92,48,158.08333333333331,85.833333333333343,402,316.16666666666663,1,0,316.16666666666663
Labour,PAYEMS,1,month_open,2024-05,Labour 12-Month Mean,long_memory,2024-05-01,2024-06-07,243.91666666666666,272,92,48,475.83333333333337,-231.91666666666671,719.75,951.66666666666674,1,0,951.66666666666674
Labour,PAYEMS,2,after_week_1,2024-05,Labour Bridge Ridge,short_memory,2024-05-07,2024-06-07,322.81579487884278,272,93,48,298.29978177033735,24.516013108505433,621.11557664918018,596.59956354067469,1,0,596.59956354067481
Labour,PAYEMS,2,after_week_1,2024-05,Labour Bridge Ridge,long_memory,2024-05-07,2024-06-07,322.81579487884278,272,93,48,402.79901377531462,-79.98321889647184,725.6148086541574,805.59802755062924,1,0,805.59802755062924
Labour,PAYEMS,3,after_week_2,2024-05,Labour Factor Ridge,short_memory,2024-05-14,2024-06-07,32.670590217735182,272,94,48,262.14091632540089,-229.4703261076657,294.81150654313609,524.28183265080179,1,0,524.28183265080179
Labour,PAYEMS,3,after_week_2,2024-05,Labour Factor Ridge,long_memory,2024-05-14,2024-06-07,32.670590217735182,272,94,48,441.7344881584429,-409.0638979407077,474.4050783761781,883.4689763168858,1,0,883.4689763168858
Labour,PAYEMS,4,month_end,2024-05,Labour Bridge Ridge,short_memory,2024-05-31,2024-06-07,286.33791392704802,272,94,48,257.1501967228678,29.187717204180217,543.48811064991582,514.30039344573561,1,0,514.30039344573561
Labour,PAYEMS,4,month_end,2024-05,Labour Bridge Ridge,long_memory,2024-05-31,2024-06-07,286.33791392704802,272,94,48,421.99831640236107,-135.66040247531305,708.33623032940909,843.99663280472214,1,0,843.99663280472214
Labour,PAYEMS,5,pre_employment_report,2024-05,Labour Bridge Ridge,short_memory,2024-06-06,2024-06-07,236.86563555939847,272,94,48,230.96249433740064,5.9031412219978279,467.82812989679911,461.92498867480128,1,0,461.92498867480128
Labour,PAYEMS,5,pre_employment_report,2024-05,Labour Bridge Ridge,long_memory,2024-06-06,2024-06-07,236.86563555939847,272,94,48,402.57510669481474,-165.70947113541627,639.44074225421321,805.15021338962947,1,0,805.15021338962947
Labour,PAYEMS,1,month_open,2024-06,Labour 12-Month Mean,short_memory,2024-06-01,2024-07-05,242.08333333333334,206,93,48,153.66666666666669,88.416666666666657,395.75,307.33333333333337,1,0,307.33333333333337
Labour,PAYEMS,1,month_open,2024-06,Labour 12-Month Mean,long_memory,2024-06-01,2024-07-05,242.08333333333334,206,93,48,307.5,-65.416666666666657,549.58333333333337,615,1,0,615
Labour,PAYEMS,2,after_week_1,2024-06,Labour Bridge Ridge,short_memory,2024-06-07,2024-07-05,112.72075168140729,206,93,48,298.29978177033735,-185.57903008893004,411.02053345174465,596.59956354067469,1,0,596.59956354067469
Labour,PAYEMS,2,after_week_1,2024-06,Labour Bridge Ridge,long_memory,2024-06-07,2024-07-05,112.72075168140729,206,93,48,402.79901377531462,-290.07826209390731,515.51976545672187,805.59802755062924,1,0,805.59802755062924
Labour,PAYEMS,3,after_week_2,2024-06,Labour Factor Ridge,short_memory,2024-06-14,2024-07-05,34.898819514139319,206,95,48,262.14091632540089,-227.24209681126158,297.03973583954019,524.28183265080179,1,0,524.28183265080179
Labour,PAYEMS,3,after_week_2,2024-06,Labour Factor Ridge,long_memory,2024-06-14,2024-07-05,34.898819514139319,206,95,48,422.71542337330561,-387.81660385916632,457.6142428874449,845.43084674661122,1,0,845.43084674661122
Labour,PAYEMS,4,month_end,2024-06,Labour Bridge Ridge,short_memory,2024-06-30,2024-07-05,86.268820085421254,206,95,48,255.56635425741513,-169.29753417199387,341.83517434283635,511.13270851483026,1,0,511.13270851483026
Labour,PAYEMS,4,month_end,2024-06,Labour Bridge Ridge,long_memory,2024-06-30,2024-07-05,86.268820085421254,206,95,48,359.32552754494338,-273.05670745952216,445.59434763036461,718.65105508988677,1,0,718.65105508988677
Labour,PAYEMS,5,pre_employment_report,2024-06,Labour Bridge Ridge,short_memory,2024-07-04,2024-07-05,84.527174057882917,206,95,48,230.67699877891579,-146.14982472103287,315.2041728367987,461.35399755783158,1,0,461.35399755783158
Labour,PAYEMS,5,pre_employment_report,2024-06,Labour Bridge Ridge,long_memory,2024-07-04,2024-07-05,84.527174057882917,206,95,48,364.17675287516965,-279.64957881728674,448.70392693305257,728.35350575033931,1,0,728.35350575033931
Labour,PAYEMS,1,month_open,2024-07,Labour 12-Month Mean,short_memory,2024-07-01,2024-08-02,232.25,114,94,48,153.66666666666669,78.583333333333314,385.91666666666669,307.33333333333337,1,0,307.33333333333337
Labour,PAYEMS,1,month_open,2024-07,Labour 12-Month Mean,long_memory,2024-07-01,2024-08-02,232.25,114,94,48,294.58333333333331,-62.333333333333314,526.83333333333326,589.16666666666663,1,0,589.16666666666652
Labour,PAYEMS,2,after_week_1,2024-07,Labour Bridge Ridge,short_memory,2024-07-07,2024-08-02,-115.35993456981944,114,95,48,258.67697602077078,-374.0369105905902,143.31704145095134,517.35395204154156,1,0,517.35395204154156
Labour,PAYEMS,2,after_week_1,2024-07,Labour Bridge Ridge,long_memory,2024-07-07,2024-08-02,-115.35993456981944,114,95,48,402.41811505061276,-517.77804962043217,287.05818048079334,804.83623010122551,1,0,804.83623010122551
Labour,PAYEMS,3,after_week_2,2024-07,Labour Factor Ridge,short_memory,2024-07-14,2024-08-02,223.47254080191308,114,96,48,262.14091632540089,-38.668375523487811,485.61345712731395,524.28183265080179,1,0,524.28183265080179
Labour,PAYEMS,3,after_week_2,2024-07,Labour Factor Ridge,long_memory,2024-07-14,2024-08-02,223.47254080191308,114,96,48,383.87279890357172,-160.40025810165864,607.34533970548478,767.74559780714344,1,0,767.74559780714344
Labour,PAYEMS,4,month_end,2024-07,Labour Bridge Ridge,short_memory,2024-07-31,2024-08-02,-45.260584701137972,114,96,48,255.56635425741513,-300.82693895855311,210.30576955627714,511.13270851483026,1,0,511.13270851483026
Labour,PAYEMS,4,month_end,2024-07,Labour Bridge Ridge,long_memory,2024-07-31,2024-08-02,-45.260584701137972,114,96,48,354.6478479893218,-399.90843269045979,309.38726328818382,709.29569597864361,1,0,709.29569597864361
Labour,PAYEMS,5,pre_employment_report,2024-07,Labour Bridge Ridge,short_memory,2024-08-01,2024-08-02,-50.688757606608405,114,96,48,230.67699877891579,-281.36575638552421,179.98824117230737,461.35399755783158,1,0,461.35399755783158
Labour,PAYEMS,5,pre_employment_report,2024-07,Labour Bridge Ridge,long_memory,2024-08-01,2024-08-02,-50.688757606608405,114,96,48,303.50931916734112,-354.19807677394954,252.8205615607327,607.01863833468224,1,0,607.01863833468224
Labour,PAYEMS,1,month_open,2024-08,Labour 12-Month Mean,short_memory,2024-08-01,2024-09-06,217.58333333333334,142,95,48,129,88.583333333333343,346.58333333333337,258,1,0,258
Labour,PAYEMS,1,month_open,2024-08,Labour 12-Month Mean,long_memory,2024-08-01,2024-09-06,217.58333333333334,142,95,48,249.41666666666663,-31.833333333333286,467,498.83333333333326,1,0,498.83333333333326
Labour,PAYEMS,2,after_week_1,2024-08,Labour Bridge Ridge,short_memory,2024-08-07,2024-09-06,175.10868679173581,142,96,48,248.63646086219046,-73.527774070454655,423.74514765392627,497.27292172438092,1,0,497.27292172438092
Labour,PAYEMS,2,after_week_1,2024-08,Labour Bridge Ridge,long_memory,2024-08-07,2024-09-06,175.10868679173581,142,96,48,402.41811505061276,-227.30942825887695,577.5268018423485,804.83623010122551,1,0,804.83623010122551
Labour,PAYEMS,3,after_week_2,2024-08,Labour Factor Ridge,short_memory,2024-08-14,2024-09-06,286.09737136586904,142,97,48,254.61436338909982,31.483007976769215,540.7117347549688,509.22872677819964,1,0,509.22872677819959
Labour,PAYEMS,3,after_week_2,2024-08,Labour Factor Ridge,long_memory,2024-08-14,2024-09-06,286.09737136586904,142,97,48,378.07165249658834,-91.974281130719305,664.16902386245738,756.14330499317668,1,0,756.14330499317668
Labour,PAYEMS,4,month_end,2024-08,Labour Bridge Ridge,short_memory,2024-08-31,2024-09-06,199.61239401290402,142,97,48,230.67699877891579,-31.064604766011769,430.28939279181981,461.35399755783158,1,0,461.35399755783158
Labour,PAYEMS,4,month_end,2024-08,Labour Bridge Ridge,long_memory,2024-08-31,2024-09-06,199.61239401290402,142,97,48,354.6478479893218,-155.03545397641778,554.26024200222582,709.29569597864361,1,0,709.29569597864361
Labour,PAYEMS,5,pre_employment_report,2024-08,Labour Bridge Ridge,short_memory,2024-09-05,2024-09-06,220.69524085918187,142,97,48,226.17363599107279,-5.4783951318909203,446.86887685025465,452.34727198214557,1,0,452.34727198214557
Labour,PAYEMS,5,pre_employment_report,2024-08,Labour Bridge Ridge,long_memory,2024-09-05,2024-09-06,220.69524085918187,142,97,48,303.50931916734112,-82.814078308159253,524.20456002652304,607.01863833468224,1,0,607.01863833468224
Labour,PAYEMS,1,month_open,2024-09,Labour 12-Month Mean,short_memory,2024-09-01,2024-10-04,215.16666666666666,254,96,48,129,86.166666666666657,344.16666666666663,258,1,0,258
Labour,PAYEMS,1,month_open,2024-09,Labour 12-Month Mean,long_memory,2024-09-01,2024-10-04,215.16666666666666,254,96,48,242.5,-27.333333333333343,457.66666666666663,485,1,0,485
Labour,PAYEMS,2,after_week_1,2024-09,Labour Bridge Ridge,short_memory,2024-09-07,2024-10-04,180.63874355348511,254,97,48,229.35993456981944,-48.72119101633433,409.99867812330456,458.71986913963889,1,0,458.71986913963889
Labour,PAYEMS,2,after_week_1,2024-09,Labour Bridge Ridge,long_memory,2024-09-07,2024-10-04,180.63874355348511,254,97,48,368.1298757406455,-187.49113218716039,548.76861929413064,736.259751481291,1,0,736.259751481291
Labour,PAYEMS,3,after_week_2,2024-09,Labour Factor Ridge,short_memory,2024-09-14,2024-10-04,185.47766100331177,254,98,48,240.60003701270568,-55.122376009393918,426.07769801601745,481.20007402541137,1,0,481.20007402541137
Labour,PAYEMS,3,after_week_2,2024-09,Labour Factor Ridge,long_memory,2024-09-14,2024-10-04,185.47766100331177,254,98,48,371.11359234479966,-185.63593134148789,556.59125334811142,742.22718468959931,1,0,742.22718468959931
Labour,PAYEMS,4,month_end,2024-09,Labour Bridge Ridge,short_memory,2024-09-30,2024-10-04,213.67031545924991,254,98,48,226.54787356511812,-12.877558105868218,440.21818902436803,453.09574713023625,1,0,453.09574713023625
Labour,PAYEMS,4,month_end,2024-09,Labour Bridge Ridge,long_memory,2024-09-30,2024-10-04,213.67031545924991,254,98,48,320.64809018109861,-106.9777747218487,534.31840564034849,641.29618036219722,1,0,641.29618036219722
Labour,PAYEMS,5,pre_employment_report,2024-09,Labour Bridge Ridge,short_memory,2024-10-03,2024-10-04,298.8884839997815,254,98,48,221.23366541666377,77.654818583117731,520.12214941644527,442.46733083332754,1,0,442.46733083332754
Labour,PAYEMS,5,pre_employment_report,2024-09,Labour Bridge Ridge,long_memory,2024-10-03,2024-10-04,298.8884839997815,254,98,48,283.90078695930845,14.987697040473051,582.78927095908989,567.8015739186169,1,0,567.8015739186169
Labour,PAYEMS,1,month_open,2024-10,Labour 12-Month Mean,short_memory,2024-10-01,2024-11-01,196.5,12,97,48,123.91666666666669,72.583333333333314,320.41666666666669,247.83333333333337,0,1,853.66666666666652
Labour,PAYEMS,1,month_open,2024-10,Labour 12-Month Mean,long_memory,2024-10-01,2024-11-01,196.5,12,97,48,242.5,-46,439,485,1,0,485
Labour,PAYEMS,2,after_week_1,2024-10,Labour Bridge Ridge,short_memory,2024-10-07,2024-11-01,282.76237474536919,12,98,48,229.35993456981944,53.402440175549742,512.12230931518866,458.71986913963889,0,1,872.74427089513642
Labour,PAYEMS,2,after_week_1,2024-10,Labour Bridge Ridge,long_memory,2024-10-07,2024-11-01,282.76237474536919,12,98,48,368.1298757406455,-85.367500995276316,650.89225048601475,736.259751481291,1,0,736.259751481291
Labour,PAYEMS,3,after_week_2,2024-10,Labour Factor Ridge,short_memory,2024-10-14,2024-11-01,253.75168924186622,12,99,48,240.60003701270568,13.151652229160533,494.35172625457187,481.20007402541137,0,1,492.71659631701669
Labour,PAYEMS,3,after_week_2,2024-10,Labour Factor Ridge,long_memory,2024-10-14,2024-11-01,253.75168924186622,12,99,48,371.11359234479966,-117.36190310293344,624.8652815866659,742.22718468959931,1,0,742.22718468959931
Labour,PAYEMS,4,month_end,2024-10,Labour Bridge Ridge,short_memory,2024-10-31,2024-11-01,173.57913250507511,12,99,48,162.86280833414673,10.716324170928374,336.44194083922184,325.72561666829347,1,0,325.72561666829347
Labour,PAYEMS,4,month_end,2024-10,Labour Bridge Ridge,long_memory,2024-10-31,2024-11-01,173.57913250507511,12,99,48,318.63597404669895,-145.05684154162384,492.21510655177406,637.2719480933979,1,0,637.2719480933979
Labour,PAYEMS,5,pre_employment_report,2024-10,Labour Bridge Ridge,short_memory,2024-10-31,2024-11-01,173.57913250507511,12,99,48,207.53557687830656,-33.956444373231449,381.11470938338164,415.07115375661311,1,0,415.07115375661306
Labour,PAYEMS,5,pre_employment_report,2024-10,Labour Bridge Ridge,long_memory,2024-10-31,2024-11-01,173.57913250507511,12,99,48,283.90078695930845,-110.32165445423334,457.47991946438356,567.8015739186169,1,0,567.8015739186169
Labour,PAYEMS,1,month_open,2024-11,Labour 12-Month Mean,short_memory,2024-11-01,2024-12-06,193.83333333333334,227,98,48,121,72.833333333333343,314.83333333333337,242,1,0,242.00000000000003
Labour,PAYEMS,1,month_open,2024-11,Labour 12-Month Mean,long_memory,2024-11-01,2024-12-06,193.83333333333334,227,98,48,223.91666666666663,-30.083333333333286,417.75,447.83333333333326,1,0,447.83333333333326
Labour,PAYEMS,2,after_week_1,2024-11,Labour Bridge Ridge,short_memory,2024-11-07,2024-12-06,-146.00291769215949,227,99,48,270.76237474536919,-416.76529243752867,124.7594570532097,541.52474949073837,0,1,1563.9301789586414
Labour,PAYEMS,2,after_week_1,2024-11,Labour Bridge Ridge,long_memory,2024-11-07,2024-12-06,-146.00291769215949,227,99,48,334.66084055762929,-480.66375824978877,188.6579228654698,669.32168111525857,0,1,1052.7424524605606
Labour,PAYEMS,3,after_week_2,2024-11,Labour Factor Ridge,short_memory,2024-11-14,2024-12-06,-211.63726053004706,227,100,48,241.75168924186622,-453.3889497719133,30.114428711819158,483.50337848373243,0,1,2452.3590913655407
Labour,PAYEMS,3,after_week_2,2024-11,Labour Factor Ridge,long_memory,2024-11-14,2024-12-06,-211.63726053004706,227,100,48,306.84783833928861,-518.48509886933562,95.210577809241556,613.69567667857723,0,1,1931.5898985861616
Labour,PAYEMS,4,month_end,2024-11,Labour Bridge Ridge,short_memory,2024-11-30,2024-12-06,-113.84891417152048,227,100,48,161.57913250507511,-275.42804667659561,47.730218333554632,323.15826501015022,0,1,2115.856081674604
Labour,PAYEMS,4,month_end,2024-11,Labour Bridge Ridge,long_memory,2024-11-30,2024-12-06,-113.84891417152048,227,100,48,313.40366509119161,-427.25257926271206,199.55475091967114,626.80733018238323,0,1,901.25982098567192
Labour,PAYEMS,5,pre_employment_report,2024-11,Labour Bridge Ridge,short_memory,2024-12-05,2024-12-06,-167.64851877955761,227,100,48,164.68875760660842,-332.33727638616602,-2.9597611729491859,329.37751521321684,0,1,2628.9751269427088
Labour,PAYEMS,5,pre_employment_report,2024-11,Labour Bridge Ridge,long_memory,2024-12-05,2024-12-06,-167.64851877955761,227,100,48,268.38184407743995,-436.03036285699756,100.73332529788235,536.7636881548799,0,1,1799.4304351760563
Labour,PAYEMS,1,month_open,2024-12,Labour 12-Month Mean,short_memory,2024-12-01,2025-01-10,193.83333333333334,256,99,48,153.66666666666669,40.166666666666657,347.5,307.33333333333337,1,0,307.33333333333337
Labour,PAYEMS,1,month_open,2024-12,Labour 12-Month Mean,long_memory,2024-12-01,2025-01-10,193.83333333333334,256,99,48,223.91666666666663,-30.083333333333286,417.75,447.83333333333326,1,0,447.83333333333326
Labour,PAYEMS,2,after_week_1,2024-12,Labour Bridge Ridge,short_memory,2024-12-07,2025-01-10,319.96642429115167,256,100,48,298.29978177033735,21.666642520814321,618.26620606148902,596.59956354067469,1,0,596.59956354067469
Labour,PAYEMS,2,after_week_1,2024-12,Labour Bridge Ridge,long_memory,2024-12-07,2025-01-10,319.96642429115167,256,100,48,368.1298757406455,-48.163451449493834,688.09630003179723,736.259751481291,1,0,736.259751481291
Labour,PAYEMS,3,after_week_2,2024-12,Labour Factor Ridge,short_memory,2024-12-14,2025-01-10,648.54433939535511,256,101,48,262.14091632540089,386.40342306995421,910.685255720756,524.28183265080179,0,1,1828.3160633503439
Labour,PAYEMS,3,after_week_2,2024-12,Labour Factor Ridge,long_memory,2024-12-14,2025-01-10,648.54433939535511,256,101,48,371.11359234479966,277.43074705055545,1019.6579317401547,742.22718468959931,0,1,956.53465519515373
Labour,PAYEMS,4,month_end,2024-12,Labour Bridge Ridge,short_memory,2024-12-31,2025-01-10,331.54470502256078,256,101,48,255.56635425741513,75.978350765145649,587.11105927997596,511.13270851483026,1,0,511.13270851483031
Labour,PAYEMS,4,month_end,2024-12,Labour Bridge Ridge,long_memory,2024-12-31,2025-01-10,331.54470502256078,256,101,48,320.64809018109861,10.896614841462167,652.19279520365944,641.29618036219722,1,0,641.29618036219722
Labour,PAYEMS,5,pre_employment_report,2024-12,Labour Bridge Ridge,short_memory,2025-01-09,2025-01-10,448.6194631163699,256,101,48,230.96249433740064,217.65696877896926,679.58195745377054,461.92498867480128,1,0,461.92498867480128
Labour,PAYEMS,5,pre_employment_report,2024-12,Labour Bridge Ridge,long_memory,2025-01-09,2025-01-10,448.6194631163699,256,101,48,294.36082522009139,154.25863789627851,742.98028833646129,588.72165044018277,1,0,588.72165044018277
Labour,PAYEMS,1,month_open,2025-01,Labour 12-Month Mean,short_memory,2025-01-01,2025-02-07,185.75,143,100,48,140.66666666666663,45.083333333333371,326.41666666666663,281.33333333333326,1,0,281.33333333333326
Labour,PAYEMS,1,month_open,2025-01,Labour 12-Month Mean,long_memory,2025-01-01,2025-02-07,185.75,143,100,48,218.91666666666669,-33.166666666666686,404.66666666666669,437.83333333333337,1,0,437.83333333333337
Labour,PAYEMS,2,after_week_1,2025-01,Labour Bridge Ridge,short_memory,2025-01-07,2025-02-07,408.02366429579359,143,100,48,298.29978177033735,109.72388252545625,706.32344606613094,596.59956354067469,1,0,596.59956354067469
Labour,PAYEMS,2,after_week_1,2025-01,Labour Bridge Ridge,long_memory,2025-01-07,2025-02-07,408.02366429579359,143,100,48,368.1298757406455,39.893788555148092,776.15354003643915,736.259751481291,1,0,736.259751481291
Labour,PAYEMS,3,after_week_2,2025-01,Labour Factor Ridge,short_memory,2025-01-14,2025-02-07,120.08789819743214,143,102,48,392.54433939535511,-272.45644119792297,512.63223759278731,785.08867879071022,1,0,785.08867879071022
Labour,PAYEMS,3,after_week_2,2025-01,Labour Factor Ridge,long_memory,2025-01-14,2025-02-07,120.08789819743214,143,102,48,383.87279890357172,-263.78490070613958,503.96069710100386,767.74559780714344,1,0,767.74559780714344
Labour,PAYEMS,4,month_end,2025-01,Labour Bridge Ridge,short_memory,2025-01-31,2025-02-07,291.41073908492024,143,102,48,230.67699877891579,60.733740306004449,522.08773786383608,461.35399755783158,1,0,461.35399755783163
Labour,PAYEMS,4,month_end,2025-01,Labour Bridge Ridge,long_memory,2025-01-31,2025-02-07,291.41073908492024,143,102,48,313.40366509119161,-21.992926006271375,604.81440417611179,626.80733018238323,1,0,626.80733018238311
Labour,PAYEMS,5,pre_employment_report,2025-01,Labour Bridge Ridge,short_memory,2025-02-06,2025-02-07,203.62715379779385,143,102,48,230.67699877891579,-27.049844981121936,434.30415257670961,461.35399755783158,1,0,461.35399755783158
Labour,PAYEMS,5,pre_employment_report,2025-01,Labour Bridge Ridge,long_memory,2025-02-06,2025-02-07,203.62715379779385,143,102,48,283.90078695930845,-80.273633161514596,487.52794075710233,567.8015739186169,1,0,567.8015739186169
Labour,PAYEMS,1,month_open,2025-02,Labour 12-Month Mean,short_memory,2025-02-01,2025-03-07,188.83333333333334,151,101,48,129,59.833333333333343,317.83333333333337,258,1,0,258
Labour,PAYEMS,1,month_open,2025-02,Labour 12-Month Mean,long_memory,2025-02-01,2025-03-07,188.83333333333334,151,101,48,211.16666666666669,-22.333333333333343,400,422.33333333333337,1,0,422.33333333333337
Labour,PAYEMS,2,after_week_1,2025-02,Labour Bridge Ridge,short_memory,2025-02-07,2025-03-07,326.04549720664903,151,101,48,270.76237474536919,55.283122461279845,596.80787195201822,541.52474949073837,1,0,541.52474949073837
Labour,PAYEMS,2,after_week_1,2025-02,Labour Bridge Ridge,long_memory,2025-02-07,2025-03-07,326.04549720664903,151,101,48,335.26963019870311,-9.2241329920540807,661.31512740535209,670.53926039740622,1,0,670.53926039740622
Labour,PAYEMS,3,after_week_2,2025-02,Labour Factor Ridge,short_memory,2025-02-14,2025-03-07,28.143197932514596,151,103,48,371.11359234479966,-342.97039441228503,399.25679027731428,742.22718468959931,1,0,742.22718468959931
Labour,PAYEMS,3,after_week_2,2025-02,Labour Factor Ridge,long_memory,2025-02-14,2025-03-07,28.143197932514596,151,103,48,383.87279890357172,-355.72960097105715,412.01599683608629,767.74559780714344,1,0,767.74559780714344
Labour,PAYEMS,4,month_end,2025-02,Labour Bridge Ridge,short_memory,2025-02-28,2025-03-07,345.89650321701038,151,103,48,226.54787356511812,119.34862965189225,572.44437678212853,453.09574713023625,1,0,453.0957471302363
Labour,PAYEMS,4,month_end,2025-02,Labour Bridge Ridge,long_memory,2025-02-28,2025-03-07,345.89650321701038,151,103,48,313.40366509119161,32.492838125818764,659.30016830820205,626.80733018238323,1,0,626.80733018238334
Labour,PAYEMS,5,pre_employment_report,2025-02,Labour Bridge Ridge,short_memory,2025-03-06,2025-03-07,336.92306178534875,151,103,48,221.23366541666377,115.68939636868498,558.15672720201246,442.46733083332754,1,0,442.46733083332748
Labour,PAYEMS,5,pre_employment_report,2025-02,Labour Bridge Ridge,long_memory,2025-03-06,2025-03-07,336.92306178534875,151,103,48,268.38184407743995,68.5412177079088,605.3049058627887,536.7636881548799,1,0,536.7636881548799
Labour,PAYEMS,1,month_open,2025-03,Labour 12-Month Mean,short_memory,2025-03-01,2025-04-04,166.33333333333334,228,102,48,121,45.333333333333343,287.33333333333337,242,1,0,242.00000000000003
Labour,PAYEMS,1,month_open,2025-03,Labour 12-Month Mean,long_memory,2025-03-01,2025-04-04,166.33333333333334,228,102,48,184.5,-18.166666666666657,350.83333333333337,369,1,0,369
Labour,PAYEMS,2,after_week_1,2025-03,Labour Bridge Ridge,short_memory,2025-03-07,2025-04-04,138.7157918335987,228,102,48,270.76237474536919,-132.04658291177049,409.47816657896789,541.52474949073837,1,0,541.52474949073837
Labour,PAYEMS,2,after_week_1,2025-03,Labour Bridge Ridge,long_memory,2025-03-07,2025-04-04,138.7157918335987,228,102,48,335.26963019870311,-196.55383836510441,473.98542203230181,670.53926039740622,1,0,670.53926039740622
Labour,PAYEMS,3,after_week_2,2025-03,Labour Factor Ridge,short_memory,2025-03-14,2025-04-04,491.78746208794672,228,104,48,306.84783833928861,184.93962374865811,798.63530042723528,613.69567667857723,1,0,613.69567667857723
Labour,PAYEMS,3,after_week_2,2025-03,Labour Factor Ridge,long_memory,2025-03-14,2025-04-04,491.78746208794672,228,104,48,371.11359234479966,120.67386974314707,862.90105443274638,742.22718468959931,1,0,742.22718468959931
Labour,PAYEMS,4,month_end,2025-03,Labour Bridge Ridge,short_memory,2025-03-31,2025-04-04,-23.002503040640917,228,104,48,194.89650321701038,-217.89900625765131,171.89400017636945,389.79300643402075,0,1,950.8530046703263
Labour,PAYEMS,4,month_end,2025-03,Labour Bridge Ridge,long_memory,2025-03-31,2025-04-04,-23.002503040640917,228,104,48,293.96875014781756,-316.97125318845849,270.96624710717663,587.93750029563512,1,0,587.93750029563512
Labour,PAYEMS,5,pre_employment_report,2025-03,Labour Bridge Ridge,short_memory,2025-04-03,2025-04-04,40.165751813369162,228,104,48,192.6194631163699,-152.45371130300074,232.78521492973906,385.2389262327398,1,0,385.2389262327398
Labour,PAYEMS,5,pre_employment_report,2025-03,Labour Bridge Ridge,long_memory,2025-04-03,2025-04-04,40.165751813369162,228,104,48,259.41524858281775,-219.2494967694486,299.58100039618694,518.83049716563551,1,0,518.83049716563551
Labour,PAYEMS,1,month_open,2025-04,Labour 12-Month Mean,short_memory,2025-04-01,2025-05-02,162.25,177,103,48,118.25,44,280.5,236.5,1,0,236.5
Labour,PAYEMS,1,month_open,2025-04,Labour 12-Month Mean,long_memory,2025-04-01,2025-05-02,162.25,177,103,48,184.5,-22.25,346.75,369,1,0,369
Labour,PAYEMS,2,after_week_1,2025-04,Labour Bridge Ridge,short_memory,2025-04-07,2025-05-02,250.13243234500698,177,104,48,265.02366429579359,-14.891231950786619,515.15609664080057,530.04732859158719,1,0,530.04732859158719
Labour,PAYEMS,2,after_week_1,2025-04,Labour Bridge Ridge,long_memory,2025-04-07,2025-05-02,250.13243234500698,177,104,48,309.01731028344744,-58.884877938440468,559.14974262845442,618.03462056689489,1,0,618.03462056689489
Labour,PAYEMS,3,after_week_2,2025-04,Labour Factor Ridge,short_memory,2025-04-14,2025-05-02,228.15619163587593,177,105,48,263.78746208794672,-35.631270452070794,491.94365372382265,527.57492417589344,1,0,527.57492417589344
Labour,PAYEMS,3,after_week_2,2025-04,Labour Factor Ridge,long_memory,2025-04-14,2025-05-02,228.15619163587593,177,105,48,371.11359234479966,-142.95740070892373,599.26978398067558,742.22718468959931,1,0,742.22718468959931
Labour,PAYEMS,4,month_end,2025-04,Labour Bridge Ridge,short_memory,2025-04-30,2025-05-02,249.48552937902153,177,105,48,251.00250304064093,-1.5169736616194029,500.48803241966243,502.00500608128186,1,0,502.00500608128186
Labour,PAYEMS,4,month_end,2025-04,Labour Bridge Ridge,long_memory,2025-04-30,2025-05-02,249.48552937902153,177,105,48,293.96875014781756,-44.483220768796031,543.45427952683906,587.93750029563512,1,0,587.93750029563512
Labour,PAYEMS,5,pre_employment_report,2025-04,Labour Bridge Ridge,short_memory,2025-05-01,2025-05-02,232.54145993671855,177,105,48,192.6194631163699,39.921996820348653,425.16092305308848,385.2389262327398,1,0,385.2389262327398
Labour,PAYEMS,5,pre_employment_report,2025-04,Labour Bridge Ridge,long_memory,2025-05-01,2025-05-02,232.54145993671855,177,105,48,250.06061437240362,-17.519154435685067,482.60207430912214,500.12122874480724,1,0,500.12122874480724
Labour,PAYEMS,1,month_open,2025-05,Labour 12-Month Mean,short_memory,2025-05-01,2025-06-06,156.75,139,104,48,118.25,38.5,275,236.5,1,0,236.5
Labour,PAYEMS,1,month_open,2025-05,Labour 12-Month Mean,long_memory,2025-05-01,2025-06-06,156.75,139,104,48,179.66666666666663,-22.916666666666629,336.41666666666663,359.33333333333326,1,0,359.33333333333326
Labour,PAYEMS,2,after_week_1,2025-05,Labour Bridge Ridge,short_memory,2025-05-07,2025-06-06,201.97871484678905,139,105,48,265.02366429579359,-63.044949449004548,467.00237914258264,530.04732859158719,1,0,530.04732859158719
Labour,PAYEMS,2,after_week_1,2025-05,Labour Bridge Ridge,long_memory,2025-05-07,2025-06-06,201.97871484678905,139,105,48,298.29978177033735,-96.321066923548301,500.27849661712639,596.59956354067469,1,0,596.59956354067469
Labour,PAYEMS,3,after_week_2,2025-05,Labour Factor Ridge,short_memory,2025-05-14,2025-06-06,212.217829370473,139,106,48,263.78746208794672,-51.569632717473723,476.00529145841972,527.57492417589344,1,0,527.57492417589344
Labour,PAYEMS,3,after_week_2,2025-05,Labour Factor Ridge,long_memory,2025-05-14,2025-06-06,212.217829370473,139,106,48,306.84783833928861,-94.630008968815616,519.06566770976156,613.69567667857723,1,0,613.69567667857723
Labour,PAYEMS,4,month_end,2025-05,Labour Bridge Ridge,short_memory,2025-05-31,2025-06-06,188.16837339056192,139,106,48,251.00250304064093,-62.834129650079007,439.17087643120283,502.00500608128186,1,0,502.00500608128186
Labour,PAYEMS,4,month_end,2025-05,Labour Bridge Ridge,long_memory,2025-05-31,2025-06-06,188.16837339056192,139,106,48,264.43727143707696,-76.268898046515034,452.60564482763891,528.87454287415392,1,0,528.87454287415392
Labour,PAYEMS,5,pre_employment_report,2025-05,Labour Bridge Ridge,short_memory,2025-06-05,2025-06-06,234.46400800548355,139,106,48,192.6194631163699,41.844544889113649,427.08347112185345,385.2389262327398,1,0,385.2389262327398
Labour,PAYEMS,5,pre_employment_report,2025-05,Labour Bridge Ridge,long_memory,2025-06-05,2025-06-06,234.46400800548355,139,106,48,250.06061437240362,-15.596606366920071,484.52462237788717,500.12122874480724,1,0,500.12122874480724
Labour,PAYEMS,1,month_open,2025-06,Labour 12-Month Mean,short_memory,2025-06-01,2025-07-03,151.91666666666666,147,105,48,112.83333333333334,39.083333333333314,264.75,225.66666666666669,1,0,225.66666666666669
Labour,PAYEMS,1,month_open,2025-06,Labour 12-Month Mean,long_memory,2025-06-01,2025-07-03,151.91666666666666,147,105,48,173.91666666666663,-21.999999999999972,325.83333333333326,347.83333333333326,1,0,347.83333333333326
Labour,PAYEMS,2,after_week_1,2025-06,Labour Bridge Ridge,short_memory,2025-06-07,2025-07-03,90.232851172730633,147,106,48,265.02366429579359,-174.79081312306295,355.25651546852424,530.04732859158719,1,0,530.04732859158719
Labour,PAYEMS,2,after_week_1,2025-06,Labour Bridge Ridge,long_memory,2025-06-07,2025-07-03,90.232851172730633,147,106,48,298.29978177033735,-208.0669305976067,388.53263294306799,596.59956354067469,1,0,596.59956354067469
Labour,PAYEMS,3,after_week_2,2025-06,Labour Factor Ridge,short_memory,2025-06-14,2025-07-03,52.57208625696029,147,107,48,263.78746208794672,-211.21537583098643,316.35954834490701,527.57492417589344,1,0,527.57492417589344
Labour,PAYEMS,3,after_week_2,2025-06,Labour Factor Ridge,long_memory,2025-06-14,2025-07-03,52.57208625696029,147,107,48,293.25533384534651,-240.68324758838622,345.8274201023068,586.51066769069303,1,0,586.51066769069303
Labour,PAYEMS,4,month_end,2025-06,Labour Bridge Ridge,short_memory,2025-06-30,2025-07-03,62.270688388203311,147,107,48,230.67699877891579,-168.40631039071246,292.94768716711911,461.35399755783158,1,0,461.35399755783158
Labour,PAYEMS,4,month_end,2025-06,Labour Bridge Ridge,long_memory,2025-06-30,2025-07-03,62.270688388203311,147,107,48,264.43727143707696,-202.16658304887363,326.70795982528028,528.87454287415392,1,0,528.87454287415392
Labour,PAYEMS,5,pre_employment_report,2025-06,Labour Bridge Ridge,short_memory,2025-07-02,2025-07-03,21.283617044294161,147,107,48,187.83424818663084,-166.55063114233667,209.11786523092502,375.66849637326169,1,0,375.66849637326169
Labour,PAYEMS,5,pre_employment_report,2025-06,Labour Bridge Ridge,long_memory,2025-07-02,2025-07-03,21.283617044294161,147,107,48,230.96249433740064,-209.6788772931065,252.24611138169479,461.92498867480128,1,0,461.92498867480128
Labour,PAYEMS,1,month_open,2025-07,Labour 12-Month Mean,short_memory,2025-07-01,2025-08-01,144.41666666666666,73,106,48,77,67.416666666666657,221.41666666666666,154,1,0,154
Labour,PAYEMS,1,month_open,2025-07,Labour 12-Month Mean,long_memory,2025-07-01,2025-08-01,144.41666666666666,73,106,48,165.16666666666669,-20.750000000000028,309.58333333333337,330.33333333333337,1,0,330.33333333333337
Labour,PAYEMS,2,after_week_1,2025-07,Labour Bridge Ridge,short_memory,2025-07-07,2025-08-01,-3.007726467050972,73,107,48,258.67697602077078,-261.68470248782177,255.66924955371979,517.35395204154156,1,0,517.35395204154156
Labour,PAYEMS,2,after_week_1,2025-07,Labour Bridge Ridge,long_memory,2025-07-07,2025-08-01,-3.007726467050972,73,107,48,298.29978177033735,-301.30750823738833,295.29205530328636,596.59956354067469,1,0,596.59956354067469
Labour,PAYEMS,3,after_week_2,2025-07,Labour Factor Ridge,short_memory,2025-07-14,2025-08-01,452.67370237916543,73,108,48,263.78746208794672,188.88624029121871,716.46116446711221,527.57492417589344,0,1,1686.4373270880806
Labour,PAYEMS,3,after_week_2,2025-07,Labour Factor Ridge,long_memory,2025-07-14,2025-08-01,452.67370237916543,73,108,48,266.17228743514977,186.50141494401566,718.8459898143152,532.34457487029954,0,1,1667.3587243104562
Labour,PAYEMS,4,month_end,2025-07,Labour Bridge Ridge,short_memory,2025-07-31,2025-08-01,105.32402562631216,73,108,48,194.89650321701038,-89.572477590698213,300.22052884332254,389.79300643402075,1,0,389.79300643402075
Labour,PAYEMS,4,month_end,2025-07,Labour Bridge Ridge,long_memory,2025-07-31,2025-08-01,105.32402562631216,73,108,48,257.1501967228678,-151.82617109655564,362.47422234917997,514.30039344573561,1,0,514.30039344573561
Labour,PAYEMS,5,pre_employment_report,2025-07,Labour Bridge Ridge,short_memory,2025-07-31,2025-08-01,105.32402562631216,73,108,48,187.83424818663084,-82.510222560318681,293.15827381294298,375.66849637326169,1,0,375.66849637326163
Labour,PAYEMS,5,pre_employment_report,2025-07,Labour Bridge Ridge,long_memory,2025-07-31,2025-08-01,105.32402562631216,73,108,48,230.96249433740064,-125.63846871108848,336.28651996371281,461.92498867480128,1,0,461.92498867480128
Labour,PAYEMS,1,month_open,2025-08,Labour 12-Month Mean,short_memory,2025-08-01,2025-09-05,129.25,22,107,48,75.583333333333343,53.666666666666657,204.83333333333334,151.16666666666669,0,1,467.83333333333326
Labour,PAYEMS,1,month_open,2025-08,Labour 12-Month Mean,long_memory,2025-08-01,2025-09-05,129.25,22,107,48,158.08333333333331,-28.833333333333314,287.33333333333331,316.16666666666663,1,0,316.16666666666663
Labour,PAYEMS,2,after_week_1,2025-08,Labour Bridge Ridge,short_memory,2025-08-07,2025-09-05,322.99612090524283,22,108,48,229.35993456981944,93.636186335423389,552.35605547506225,458.71986913963889,0,1,1175.0817324938728
Labour,PAYEMS,2,after_week_1,2025-08,Labour Bridge Ridge,long_memory,2025-08-07,2025-09-05,322.99612090524283,22,108,48,270.76237474536919,52.233746159873647,593.75849565061208,541.52474949073837,0,1,843.86221108947495
Labour,PAYEMS,3,after_week_2,2025-08,Labour Factor Ridge,short_memory,2025-08-14,2025-09-05,291.95107103239002,22,109,48,371.11359234479966,-79.162521312409638,663.06466337718962,742.22718468959931,1,0,742.2271846895992
Labour,PAYEMS,3,after_week_2,2025-08,Labour Factor Ridge,long_memory,2025-08-14,2025-09-05,291.95107103239002,22,109,48,306.84783833928861,-14.896767306898596,598.79890937167863,613.69567667857723,1,0,613.69567667857723
Labour,PAYEMS,4,month_end,2025-08,Labour Bridge Ridge,short_memory,2025-08-31,2025-09-05,318.48666623755435,22,109,48,194.89650321701038,123.59016302054397,513.38316945456472,389.79300643402075,0,1,1405.6946366394604
Labour,PAYEMS,4,month_end,2025-08,Labour Bridge Ridge,long_memory,2025-08-31,2025-09-05,318.48666623755435,22,109,48,255.56635425741513,62.920311980139218,574.05302049496947,511.13270851483026,0,1,920.33582831622243
Labour,PAYEMS,5,pre_employment_report,2025-08,Labour Bridge Ridge,short_memory,2025-09-04,2025-09-05,327.90283703511193,22,109,48,187.83424818663084,140.06858884848108,515.73708522174275,375.66849637326169,0,1,1556.3543848580725
Labour,PAYEMS,5,pre_employment_report,2025-08,Labour Bridge Ridge,long_memory,2025-09-04,2025-09-05,327.90283703511193,22,109,48,230.67699877891579,97.225838256196141,558.57983581402777,461.35399755783158,0,1,1213.612380119793
Labour,PAYEMS,1,month_open,2025-09,Labour 12-Month Mean,short_memory,2025-09-01,2025-11-20,129.25,119,108,48,71.416666666666657,57.833333333333343,200.66666666666666,142.83333333333331,1,0,142.83333333333331
Labour,PAYEMS,1,month_open,2025-09,Labour 12-Month Mean,long_memory,2025-09-01,2025-11-20,129.25,119,108,48,153.66666666666669,-24.416666666666686,282.91666666666669,307.33333333333337,1,0,307.33333333333337
Labour,PAYEMS,2,after_week_1,2025-09,Labour Bridge Ridge,short_memory,2025-09-07,2025-11-20,56.874462321106797,119,109,48,270.76237474536919,-213.8879124242624,327.63683706647601,541.52474949073837,1,0,541.52474949073837
Labour,PAYEMS,2,after_week_1,2025-09,Labour Bridge Ridge,long_memory,2025-09-07,2025-11-20,56.874462321106797,119,109,48,300.99612090524283,-244.12165858413604,357.87058322634965,601.99224181048567,1,0,601.99224181048567
Labour,PAYEMS,3,after_week_2,2025-09,Labour Factor Ridge,short_memory,2025-09-14,2025-11-20,172.41413208866464,119,110,48,269.95107103239002,-97.536938943725374,442.36520312105466,539.90214206478004,1,0,539.90214206478004
Labour,PAYEMS,3,after_week_2,2025-09,Labour Factor Ridge,long_memory,2025-09-14,2025-11-20,172.41413208866464,119,110,48,293.25533384534651,-120.84120175668187,465.66946593401116,586.51066769069303,1,0,586.51066769069303
Labour,PAYEMS,4,month_end,2025-09,Labour Bridge Ridge,short_memory,2025-09-30,2025-11-20,92.931132931112614,119,110,48,251.00250304064093,-158.07137010952832,343.93363597175357,502.00500608128186,1,0,502.00500608128186
Labour,PAYEMS,4,month_end,2025-09,Labour Bridge Ridge,long_memory,2025-09-30,2025-11-20,92.931132931112614,119,110,48,264.43727143707696,-171.50613850596434,357.36840436818954,528.87454287415392,1,0,528.87454287415392
Labour,PAYEMS,5,pre_employment_report,2025-09,Labour Bridge Ridge,short_memory,2025-11-19,2025-11-20,92.931132931112614,119,110,48,207.53557687830656,-114.60444394719394,300.46670980941917,415.07115375661311,1,0,415.07115375661311
Labour,PAYEMS,5,pre_employment_report,2025-09,Labour Bridge Ridge,long_memory,2025-11-19,2025-11-20,92.931132931112614,119,110,48,250.06061437240362,-157.12948144129101,342.99174730351626,500.12122874480724,1,0,500.12122874480724
Labour,PAYEMS,1,month_open,2025-10,Labour 12-Month Mean,short_memory,2025-10-01,2025-12-16,122.16666666666667,-105,109,48,107.25,14.916666666666671,229.41666666666669,214.5,0,1,1413.6666666666667
Labour,PAYEMS,1,month_open,2025-10,Labour 12-Month Mean,long_memory,2025-10-01,2025-12-16,122.16666666666667,-105,109,48,153.66666666666669,-31.500000000000014,275.83333333333337,307.33333333333337,0,1,1042.3333333333333
Labour,PAYEMS,2,after_week_1,2025-10,Labour Bridge Ridge,short_memory,2025-10-07,2025-12-16,95.773044196184742,-105,109,48,270.76237474536919,-174.98933054918444,366.53541894155393,541.52474949073837,1,0,541.52474949073837
Labour,PAYEMS,2,after_week_1,2025-10,Labour Bridge Ridge,long_memory,2025-10-07,2025-12-16,95.773044196184742,-105,109,48,300.99612090524283,-205.22307670905809,396.76916510142757,601.99224181048567,1,0,601.99224181048567
Labour,PAYEMS,3,after_week_2,2025-10,Labour Factor Ridge,short_memory,2025-10-14,2025-12-16,163.29742977335496,-105,110,48,269.95107103239002,-106.65364125903506,433.24850080574498,539.90214206478004,1,0,539.90214206478004
Labour,PAYEMS,3,after_week_2,2025-10,Labour Factor Ridge,long_memory,2025-10-14,2025-12-16,163.29742977335496,-105,110,48,293.25533384534651,-129.95790407199155,456.55276361870148,586.51066769069303,1,0,586.51066769069303
Labour,PAYEMS,4,month_end,2025-10,Labour Bridge Ridge,short_memory,2025-10-31,2025-12-16,95.773044196184742,-105,110,48,251.00250304064093,-155.22945884445619,346.77554723682567,502.00500608128186,1,0,502.00500608128186
Labour,PAYEMS,4,month_end,2025-10,Labour Bridge Ridge,long_memory,2025-10-31,2025-12-16,95.773044196184742,-105,110,48,264.43727143707696,-168.66422724089222,360.2103156332617,528.87454287415392,1,0,528.87454287415392
Labour,PAYEMS,5,pre_employment_report,2025-10,Labour Bridge Ridge,short_memory,2025-12-15,2025-12-16,101.53886600268322,-105,111,48,192.6194631163699,-91.080597113686679,294.15832911905312,385.2389262327398,0,1,524.43295509587301
Labour,PAYEMS,5,pre_employment_report,2025-10,Labour Bridge Ridge,long_memory,2025-12-15,2025-12-16,101.53886600268322,-105,111,48,230.96249433740064,-129.42362833471742,332.50136034008386,461.92498867480128,1,0,461.92498867480128
Labour,PAYEMS,1,month_open,2025-11,Labour 12-Month Mean,short_memory,2025-11-01,2025-12-16,122.16666666666667,64,109,48,107.25,14.916666666666671,229.41666666666669,214.5,1,0,214.5
Labour,PAYEMS,1,month_open,2025-11,Labour 12-Month Mean,long_memory,2025-11-01,2025-12-16,122.16666666666667,64,109,48,153.66666666666669,-31.500000000000014,275.83333333333337,307.33333333333337,1,0,307.33333333333337
Labour,PAYEMS,2,after_week_1,2025-11,Labour Bridge Ridge,short_memory,2025-11-07,2025-12-16,86.990651803379407,64,109,48,270.76237474536919,-183.77172294198976,357.75302654874861,541.52474949073837,1,0,541.52474949073837
Labour,PAYEMS,2,after_week_1,2025-11,Labour Bridge Ridge,long_memory,2025-11-07,2025-12-16,86.990651803379407,64,109,48,300.99612090524283,-214.00546910186341,387.98677270862225,601.99224181048567,1,0,601.99224181048567
Labour,PAYEMS,3,after_week_2,2025-11,Labour Factor Ridge,short_memory,2025-11-14,2025-12-16,153.43516609240444,64,110,48,269.95107103239002,-116.51590493998557,423.38623712479443,539.90214206478004,1,0,539.90214206478004
Labour,PAYEMS,3,after_week_2,2025-11,Labour Factor Ridge,long_memory,2025-11-14,2025-12-16,153.43516609240444,64,110,48,293.25533384534651,-139.82016775294207,446.69049993775093,586.51066769069303,1,0,586.51066769069303
Labour,PAYEMS,4,month_end,2025-11,Labour Bridge Ridge,short_memory,2025-11-30,2025-12-16,255.89984173660741,64,111,48,251.00250304064093,4.8973386959664822,506.90234477724835,502.00500608128186,1,0,502.00500608128186
Labour,PAYEMS,4,month_end,2025-11,Labour Bridge Ridge,long_memory,2025-11-30,2025-12-16,255.89984173660741,64,111,48,264.43727143707696,-8.537429700469545,520.33711317368443,528.87454287415392,1,0,528.87454287415403
Labour,PAYEMS,5,pre_employment_report,2025-11,Labour Bridge Ridge,short_memory,2025-12-15,2025-12-16,240.06155712050705,64,111,48,192.6194631163699,47.442094004137147,432.68102023687698,385.2389262327398,1,0,385.2389262327398
Labour,PAYEMS,5,pre_employment_report,2025-11,Labour Bridge Ridge,long_memory,2025-12-15,2025-12-16,240.06155712050705,64,111,48,230.96249433740064,9.0990627831064046,471.02405145790772,461.92498867480128,1,0,461.92498867480128
Labour,PAYEMS,1,month_open,2025-12,Labour 12-Month Mean,short_memory,2025-12-01,2026-01-09,119.41666666666667,50,110,48,107.25,12.166666666666671,226.66666666666669,214.5,1,0,214.5
Labour,PAYEMS,1,month_open,2025-12,Labour 12-Month Mean,long_memory,2025-12-01,2026-01-09,119.41666666666667,50,110,48,135.91666666666663,-16.499999999999957,255.33333333333331,271.83333333333326,1,0,271.83333333333326
Labour,PAYEMS,2,after_week_1,2025-12,Labour Bridge Ridge,short_memory,2025-12-07,2026-01-09,296.84607660921898,50,110,48,265.02366429579359,31.822412313425389,561.86974090501258,530.04732859158719,1,0,530.04732859158719
Labour,PAYEMS,2,after_week_1,2025-12,Labour Bridge Ridge,long_memory,2025-12-07,2026-01-09,296.84607660921898,50,110,48,298.29978177033735,-1.4537051611183642,595.14585837955633,596.59956354067469,1,0,596.59956354067469
Labour,PAYEMS,3,after_week_2,2025-12,Labour Factor Ridge,short_memory,2025-12-14,2026-01-09,55.771496597769492,50,111,48,269.95107103239002,-214.17957443462052,325.72256763015952,539.90214206478004,1,0,539.90214206478004
Labour,PAYEMS,3,after_week_2,2025-12,Labour Factor Ridge,long_memory,2025-12-14,2026-01-09,55.771496597769492,50,111,48,269.95107103239002,-214.17957443462052,325.72256763015952,539.90214206478004,1,0,539.90214206478004
Labour,PAYEMS,4,month_end,2025-12,Labour Bridge Ridge,short_memory,2025-12-31,2026-01-09,386.59151044643096,50,113,48,200.77304419618474,185.81846625024622,587.36455464261576,401.54608839236948,0,1,1759.7307508948318
Labour,PAYEMS,4,month_end,2025-12,Labour Bridge Ridge,long_memory,2025-12-31,2026-01-09,386.59151044643096,50,113,48,255.56635425741513,131.02515618901583,642.15786470384614,511.13270851483026,0,1,1321.3842704049887
Labour,PAYEMS,5,pre_employment_report,2025-12,Labour Bridge Ridge,short_memory,2026-01-08,2026-01-09,264.94517011732171,50,113,48,206.53886600268322,58.406304114638488,471.48403612000493,413.07773200536644,0,1,497.14077315175132
Labour,PAYEMS,5,pre_employment_report,2025-12,Labour Bridge Ridge,long_memory,2026-01-08,2026-01-09,264.94517011732171,50,113,48,230.67699877891579,34.268171338405921,495.6221688962375,461.35399755783158,1,0,461.35399755783158
Labour,PAYEMS,1,month_open,2026-01,Labour 12-Month Mean,short_memory,2026-01-01,2026-02-11,106.58333333333333,130,112,48,107.25,-0.6666666666666714,213.83333333333331,214.5,1,0,214.5
Labour,PAYEMS,1,month_open,2026-01,Labour 12-Month Mean,long_memory,2026-01-01,2026-02-11,106.58333333333333,130,112,48,153.66666666666669,-47.083333333333357,260.25,307.33333333333337,1,0,307.33333333333337
Labour,PAYEMS,2,after_week_1,2026-01,Labour Bridge Ridge,short_memory,2026-01-07,2026-02-11,146.74495150914237,130,112,48,229.35993456981944,-82.614983060677076,376.10488607896184,458.71986913963889,1,0,458.71986913963894
Labour,PAYEMS,2,after_week_1,2026-01,Labour Bridge Ridge,long_memory,2026-01-07,2026-02-11,146.74495150914237,130,112,48,270.76237474536919,-124.01742323622682,417.50732625451155,541.52474949073837,1,0,541.52474949073837
Labour,PAYEMS,3,after_week_2,2026-01,Labour Factor Ridge,short_memory,2026-01-14,2026-02-11,270.25781262945583,130,114,48,268.29742977335496,1.960382856100864,538.55524240281079,536.59485954670993,1,0,536.59485954670993
Labour,PAYEMS,3,after_week_2,2026-01,Labour Factor Ridge,long_memory,2026-01-14,2026-02-11,270.25781262945583,130,114,48,268.29742977335496,1.960382856100864,538.55524240281079,536.59485954670993,1,0,536.59485954670993
Labour,PAYEMS,4,month_end,2026-01,Labour Bridge Ridge,short_memory,2026-01-31,2026-02-11,111.73937408037909,130,114,48,296.48666623755435,-184.74729215717525,408.22604031793344,592.97333247510869,1,0,592.97333247510869
Labour,PAYEMS,4,month_end,2026-01,Labour Bridge Ridge,long_memory,2026-01-31,2026-02-11,111.73937408037909,130,114,48,264.43727143707696,-152.69789735669787,376.17664551745605,528.87454287415392,1,0,528.87454287415392
Labour,PAYEMS,5,pre_employment_report,2026-01,Labour Bridge Ridge,short_memory,2026-02-10,2026-02-11,150.09934233049984,130,114,48,214.94517011732171,-64.845827786821872,365.04451244782155,429.89034023464342,1,0,429.89034023464342
Labour,PAYEMS,5,pre_employment_report,2026-01,Labour Bridge Ridge,long_memory,2026-02-10,2026-02-11,150.09934233049984,130,114,48,226.17363599107279,-76.074293660572948,376.27297832157262,452.34727198214557,1,0,452.34727198214557
Labour,PAYEMS,1,month_open,2026-02,Labour 12-Month Mean,short_memory,2026-02-01,2026-03-06,106.58333333333333,-92,113,48,107.25,-0.6666666666666714,213.83333333333331,214.5,0,1,1127.8333333333333
Labour,PAYEMS,1,month_open,2026-02,Labour 12-Month Mean,long_memory,2026-02-01,2026-03-06,106.58333333333333,-92,113,48,135.91666666666663,-29.3333333333333,242.49999999999994,271.83333333333326,0,1,898.50000000000023
Labour,PAYEMS,2,after_week_1,2026-02,Labour Bridge Ridge,short_memory,2026-02-07,2026-03-06,246.27095383015075,-92,113,48,246.84607660921898,-0.57512277906823783,493.11703043936973,493.69215321843797,0,1,1407.9409254277557
Labour,PAYEMS,2,after_week_1,2026-02,Labour Bridge Ridge,long_memory,2026-02-07,2026-03-06,246.27095383015075,-92,113,48,265.02366429579359,-18.752710465642849,511.29461812594434,530.04732859158719,0,1,1262.5202239351588
Labour,PAYEMS,3,after_week_2,2026-02,Labour Factor Ridge,short_memory,2026-02-14,2026-03-06,110.94344160387666,-92,115,48,268.29742977335496,-157.3539881694783,379.24087137723166,536.59485954670993,1,0,536.59485954670993
Labour,PAYEMS,3,after_week_2,2026-02,Labour Factor Ridge,long_memory,2026-02-14,2026-03-06,110.94344160387666,-92,115,48,268.29742977335496,-157.3539881694783,379.24087137723166,536.59485954670993,1,0,536.59485954670993
Labour,PAYEMS,4,month_end,2026-02,Labour Bridge Ridge,short_memory,2026-02-28,2026-03-06,315.37201352427599,-92,115,48,251.00250304064093,64.369510483635054,566.37451656491692,502.00500608128186,0,1,2065.7001109176326
Labour,PAYEMS,4,month_end,2026-02,Labour Bridge Ridge,long_memory,2026-02-28,2026-03-06,315.37201352427599,-92,115,48,257.1501967228678,58.221816801408181,572.52221024714379,514.30039344573561,0,1,2016.5185614598174
Labour,PAYEMS,5,pre_employment_report,2026-02,Labour Bridge Ridge,short_memory,2026-03-05,2026-03-06,312.22637926302343,-92,115,48,214.94517011732171,97.281209145701723,527.17154938034514,429.89034023464342,0,1,2322.7024316916604
Labour,PAYEMS,5,pre_employment_report,2026-02,Labour Bridge Ridge,long_memory,2026-03-05,2026-03-06,312.22637926302343,-92,115,48,226.17363599107279,86.052743271950646,538.40001525409616,452.34727198214557,0,1,2232.8747047016523
Labour,PAYEMS,1,month_open,2026-03,Labour 12-Month Mean,short_memory,2026-03-01,2026-04-03,53,178,114,48,107.25,-54.25,160.25,214.5,0,1,392
Labour,PAYEMS,1,month_open,2026-03,Labour 12-Month Mean,long_memory,2026-03-01,2026-04-03,53,178,114,48,135.91666666666663,-82.916666666666629,188.91666666666663,271.83333333333326,1,0,271.83333333333326
Labour,PAYEMS,2,after_week_1,2026-03,Labour Bridge Ridge,short_memory,2026-03-07,2026-04-03,32.033768090260395,178,115,48,270.76237474536919,-238.72860665510879,302.79614283562955,541.52474949073837,1,0,541.52474949073837
Labour,PAYEMS,2,after_week_1,2026-03,Labour Bridge Ridge,long_memory,2026-03-07,2026-04-03,32.033768090260395,178,115,48,270.76237474536919,-238.72860665510879,302.79614283562955,541.52474949073837,1,0,541.52474949073837
Labour,PAYEMS,3,after_week_2,2026-03,Labour Factor Ridge,short_memory,2026-03-14,2026-04-03,434.00132990178872,178,116,48,268.29742977335496,165.70390012843376,702.29875967514363,536.59485954670993,1,0,536.59485954670981
Labour,PAYEMS,3,after_week_2,2026-03,Labour Factor Ridge,long_memory,2026-03-14,2026-04-03,434.00132990178872,178,116,48,268.29742977335496,165.70390012843376,702.29875967514363,536.59485954670993,1,0,536.59485954670981
Labour,PAYEMS,4,month_end,2026-03,Labour Bridge Ridge,short_memory,2026-03-31,2026-04-03,38.49290607808522,178,116,48,336.59151044643096,-298.09860436834572,375.0844165245162,673.18302089286192,1,0,673.18302089286192
Labour,PAYEMS,4,month_end,2026-03,Labour Bridge Ridge,long_memory,2026-03-31,2026-04-03,38.49290607808522,178,116,48,293.96875014781756,-255.47584406973235,332.4616562259028,587.93750029563512,1,0,587.93750029563512
Labour,PAYEMS,5,pre_employment_report,2026-03,Labour Bridge Ridge,short_memory,2026-04-02,2026-04-03,37.150291095170026,178,116,48,226.17363599107279,-189.02334489590277,263.3239270862428,452.34727198214557,1,0,452.34727198214557
Labour,PAYEMS,5,pre_employment_report,2026-03,Labour Bridge Ridge,long_memory,2026-04-02,2026-04-03,37.150291095170026,178,116,48,230.67699877891579,-193.52670768374577,267.82728987408581,461.35399755783158,1,0,461.35399755783158
Labour,PAYEMS,1,month_open,2026-04,Labour 12-Month Mean,short_memory,2026-04-01,2026-05-08,41.916666666666664,115,115,48,158.08333333333331,-116.16666666666666,199.99999999999997,316.16666666666663,1,0,316.16666666666663
Labour,PAYEMS,1,month_open,2026-04,Labour 12-Month Mean,long_memory,2026-04-01,2026-05-08,41.916666666666664,115,115,48,158.08333333333331,-116.16666666666666,199.99999999999997,316.16666666666663,1,0,316.16666666666663
Labour,PAYEMS,2,after_week_1,2026-04,Labour Bridge Ridge,short_memory,2026-04-07,2026-05-08,326.84876244774176,115,116,48,265.02366429579359,61.825098151948168,591.87242674353536,530.04732859158719,1,0,530.04732859158719
Labour,PAYEMS,2,after_week_1,2026-04,Labour Bridge Ridge,long_memory,2026-04-07,2026-05-08,326.84876244774176,115,116,48,270.76237474536919,56.086387702372576,597.61113719311095,541.52474949073837,1,0,541.52474949073837
Labour,PAYEMS,3,after_week_2,2026-04,Labour Factor Ridge,short_memory,2026-04-14,2026-05-08,264.92246388507147,115,117,48,268.29742977335496,-3.3749658882834979,533.21989365842637,536.59485954670993,1,0,536.59485954670981
Labour,PAYEMS,3,after_week_2,2026-04,Labour Factor Ridge,long_memory,2026-04-14,2026-05-08,264.92246388507147,115,117,48,266.17228743514977,-1.2498235500783039,531.09475132022123,532.34457487029954,1,0,532.34457487029954
Labour,PAYEMS,4,month_end,2026-04,Labour Bridge Ridge,short_memory,2026-04-30,2026-05-08,318.35547837128274,115,117,48,296.48666623755435,21.868812133728397,614.84214460883709,592.97333247510869,1,0,592.97333247510869
Labour,PAYEMS,4,month_end,2026-04,Labour Bridge Ridge,long_memory,2026-04-30,2026-05-08,318.35547837128274,115,117,48,293.96875014781756,24.386728223465184,612.3242285191003,587.93750029563512,1,0,587.93750029563512
Labour,PAYEMS,5,pre_employment_report,2026-04,Labour Bridge Ridge,short_memory,2026-05-07,2026-05-08,286.37506104204999,115,117,48,214.94517011732171,71.429890924728284,501.3202311593717,429.89034023464342,1,0,429.89034023464342
Labour,PAYEMS,5,pre_employment_report,2026-04,Labour Bridge Ridge,long_memory,2026-05-07,2026-05-08,286.37506104204999,115,117,48,230.67699877891579,55.698062263134204,517.05205982096572,461.35399755783158,1,0,461.35399755783152
Labour,PAYEMS,1,month_open,2026-05,Labour 12-Month Mean,short_memory,2026-05-01,2026-06-05,41.333333333333336,172,116,48,125,-83.666666666666657,166.33333333333334,250,0,1,306.66666666666657
Labour,PAYEMS,1,month_open,2026-05,Labour 12-Month Mean,long_memory,2026-05-01,2026-06-05,41.333333333333336,172,116,48,153.66666666666669,-112.33333333333334,195.00000000000003,307.33333333333337,1,0,307.33333333333337
Labour,PAYEMS,2,after_week_1,2026-05,Labour Bridge Ridge,short_memory,2026-05-07,2026-06-05,216.69372840494543,172,116,48,265.02366429579359,-48.329935890848162,481.71739270073903,530.04732859158719,1,0,530.04732859158719
Labour,PAYEMS,2,after_week_1,2026-05,Labour Bridge Ridge,long_memory,2026-05-07,2026-06-05,216.69372840494543,172,116,48,270.76237474536919,-54.068646340423754,487.45610315031462,541.52474949073837,1,0,541.52474949073837
Labour,PAYEMS,3,after_week_2,2026-05,Labour Factor Ridge,short_memory,2026-05-14,2026-06-05,421.18935822718458,172,118,48,263.78746208794672,157.40189613923786,684.97682031513136,527.57492417589344,1,0,527.57492417589356
Labour,PAYEMS,3,after_week_2,2026-05,Labour Factor Ridge,long_memory,2026-05-14,2026-06-05,421.18935822718458,172,118,48,266.17228743514977,155.01707079203481,687.36164566233435,532.34457487029954,1,0,532.34457487029954
Labour,PAYEMS,4,month_end,2026-05,Labour Bridge Ridge,short_memory,2026-05-31,2026-06-05,123.06461362352366,172,118,48,296.48666623755435,-173.42205261403069,419.551279861078,592.97333247510869,1,0,592.97333247510869
Labour,PAYEMS,4,month_end,2026-05,Labour Bridge Ridge,long_memory,2026-05-31,2026-06-05,123.06461362352366,172,118,48,264.43727143707696,-141.3726578135533,387.50188506060061,528.87454287415392,1,0,528.87454287415392
Labour,PAYEMS,5,pre_employment_report,2026-05,Labour Bridge Ridge,short_memory,2026-06-04,2026-06-05,157.0282960838783,172,118,48,214.94517011732171,-57.916874033443406,371.97346620120004,429.89034023464342,1,0,429.89034023464342
Labour,PAYEMS,5,pre_employment_report,2026-05,Labour Bridge Ridge,long_memory,2026-06-04,2026-06-05,157.0282960838783,172,118,48,230.67699877891579,-73.648702695037485,387.70529486279406,461.35399755783158,1,0,461.35399755783158
Labour,PAYEMS,1,month_open,2026-06,Labour 12-Month Mean,short_memory,2026-06-01,2026-07-02,35.083333333333336,57,117,48,125,-89.916666666666657,160.08333333333334,250,1,0,250
Labour,PAYEMS,1,month_open,2026-06,Labour 12-Month Mean,long_memory,2026-06-01,2026-07-02,35.083333333333336,57,117,48,153.66666666666669,-118.58333333333334,188.75000000000003,307.33333333333337,1,0,307.33333333333337
Labour,PAYEMS,2,after_week_1,2026-06,Labour Bridge Ridge,short_memory,2026-06-07,2026-07-02,162.94911168250195,57,118,48,246.84607660921898,-83.896964926717033,409.79518829172093,493.69215321843797,1,0,493.69215321843797
Labour,PAYEMS,2,after_week_1,2026-06,Labour Bridge Ridge,long_memory,2026-06-07,2026-07-02,162.94911168250195,57,118,48,265.02366429579359,-102.07455261329164,427.97277597829554,530.04732859158719,1,0,530.04732859158719
Labour,PAYEMS,3,after_week_2,2026-06,Labour Factor Ridge,short_memory,2026-06-14,2026-07-02,474.33281970938594,57,119,48,256.00132990178872,218.33148980759722,730.33414961117467,512.00265980357744,0,1,2125.3175578795499
Labour,PAYEMS,3,after_week_2,2026-06,Labour Factor Ridge,long_memory,2026-06-14,2026-07-02,474.33281970938594,57,119,48,263.78746208794672,210.54535762143922,738.12028179733261,527.57492417589344,0,1,2063.0285003902854
Labour,PAYEMS,4,month_end,2026-06,Labour Bridge Ridge,short_memory,2026-06-30,2026-07-02,95.051002285650711,57,119,48,255.56635425741513,-160.5153519717644,350.61735654306585,511.13270851483026,1,0,511.13270851483026
Labour,PAYEMS,4,month_end,2026-06,Labour Bridge Ridge,long_memory,2026-06-30,2026-07-02,95.051002285650711,57,119,48,264.43727143707696,-169.38626915142623,359.48827372272768,528.87454287415392,1,0,528.87454287415392
Labour,PAYEMS,5,pre_employment_report,2026-06,Labour Bridge Ridge,short_memory,2026-07-01,2026-07-02,95.051002285650711,57,119,48,214.94517011732171,-119.894167831671,309.99617240297243,429.89034023464342,1,0,429.89034023464342
Labour,PAYEMS,5,pre_employment_report,2026-06,Labour Bridge Ridge,long_memory,2026-07-01,2026-07-02,95.051002285650711,57,119,48,226.17363599107279,-131.12263370542206,321.22463827672351,452.34727198214557,1,0,452.34727198214557
Labour,UNRATE,1,month_open,2023-02,Labour AR(1),short_memory,2023-02-01,2023-03-10,3.6612899293685683,3.6000000000000001,77,48,0.68623414746776046,2.9750557819008079,4.3475240768363292,1.3724682949355209,1,0,1.3724682949355214
Labour,UNRATE,1,month_open,2023-02,Labour AR(1),long_memory,2023-02-01,2023-03-10,3.6612899293685683,3.6000000000000001,77,48,1.0873597996736013,2.573930129694967,4.7486497290421692,2.1747195993472026,1,0,2.1747195993472022
Labour,UNRATE,2,after_week_1,2023-02,Labour Equal-Weight Ensemble,short_memory,2023-02-07,2023-03-10,3.236093340106406,3.6000000000000001,78,48,0.34612328135991088,2.8899700587464952,3.5822166214663169,0.69224656271982177,0,1,0.87008034805665346
Labour,UNRATE,2,after_week_1,2023-02,Labour Equal-Weight Ensemble,long_memory,2023-02-07,2023-03-10,3.236093340106406,3.6000000000000001,78,48,0.4273095947892549,2.8087837453171511,3.6634029348956609,0.8546191895785098,1,0,0.8546191895785098
Labour,UNRATE,3,after_week_2,2023-02,Labour Equal-Weight Ensemble,short_memory,2023-02-14,2023-03-10,3.2233251218175236,3.6000000000000001,79,48,0.2670380777112924,2.9562870441062312,3.490363199528816,0.5340761554225848,0,1,1.6304441601344255
Labour,UNRATE,3,after_week_2,2023-02,Labour Equal-Weight Ensemble,long_memory,2023-02-14,2023-03-10,3.2233251218175236,3.6000000000000001,79,48,0.38134090683961563,2.841984214977908,3.6046660286571393,0.76268181367923127,1,0,0.76268181367923127
Labour,UNRATE,4,month_end,2023-02,Labour Equal-Weight Ensemble,short_memory,2023-02-28,2023-03-10,3.2225025094619753,3.6000000000000001,79,48,0.25287648547871466,2.9696260239832606,3.4753789949406899,0.50575297095742933,0,1,1.7519630215505311
Labour,UNRATE,4,month_end,2023-02,Labour Equal-Weight Ensemble,long_memory,2023-02-28,2023-03-10,3.2225025094619753,3.6000000000000001,79,48,0.36757576887945742,2.8549267405825178,3.5900782783414327,0.73515153775891484,0,1,0.83436875434458901
Labour,UNRATE,5,pre_employment_report,2023-02,Labour Equal-Weight Ensemble,short_memory,2023-03-09,2023-03-10,3.1855427469840181,3.6000000000000001,79,48,0.23861778913814247,2.9469249578458756,3.4241605361221605,0.47723557827628493,0,1,2.2356302170546805
Labour,UNRATE,5,pre_employment_report,2023-02,Labour Equal-Weight Ensemble,long_memory,2023-03-09,2023-03-10,3.1855427469840181,3.6000000000000001,79,48,0.35108237868683156,2.8344603682971865,3.5366251256708496,0.70216475737366313,0,1,1.3359135006651677
Labour,UNRATE,1,month_open,2023-03,Labour AR(1),short_memory,2023-03-01,2023-04-07,3.6612899293685683,3.5,78,48,0.64757129614861064,3.0137186332199577,4.3088612255171785,1.2951425922972213,1,0,1.2951425922972208
Labour,UNRATE,1,month_open,2023-03,Labour AR(1),long_memory,2023-03-01,2023-04-07,3.6612899293685683,3.5,78,48,1.0132484203658376,2.6480415090027307,4.674538349734406,2.0264968407316752,1,0,2.0264968407316752
Labour,UNRATE,2,after_week_1,2023-03,Labour Equal-Weight Ensemble,short_memory,2023-03-07,2023-04-07,3.2163519754465848,3.5,78,48,0.34612328135991088,2.8702286940866739,3.5624752568064957,0.69224656271982177,1,0,0.69224656271982177
Labour,UNRATE,2,after_week_1,2023-03,Labour Equal-Weight Ensemble,long_memory,2023-03-07,2023-04-07,3.2163519754465848,3.5,78,48,0.4273095947892549,2.7890423806573299,3.6436615702358397,0.8546191895785098,1,0,0.8546191895785098
Labour,UNRATE,3,after_week_2,2023-03,Labour Equal-Weight Ensemble,short_memory,2023-03-14,2023-04-07,3.2862374532775624,3.5,80,48,0.364894743536329,2.9213427097412334,3.6511321968138915,0.72978948707265801,1,0,0.72978948707265801
Labour,UNRATE,3,after_week_2,2023-03,Labour Equal-Weight Ensemble,long_memory,2023-03-14,2023-04-07,3.2862374532775624,3.5,80,48,0.37667487818247647,2.909562575095086,3.6629123314600389,0.75334975636495294,1,0,0.75334975636495294
Labour,UNRATE,4,month_end,2023-03,Labour Equal-Weight Ensemble,short_memory,2023-03-31,2023-04-07,3.2931890327518691,3.5,80,48,0.36757576887945742,2.9256132638724117,3.6607648016313266,0.73515153775891484,1,0,0.73515153775891484
Labour,UNRATE,4,month_end,2023-03,Labour Equal-Weight Ensemble,long_memory,2023-03-31,2023-04-07,3.2931890327518691,3.5,80,48,0.37749749053802484,2.9156915422138443,3.670686523289894,0.75499498107604968,1,0,0.75499498107604968
Labour,UNRATE,5,pre_employment_report,2023-03,Labour Equal-Weight Ensemble,short_memory,2023-04-06,2023-04-07,3.4105830531737955,3.5,80,48,0.35108237868683156,3.0595006744869639,3.7616654318606271,0.70216475737366313,1,0,0.70216475737366313
Labour,UNRATE,5,pre_employment_report,2023-03,Labour Equal-Weight Ensemble,long_memory,2023-04-06,2023-04-07,3.4105830531737955,3.5,80,48,0.36933558326367333,3.0412474699101222,3.7799186364374688,0.73867116652734666,1,0,0.73867116652734666
Labour,UNRATE,1,month_open,2023-04,Labour AR(1),short_memory,2023-04-01,2023-05-05,3.5643396374394993,3.3999999999999999,79,48,0.46323229185267367,3.1011073455868257,4.027571929292173,0.92646458370534734,1,0,0.92646458370534734
Labour,UNRATE,1,month_open,2023-04,Labour AR(1),long_memory,2023-04-01,2023-05-05,3.5643396374394993,3.3999999999999999,79,48,1.0132484203658376,2.5510912170736617,4.577588057805337,2.0264968407316752,1,0,2.0264968407316752
Labour,UNRATE,2,after_week_1,2023-04,Labour Equal-Weight Ensemble,short_memory,2023-04-07,2023-05-05,3.4831865672503177,3.3999999999999999,79,48,0.36390665989359405,3.1192799073567237,3.8470932271439118,0.72781331978718811,1,0,0.72781331978718811
Labour,UNRATE,2,after_week_1,2023-04,Labour Equal-Weight Ensemble,long_memory,2023-04-07,2023-05-05,3.4831865672503177,3.3999999999999999,79,48,0.41874346528913264,3.0644431019611851,3.9019300325394504,0.83748693057826529,1,0,0.83748693057826529
Labour,UNRATE,3,after_week_2,2023-04,Labour Equal-Weight Ensemble,short_memory,2023-04-14,2023-05-05,3.456114945909357,3.3999999999999999,81,48,0.32945958361194005,3.1266553622974169,3.785574529521297,0.65891916722388011,1,0,0.65891916722388011
Labour,UNRATE,3,after_week_2,2023-04,Labour Equal-Weight Ensemble,long_memory,2023-04-14,2023-05-05,3.456114945909357,3.3999999999999999,81,48,0.37667487818247647,3.0794400677268805,3.8327898240918334,0.75334975636495294,1,0,0.75334975636495294
Labour,UNRATE,4,month_end,2023-04,Labour Equal-Weight Ensemble,short_memory,2023-04-30,2023-05-05,3.4659727615391875,3.3999999999999999,81,48,0.31908159186623264,3.1468911696729549,3.7850543534054202,0.63816318373246528,1,0,0.63816318373246528
Labour,UNRATE,4,month_end,2023-04,Labour Equal-Weight Ensemble,long_memory,2023-04-30,2023-05-05,3.4659727615391875,3.3999999999999999,81,48,0.37749749053802484,3.0884752710011627,3.8434702520772124,0.75499498107604968,1,0,0.75499498107604968
Labour,UNRATE,5,pre_employment_report,2023-04,Labour Equal-Weight Ensemble,short_memory,2023-05-04,2023-05-05,3.4515210014350743,3.3999999999999999,81,48,0.35108237868683156,3.1004386227482428,3.8026033801219059,0.70216475737366313,1,0,0.70216475737366313
Labour,UNRATE,5,pre_employment_report,2023-04,Labour Equal-Weight Ensemble,long_memory,2023-05-04,2023-05-05,3.4515210014350743,3.3999999999999999,81,48,0.35108237868683156,3.1004386227482428,3.8026033801219059,0.70216475737366313,1,0,0.70216475737366313
Labour,UNRATE,1,month_open,2023-05,Labour AR(1),short_memory,2023-05-01,2023-06-02,3.7522907595414581,3.7000000000000002,80,48,0.46323229185267367,3.2890584676887844,4.2155230513941317,0.92646458370534734,1,0,0.92646458370534734
Labour,UNRATE,1,month_open,2023-05,Labour AR(1),long_memory,2023-05-01,2023-06-02,3.7522907595414581,3.7000000000000002,80,48,1.0132484203658376,2.7390423391756205,4.7655391799072957,2.0264968407316752,1,0,2.0264968407316752
Labour,UNRATE,2,after_week_1,2023-05,Labour Equal-Weight Ensemble,short_memory,2023-05-07,2023-06-02,3.4126225218134358,3.7000000000000002,81,48,0.34872079758717645,3.0639017242262594,3.7613433194006123,0.69744159517435289,1,0,0.69744159517435289
Labour,UNRATE,2,after_week_1,2023-05,Labour Equal-Weight Ensemble,long_memory,2023-05-07,2023-06-02,3.4126225218134358,3.7000000000000002,81,48,0.41874346528913264,2.9938790565243032,3.8313659871025685,0.83748693057826529,1,0,0.83748693057826529
Labour,UNRATE,3,after_week_2,2023-05,Labour Equal-Weight Ensemble,short_memory,2023-05-14,2023-06-02,3.3949735468051085,3.7000000000000002,82,48,0.32945958361194005,3.0655139631931685,3.7244331304170486,0.65891916722388011,1,0,0.65891916722388011
Labour,UNRATE,3,after_week_2,2023-05,Labour Equal-Weight Ensemble,long_memory,2023-05-14,2023-06-02,3.3949735468051085,3.7000000000000002,82,48,0.37667487818247647,3.0182986686226321,3.771648424987585,0.75334975636495294,1,0,0.75334975636495294
Labour,UNRATE,4,month_end,2023-05,Labour Equal-Weight Ensemble,short_memory,2023-05-31,2023-06-02,3.3674074681147022,3.7000000000000002,82,48,0.31908159186623264,3.0483258762484695,3.6864890599809348,0.63816318373246528,0,1,0.77327258392311915
Labour,UNRATE,4,month_end,2023-05,Labour Equal-Weight Ensemble,long_memory,2023-05-31,2023-06-02,3.3674074681147022,3.7000000000000002,82,48,0.37749749053802484,2.9899099775766773,3.744904958652727,0.75499498107604968,1,0,0.75499498107604968
Labour,UNRATE,5,pre_employment_report,2023-05,Labour Equal-Weight Ensemble,short_memory,2023-06-01,2023-06-02,3.3660028766968604,3.7000000000000002,82,48,0.30613457338740613,3.0598683033094543,3.6721374500842665,0.61226914677481226,0,1,0.89089464593214895
Labour,UNRATE,5,pre_employment_report,2023-05,Labour Equal-Weight Ensemble,long_memory,2023-06-01,2023-06-02,3.3660028766968604,3.7000000000000002,82,48,0.35108237868683156,3.0149204980100288,3.7170852553836919,0.70216475737366313,1,0,0.70216475737366313
Labour,UNRATE,1,month_open,2023-06,Labour AR(1),short_memory,2023-06-01,2023-07-07,3.558708373507359,3.6000000000000001,81,48,0.45440267815806612,3.1043056953492929,4.0131110516654251,0.90880535631613224,1,0,0.90880535631613224
Labour,UNRATE,1,month_open,2023-06,Labour AR(1),long_memory,2023-06-01,2023-07-07,3.558708373507359,3.6000000000000001,81,48,1.0132484203658376,2.5454599531415214,4.5719567938731966,2.0264968407316752,1,0,2.0264968407316752
Labour,UNRATE,2,after_week_1,2023-06,Labour Equal-Weight Ensemble,short_memory,2023-06-07,2023-07-07,3.312727898826799,3.6000000000000001,82,48,0.34612328135991088,2.9666046174668881,3.6588511801867099,0.69224656271982177,1,0,0.69224656271982177
Labour,UNRATE,2,after_week_1,2023-06,Labour Equal-Weight Ensemble,long_memory,2023-06-07,2023-07-07,3.312727898826799,3.6000000000000001,82,48,0.36390665989359405,2.9488212389332049,3.676634558720393,0.72781331978718811,1,0,0.72781331978718811
Labour,UNRATE,3,after_week_2,2023-06,Labour Equal-Weight Ensemble,short_memory,2023-06-14,2023-07-07,3.288217125138317,3.6000000000000001,83,48,0.30502645319489163,2.9831906719434254,3.5932435783332086,0.61005290638978327,0,1,0.67761712305769795
Labour,UNRATE,3,after_week_2,2023-06,Labour Equal-Weight Ensemble,long_memory,2023-06-14,2023-07-07,3.288217125138317,3.6000000000000001,83,48,0.37667487818247647,2.9115422469558405,3.6648920033207935,0.75334975636495294,1,0,0.75334975636495294
Labour,UNRATE,4,month_end,2023-06,Labour Equal-Weight Ensemble,short_memory,2023-06-30,2023-07-07,3.2997956268785846,3.6000000000000001,83,48,0.33259253188529803,2.9672030949932866,3.6323881587638827,0.66518506377059605,1,0,0.66518506377059605
Labour,UNRATE,4,month_end,2023-06,Labour Equal-Weight Ensemble,long_memory,2023-06-30,2023-07-07,3.2997956268785846,3.6000000000000001,83,48,0.37586937388051034,2.9239262529980743,3.675665000759095,0.75173874776102068,1,0,0.75173874776102068
Labour,UNRATE,5,pre_employment_report,2023-06,Labour Equal-Weight Ensemble,short_memory,2023-07-06,2023-07-07,3.3635682804879443,3.6000000000000001,83,48,0.3339971233031398,3.0295711571848045,3.6975654037910841,0.6679942466062796,1,0,0.6679942466062796
Labour,UNRATE,5,pre_employment_report,2023-06,Labour Equal-Weight Ensemble,long_memory,2023-07-06,2023-07-07,3.3635682804879443,3.6000000000000001,83,48,0.35108237868683156,3.0124859018011128,3.7146506591747759,0.70216475737366313,1,0,0.70216475737366313
Labour,UNRATE,1,month_open,2023-07,Labour AR(1),short_memory,2023-07-01,2023-08-04,3.558708373507359,3.5,82,48,0.45440267815806612,3.1043056953492929,4.0131110516654251,0.90880535631613224,1,0,0.90880535631613224
Labour,UNRATE,1,month_open,2023-07,Labour AR(1),long_memory,2023-07-01,2023-08-04,3.558708373507359,3.5,82,48,0.90664502261760838,2.6520633508897506,4.4653533961249678,1.8132900452352168,1,0,1.8132900452352172
Labour,UNRATE,2,after_week_1,2023-07,Labour Equal-Weight Ensemble,short_memory,2023-07-07,2023-08-04,3.433337893579687,3.5,82,48,0.34612328135991088,3.0872146122197761,3.7794611749395979,0.69224656271982177,1,0,0.69224656271982177
Labour,UNRATE,2,after_week_1,2023-07,Labour Equal-Weight Ensemble,long_memory,2023-07-07,2023-08-04,3.433337893579687,3.5,82,48,0.36390665989359405,3.0694312336860929,3.797244553473281,0.72781331978718811,1,0,0.72781331978718811
Labour,UNRATE,3,after_week_2,2023-07,Labour Equal-Weight Ensemble,short_memory,2023-07-14,2023-08-04,3.4432597047873372,3.5,84,48,0.3117828748616831,3.1314768299256541,3.7550425796490203,0.6235657497233662,1,0,0.6235657497233662
Labour,UNRATE,3,after_week_2,2023-07,Labour Equal-Weight Ensemble,long_memory,2023-07-14,2023-08-04,3.4432597047873372,3.5,84,48,0.37667487818247647,3.0665848266048608,3.8199345829698137,0.75334975636495294,1,0,0.75334975636495294
Labour,UNRATE,4,month_end,2023-07,Labour Equal-Weight Ensemble,short_memory,2023-07-31,2023-08-04,3.4446005367391663,3.5,84,48,0.33259253188529803,3.1120080048538683,3.7771930686244644,0.66518506377059605,1,0,0.66518506377059605
Labour,UNRATE,4,month_end,2023-07,Labour Equal-Weight Ensemble,long_memory,2023-07-31,2023-08-04,3.4446005367391663,3.5,84,48,0.37586937388051034,3.068731162858656,3.8204699106196767,0.75173874776102068,1,0,0.75173874776102068
Labour,UNRATE,5,pre_employment_report,2023-07,Labour Equal-Weight Ensemble,short_memory,2023-08-03,2023-08-04,3.4534211532546202,3.5,84,48,0.3339971233031398,3.1194240299514804,3.78741827655776,0.6679942466062796,1,0,0.6679942466062796
Labour,UNRATE,5,pre_employment_report,2023-07,Labour Equal-Weight Ensemble,long_memory,2023-08-03,2023-08-04,3.4534211532546202,3.5,84,48,0.35108237868683156,3.1023387745677886,3.8045035319414517,0.70216475737366313,1,0,0.70216475737366313
Labour,UNRATE,1,month_open,2023-08,Labour AR(1),short_memory,2023-08-01,2023-09-01,3.7455131929395886,3.7999999999999998,83,48,0.45440267815806612,3.2911105147815225,4.1999158710976552,0.90880535631613224,1,0,0.90880535631613268
Labour,UNRATE,1,month_open,2023-08,Labour AR(1),long_memory,2023-08-01,2023-09-01,3.7455131929395886,3.7999999999999998,83,48,0.90664502261760838,2.8388681703219802,4.652158215557197,1.8132900452352168,1,0,1.8132900452352168
Labour,UNRATE,2,after_week_1,2023-08,Labour Equal-Weight Ensemble,short_memory,2023-08-07,2023-09-01,3.4105728092749228,3.7999999999999998,84,48,0.28737747818656434,3.1231953310883585,3.6979502874614871,0.57475495637312868,0,1,1.5952520817582556
Labour,UNRATE,2,after_week_1,2023-08,Labour Equal-Weight Ensemble,long_memory,2023-08-07,2023-09-01,3.4105728092749228,3.7999999999999998,84,48,0.36390665989359405,3.0466661493813287,3.7744794691685168,0.72781331978718811,0,1,0.9830186281020179
Labour,UNRATE,3,after_week_2,2023-08,Labour Equal-Weight Ensemble,short_memory,2023-08-14,2023-09-01,3.3862976325671839,3.7999999999999998,85,48,0.3117828748616831,3.0745147577055008,3.698080507428867,0.6235657497233662,0,1,1.6427606754346948
Labour,UNRATE,3,after_week_2,2023-08,Labour Equal-Weight Ensemble,long_memory,2023-08-14,2023-09-01,3.3862976325671839,3.7999999999999998,85,48,0.37667487818247647,3.0096227543847074,3.7629725107496603,0.75334975636495294,0,1,1.1236246488683479
Labour,UNRATE,4,month_end,2023-08,Labour Equal-Weight Ensemble,short_memory,2023-08-31,2023-09-01,3.3509625016512161,3.7999999999999998,85,48,0.32864213414274879,3.0223203675084673,3.6796046357939649,0.65728426828549757,0,1,1.8612379103458467
Labour,UNRATE,4,month_end,2023-08,Labour Equal-Weight Ensemble,long_memory,2023-08-31,2023-09-01,3.3509625016512161,3.7999999999999998,85,48,0.36757576887945742,2.9833867327717587,3.7185382705306735,0.73515153775891484,0,1,1.5497688324521777
Labour,UNRATE,5,pre_employment_report,2023-08,Labour Equal-Weight Ensemble,short_memory,2023-08-31,2023-09-01,3.3509625016512161,3.7999999999999998,85,48,0.3339971233031398,3.0169653783480763,3.6849596249543559,0.6679942466062796,0,1,1.8183979970627187
Labour,UNRATE,5,pre_employment_report,2023-08,Labour Equal-Weight Ensemble,long_memory,2023-08-31,2023-09-01,3.3509625016512161,3.7999999999999998,85,48,0.35108237868683156,2.9998801229643846,3.7020448803380477,0.70216475737366313,0,1,1.6817159539931845
Labour,UNRATE,1,month_open,2023-09,Labour AR(1),short_memory,2023-09-01,2023-10-06,3.6488785587704804,3.7999999999999998,84,48,0.36527667249966367,3.2836018862708167,4.0141552312701441,0.73055334499932734,1,0,0.73055334499932734
Labour,UNRATE,1,month_open,2023-09,Labour AR(1),long_memory,2023-09-01,2023-10-06,3.6488785587704804,3.7999999999999998,84,48,0.87438432502388785,2.7744942337465925,4.5232628837943682,1.7487686500477757,1,0,1.7487686500477757
Labour,UNRATE,2,after_week_1,2023-09,Labour Equal-Weight Ensemble,short_memory,2023-09-07,2023-10-06,3.3708041882031679,3.7999999999999998,85,48,0.36390665989359405,3.0068975283095738,3.7347108480967619,0.72781331978718811,0,1,1.3807048388195673
Labour,UNRATE,2,after_week_1,2023-09,Labour Equal-Weight Ensemble,long_memory,2023-09-07,2023-10-06,3.3708041882031679,3.7999999999999998,85,48,0.38942719072507703,2.9813769974780908,3.7602313789282449,0.77885438145015407,0,1,1.1765405921677035
Labour,UNRATE,3,after_week_2,2023-09,Labour Equal-Weight Ensemble,short_memory,2023-09-14,2023-10-06,3.3654341817042472,3.7999999999999998,86,48,0.37667487818247647,2.9887593035217708,3.7421090598867237,0.75334975636495294,0,1,1.3322591574977141
Labour,UNRATE,3,after_week_2,2023-09,Labour Equal-Weight Ensemble,long_memory,2023-09-14,2023-10-06,3.3654341817042472,3.7999999999999998,86,48,0.38134090683961563,2.9840932748646316,3.7467750885438629,0.76268181367923127,0,1,1.2949309282406007
Labour,UNRATE,4,month_end,2023-09,Labour Equal-Weight Ensemble,short_memory,2023-09-30,2023-10-06,3.3649341359994813,3.7999999999999998,86,48,0.36757576887945742,2.9973583671200239,3.7325099048789387,0.73515153775891484,0,1,1.4100524889695256
Labour,UNRATE,4,month_end,2023-09,Labour Equal-Weight Ensemble,long_memory,2023-09-30,2023-10-06,3.3649341359994813,3.7999999999999998,86,48,0.37749749053802484,2.9874366454614565,3.7424316265375062,0.75499498107604968,0,1,1.3306787157009863
Labour,UNRATE,5,pre_employment_report,2023-09,Labour Equal-Weight Ensemble,short_memory,2023-10-05,2023-10-06,3.4835211917816178,3.7999999999999998,86,48,0.35108237868683156,3.1324388130947862,3.8346035704684494,0.70216475737366313,1,0,0.70216475737366313
Labour,UNRATE,5,pre_employment_report,2023-09,Labour Equal-Weight Ensemble,long_memory,2023-10-05,2023-10-06,3.4835211917816178,3.7999999999999998,86,48,0.36933558326367333,3.1141856085179445,3.8528567750452911,0.73867116652734666,1,0,0.73867116652734666
Labour,UNRATE,1,month_open,2023-10,Labour AR(1),short_memory,2023-10-01,2023-11-03,3.6488785587704804,3.8999999999999999,85,48,0.36527667249966367,3.2836018862708167,4.0141552312701441,0.73055334499932734,1,0,0.73055334499932734
Labour,UNRATE,1,month_open,2023-10,Labour AR(1),long_memory,2023-10-01,2023-11-03,3.6488785587704804,3.8999999999999999,85,48,0.87438432502388785,2.7744942337465925,4.5232628837943682,1.7487686500477757,1,0,1.7487686500477757
Labour,UNRATE,2,after_week_1,2023-10,Labour Equal-Weight Ensemble,short_memory,2023-10-07,2023-11-03,3.4301008278390932,3.8999999999999999,86,48,0.38942719072507703,3.0406736371140162,3.8195280185641702,0.77885438145015407,0,1,1.5835741958084508
Labour,UNRATE,2,after_week_1,2023-10,Labour Equal-Weight Ensemble,long_memory,2023-10-07,2023-11-03,3.4301008278390932,3.8999999999999999,86,48,0.41874346528913264,3.0113573625499606,3.8488442931282258,0.83748693057826529,0,1,1.3490439992960059
Labour,UNRATE,3,after_week_2,2023-10,Labour Equal-Weight Ensemble,short_memory,2023-10-14,2023-11-03,3.4226478246324952,3.8999999999999999,87,48,0.41370236743281597,3.0089454571996792,3.8363501920653111,0.82740473486563193,0,1,1.4639028142125197
Labour,UNRATE,3,after_week_2,2023-10,Labour Equal-Weight Ensemble,long_memory,2023-10-14,2023-11-03,3.4226478246324952,3.8999999999999999,87,48,0.3967836030264098,3.0258642216060854,3.819431427658905,0.79356720605281961,0,1,1.599252929463769
Labour,UNRATE,4,month_end,2023-10,Labour Equal-Weight Ensemble,short_memory,2023-10-31,2023-11-03,3.4624730970731559,3.8999999999999999,87,48,0.4350658640005185,3.0274072330726374,3.8975389610736744,0.870131728001037,0,1,0.89474211726429242
Labour,UNRATE,4,month_end,2023-10,Labour Equal-Weight Ensemble,long_memory,2023-10-31,2023-11-03,3.4624730970731559,3.8999999999999999,87,48,0.41891267506842178,3.0435604220047341,3.8813857721415777,0.83782535013684356,0,1,1.0239676287210662
Labour,UNRATE,5,pre_employment_report,2023-10,Labour Equal-Weight Ensemble,short_memory,2023-11-02,2023-11-03,3.4642618449885982,3.8999999999999999,87,48,0.34722837738312418,3.1170334676054741,3.8114902223717224,0.69445675476624835,0,1,1.5795545310490233
Labour,UNRATE,5,pre_employment_report,2023-10,Labour Equal-Weight Ensemble,long_memory,2023-11-02,2023-11-03,3.4642618449885982,3.8999999999999999,87,48,0.36933558326367333,3.0949262617249249,3.8335974282522716,0.73867116652734666,0,1,1.4026968840046301
Labour,UNRATE,1,month_open,2023-11,Labour AR(1),short_memory,2023-11-01,2023-12-08,3.9310630405168068,3.7000000000000002,86,48,0.35440267815806603,3.5766603623587407,4.2854657186748728,0.70880535631613206,1,0,0.70880535631613206
Labour,UNRATE,1,month_open,2023-11,Labour AR(1),long_memory,2023-11-01,2023-12-08,3.9310630405168068,3.7000000000000002,86,48,0.87438432502388785,3.0566787154929189,4.8054473655406946,1.7487686500477757,1,0,1.7487686500477757
Labour,UNRATE,2,after_week_1,2023-11,Labour Equal-Weight Ensemble,short_memory,2023-11-07,2023-12-08,3.6543985249775517,3.7000000000000002,87,48,0.42919581179683197,3.2252027131807197,4.0835943367743841,0.85839162359366394,1,0,0.85839162359366439
Labour,UNRATE,2,after_week_1,2023-11,Labour Equal-Weight Ensemble,long_memory,2023-11-07,2023-12-08,3.6543985249775517,3.7000000000000002,87,48,0.42919581179683197,3.2252027131807197,4.0835943367743841,0.85839162359366394,1,0,0.85839162359366439
Labour,UNRATE,3,after_week_2,2023-11,Labour Equal-Weight Ensemble,short_memory,2023-11-14,2023-12-08,3.6593013156403522,3.7000000000000002,88,48,0.43456581829575258,3.2247354973445996,4.0938671339361044,0.86913163659150516,1,0,0.86913163659150472
Labour,UNRATE,3,after_week_2,2023-11,Labour Equal-Weight Ensemble,long_memory,2023-11-14,2023-12-08,3.6593013156403522,3.7000000000000002,88,48,0.41370236743281597,3.2455989482075362,4.0730036830731677,0.82740473486563193,1,0,0.82740473486563149
Labour,UNRATE,4,month_end,2023-11,Labour Equal-Weight Ensemble,short_memory,2023-11-30,2023-12-08,3.6505238357822378,3.7000000000000002,88,48,0.43752690292684404,3.2129969328553938,4.0880507387090823,0.87505380585368808,1,0,0.87505380585368853
Labour,UNRATE,4,month_end,2023-11,Labour Equal-Weight Ensemble,long_memory,2023-11-30,2023-12-08,3.6505238357822378,3.7000000000000002,88,48,0.4350658640005185,3.2154579717817193,4.0855896997827568,0.870131728001037,1,0,0.87013172800103744
Labour,UNRATE,5,pre_employment_report,2023-11,Labour Equal-Weight Ensemble,short_memory,2023-12-07,2023-12-08,3.6747481440239729,3.7000000000000002,88,48,0.43573815501140167,3.2390099890125712,4.1104862990353741,0.87147631002280335,1,0,0.8714763100228029
Labour,UNRATE,5,pre_employment_report,2023-11,Labour Equal-Weight Ensemble,long_memory,2023-12-07,2023-12-08,3.6747481440239729,3.7000000000000002,88,48,0.41445725301598202,3.2602908910079909,4.0892053970399544,0.82891450603196404,1,0,0.82891450603196359
Labour,UNRATE,1,month_open,2023-12,Labour AR(1),short_memory,2023-12-01,2024-01-05,3.9310630405168068,3.7000000000000002,87,48,0.35440267815806603,3.5766603623587407,4.2854657186748728,0.70880535631613206,1,0,0.70880535631613206
Labour,UNRATE,1,month_open,2023-12,Labour AR(1),long_memory,2023-12-01,2024-01-05,3.9310630405168068,3.7000000000000002,87,48,0.72711959860443542,3.2039434419123713,4.6581826391212422,1.4542391972088708,1,0,1.4542391972088708
Labour,UNRATE,2,after_week_1,2023-12,Labour Equal-Weight Ensemble,short_memory,2023-12-07,2024-01-05,3.73354655409578,3.7000000000000002,87,48,0.42919581179683197,3.304350742298948,4.1627423658926119,0.85839162359366394,1,0,0.85839162359366394
Labour,UNRATE,2,after_week_1,2023-12,Labour Equal-Weight Ensemble,long_memory,2023-12-07,2024-01-05,3.73354655409578,3.7000000000000002,87,48,0.42919581179683197,3.304350742298948,4.1627423658926119,0.85839162359366394,1,0,0.85839162359366394
Labour,UNRATE,3,after_week_2,2023-12,Labour Equal-Weight Ensemble,short_memory,2023-12-14,2024-01-05,3.5696787101421692,3.7000000000000002,89,48,0.41370236743281597,3.1559763427093532,3.9833810775749852,0.82740473486563193,1,0,0.82740473486563193
Labour,UNRATE,3,after_week_2,2023-12,Labour Equal-Weight Ensemble,long_memory,2023-12-14,2024-01-05,3.5696787101421692,3.7000000000000002,89,48,0.41370236743281597,3.1559763427093532,3.9833810775749852,0.82740473486563193,1,0,0.82740473486563193
Labour,UNRATE,4,month_end,2023-12,Labour Equal-Weight Ensemble,short_memory,2023-12-31,2024-01-05,3.5569119933807762,3.7000000000000002,89,48,0.4350658640005185,3.1218461293802577,3.9919778573812947,0.870131728001037,1,0,0.870131728001037
Labour,UNRATE,4,month_end,2023-12,Labour Equal-Weight Ensemble,long_memory,2023-12-31,2024-01-05,3.5569119933807762,3.7000000000000002,89,48,0.4350658640005185,3.1218461293802577,3.9919778573812947,0.870131728001037,1,0,0.870131728001037
Labour,UNRATE,5,pre_employment_report,2023-12,Labour Equal-Weight Ensemble,short_memory,2024-01-04,2024-01-05,3.5161215664386383,3.7000000000000002,89,48,0.41445725301598202,3.1016643134226562,3.9305788194546203,0.82891450603196404,1,0,0.82891450603196404
Labour,UNRATE,5,pre_employment_report,2023-12,Labour Equal-Weight Ensemble,long_memory,2024-01-04,2024-01-05,3.5161215664386383,3.7000000000000002,89,48,0.41445725301598202,3.1016643134226562,3.9305788194546203,0.82891450603196404,1,0,0.82891450603196404
Labour,UNRATE,1,month_open,2024-01,Labour AR(1),short_memory,2024-01-01,2024-02-02,4.0247234316056186,3.7000000000000002,88,48,0.27208316520730857,3.7526402663983101,4.2968065968129272,0.54416633041461715,0,1,1.0705689943977159
Labour,UNRATE,1,month_open,2024-01,Labour AR(1),long_memory,2024-01-01,2024-02-02,4.0247234316056186,3.7000000000000002,88,48,0.72711959860443542,3.2976038330011832,4.7518430302100541,1.4542391972088708,1,0,1.4542391972088708
Labour,UNRATE,2,after_week_1,2024-01,Labour Equal-Weight Ensemble,short_memory,2024-01-07,2024-02-02,3.5376978079945496,3.7000000000000002,89,48,0.38942719072507703,3.1482706172694725,3.9271249987196266,0.77885438145015407,1,0,0.77885438145015407
Labour,UNRATE,2,after_week_1,2024-01,Labour Equal-Weight Ensemble,long_memory,2024-01-07,2024-02-02,3.5376978079945496,3.7000000000000002,89,48,0.42919581179683197,3.1085019961977176,3.9668936197913816,0.85839162359366394,1,0,0.85839162359366394
Labour,UNRATE,3,after_week_2,2024-01,Labour Equal-Weight Ensemble,short_memory,2024-01-14,2024-02-02,3.5342444701457389,3.7000000000000002,90,48,0.41370236743281597,3.120542102712923,3.9479468375785549,0.82740473486563193,1,0,0.82740473486563193
Labour,UNRATE,3,after_week_2,2024-01,Labour Equal-Weight Ensemble,long_memory,2024-01-14,2024-02-02,3.5342444701457389,3.7000000000000002,90,48,0.39825483329902589,3.1359896368467131,3.9324993034447648,0.79650966659805178,1,0,0.79650966659805178
Labour,UNRATE,4,month_end,2024-01,Labour Equal-Weight Ensemble,short_memory,2024-01-31,2024-02-02,3.5192178776339857,3.7000000000000002,90,48,0.4350658640005185,3.0841520136334672,3.9542837416345042,0.870131728001037,1,0,0.870131728001037
Labour,UNRATE,4,month_end,2024-01,Labour Equal-Weight Ensemble,long_memory,2024-01-31,2024-02-02,3.5192178776339857,3.7000000000000002,90,48,0.4350658640005185,3.0841520136334672,3.9542837416345042,0.870131728001037,1,0,0.870131728001037
Labour,UNRATE,5,pre_employment_report,2024-01,Labour Equal-Weight Ensemble,short_memory,2024-02-01,2024-02-02,3.5246614251757085,3.7000000000000002,90,48,0.41445725301598202,3.1102041721597264,3.9391186781916905,0.82891450603196404,1,0,0.82891450603196404
Labour,UNRATE,5,pre_employment_report,2024-01,Labour Equal-Weight Ensemble,long_memory,2024-02-01,2024-02-02,3.5246614251757085,3.7000000000000002,90,48,0.41445725301598202,3.1102041721597264,3.9391186781916905,0.82891450603196404,1,0,0.82891450603196404
Labour,UNRATE,1,month_open,2024-02,Labour AR(1),short_memory,2024-02-01,2024-03-08,3.8343677875845561,3.8999999999999999,89,48,0.25112144122951952,3.5832463463550366,4.0854892288140761,0.50224288245903903,1,0,0.50224288245903947
Labour,UNRATE,1,month_open,2024-02,Labour AR(1),long_memory,2024-02-01,2024-03-08,3.8343677875845561,3.8999999999999999,89,48,0.72711959860443542,3.1072481889801207,4.5614873861889915,1.4542391972088708,1,0,1.4542391972088708
Labour,UNRATE,2,after_week_1,2024-02,Labour Equal-Weight Ensemble,short_memory,2024-02-07,2024-03-08,3.4761160994324811,3.8999999999999999,90,48,0.38942719072507703,3.0866889087074041,3.8655432901575582,0.77885438145015407,0,1,1.1234214798745716
Labour,UNRATE,2,after_week_1,2024-02,Labour Equal-Weight Ensemble,long_memory,2024-02-07,2024-03-08,3.4761160994324811,3.8999999999999999,90,48,0.4273095947892549,3.0488065046432262,3.903425694221736,0.8546191895785098,1,0,0.8546191895785098
Labour,UNRATE,3,after_week_2,2024-02,Labour Equal-Weight Ensemble,short_memory,2024-02-14,2024-03-08,3.4732288100058462,3.8999999999999999,91,48,0.41370236743281597,3.0595264425730302,3.8869311774386621,0.82740473486563193,0,1,0.95809296047900983
Labour,UNRATE,3,after_week_2,2024-02,Labour Equal-Weight Ensemble,long_memory,2024-02-14,2024-03-08,3.4732288100058462,3.8999999999999999,91,48,0.39825483329902589,3.0749739767068203,3.871483643304872,0.79650966659805178,0,1,1.0816732335493304
Labour,UNRATE,4,month_end,2024-02,Labour Equal-Weight Ensemble,short_memory,2024-02-29,2024-03-08,3.4938753557763413,3.8999999999999999,91,48,0.4350658640005185,3.0588094917758228,3.9289412197768598,0.870131728001037,1,0,0.870131728001037
Labour,UNRATE,4,month_end,2024-02,Labour Equal-Weight Ensemble,long_memory,2024-02-29,2024-03-08,3.4938753557763413,3.8999999999999999,91,48,0.4350658640005185,3.0588094917758228,3.9289412197768598,0.870131728001037,1,0,0.870131728001037
Labour,UNRATE,5,pre_employment_report,2024-02,Labour Equal-Weight Ensemble,short_memory,2024-03-07,2024-03-08,3.5011826709528044,3.8999999999999999,91,48,0.35108237868683156,3.1501002922659729,3.852265049639636,0.70216475737366313,0,1,1.1795142609773022
Labour,UNRATE,5,pre_employment_report,2024-02,Labour Equal-Weight Ensemble,long_memory,2024-03-07,2024-03-08,3.5011826709528044,3.8999999999999999,91,48,0.41445725301598202,3.0867254179368224,3.9156399239687865,0.82891450603196404,1,0,0.82891450603196404
Labour,UNRATE,1,month_open,2024-03,Labour AR(1),short_memory,2024-03-01,2024-04-05,3.8343677875845561,3.7999999999999998,90,48,0.32472343160561845,3.5096443559789376,4.1590912191901745,0.6494468632112369,1,0,0.6494468632112369
Labour,UNRATE,1,month_open,2024-03,Labour AR(1),long_memory,2024-03-01,2024-04-05,3.8343677875845561,3.7999999999999998,90,48,0.72523909622759497,3.1091286913569611,4.5596068838121511,1.4504781924551899,1,0,1.4504781924551899
Labour,UNRATE,2,after_week_1,2024-03,Labour Equal-Weight Ensemble,short_memory,2024-03-07,2024-04-05,3.5279182459855041,3.7999999999999998,90,48,0.38942719072507703,3.138491055260427,3.9173454367105811,0.77885438145015407,1,0,0.77885438145015407
Labour,UNRATE,2,after_week_1,2024-03,Labour Equal-Weight Ensemble,long_memory,2024-03-07,2024-04-05,3.5279182459855041,3.7999999999999998,90,48,0.4273095947892549,3.1006086511962492,3.955227840774759,0.8546191895785098,1,0,0.8546191895785098
Labour,UNRATE,3,after_week_2,2024-03,Labour Equal-Weight Ensemble,short_memory,2024-03-14,2024-04-05,3.524887422093586,3.7999999999999998,92,48,0.42677118999415375,3.0981162320994322,3.9516586120877397,0.85354237998830751,1,0,0.85354237998830751
Labour,UNRATE,3,after_week_2,2024-03,Labour Equal-Weight Ensemble,long_memory,2024-03-14,2024-04-05,3.524887422093586,3.7999999999999998,92,48,0.41370236743281597,3.11118505466077,3.9385897895264019,0.82740473486563193,1,0,0.82740473486563193
Labour,UNRATE,4,month_end,2024-03,Labour Equal-Weight Ensemble,short_memory,2024-03-31,2024-04-05,3.5355922113387788,3.7999999999999998,92,48,0.41891267506842178,3.116679536270357,3.9545048864072005,0.83782535013684356,1,0,0.83782535013684356
Labour,UNRATE,4,month_end,2024-03,Labour Equal-Weight Ensemble,long_memory,2024-03-31,2024-04-05,3.5355922113387788,3.7999999999999998,92,48,0.4350658640005185,3.1005263473382603,3.9706580753392973,0.870131728001037,1,0,0.870131728001037
Labour,UNRATE,5,pre_employment_report,2024-03,Labour Equal-Weight Ensemble,short_memory,2024-04-04,2024-04-05,3.5953513741447645,3.7999999999999998,92,48,0.39881732904719547,3.196534045097569,3.9941687031919599,0.79763465809439094,1,0,0.79763465809439094
Labour,UNRATE,5,pre_employment_report,2024-03,Labour Equal-Weight Ensemble,long_memory,2024-04-04,2024-04-05,3.5953513741447645,3.7999999999999998,92,48,0.39881732904719547,3.196534045097569,3.9941687031919599,0.79763465809439094,1,0,0.79763465809439094
Labour,UNRATE,1,month_open,2024-04,Labour AR(1),short_memory,2024-04-01,2024-05-03,3.8330539906491472,3.8999999999999999,91,48,0.32472343160561845,3.5083305590435288,4.1577774222547657,0.6494468632112369,1,0,0.6494468632112369
Labour,UNRATE,1,month_open,2024-04,Labour AR(1),long_memory,2024-04-01,2024-05-03,3.8330539906491472,3.8999999999999999,91,48,0.72523909622759497,3.1078148944215522,4.5582930868767422,1.4504781924551899,1,0,1.4504781924551899
Labour,UNRATE,2,after_week_1,2024-04,Labour Equal-Weight Ensemble,short_memory,2024-04-07,2024-05-03,3.5862669832688696,3.8999999999999999,92,48,0.42388390056751879,3.1623830827013508,4.0101508838363884,0.84776780113503758,1,0,0.84776780113503758
Labour,UNRATE,2,after_week_1,2024-04,Labour Equal-Weight Ensemble,long_memory,2024-04-07,2024-05-03,3.5862669832688696,3.8999999999999999,92,48,0.42388390056751879,3.1623830827013508,4.0101508838363884,0.84776780113503758,1,0,0.84776780113503758
Labour,UNRATE,3,after_week_2,2024-04,Labour Equal-Weight Ensemble,short_memory,2024-04-14,2024-05-03,3.5925628823045099,3.8999999999999999,93,48,0.42677118999415375,3.1657916923103562,4.0193340722986637,0.85354237998830751,1,0,0.85354237998830751
Labour,UNRATE,3,after_week_2,2024-04,Labour Equal-Weight Ensemble,long_memory,2024-04-14,2024-05-03,3.5925628823045099,3.8999999999999999,93,48,0.41370236743281597,3.178860514871694,4.0062652497373259,0.82740473486563193,1,0,0.82740473486563193
Labour,UNRATE,4,month_end,2024-04,Labour Equal-Weight Ensemble,short_memory,2024-04-30,2024-05-03,3.5880050736437714,3.8999999999999999,93,48,0.40612464422365857,3.1818804294201128,3.99412971786743,0.81224928844731714,1,0,0.81224928844731714
Labour,UNRATE,4,month_end,2024-04,Labour Equal-Weight Ensemble,long_memory,2024-04-30,2024-05-03,3.5880050736437714,3.8999999999999999,93,48,0.41891267506842178,3.1690923985753496,4.0069177487121932,0.83782535013684356,1,0,0.83782535013684356
Labour,UNRATE,5,pre_employment_report,2024-04,Labour Equal-Weight Ensemble,short_memory,2024-05-02,2024-05-03,3.557353804310186,3.8999999999999999,93,48,0.39881732904719547,3.1585364752629905,3.9561711333573815,0.79763465809439094,1,0,0.79763465809439094
Labour,UNRATE,5,pre_employment_report,2024-04,Labour Equal-Weight Ensemble,long_memory,2024-05-02,2024-05-03,3.557353804310186,3.8999999999999999,93,48,0.39881732904719547,3.1585364752629905,3.9561711333573815,0.79763465809439094,1,0,0.79763465809439094
Labour,UNRATE,1,month_open,2024-05,Labour AR(1),short_memory,2024-05-01,2024-06-07,3.9256934518479012,4,92,48,0.32472343160561845,3.6009700202422827,4.2504168834535196,0.6494468632112369,1,0,0.6494468632112369
Labour,UNRATE,1,month_open,2024-05,Labour AR(1),long_memory,2024-05-01,2024-06-07,3.9256934518479012,4,92,48,0.68623414746776046,3.2394593043801407,4.6119275993156617,1.3724682949355209,1,0,1.3724682949355209
Labour,UNRATE,2,after_week_1,2024-05,Labour Equal-Weight Ensemble,short_memory,2024-05-07,2024-06-07,3.5922464591515699,4,93,48,0.42388390056751879,3.1683625585840511,4.0161303597190887,0.84776780113503758,1,0,0.84776780113503758
Labour,UNRATE,2,after_week_1,2024-05,Labour Equal-Weight Ensemble,long_memory,2024-05-07,2024-06-07,3.5922464591515699,4,93,48,0.42388390056751879,3.1683625585840511,4.0161303597190887,0.84776780113503758,1,0,0.84776780113503758
Labour,UNRATE,3,after_week_2,2024-05,Labour Equal-Weight Ensemble,short_memory,2024-05-14,2024-06-07,3.5774190303077802,4,94,48,0.41370236743281597,3.1637166628749642,3.9911213977405962,0.82740473486563193,0,1,0.91619075745967038
Labour,UNRATE,3,after_week_2,2024-05,Labour Equal-Weight Ensemble,long_memory,2024-05-14,2024-06-07,3.5774190303077802,4,94,48,0.39825483329902589,3.1791641970087543,3.9756738636068061,0.79650966659805178,0,1,1.039771030529991
Labour,UNRATE,4,month_end,2024-05,Labour Equal-Weight Ensemble,short_memory,2024-05-31,2024-06-07,3.5917522800460162,4,94,48,0.40612464422365857,3.1856276358223576,3.9978769242696748,0.81224928844731714,0,1,0.83348004575056933
Labour,UNRATE,4,month_end,2024-05,Labour Equal-Weight Ensemble,long_memory,2024-05-31,2024-06-07,3.5917522800460162,4,94,48,0.40612464422365857,3.1856276358223576,3.9978769242696748,0.81224928844731714,0,1,0.83348004575056933
Labour,UNRATE,5,pre_employment_report,2024-05,Labour Equal-Weight Ensemble,short_memory,2024-06-06,2024-06-07,3.6248668879474817,4,94,48,0.39881732904719547,3.2260495589002862,4.0236842169946776,0.79763465809439094,1,0,0.79763465809439138
Labour,UNRATE,5,pre_employment_report,2024-05,Labour Equal-Weight Ensemble,long_memory,2024-06-06,2024-06-07,3.6248668879474817,4,94,48,0.39881732904719547,3.2260495589002862,4.0236842169946776,0.79763465809439094,1,0,0.79763465809439138
Labour,UNRATE,1,month_open,2024-06,Labour AR(1),short_memory,2024-06-01,2024-07-05,3.9256934518479012,4.0999999999999996,93,48,0.26323229185267394,3.6624611599952273,4.1889257437005751,0.52646458370534788,1,0,0.52646458370534788
Labour,UNRATE,1,month_open,2024-06,Labour AR(1),long_memory,2024-06-01,2024-07-05,3.9256934518479012,4.0999999999999996,93,48,0.64757129614861064,3.2781221556992906,4.5732647479965118,1.2951425922972213,1,0,1.2951425922972213
Labour,UNRATE,2,after_week_1,2024-06,Labour Equal-Weight Ensemble,short_memory,2024-06-07,2024-07-05,3.6627730493838597,4.0999999999999996,93,48,0.42388390056751879,3.2388891488163409,4.0866569499513785,0.84776780113503758,0,1,0.98119830162124888
Labour,UNRATE,2,after_week_1,2024-06,Labour Equal-Weight Ensemble,long_memory,2024-06-07,2024-07-05,3.6627730493838597,4.0999999999999996,93,48,0.42388390056751879,3.2388891488163409,4.0866569499513785,0.84776780113503758,0,1,0.98119830162124888
Labour,UNRATE,3,after_week_2,2024-06,Labour Equal-Weight Ensemble,short_memory,2024-06-14,2024-07-05,3.6673883365541666,4.0999999999999996,95,48,0.42258096969221981,3.2448073668619468,4.0899693062463864,0.84516193938443962,0,1,0.94546887692057169
Labour,UNRATE,3,after_week_2,2024-06,Labour Equal-Weight Ensemble,long_memory,2024-06-14,2024-07-05,3.6673883365541666,4.0999999999999996,95,48,0.41370236743281597,3.2536859691213507,4.0810907039869821,0.82740473486563193,0,1,1.0164976949958064
Labour,UNRATE,4,month_end,2024-06,Labour Equal-Weight Ensemble,short_memory,2024-06-30,2024-07-05,3.6655048139234183,4.0999999999999996,95,48,0.40824771995398379,3.2572570939694345,4.0737525338774017,0.81649543990796758,0,1,1.078970101133947
Labour,UNRATE,4,month_end,2024-06,Labour Equal-Weight Ensemble,long_memory,2024-06-30,2024-07-05,3.6655048139234183,4.0999999999999996,95,48,0.40824771995398379,3.2572570939694345,4.0737525338774017,0.81649543990796758,0,1,1.078970101133947
Labour,UNRATE,5,pre_employment_report,2024-06,Labour Equal-Weight Ensemble,short_memory,2024-07-04,2024-07-05,3.7231568681143519,4.0999999999999996,95,48,0.37513311205251831,3.3480237560618336,4.0982899801668697,0.75026622410503663,0,1,0.76736642243633524
Labour,UNRATE,5,pre_employment_report,2024-06,Labour Equal-Weight Ensemble,long_memory,2024-07-04,2024-07-05,3.7231568681143519,4.0999999999999996,95,48,0.37513311205251831,3.3480237560618336,4.0982899801668697,0.75026622410503663,0,1,0.76736642243633524
Labour,UNRATE,1,month_open,2024-07,Labour AR(1),short_memory,2024-07-01,2024-08-02,4.0194879520762496,4.2999999999999998,94,48,0.25112144122951952,3.7683665108467301,4.2706093933057687,0.50224288245903903,0,1,0.79614894940134961
Labour,UNRATE,1,month_open,2024-07,Labour AR(1),long_memory,2024-07-01,2024-08-02,4.0194879520762496,4.2999999999999998,94,48,0.57298889981920365,3.446499052257046,4.5924768518954533,1.1459777996384073,1,0,1.1459777996384073
Labour,UNRATE,2,after_week_1,2024-07,Labour Equal-Weight Ensemble,short_memory,2024-07-07,2024-08-02,3.8220608368385207,4.2999999999999998,95,48,0.42388390056751879,3.3981769362710019,4.2459447374060399,0.84776780113503758,0,1,1.3883204270746368
Labour,UNRATE,2,after_week_1,2024-07,Labour Equal-Weight Ensemble,long_memory,2024-07-07,2024-08-02,3.8220608368385207,4.2999999999999998,95,48,0.42388390056751879,3.3981769362710019,4.2459447374060399,0.84776780113503758,0,1,1.3883204270746368
Labour,UNRATE,3,after_week_2,2024-07,Labour Equal-Weight Ensemble,short_memory,2024-07-14,2024-08-02,3.8406308728978948,4.2999999999999998,96,48,0.42677118999415375,3.4138596829037411,4.2674020628920486,0.85354237998830751,0,1,1.1795217510678198
Labour,UNRATE,3,after_week_2,2024-07,Labour Equal-Weight Ensemble,long_memory,2024-07-14,2024-08-02,3.8406308728978948,4.2999999999999998,96,48,0.42258096969221981,3.418049903205675,4.2632118425901151,0.84516193938443962,0,1,1.2130435134832873
Labour,UNRATE,4,month_end,2024-07,Labour Equal-Weight Ensemble,short_memory,2024-07-31,2024-08-02,3.8582351600499378,4.2999999999999998,96,48,0.43449518607658133,3.4237399739733565,4.2927303461265192,0.86899037215316266,0,1,0.9416869108879693
Labour,UNRATE,4,month_end,2024-07,Labour Equal-Weight Ensemble,long_memory,2024-07-31,2024-08-02,3.8582351600499378,4.2999999999999998,96,48,0.41891267506842178,3.439322484981516,4.2771478351183596,0.83782535013684356,0,1,1.0663469989532457
Labour,UNRATE,5,pre_employment_report,2024-07,Labour Equal-Weight Ensemble,short_memory,2024-08-01,2024-08-02,3.8579346030451176,4.2999999999999998,96,48,0.37684313188564778,3.4810914711594698,4.2347777349307654,0.75368626377129555,0,1,1.4059089144636401
Labour,UNRATE,5,pre_employment_report,2024-07,Labour Equal-Weight Ensemble,long_memory,2024-08-01,2024-08-02,3.8579346030451176,4.2999999999999998,96,48,0.37684313188564778,3.4810914711594698,4.2347777349307654,0.75368626377129555,0,1,1.4059089144636401
Labour,UNRATE,1,month_open,2024-08,Labour AR(1),short_memory,2024-08-01,2024-09-06,4.2072771242095097,4.2000000000000002,95,48,0.25112144122951952,3.9561556829799902,4.4583985654390297,0.50224288245903903,1,0,0.50224288245903947
Labour,UNRATE,1,month_open,2024-08,Labour AR(1),long_memory,2024-08-01,2024-09-06,4.2072771242095097,4.2000000000000002,95,48,0.46323229185267367,3.7440448323568361,4.670509416062183,0.92646458370534734,1,0,0.9264645837053469
Labour,UNRATE,2,after_week_1,2024-08,Labour Equal-Weight Ensemble,short_memory,2024-08-07,2024-09-06,3.8833706745016534,4.2000000000000002,96,48,0.43722695061613992,3.4461437238855135,4.3205976251177933,0.87445390123227984,1,0,0.87445390123227984
Labour,UNRATE,2,after_week_1,2024-08,Labour Equal-Weight Ensemble,long_memory,2024-08-07,2024-09-06,3.8833706745016534,4.2000000000000002,96,48,0.4273095947892549,3.4560610797123985,4.3106802692909083,0.8546191895785098,1,0,0.8546191895785098
Labour,UNRATE,3,after_week_2,2024-08,Labour Equal-Weight Ensemble,short_memory,2024-08-14,2024-09-06,3.888253088755846,4.2000000000000002,97,48,0.43261166344583302,3.4556414253100129,4.320864752201679,0.86522332689166603,1,0,0.86522332689166603
Labour,UNRATE,3,after_week_2,2024-08,Labour Equal-Weight Ensemble,long_memory,2024-08-14,2024-09-06,3.888253088755846,4.2000000000000002,97,48,0.42677118999415375,3.4614818987616922,4.3150242787500002,0.85354237998830751,1,0,0.85354237998830795
Labour,UNRATE,4,month_end,2024-08,Labour Equal-Weight Ensemble,short_memory,2024-08-31,2024-09-06,3.879478541610657,4.2000000000000002,97,48,0.4350658640005185,3.4444126776101385,4.3145444056111755,0.870131728001037,1,0,0.870131728001037
Labour,UNRATE,4,month_end,2024-08,Labour Equal-Weight Ensemble,long_memory,2024-08-31,2024-09-06,3.879478541610657,4.2000000000000002,97,48,0.43449518607658133,3.4449833555340756,4.3139737276872383,0.86899037215316266,1,0,0.86899037215316266
Labour,UNRATE,5,pre_employment_report,2024-08,Labour Equal-Weight Ensemble,short_memory,2024-09-05,2024-09-06,3.9414452074123223,4.2000000000000002,97,48,0.39881732904719547,3.5426278783651268,4.3402625364595178,0.79763465809439094,1,0,0.79763465809439094
Labour,UNRATE,5,pre_employment_report,2024-08,Labour Equal-Weight Ensemble,long_memory,2024-09-05,2024-09-06,3.9414452074123223,4.2000000000000002,97,48,0.39881732904719547,3.5426278783651268,4.3402625364595178,0.79763465809439094,1,0,0.79763465809439094
Labour,UNRATE,1,month_open,2024-09,Labour AR(1),short_memory,2024-09-01,2024-10-04,4.2072771242095097,4.0999999999999996,96,48,0.28051204792375017,3.9267650762857595,4.4877891721332599,0.56102409584750035,1,0,0.56102409584750035
Labour,UNRATE,1,month_open,2024-09,Labour AR(1),long_memory,2024-09-01,2024-10-04,4.2072771242095097,4.0999999999999996,96,48,0.46323229185267367,3.7440448323568361,4.670509416062183,0.92646458370534734,1,0,0.9264645837053469
Labour,UNRATE,2,after_week_1,2024-09,Labour Equal-Weight Ensemble,short_memory,2024-09-07,2024-10-04,3.9551828417963613,4.0999999999999996,97,48,0.43722695061613992,3.5179558911802213,4.3924097924125007,0.87445390123227984,1,0,0.8744539012322794
Labour,UNRATE,2,after_week_1,2024-09,Labour Equal-Weight Ensemble,long_memory,2024-09-07,2024-10-04,3.9551828417963613,4.0999999999999996,97,48,0.4273095947892549,3.5278732470071064,4.3824924365856166,0.8546191895785098,1,0,0.85461918957851024
Labour,UNRATE,3,after_week_2,2024-09,Labour Equal-Weight Ensemble,short_memory,2024-09-14,2024-10-04,3.9523210080902493,4.0999999999999996,98,48,0.43261166344583302,3.5197093446444163,4.3849326715360828,0.86522332689166603,1,0,0.86522332689166648
Labour,UNRATE,3,after_week_2,2024-09,Labour Equal-Weight Ensemble,long_memory,2024-09-14,2024-10-04,3.9523210080902493,4.0999999999999996,98,48,0.42258096969221981,3.5297400383980295,4.3749019777824696,0.84516193938443962,1,0,0.84516193938444006
Labour,UNRATE,4,month_end,2024-09,Labour Equal-Weight Ensemble,short_memory,2024-09-30,2024-10-04,3.9402602681638541,4.0999999999999996,98,48,0.43449518607658133,3.5057650820872728,4.3747554542404359,0.86899037215316266,1,0,0.8689903721531631
Labour,UNRATE,4,month_end,2024-09,Labour Equal-Weight Ensemble,long_memory,2024-09-30,2024-10-04,3.9402602681638541,4.0999999999999996,98,48,0.43449518607658133,3.5057650820872728,4.3747554542404359,0.86899037215316266,1,0,0.8689903721531631
Labour,UNRATE,5,pre_employment_report,2024-09,Labour Equal-Weight Ensemble,short_memory,2024-10-03,2024-10-04,3.941688115035566,4.0999999999999996,98,48,0.39881732904719547,3.5428707859883706,4.340505444082762,0.79763465809439094,1,0,0.79763465809439138
Labour,UNRATE,5,pre_employment_report,2024-09,Labour Equal-Weight Ensemble,long_memory,2024-10-03,2024-10-04,3.941688115035566,4.0999999999999996,98,48,0.37684313188564778,3.5648449831499183,4.3185312469212143,0.75368626377129555,1,0,0.75368626377129599
Labour,UNRATE,1,month_open,2024-10,Labour AR(1),short_memory,2024-10-01,2024-11-01,4.300601936106986,4.0999999999999996,97,48,0.28051204792375017,4.0200898881832359,4.5811139840307362,0.56102409584750035,1,0,0.56102409584750035
Labour,UNRATE,1,month_open,2024-10,Labour AR(1),long_memory,2024-10-01,2024-11-01,4.300601936106986,4.0999999999999996,97,48,0.45440267815806612,3.8461992579489199,4.7550046142650526,0.90880535631613224,1,0,0.90880535631613268
Labour,UNRATE,2,after_week_1,2024-10,Labour Equal-Weight Ensemble,short_memory,2024-10-07,2024-11-01,3.8789887984782996,4.0999999999999996,98,48,0.42919581179683197,3.4497929866814676,4.3081846102751316,0.85839162359366394,1,0,0.85839162359366394
Labour,UNRATE,2,after_week_1,2024-10,Labour Equal-Weight Ensemble,long_memory,2024-10-07,2024-11-01,3.8789887984782996,4.0999999999999996,98,48,0.42388390056751879,3.4551048979107808,4.3028726990458184,0.84776780113503758,1,0,0.84776780113503758
Labour,UNRATE,3,after_week_2,2024-10,Labour Equal-Weight Ensemble,short_memory,2024-10-14,2024-11-01,3.8608951058978174,4.0999999999999996,99,48,0.43261166344583302,3.4282834424519844,4.2935067693436508,0.86522332689166603,1,0,0.86522332689166648
Labour,UNRATE,3,after_week_2,2024-10,Labour Equal-Weight Ensemble,long_memory,2024-10-14,2024-11-01,3.8608951058978174,4.0999999999999996,99,48,0.42258096969221981,3.4383141362055976,4.2834760755900376,0.84516193938443962,1,0,0.84516193938444006
Labour,UNRATE,4,month_end,2024-10,Labour Equal-Weight Ensemble,short_memory,2024-10-31,2024-11-01,3.8394559484500825,4.0999999999999996,99,48,0.43449518607658133,3.4049607623735012,4.2739511345266639,0.86899037215316266,1,0,0.86899037215316266
Labour,UNRATE,4,month_end,2024-10,Labour Equal-Weight Ensemble,long_memory,2024-10-31,2024-11-01,3.8394559484500825,4.0999999999999996,99,48,0.41891267506842178,3.4205432733816608,4.2583686235185043,0.83782535013684356,1,0,0.83782535013684356
Labour,UNRATE,5,pre_employment_report,2024-10,Labour Equal-Weight Ensemble,short_memory,2024-10-31,2024-11-01,3.8394559484500825,4.0999999999999996,99,48,0.39881732904719547,3.4406386194028871,4.238273277497278,0.79763465809439094,1,0,0.79763465809439094
Labour,UNRATE,5,pre_employment_report,2024-10,Labour Equal-Weight Ensemble,long_memory,2024-10-31,2024-11-01,3.8394559484500825,4.0999999999999996,99,48,0.37684313188564778,3.4626128165644348,4.2162990803357303,0.75368626377129555,1,0,0.75368626377129555
Labour,UNRATE,1,month_open,2024-11,Labour AR(1),short_memory,2024-11-01,2024-12-06,4.205054557438574,4.2000000000000002,98,48,0.25112144122951952,3.9539331162090545,4.456175998668094,0.50224288245903903,1,0,0.50224288245903947
Labour,UNRATE,1,month_open,2024-11,Labour AR(1),long_memory,2024-11-01,2024-12-06,4.205054557438574,4.2000000000000002,98,48,0.42055424653938633,3.7845003108991877,4.6256088039779604,0.84110849307877267,1,0,0.84110849307877267
Labour,UNRATE,2,after_week_1,2024-11,Labour Equal-Weight Ensemble,short_memory,2024-11-07,2024-12-06,3.9740200921971649,4.2000000000000002,99,48,0.4273095947892549,3.54671049740791,4.4013296869864202,0.8546191895785098,1,0,0.85461918957851024
Labour,UNRATE,2,after_week_1,2024-11,Labour Equal-Weight Ensemble,long_memory,2024-11-07,2024-12-06,3.9740200921971649,4.2000000000000002,99,48,0.42388390056751879,3.5501361916296461,4.3979039927646841,0.84776780113503758,1,0,0.84776780113503802
Labour,UNRATE,3,after_week_2,2024-11,Labour Equal-Weight Ensemble,short_memory,2024-11-14,2024-12-06,3.9587108045585246,4.2000000000000002,100,48,0.42677118999415375,3.5319396145643709,4.3854819945526788,0.85354237998830751,1,0,0.85354237998830795
Labour,UNRATE,3,after_week_2,2024-11,Labour Equal-Weight Ensemble,long_memory,2024-11-14,2024-12-06,3.9587108045585246,4.2000000000000002,100,48,0.41370236743281597,3.5450084371257087,4.3724131719913402,0.82740473486563193,1,0,0.82740473486563149
Labour,UNRATE,4,month_end,2024-11,Labour Equal-Weight Ensemble,short_memory,2024-11-30,2024-12-06,3.9645073212562529,4.2000000000000002,100,48,0.43449518607658133,3.5300121351796716,4.3990025073328347,0.86899037215316266,1,0,0.8689903721531631
Labour,UNRATE,4,month_end,2024-11,Labour Equal-Weight Ensemble,long_memory,2024-11-30,2024-12-06,3.9645073212562529,4.2000000000000002,100,48,0.40824771995398379,3.5562596013022691,4.3727550412102367,0.81649543990796758,1,0,0.81649543990796758
Labour,UNRATE,5,pre_employment_report,2024-11,Labour Equal-Weight Ensemble,short_memory,2024-12-05,2024-12-06,3.9721990059386769,4.2000000000000002,100,48,0.37684313188564778,3.5953558740530291,4.3490421378243251,0.75368626377129555,1,0,0.75368626377129599
Labour,UNRATE,5,pre_employment_report,2024-11,Labour Equal-Weight Ensemble,long_memory,2024-12-05,2024-12-06,3.9721990059386769,4.2000000000000002,100,48,0.37513311205251831,3.5970658938861586,4.3473321179911952,0.75026622410503663,1,0,0.75026622410503663
Labour,UNRATE,1,month_open,2024-12,Labour AR(1),short_memory,2024-12-01,2025-01-10,4.205054557438574,4.0999999999999996,99,48,0.25112144122951952,3.9539331162090545,4.456175998668094,0.50224288245903903,1,0,0.50224288245903947
Labour,UNRATE,1,month_open,2024-12,Labour AR(1),long_memory,2024-12-01,2025-01-10,4.205054557438574,4.0999999999999996,99,48,0.36527667249966367,3.8397778849389104,4.5703312299382377,0.73055334499932734,1,0,0.73055334499932734
Labour,UNRATE,2,after_week_1,2024-12,Labour Equal-Weight Ensemble,short_memory,2024-12-07,2025-01-10,3.8435978157561674,4.0999999999999996,100,48,0.42388390056751879,3.4197139151886486,4.2674817163236867,0.84776780113503758,1,0,0.84776780113503802
Labour,UNRATE,2,after_week_1,2024-12,Labour Equal-Weight Ensemble,long_memory,2024-12-07,2025-01-10,3.8435978157561674,4.0999999999999996,100,48,0.40775354084843007,3.4358442749077374,4.251351356604598,0.81550708169686015,1,0,0.81550708169686059
Labour,UNRATE,3,after_week_2,2024-12,Labour Equal-Weight Ensemble,short_memory,2024-12-14,2025-01-10,3.8196619273953059,4.0999999999999996,101,48,0.42677118999415375,3.3928907374011521,4.2464331173894596,0.85354237998830751,1,0,0.85354237998830751
Labour,UNRATE,3,after_week_2,2024-12,Labour Equal-Weight Ensemble,long_memory,2024-12-14,2025-01-10,3.8196619273953059,4.0999999999999996,101,48,0.41370236743281597,3.4059595599624899,4.2333642948281218,0.82740473486563193,1,0,0.82740473486563193
Labour,UNRATE,4,month_end,2024-12,Labour Equal-Weight Ensemble,short_memory,2024-12-31,2025-01-10,3.8234157002565854,4.0999999999999996,101,48,0.41891267506842178,3.4045030251881636,4.2423283753250072,0.83782535013684356,1,0,0.83782535013684356
Labour,UNRATE,4,month_end,2024-12,Labour Equal-Weight Ensemble,long_memory,2024-12-31,2025-01-10,3.8234157002565854,4.0999999999999996,101,48,0.40824771995398379,3.4151679803026016,4.2316634202105696,0.81649543990796758,1,0,0.81649543990796802
Labour,UNRATE,5,pre_employment_report,2024-12,Labour Equal-Weight Ensemble,short_memory,2025-01-09,2025-01-10,3.8758136412525555,4.0999999999999996,101,48,0.37684313188564778,3.4989705093669077,4.2526567731382032,0.75368626377129555,1,0,0.75368626377129555
Labour,UNRATE,5,pre_employment_report,2024-12,Labour Equal-Weight Ensemble,long_memory,2025-01-09,2025-01-10,3.8758136412525555,4.0999999999999996,101,48,0.37513311205251831,3.5006805292000371,4.2509467533050742,0.75026622410503663,1,0,0.75026622410503707
Labour,UNRATE,1,month_open,2025-01,Labour AR(1),short_memory,2025-01-01,2025-02-07,4.2042576964192797,4,100,48,0.23106304051680659,3.9731946559024731,4.4353207369360863,0.46212608103361319,1,0,0.46212608103361319
Labour,UNRATE,1,month_open,2025-01,Labour AR(1),long_memory,2025-01-01,2025-02-07,4.2042576964192797,4,100,48,0.36527667249966367,3.838981023919616,4.5695343689189434,0.73055334499932734,1,0,0.73055334499932734
Labour,UNRATE,2,after_week_1,2025-01,Labour Equal-Weight Ensemble,short_memory,2025-01-07,2025-02-07,3.9014734888600806,4,100,48,0.42388390056751879,3.4775895882925618,4.3253573894275998,0.84776780113503758,1,0,0.84776780113503802
Labour,UNRATE,2,after_week_1,2025-01,Labour Equal-Weight Ensemble,long_memory,2025-01-07,2025-02-07,3.9014734888600806,4,100,48,0.40775354084843007,3.4937199480116505,4.3092270297085111,0.81550708169686015,1,0,0.81550708169686059
Labour,UNRATE,3,after_week_2,2025-01,Labour Equal-Weight Ensemble,short_memory,2025-01-14,2025-02-07,3.8923046775171808,4,102,48,0.42258096969221981,3.469723707824961,4.314885647209401,0.84516193938443962,1,0,0.84516193938444006
Labour,UNRATE,3,after_week_2,2025-01,Labour Equal-Weight Ensemble,long_memory,2025-01-14,2025-02-07,3.8923046775171808,4,102,48,0.41370236743281597,3.4786023100843648,4.3060070449499968,0.82740473486563193,1,0,0.82740473486563193
Labour,UNRATE,4,month_end,2025-01,Labour Equal-Weight Ensemble,short_memory,2025-01-31,2025-02-07,3.8895466661463529,4,102,48,0.40824771995398379,3.4812989461923691,4.2977943861003371,0.81649543990796758,1,0,0.81649543990796802
Labour,UNRATE,4,month_end,2025-01,Labour Equal-Weight Ensemble,long_memory,2025-01-31,2025-02-07,3.8895466661463529,4,102,48,0.40824771995398379,3.4812989461923691,4.2977943861003371,0.81649543990796758,1,0,0.81649543990796802
Labour,UNRATE,5,pre_employment_report,2025-01,Labour Equal-Weight Ensemble,short_memory,2025-02-06,2025-02-07,3.8252773517314558,4,102,48,0.37684313188564778,3.448434219845808,4.2021204836171036,0.75368626377129555,1,0,0.75368626377129555
Labour,UNRATE,5,pre_employment_report,2025-01,Labour Equal-Weight Ensemble,long_memory,2025-02-06,2025-02-07,3.8252773517314558,4,102,48,0.37513311205251831,3.4501442396789375,4.2004104637839745,0.75026622410503663,1,0,0.75026622410503707
Labour,UNRATE,1,month_open,2025-02,Labour AR(1),short_memory,2025-02-01,2025-03-07,4.298251586519287,4.0999999999999996,101,48,0.23106304051680659,4.0671885460024804,4.5293146270360936,0.46212608103361319,1,0,0.46212608103361319
Labour,UNRATE,1,month_open,2025-02,Labour AR(1),long_memory,2025-02-01,2025-03-07,4.298251586519287,4.0999999999999996,101,48,0.35440267815806603,3.9438489083612209,4.652654264677353,0.70880535631613206,1,0,0.70880535631613206
Labour,UNRATE,2,after_week_1,2025-02,Labour Equal-Weight Ensemble,short_memory,2025-02-07,2025-03-07,3.8506140167273464,4.0999999999999996,101,48,0.40775354084843007,3.4428604758789163,4.2583675575757765,0.81550708169686015,1,0,0.81550708169686015
Labour,UNRATE,2,after_week_1,2025-02,Labour Equal-Weight Ensemble,long_memory,2025-02-07,2025-03-07,3.8506140167273464,4.0999999999999996,101,48,0.40775354084843007,3.4428604758789163,4.2583675575757765,0.81550708169686015,1,0,0.81550708169686015
Labour,UNRATE,3,after_week_2,2025-02,Labour Equal-Weight Ensemble,short_memory,2025-02-14,2025-03-07,3.8455036121749884,4.0999999999999996,103,48,0.42258096969221981,3.4229226424827686,4.2680845818672086,0.84516193938443962,1,0,0.84516193938444006
Labour,UNRATE,3,after_week_2,2025-02,Labour Equal-Weight Ensemble,long_memory,2025-02-14,2025-03-07,3.8455036121749884,4.0999999999999996,103,48,0.41370236743281597,3.4318012447421724,4.2592059796078043,0.82740473486563193,1,0,0.82740473486563193
Labour,UNRATE,4,month_end,2025-02,Labour Equal-Weight Ensemble,short_memory,2025-02-28,2025-03-07,3.8435718855384344,4.0999999999999996,103,48,0.40824771995398379,3.4353241655844506,4.2518196054924182,0.81649543990796758,1,0,0.81649543990796758
Labour,UNRATE,4,month_end,2025-02,Labour Equal-Weight Ensemble,long_memory,2025-02-28,2025-03-07,3.8435718855384344,4.0999999999999996,103,48,0.40824771995398379,3.4353241655844506,4.2518196054924182,0.81649543990796758,1,0,0.81649543990796758
Labour,UNRATE,5,pre_employment_report,2025-02,Labour Equal-Weight Ensemble,short_memory,2025-03-06,2025-03-07,3.8463048739351957,4.0999999999999996,103,48,0.37513311205251831,3.4711717618826774,4.2214379859877145,0.75026622410503663,1,0,0.75026622410503707
Labour,UNRATE,5,pre_employment_report,2025-02,Labour Equal-Weight Ensemble,long_memory,2025-03-06,2025-03-07,3.8463048739351957,4.0999999999999996,103,48,0.37513311205251831,3.4711717618826774,4.2214379859877145,0.75026622410503663,1,0,0.75026622410503707
Labour,UNRATE,1,month_open,2025-03,Labour AR(1),short_memory,2025-03-01,2025-04-04,4.2026916370767751,4.2000000000000002,102,48,0.20425769641927971,3.9984339406574954,4.4069493334960548,0.40851539283855942,1,0,0.40851539283855942
Labour,UNRATE,1,month_open,2025-03,Labour AR(1),long_memory,2025-03-01,2025-04-04,4.2026916370767751,4.2000000000000002,102,48,0.32472343160561845,3.8779682054711566,4.5274150686823935,0.6494468632112369,1,0,0.6494468632112369
Labour,UNRATE,2,after_week_1,2025-03,Labour Equal-Weight Ensemble,short_memory,2025-03-07,2025-04-04,3.8225514835374548,4.2000000000000002,102,48,0.40775354084843007,3.4147979426890247,4.2303050243858848,0.81550708169686015,1,0,0.81550708169686015
Labour,UNRATE,2,after_week_1,2025-03,Labour Equal-Weight Ensemble,long_memory,2025-03-07,2025-04-04,3.8225514835374548,4.2000000000000002,102,48,0.40775354084843007,3.4147979426890247,4.2303050243858848,0.81550708169686015,1,0,0.81550708169686015
Labour,UNRATE,3,after_week_2,2025-03,Labour Equal-Weight Ensemble,short_memory,2025-03-14,2025-04-04,3.8266965059966083,4.2000000000000002,104,48,0.41370236743281597,3.4129941385637923,4.2403988734294238,0.82740473486563193,1,0,0.82740473486563149
Labour,UNRATE,3,after_week_2,2025-03,Labour Equal-Weight Ensemble,long_memory,2025-03-14,2025-04-04,3.8266965059966083,4.2000000000000002,104,48,0.39825483329902589,3.4284416726975824,4.2249513392956342,0.79650966659805178,1,0,0.79650966659805178
Labour,UNRATE,4,month_end,2025-03,Labour Equal-Weight Ensemble,short_memory,2025-03-31,2025-04-04,3.8254413546429582,4.2000000000000002,104,48,0.40612464422365857,3.4193167104192996,4.2315659988666168,0.81224928844731714,1,0,0.81224928844731714
Labour,UNRATE,4,month_end,2025-03,Labour Equal-Weight Ensemble,long_memory,2025-03-31,2025-04-04,3.8254413546429582,4.2000000000000002,104,48,0.40612464422365857,3.4193167104192996,4.2315659988666168,0.81224928844731714,1,0,0.81224928844731714
Labour,UNRATE,5,pre_employment_report,2025-03,Labour Equal-Weight Ensemble,short_memory,2025-04-03,2025-04-04,3.8564368840004861,4.2000000000000002,104,48,0.37513311205251831,3.4813037719479678,4.231569996053004,0.75026622410503663,1,0,0.75026622410503618
Labour,UNRATE,5,pre_employment_report,2025-03,Labour Equal-Weight Ensemble,long_memory,2025-04-03,2025-04-04,3.8564368840004861,4.2000000000000002,104,48,0.37513311205251831,3.4813037719479678,4.231569996053004,0.75026622410503663,1,0,0.75026622410503618
Labour,UNRATE,1,month_open,2025-04,Labour AR(1),short_memory,2025-04-01,2025-05-02,4.2011332435481075,4.2000000000000002,103,48,0.20425769641927971,3.9968755471288278,4.4053909399673872,0.40851539283855942,1,0,0.40851539283855942
Labour,UNRATE,1,month_open,2025-04,Labour AR(1),long_memory,2025-04-01,2025-05-02,4.2011332435481075,4.2000000000000002,103,48,0.32472343160561845,3.876409811942489,4.5258566751537259,0.6494468632112369,1,0,0.6494468632112369
Labour,UNRATE,2,after_week_1,2025-04,Labour Equal-Weight Ensemble,short_memory,2025-04-07,2025-05-02,3.869853379886953,4.2000000000000002,104,48,0.3774485164625454,3.4924048634244076,4.247301896349498,0.75489703292509081,1,0,0.75489703292509036
Labour,UNRATE,2,after_week_1,2025-04,Labour Equal-Weight Ensemble,long_memory,2025-04-07,2025-05-02,3.869853379886953,4.2000000000000002,104,48,0.40775354084843007,3.4620998390385229,4.2776069207353835,0.81550708169686015,1,0,0.81550708169686059
Labour,UNRATE,3,after_week_2,2025-04,Labour Equal-Weight Ensemble,short_memory,2025-04-14,2025-05-02,3.8646617662816891,4.2000000000000002,105,48,0.37667487818247647,3.4879868880992126,4.241336644464166,0.75334975636495294,1,0,0.75334975636495338
Labour,UNRATE,3,after_week_2,2025-04,Labour Equal-Weight Ensemble,long_memory,2025-04-14,2025-05-02,3.8646617662816891,4.2000000000000002,105,48,0.39825483329902589,3.4664069329826632,4.2629165995807146,0.79650966659805178,1,0,0.79650966659805134
Labour,UNRATE,4,month_end,2025-04,Labour Equal-Weight Ensemble,short_memory,2025-04-30,2025-05-02,3.8999455311177047,4.2000000000000002,105,48,0.37455864535704197,3.5253868857606627,4.2745041764747462,0.74911729071408395,1,0,0.74911729071408351
Labour,UNRATE,4,month_end,2025-04,Labour Equal-Weight Ensemble,long_memory,2025-04-30,2025-05-02,3.8999455311177047,4.2000000000000002,105,48,0.40612464422365857,3.4938208868940461,4.3060701753413628,0.81224928844731714,1,0,0.8122492884473167
Labour,UNRATE,5,pre_employment_report,2025-04,Labour Equal-Weight Ensemble,short_memory,2025-05-01,2025-05-02,3.9021265171826336,4.2000000000000002,105,48,0.34356311599951406,3.5585634011831195,4.2456896331821472,0.68712623199902811,1,0,0.68712623199902767
Labour,UNRATE,5,pre_employment_report,2025-04,Labour Equal-Weight Ensemble,long_memory,2025-05-01,2025-05-02,3.9021265171826336,4.2000000000000002,105,48,0.35108237868683156,3.551044138495802,4.2532088958694647,0.70216475737366313,1,0,0.70216475737366268
Labour,UNRATE,1,month_open,2025-05,Labour AR(1),short_memory,2025-05-01,2025-06-06,4.2953002691272619,4.2000000000000002,104,48,0.20425769641927971,4.0910425727079822,4.4995579655465416,0.40851539283855942,1,0,0.40851539283855942
Labour,UNRATE,1,month_open,2025-05,Labour AR(1),long_memory,2025-05-01,2025-06-06,4.2953002691272619,4.2000000000000002,104,48,0.28051204792375017,4.0147882212035118,4.5758123170510121,0.56102409584750035,1,0,0.56102409584750035
Labour,UNRATE,2,after_week_1,2025-05,Labour Equal-Weight Ensemble,short_memory,2025-05-07,2025-06-06,3.8957634420143101,4.2000000000000002,105,48,0.3774485164625454,3.5183149255517647,4.2732119584768551,0.75489703292509081,1,0,0.75489703292509036
Labour,UNRATE,2,after_week_1,2025-05,Labour Equal-Weight Ensemble,long_memory,2025-05-07,2025-06-06,3.8957634420143101,4.2000000000000002,105,48,0.38942719072507703,3.5063362512892331,4.2851906327393872,0.77885438145015407,1,0,0.77885438145015407
Labour,UNRATE,3,after_week_2,2025-05,Labour Equal-Weight Ensemble,short_memory,2025-05-14,2025-06-06,3.8955836559679295,4.2000000000000002,106,48,0.37330349400339191,3.5222801619645376,4.2688871499713219,0.74660698800678382,1,0,0.74660698800678427
Labour,UNRATE,3,after_week_2,2025-05,Labour Equal-Weight Ensemble,long_memory,2025-05-14,2025-06-06,3.8955836559679295,4.2000000000000002,106,48,0.3967836030264098,3.4988000529415197,4.2923672589943394,0.79356720605281961,1,0,0.79356720605281961
Labour,UNRATE,4,month_end,2025-05,Labour Equal-Weight Ensemble,short_memory,2025-05-31,2025-06-06,3.8967891254789233,4.2000000000000002,106,48,0.37455864535704197,3.5222304801218813,4.2713477708359653,0.74911729071408395,1,0,0.74911729071408395
Labour,UNRATE,4,month_end,2025-05,Labour Equal-Weight Ensemble,long_memory,2025-05-31,2025-06-06,3.8967891254789233,4.2000000000000002,106,48,0.40612464422365857,3.4906644812552647,4.3029137697025819,0.81224928844731714,1,0,0.81224928844731714
Labour,UNRATE,5,pre_employment_report,2025-05,Labour Equal-Weight Ensemble,short_memory,2025-06-05,2025-06-06,3.9285502522475313,4.2000000000000002,106,48,0.34356311599951406,3.5849871362480172,4.2721133682470454,0.68712623199902811,1,0,0.68712623199902811
Labour,UNRATE,5,pre_employment_report,2025-05,Labour Equal-Weight Ensemble,long_memory,2025-06-05,2025-06-06,3.9285502522475313,4.2000000000000002,106,48,0.35108237868683156,3.5774678735606997,4.2796326309343629,0.70216475737366313,1,0,0.70216475737366313
Labour,UNRATE,1,month_open,2025-06,Labour AR(1),short_memory,2025-06-01,2025-07-03,4.2953002691272619,4.0999999999999996,105,48,0.20425769641927971,4.0910425727079822,4.4995579655465416,0.40851539283855942,1,0,0.40851539283855942
Labour,UNRATE,1,month_open,2025-06,Labour AR(1),long_memory,2025-06-01,2025-07-03,4.2953002691272619,4.0999999999999996,105,48,0.28051204792375017,4.0147882212035118,4.5758123170510121,0.56102409584750035,1,0,0.56102409584750035
Labour,UNRATE,2,after_week_1,2025-06,Labour Equal-Weight Ensemble,short_memory,2025-06-07,2025-07-03,4.0485789819234386,4.0999999999999996,106,48,0.3774485164625454,3.6711304654608932,4.4260274983859844,0.75489703292509081,1,0,0.75489703292509125
Labour,UNRATE,2,after_week_1,2025-06,Labour Equal-Weight Ensemble,long_memory,2025-06-07,2025-07-03,4.0485789819234386,4.0999999999999996,106,48,0.38942719072507703,3.6591517911983615,4.4380061726485156,0.77885438145015407,1,0,0.77885438145015407
Labour,UNRATE,3,after_week_2,2025-06,Labour Equal-Weight Ensemble,short_memory,2025-06-14,2025-07-03,4.0522971829495971,4.0999999999999996,107,48,0.37330349400339191,3.6789936889462052,4.425600676952989,0.74660698800678382,1,0,0.74660698800678382
Labour,UNRATE,3,after_week_2,2025-06,Labour Equal-Weight Ensemble,long_memory,2025-06-14,2025-07-03,4.0522971829495971,4.0999999999999996,107,48,0.38134090683961563,3.6709562761099814,4.4336380897892127,0.76268181367923127,1,0,0.76268181367923127
Labour,UNRATE,4,month_end,2025-06,Labour Equal-Weight Ensemble,short_memory,2025-06-30,2025-07-03,4.0609555910175539,4.0999999999999996,107,48,0.37455864535704197,3.6863969456605119,4.4355142363745959,0.74911729071408395,1,0,0.74911729071408395
Labour,UNRATE,4,month_end,2025-06,Labour Equal-Weight Ensemble,long_memory,2025-06-30,2025-07-03,4.0609555910175539,4.0999999999999996,107,48,0.37749749053802484,3.683458100479529,4.4384530815555792,0.75499498107604968,1,0,0.75499498107605012
Labour,UNRATE,5,pre_employment_report,2025-06,Labour Equal-Weight Ensemble,short_memory,2025-07-02,2025-07-03,4.0663943025692655,4.0999999999999996,107,48,0.34356311599951406,3.7228311865697514,4.40995741856878,0.68712623199902811,1,0,0.68712623199902856
Labour,UNRATE,5,pre_employment_report,2025-06,Labour Equal-Weight Ensemble,long_memory,2025-07-02,2025-07-03,4.0663943025692655,4.0999999999999996,107,48,0.34722837738312418,3.7191659251861413,4.4136226799523897,0.69445675476624835,1,0,0.69445675476624835
Labour,UNRATE,1,month_open,2025-07,Labour AR(1),short_memory,2025-07-01,2025-08-01,4.2939843483277977,4.2000000000000002,106,48,0.2006019361069864,4.0933824122208113,4.4945862844347841,0.4012038722139728,1,0,0.4012038722139728
Labour,UNRATE,1,month_open,2025-07,Labour AR(1),long_memory,2025-07-01,2025-08-01,4.2939843483277977,4.2000000000000002,106,48,0.27208316520730857,4.0219011831204892,4.5660675135351063,0.54416633041461715,1,0,0.54416633041461715
Labour,UNRATE,2,after_week_1,2025-07,Labour Equal-Weight Ensemble,short_memory,2025-07-07,2025-08-01,4.0321954306201286,4.2000000000000002,107,48,0.3774485164625454,3.6547469141575832,4.4096439470826745,0.75489703292509081,1,0,0.75489703292509125
Labour,UNRATE,2,after_week_1,2025-07,Labour Equal-Weight Ensemble,long_memory,2025-07-07,2025-08-01,4.0321954306201286,4.2000000000000002,107,48,0.3774485164625454,3.6547469141575832,4.4096439470826745,0.75489703292509081,1,0,0.75489703292509125
Labour,UNRATE,3,after_week_2,2025-07,Labour Equal-Weight Ensemble,short_memory,2025-07-14,2025-08-01,4.0450071115502135,4.2000000000000002,108,48,0.37330349400339191,3.6717036175468216,4.4183106055536054,0.74660698800678382,1,0,0.74660698800678382
Labour,UNRATE,3,after_week_2,2025-07,Labour Equal-Weight Ensemble,long_memory,2025-07-14,2025-08-01,4.0450071115502135,4.2000000000000002,108,48,0.37667487818247647,3.6683322333677371,4.42168198973269,0.75334975636495294,1,0,0.75334975636495294
Labour,UNRATE,4,month_end,2025-07,Labour Equal-Weight Ensemble,short_memory,2025-07-31,2025-08-01,3.9721348043298073,4.2000000000000002,108,48,0.37455864535704197,3.5975761589727653,4.3466934496868497,0.74911729071408395,1,0,0.74911729071408439
Labour,UNRATE,4,month_end,2025-07,Labour Equal-Weight Ensemble,long_memory,2025-07-31,2025-08-01,3.9721348043298073,4.2000000000000002,108,48,0.37749749053802484,3.5946373137917824,4.3496322948678321,0.75499498107604968,1,0,0.75499498107604968
Labour,UNRATE,5,pre_employment_report,2025-07,Labour Equal-Weight Ensemble,short_memory,2025-07-31,2025-08-01,3.9721348043298073,4.2000000000000002,108,48,0.34356311599951406,3.6285716883302932,4.3156979203293213,0.68712623199902811,1,0,0.68712623199902811
Labour,UNRATE,5,pre_employment_report,2025-07,Labour Equal-Weight Ensemble,long_memory,2025-07-31,2025-08-01,3.9721348043298073,4.2000000000000002,108,48,0.34356311599951406,3.6285716883302932,4.3156979203293213,0.68712623199902811,1,0,0.68712623199902811
Labour,UNRATE,1,month_open,2025-08,Labour AR(1),short_memory,2025-08-01,2025-09-05,4.1984209601996412,4.2999999999999998,107,48,0.2006019361069864,3.9978190240926548,4.3990228963066276,0.4012038722139728,1,0,0.4012038722139728
Labour,UNRATE,1,month_open,2025-08,Labour AR(1),long_memory,2025-08-01,2025-09-05,4.1984209601996412,4.2999999999999998,107,48,0.27208316520730857,3.9263377949923326,4.4705041254069497,0.54416633041461715,1,0,0.54416633041461715
Labour,UNRATE,2,after_week_1,2025-08,Labour Equal-Weight Ensemble,short_memory,2025-08-07,2025-09-05,3.9271893949229475,4.2999999999999998,108,48,0.34872079758717645,3.5784685973357711,4.2759101925101239,0.69744159517435289,0,1,0.9383396700731117
Labour,UNRATE,2,after_week_1,2025-08,Labour Equal-Weight Ensemble,long_memory,2025-08-07,2025-09-05,3.9271893949229475,4.2999999999999998,108,48,0.3774485164625454,3.5497408784604021,4.3046379113854929,0.75489703292509081,1,0,0.75489703292509081
Labour,UNRATE,3,after_week_2,2025-08,Labour Equal-Weight Ensemble,short_memory,2025-08-14,2025-09-05,3.9283623908376857,4.2999999999999998,109,48,0.33533823371831106,3.5930241571193746,4.2637006245559963,0.67067646743662213,0,1,1.0336702218766569
Labour,UNRATE,3,after_week_2,2025-08,Labour Equal-Weight Ensemble,long_memory,2025-08-14,2025-09-05,3.9283623908376857,4.2999999999999998,109,48,0.37667487818247647,3.5516875126552092,4.3050372690201621,0.75334975636495294,1,0,0.75334975636495294
Labour,UNRATE,4,month_end,2025-08,Labour Equal-Weight Ensemble,short_memory,2025-08-31,2025-09-05,3.9287296322501173,4.2999999999999998,109,48,0.33259253188529803,3.5961371003648193,4.2613221641354153,0.66518506377059605,0,1,1.0519634224164411
Labour,UNRATE,4,month_end,2025-08,Labour Equal-Weight Ensemble,long_memory,2025-08-31,2025-09-05,3.9287296322501173,4.2999999999999998,109,48,0.37455864535704197,3.5541709868930753,4.3032882776071588,0.74911729071408395,1,0,0.74911729071408351
Labour,UNRATE,5,pre_employment_report,2025-08,Labour Equal-Weight Ensemble,short_memory,2025-09-04,2025-09-05,3.9634265170268534,4.2999999999999998,109,48,0.34264619568981391,3.6207803213370395,4.3060727127166674,0.68529239137962783,1,0,0.68529239137962783
Labour,UNRATE,5,pre_employment_report,2025-08,Labour Equal-Weight Ensemble,long_memory,2025-09-04,2025-09-05,3.9634265170268534,4.2999999999999998,109,48,0.34356311599951406,3.6198634010273394,4.3069896330263671,0.68712623199902811,1,0,0.68712623199902767
Labour,UNRATE,1,month_open,2025-09,Labour AR(1),short_memory,2025-09-01,2025-11-20,4.1984209601996412,4.4000000000000004,108,48,0.19825158651928732,4.0001693736803539,4.3966725467189285,0.39650317303857463,0,1,0.42977770584929331
Labour,UNRATE,1,month_open,2025-09,Labour AR(1),long_memory,2025-09-01,2025-11-20,4.1984209601996412,4.4000000000000004,108,48,0.26323229185267394,3.9351886683469672,4.4616532520523151,0.52646458370534788,1,0,0.52646458370534788
Labour,UNRATE,2,after_week_1,2025-09,Labour Equal-Weight Ensemble,short_memory,2025-09-07,2025-11-20,3.9816185211341186,4.4000000000000004,109,48,0.37281060507705233,3.6088079160570663,4.354429126211171,0.74562121015410465,0,1,1.2013299480423987
Labour,UNRATE,2,after_week_1,2025-09,Labour Equal-Weight Ensemble,long_memory,2025-09-07,2025-11-20,3.9816185211341186,4.4000000000000004,109,48,0.3774485164625454,3.6041700046715732,4.359067037596664,0.75489703292509081,0,1,1.1642266569584541
Labour,UNRATE,3,after_week_2,2025-09,Labour Equal-Weight Ensemble,short_memory,2025-09-14,2025-11-20,3.9670501695458817,4.4000000000000004,110,48,0.37163760916231414,3.5954125603835676,4.3386877787081959,0.74327521832462828,0,1,1.356397431242673
Labour,UNRATE,3,after_week_2,2025-09,Labour Equal-Weight Ensemble,long_memory,2025-09-14,2025-11-20,3.9670501695458817,4.4000000000000004,110,48,0.37667487818247647,3.5903752913634053,4.3437250477283582,0.75334975636495294,0,1,1.3160992790813744
Labour,UNRATE,4,month_end,2025-09,Labour Equal-Weight Ensemble,short_memory,2025-09-30,2025-11-20,4.0200965889588591,4.4000000000000004,110,48,0.37127036774988253,3.6488262212089766,4.3913669567087421,0.74254073549976507,0,1,0.82887116841234798
Labour,UNRATE,4,month_end,2025-09,Labour Equal-Weight Ensemble,long_memory,2025-09-30,2025-11-20,4.0200965889588591,4.4000000000000004,110,48,0.37455864535704197,3.6455379436018172,4.3946552343159011,0.74911729071408395,0,1,0.80256494755507646
Labour,UNRATE,5,pre_employment_report,2025-09,Labour Equal-Weight Ensemble,short_memory,2025-11-19,2025-11-20,4.0200965889588591,4.4000000000000004,110,48,0.33657348297314638,3.6835231059857128,4.3566700719320055,0.67314696594629275,0,1,1.1064462466262412
Labour,UNRATE,5,pre_employment_report,2025-09,Labour Equal-Weight Ensemble,long_memory,2025-11-19,2025-11-20,4.0200965889588591,4.4000000000000004,110,48,0.34356311599951406,3.6765334729593451,4.3636597049583727,0.68712623199902811,0,1,1.0505291824153038
Labour,UNRATE,1,month_open,2025-11,Labour AR(1),short_memory,2025-11-01,2025-12-16,4.3869467836402611,4.5999999999999996,109,48,0.19825158651928732,4.1886951971209738,4.5851983701595485,0.39650317303857463,0,1,0.54451947144308654
Labour,UNRATE,1,month_open,2025-11,Labour AR(1),long_memory,2025-11-01,2025-12-16,4.3869467836402611,4.5999999999999996,109,48,0.25112144122951952,4.1358253424107421,4.6380682248697802,0.50224288245903903,1,0,0.50224288245903814
Labour,UNRATE,2,after_week_1,2025-11,Labour Equal-Weight Ensemble,short_memory,2025-11-07,2025-12-16,4.0744599735542044,4.5999999999999996,109,48,0.37281060507705233,3.7016493684771521,4.4472705786312563,0.74562121015410465,0,1,2.2729154238415377
Labour,UNRATE,2,after_week_1,2025-11,Labour Equal-Weight Ensemble,long_memory,2025-11-07,2025-12-16,4.0744599735542044,4.5999999999999996,109,48,0.3774485164625454,3.697011457091659,4.4519084900167503,0.75489703292509081,0,1,2.2358121327575851
Labour,UNRATE,3,after_week_2,2025-11,Labour Equal-Weight Ensemble,short_memory,2025-11-14,2025-12-16,4.0744599735542044,4.5999999999999996,110,48,0.37163760916231414,3.7028223643918903,4.4460975827165186,0.74327521832462828,0,1,2.2822993911594391
Labour,UNRATE,3,after_week_2,2025-11,Labour Equal-Weight Ensemble,long_memory,2025-11-14,2025-12-16,4.0744599735542044,4.5999999999999996,110,48,0.37667487818247647,3.6977850953717279,4.4511348517366809,0.75334975636495294,0,1,2.2420012389981405
Labour,UNRATE,4,month_end,2025-11,Labour Equal-Weight Ensemble,short_memory,2025-11-30,2025-12-16,4.0718289599448632,4.5999999999999996,111,48,0.37990341104114123,3.6919255489037219,4.4517323709860044,0.75980682208228245,0,1,2.2424831122222351
Labour,UNRATE,4,month_end,2025-11,Labour Equal-Weight Ensemble,long_memory,2025-11-30,2025-12-16,4.0718289599448632,4.5999999999999996,111,48,0.37990341104114123,3.6919255489037219,4.4517323709860044,0.75980682208228245,0,1,2.2424831122222351
Labour,UNRATE,5,pre_employment_report,2025-11,Labour Equal-Weight Ensemble,short_memory,2025-12-15,2025-12-16,4.1126282413702278,4.5999999999999996,111,48,0.34356311599951406,3.7690651253707137,4.4561913573697414,0.68712623199902811,0,1,2.1252126583016104
Labour,UNRATE,5,pre_employment_report,2025-11,Labour Equal-Weight Ensemble,long_memory,2025-12-15,2025-12-16,4.1126282413702278,4.5999999999999996,111,48,0.35108237868683156,3.7615458626833962,4.4637106200570589,0.70216475737366313,0,1,2.0650585568030704
Labour,UNRATE,1,month_open,2025-12,Labour AR(1),short_memory,2025-12-01,2026-01-09,4.3869467836402611,4.4000000000000004,110,48,0.20157903980035918,4.185367743839902,4.5885258234406203,0.40315807960071837,1,0,0.40315807960071837
Labour,UNRATE,1,month_open,2025-12,Labour AR(1),long_memory,2025-12-01,2026-01-09,4.3869467836402611,4.4000000000000004,110,48,0.23106304051680659,4.1558837431234545,4.6180098241570677,0.46212608103361319,1,0,0.46212608103361319
Labour,UNRATE,2,after_week_1,2025-12,Labour Equal-Weight Ensemble,short_memory,2025-12-07,2026-01-09,4.0594343841670915,4.4000000000000004,110,48,0.38942719072507703,3.6700071934420144,4.4488615748921685,0.77885438145015407,1,0,0.77885438145015407
Labour,UNRATE,2,after_week_1,2025-12,Labour Equal-Weight Ensemble,long_memory,2025-12-07,2026-01-09,4.0594343841670915,4.4000000000000004,110,48,0.38942719072507703,3.6700071934420144,4.4488615748921685,0.77885438145015407,1,0,0.77885438145015407
Labour,UNRATE,3,after_week_2,2025-12,Labour Equal-Weight Ensemble,short_memory,2025-12-14,2026-01-09,4.065105308173588,4.4000000000000004,111,48,0.41370236743281597,3.651402940740772,4.4788076756064044,0.82740473486563193,1,0,0.82740473486563237
Labour,UNRATE,3,after_week_2,2025-12,Labour Equal-Weight Ensemble,long_memory,2025-12-14,2026-01-09,4.065105308173588,4.4000000000000004,111,48,0.3967836030264098,3.6683217051471781,4.4618889111999973,0.79356720605281961,1,0,0.79356720605281916
Labour,UNRATE,4,month_end,2025-12,Labour Equal-Weight Ensemble,short_memory,2025-12-31,2026-01-09,4.0957019505918186,4.4000000000000004,112,48,0.37990341104114123,3.7157985395506774,4.4756053616329599,0.75980682208228245,1,0,0.75980682208228245
Labour,UNRATE,4,month_end,2025-12,Labour Equal-Weight Ensemble,long_memory,2025-12-31,2026-01-09,4.0957019505918186,4.4000000000000004,112,48,0.37990341104114123,3.7157985395506774,4.4756053616329599,0.75980682208228245,1,0,0.75980682208228245
Labour,UNRATE,5,pre_employment_report,2025-12,Labour Equal-Weight Ensemble,short_memory,2026-01-08,2026-01-09,4.0810269907169028,4.4000000000000004,112,48,0.37990341104114123,3.7011235796757616,4.460930401758044,0.75980682208228245,1,0,0.75980682208228245
Labour,UNRATE,5,pre_employment_report,2025-12,Labour Equal-Weight Ensemble,long_memory,2026-01-08,2026-01-09,4.0810269907169028,4.4000000000000004,112,48,0.37513311205251831,3.7058938786643845,4.4561601027694211,0.75026622410503663,1,0,0.75026622410503663
Labour,UNRATE,1,month_open,2026-01,Labour AR(1),short_memory,2026-01-01,2026-02-11,4.4812609064717037,4.2999999999999998,111,48,0.20425769641927971,4.277003210052424,4.6855186028909834,0.40851539283855942,1,0,0.40851539283855942
Labour,UNRATE,1,month_open,2026-01,Labour AR(1),long_memory,2026-01-01,2026-02-11,4.4812609064717037,4.2999999999999998,111,48,0.23106304051680659,4.2501978659548971,4.7123239469885103,0.46212608103361319,1,0,0.46212608103361319
Labour,UNRATE,2,after_week_1,2026-01,Labour Equal-Weight Ensemble,short_memory,2026-01-07,2026-02-11,4.1392652758271993,4.2999999999999998,111,48,0.41838147886588173,3.7208837969613175,4.5576467546930814,0.83676295773176346,1,0,0.8367629577317639
Labour,UNRATE,2,after_week_1,2026-01,Labour Equal-Weight Ensemble,long_memory,2026-01-07,2026-02-11,4.1392652758271993,4.2999999999999998,111,48,0.40775354084843007,3.7315117349787692,4.5470188166756298,0.81550708169686015,1,0,0.81550708169686059
Labour,UNRATE,3,after_week_2,2026-01,Labour Equal-Weight Ensemble,short_memory,2026-01-14,2026-02-11,4.1153655917983381,4.2999999999999998,113,48,0.43294983045411861,3.6824157613442194,4.5483154222524567,0.86589966090823722,1,0,0.86589966090823722
Labour,UNRATE,3,after_week_2,2026-01,Labour Equal-Weight Ensemble,long_memory,2026-01-14,2026-02-11,4.1153655917983381,4.2999999999999998,113,48,0.42258096969221981,3.6927846221061182,4.5379465614905579,0.84516193938443962,1,0,0.84516193938443962
Labour,UNRATE,4,month_end,2026-01,Labour Equal-Weight Ensemble,short_memory,2026-01-31,2026-02-11,4.1155110840212332,4.2999999999999998,113,48,0.37990341104114123,3.735607672980092,4.4954144950623744,0.75980682208228245,1,0,0.75980682208228245
Labour,UNRATE,4,month_end,2026-01,Labour Equal-Weight Ensemble,long_memory,2026-01-31,2026-02-11,4.1155110840212332,4.2999999999999998,113,48,0.37990341104114123,3.735607672980092,4.4954144950623744,0.75980682208228245,1,0,0.75980682208228245
Labour,UNRATE,5,pre_employment_report,2026-01,Labour Equal-Weight Ensemble,short_memory,2026-02-10,2026-02-11,4.105591758030263,4.2999999999999998,113,48,0.37990341104114123,3.7256883469891218,4.4854951690714042,0.75980682208228245,1,0,0.75980682208228245
Labour,UNRATE,5,pre_employment_report,2026-01,Labour Equal-Weight Ensemble,long_memory,2026-02-10,2026-02-11,4.105591758030263,4.2999999999999998,113,48,0.37513311205251831,3.7304586459777447,4.4807248700827813,0.75026622410503663,1,0,0.75026622410503663
Labour,UNRATE,1,month_open,2026-02,Labour AR(1),short_memory,2026-02-01,2026-03-06,4.481393647249563,4.4000000000000004,112,48,0.20157903980035918,4.2798146074492038,4.6829726870499222,0.40315807960071837,1,0,0.40315807960071837
Labour,UNRATE,1,month_open,2026-02,Labour AR(1),long_memory,2026-02-01,2026-03-06,4.481393647249563,4.4000000000000004,112,48,0.21305321635973851,4.2683404308898245,4.6944468636093015,0.42610643271947701,1,0,0.42610643271947701
Labour,UNRATE,2,after_week_1,2026-02,Labour Equal-Weight Ensemble,short_memory,2026-02-07,2026-03-06,4.0921197121601791,4.4000000000000004,112,48,0.41838147886588173,3.6737382332942974,4.5105011910260604,0.83676295773176346,1,0,0.83676295773176301
Labour,UNRATE,2,after_week_1,2026-02,Labour Equal-Weight Ensemble,long_memory,2026-02-07,2026-03-06,4.0921197121601791,4.4000000000000004,112,48,0.40775354084843007,3.684366171311749,4.4998732530086087,0.81550708169686015,1,0,0.8155070816968597
Labour,UNRATE,3,after_week_2,2026-02,Labour Equal-Weight Ensemble,short_memory,2026-02-14,2026-03-06,4.0509415984110264,4.4000000000000004,114,48,0.42677118999415375,3.6241704084168727,4.4777127884051797,0.85354237998830751,1,0,0.85354237998830707
Labour,UNRATE,3,after_week_2,2026-02,Labour Equal-Weight Ensemble,long_memory,2026-02-14,2026-03-06,4.0509415984110264,4.4000000000000004,114,48,0.41370236743281597,3.6372392309782104,4.4646439658438428,0.82740473486563193,1,0,0.82740473486563237
Labour,UNRATE,4,month_end,2026-02,Labour Equal-Weight Ensemble,short_memory,2026-02-28,2026-03-06,4.0663031982210205,4.4000000000000004,114,48,0.37990341104114123,3.6863997871798793,4.4462066092621617,0.75980682208228245,1,0,0.75980682208228245
Labour,UNRATE,4,month_end,2026-02,Labour Equal-Weight Ensemble,long_memory,2026-02-28,2026-03-06,4.0663031982210205,4.4000000000000004,114,48,0.37990341104114123,3.6863997871798793,4.4462066092621617,0.75980682208228245,1,0,0.75980682208228245
Labour,UNRATE,5,pre_employment_report,2026-02,Labour Equal-Weight Ensemble,short_memory,2026-03-05,2026-03-06,4.0676463609915823,4.4000000000000004,114,48,0.37684313188564778,3.6908032291059345,4.4444894928772296,0.75368626377129555,1,0,0.75368626377129511
Labour,UNRATE,5,pre_employment_report,2026-02,Labour Equal-Weight Ensemble,long_memory,2026-03-05,2026-03-06,4.0676463609915823,4.4000000000000004,114,48,0.37513311205251831,3.692513248939064,4.4427794730441006,0.75026622410503663,1,0,0.75026622410503663
Labour,UNRATE,1,month_open,2026-03,Labour AR(1),short_memory,2026-03-01,2026-04-03,4.481393647249563,4.2999999999999998,113,48,0.20157903980035918,4.2798146074492038,4.6829726870499222,0.40315807960071837,1,0,0.40315807960071837
Labour,UNRATE,1,month_open,2026-03,Labour AR(1),long_memory,2026-03-01,2026-04-03,4.481393647249563,4.2999999999999998,113,48,0.21305321635973851,4.2683404308898245,4.6944468636093015,0.42610643271947701,1,0,0.42610643271947701
Labour,UNRATE,2,after_week_1,2026-03,Labour Equal-Weight Ensemble,short_memory,2026-03-07,2026-04-03,4.156506033427334,4.2999999999999998,114,48,0.40775354084843007,3.748752492578904,4.5642595742757646,0.81550708169686015,1,0,0.81550708169686059
Labour,UNRATE,2,after_week_1,2026-03,Labour Equal-Weight Ensemble,long_memory,2026-03-07,2026-04-03,4.156506033427334,4.2999999999999998,114,48,0.38942719072507703,3.767078842702257,4.5459332241524111,0.77885438145015407,1,0,0.77885438145015407
Labour,UNRATE,3,after_week_2,2026-03,Labour Equal-Weight Ensemble,short_memory,2026-03-14,2026-04-03,4.2069910948342706,4.2999999999999998,115,48,0.42258096969221981,3.7844101251420508,4.6295720645264904,0.84516193938443962,1,0,0.84516193938443962
Labour,UNRATE,3,after_week_2,2026-03,Labour Equal-Weight Ensemble,long_memory,2026-03-14,2026-04-03,4.2069910948342706,4.2999999999999998,115,48,0.41370236743281597,3.7932887274014546,4.6206934622670861,0.82740473486563193,1,0,0.82740473486563149
Labour,UNRATE,4,month_end,2026-03,Labour Equal-Weight Ensemble,short_memory,2026-03-31,2026-04-03,4.1804359441727996,4.2999999999999998,115,48,0.37990341104114123,3.8005325331316584,4.5603393552139408,0.75980682208228245,1,0,0.75980682208228245
Labour,UNRATE,4,month_end,2026-03,Labour Equal-Weight Ensemble,long_memory,2026-03-31,2026-04-03,4.1804359441727996,4.2999999999999998,115,48,0.37990341104114123,3.8005325331316584,4.5603393552139408,0.75980682208228245,1,0,0.75980682208228245
Labour,UNRATE,5,pre_employment_report,2026-03,Labour Equal-Weight Ensemble,short_memory,2026-04-02,2026-04-03,4.1818501720944923,4.2999999999999998,115,48,0.37513311205251831,3.806717060041974,4.5569832841470106,0.75026622410503663,1,0,0.75026622410503663
Labour,UNRATE,5,pre_employment_report,2026-03,Labour Equal-Weight Ensemble,long_memory,2026-04-02,2026-04-03,4.1818501720944923,4.2999999999999998,115,48,0.37513311205251831,3.806717060041974,4.5569832841470106,0.75026622410503663,1,0,0.75026622410503663
Labour,UNRATE,1,month_open,2026-04,Labour AR(1),short_memory,2026-04-01,2026-05-08,4.480894729032137,4.2999999999999998,114,48,0.20157903980035918,4.2793156892317779,4.6824737688324962,0.40315807960071837,1,0,0.40315807960071837
Labour,UNRATE,1,month_open,2026-04,Labour AR(1),long_memory,2026-04-01,2026-05-08,4.480894729032137,4.2999999999999998,114,48,0.21305321635973851,4.2678415126723985,4.6939479453918755,0.42610643271947701,1,0,0.42610643271947701
Labour,UNRATE,2,after_week_1,2026-04,Labour Equal-Weight Ensemble,short_memory,2026-04-07,2026-05-08,4.0816369755955657,4.2999999999999998,115,48,0.3774485164625454,3.7041884591330203,4.4590854920581116,0.75489703292509081,1,0,0.75489703292509125
Labour,UNRATE,2,after_week_1,2026-04,Labour Equal-Weight Ensemble,long_memory,2026-04-07,2026-05-08,4.0816369755955657,4.2999999999999998,115,48,0.3774485164625454,3.7041884591330203,4.4590854920581116,0.75489703292509081,1,0,0.75489703292509125
Labour,UNRATE,3,after_week_2,2026-04,Labour Equal-Weight Ensemble,short_memory,2026-04-14,2026-05-08,4.0616335939538599,4.2999999999999998,116,48,0.37330349400339191,3.688330099950468,4.4349370879572518,0.74660698800678382,1,0,0.74660698800678382
Labour,UNRATE,3,after_week_2,2026-04,Labour Equal-Weight Ensemble,long_memory,2026-04-14,2026-05-08,4.0616335939538599,4.2999999999999998,116,48,0.37667487818247647,3.6849587157713835,4.4383084721363364,0.75334975636495294,1,0,0.75334975636495294
Labour,UNRATE,4,month_end,2026-04,Labour Equal-Weight Ensemble,short_memory,2026-04-30,2026-05-08,4.0805389596237411,4.2999999999999998,116,48,0.37455864535704197,3.7059803142666992,4.4550976049807831,0.74911729071408395,1,0,0.74911729071408395
Labour,UNRATE,4,month_end,2026-04,Labour Equal-Weight Ensemble,long_memory,2026-04-30,2026-05-08,4.0805389596237411,4.2999999999999998,116,48,0.37749749053802484,3.7030414690857163,4.4580364501617655,0.75499498107604968,1,0,0.75499498107604923
Labour,UNRATE,5,pre_employment_report,2026-04,Labour Equal-Weight Ensemble,short_memory,2026-05-07,2026-05-08,4.0584461648275871,4.2999999999999998,116,48,0.34356311599951406,3.7148830488280731,4.4020092808271016,0.68712623199902811,1,0,0.68712623199902856
Labour,UNRATE,5,pre_employment_report,2026-04,Labour Equal-Weight Ensemble,long_memory,2026-05-07,2026-05-08,4.0584461648275871,4.2999999999999998,116,48,0.35108237868683156,3.7073637861407556,4.4095285435144191,0.70216475737366313,1,0,0.70216475737366357
Labour,UNRATE,1,month_open,2026-05,Labour AR(1),short_memory,2026-05-01,2026-06-05,4.480894729032137,4.2999999999999998,115,48,0.2006019361069864,4.2802927929251506,4.6814966651391234,0.4012038722139728,1,0,0.4012038722139728
Labour,UNRATE,1,month_open,2026-05,Labour AR(1),long_memory,2026-05-01,2026-06-05,4.480894729032137,4.2999999999999998,115,48,0.20425769641927971,4.2766370326128573,4.6851524254514167,0.40851539283855942,1,0,0.40851539283855942
Labour,UNRATE,2,after_week_1,2026-05,Labour Equal-Weight Ensemble,short_memory,2026-05-07,2026-06-05,4.0639724401681585,4.2999999999999998,115,48,0.3774485164625454,3.6865239237056131,4.4414209566307044,0.75489703292509081,1,0,0.75489703292509125
Labour,UNRATE,2,after_week_1,2026-05,Labour Equal-Weight Ensemble,long_memory,2026-05-07,2026-06-05,4.0639724401681585,4.2999999999999998,115,48,0.3774485164625454,3.6865239237056131,4.4414209566307044,0.75489703292509081,1,0,0.75489703292509125
Labour,UNRATE,3,after_week_2,2026-05,Labour Equal-Weight Ensemble,short_memory,2026-05-14,2026-06-05,4.087171850761389,4.2999999999999998,117,48,0.37163760916231414,3.7155342415990749,4.4588094599237031,0.74327521832462828,1,0,0.74327521832462828
Labour,UNRATE,3,after_week_2,2026-05,Labour Equal-Weight Ensemble,long_memory,2026-05-14,2026-06-05,4.087171850761389,4.2999999999999998,117,48,0.37667487818247647,3.7104969725789125,4.4638467289438655,0.75334975636495294,1,0,0.75334975636495294
Labour,UNRATE,4,month_end,2026-05,Labour Equal-Weight Ensemble,short_memory,2026-05-31,2026-06-05,4.0790027609995567,4.2999999999999998,117,48,0.37127036774988253,3.7077323932496742,4.4502731287494388,0.74254073549976507,1,0,0.74254073549976463
Labour,UNRATE,4,month_end,2026-05,Labour Equal-Weight Ensemble,long_memory,2026-05-31,2026-06-05,4.0790027609995567,4.2999999999999998,117,48,0.37749749053802484,3.7015052704615319,4.456500251537582,0.75499498107604968,1,0,0.75499498107605012
Labour,UNRATE,5,pre_employment_report,2026-05,Labour Equal-Weight Ensemble,short_memory,2026-06-04,2026-06-05,4.1167170308630121,4.2999999999999998,117,48,0.34264619568981391,3.7740708351731982,4.459363226552826,0.68529239137962783,1,0,0.68529239137962783
Labour,UNRATE,5,pre_employment_report,2026-05,Labour Equal-Weight Ensemble,long_memory,2026-06-04,2026-06-05,4.1167170308630121,4.2999999999999998,117,48,0.35108237868683156,3.7656346521761805,4.4677994095498441,0.70216475737366313,1,0,0.70216475737366357
Labour,UNRATE,1,month_open,2026-06,Labour AR(1),short_memory,2026-06-01,2026-07-02,4.3855365553831689,4.2000000000000002,116,48,0.19825158651928732,4.1872849688638816,4.5837881419024562,0.39650317303857463,1,0,0.39650317303857463
Labour,UNRATE,1,month_open,2026-06,Labour AR(1),long_memory,2026-06-01,2026-07-02,4.3855365553831689,4.2000000000000002,116,48,0.20425769641927971,4.1812788589638892,4.5897942518024486,0.40851539283855942,1,0,0.40851539283855942
Labour,UNRATE,2,after_week_1,2026-06,Labour Equal-Weight Ensemble,short_memory,2026-06-07,2026-07-02,4.1038345797934959,4.2000000000000002,117,48,0.37281060507705233,3.7310239747164435,4.4766451848705486,0.74562121015410465,1,0,0.7456212101541051
Labour,UNRATE,2,after_week_1,2026-06,Labour Equal-Weight Ensemble,long_memory,2026-06-07,2026-07-02,4.1038345797934959,4.2000000000000002,117,48,0.3774485164625454,3.7263860633309505,4.4812830962560408,0.75489703292509081,1,0,0.75489703292509036
Labour,UNRATE,3,after_week_2,2026-06,Labour Equal-Weight Ensemble,short_memory,2026-06-14,2026-07-02,4.0966873724390531,4.2000000000000002,118,48,0.37163760916231414,3.725049763276739,4.4683249816013673,0.74327521832462828,1,0,0.74327521832462828
Labour,UNRATE,3,after_week_2,2026-06,Labour Equal-Weight Ensemble,long_memory,2026-06-14,2026-07-02,4.0966873724390531,4.2000000000000002,118,48,0.37330349400339191,3.7233838784356612,4.469990866442445,0.74660698800678382,1,0,0.74660698800678382
Labour,UNRATE,4,month_end,2026-06,Labour Equal-Weight Ensemble,short_memory,2026-06-30,2026-07-02,4.0888858858658228,4.2000000000000002,118,48,0.37127036774988253,3.7176155181159403,4.4601562536157058,0.74254073549976507,1,0,0.74254073549976551
Labour,UNRATE,4,month_end,2026-06,Labour Equal-Weight Ensemble,long_memory,2026-06-30,2026-07-02,4.0888858858658228,4.2000000000000002,118,48,0.37455864535704197,3.7143272405087808,4.4634445312228648,0.74911729071408395,1,0,0.74911729071408395
Labour,UNRATE,5,pre_employment_report,2026-06,Labour Equal-Weight Ensemble,short_memory,2026-07-01,2026-07-02,4.0888858858658228,4.2000000000000002,118,48,0.33657348297314638,3.7523124028926764,4.4254593688389692,0.67314696594629275,1,0,0.67314696594629275
Labour,UNRATE,5,pre_employment_report,2026-06,Labour Equal-Weight Ensemble,long_memory,2026-07-01,2026-07-02,4.0888858858658228,4.2000000000000002,118,48,0.34356311599951406,3.7453227698663087,4.4324490018653364,0.68712623199902811,1,0,0.68712623199902767
