domain_name,target_series,transition_order,earlier_stage,later_stage,target_period,fixed_model,earlier_forecast_date,later_forecast_date,earlier_information_set_hash,later_information_set_hash,hash_changed,eligible_h1,actual,earlier_point_forecast,later_point_forecast,earlier_squared_error,later_squared_error,delta_squared_error,earlier_abs_error,later_abs_error,delta_abs_error
GDP,GDPC1,1,early_quarter,after_month_1,2023Q2,Dynamic Factor Model,2023-04-15,2023-05-15,97052d29d1e71671d498ad806edcade585a14f270027abf402e131ee4ec301c2,185a96db51d8310aa003fdfdec1f331b1816bfd346f47452689cc7165421d7c1,1,1,2.3856035174837587,2.4868470617010976,2.4992570090371475,0.010250255245688266,0.012917116142276239,0.0026668608965879723,0.10124354421733894,0.11365349155338889,0.012409947336049942
GDP,GDPC1,1,early_quarter,after_month_1,2023Q3,Dynamic Factor Model,2023-07-15,2023-08-15,20be4290c6d3a959e03d9a290768095bb7a2e61d71db805608c0c690b2997f81,d00cd325dcaa84eb781ca545a2809a877d07bacbc040dc8619d55246a0a18475,1,1,4.7627638591336563,2.4301648462742493,2.5481136604813108,5.4410181547926797,4.904675502390873,-0.53634265240180667,2.332599012859407,2.2146501986523455,-0.11794881420706149
GDP,GDPC1,1,early_quarter,after_month_1,2023Q4,Dynamic Factor Model,2023-10-15,2023-11-15,1368f9461847c0ef28f0e4e40e524224a5e0c8fb7526118cbb369e5c3a602ad3,366dd9422899a40caf9ef5f980ce77b11eb61dde525b3b589a79ef565270c9a9,1,1,3.2268142583689041,2.4567534688899682,2.5015111157239915,0.59299361949292217,0.52606464873058645,-0.066928970762335727,0.77006078947893597,0.72530314264491258,-0.04475764683402339
GDP,GDPC1,1,early_quarter,after_month_1,2024Q1,Dynamic Factor Model,2024-01-15,2024-02-15,041eb1a4b5d8f71022febf79d70887a3dcc2db791732ad2dc8705dd7ee914e9d,1d74feacf71dfe3def2d98a1df8e2bf95dbbfaa08a07fdb8665700b2a09cf77f,1,1,1.5773785873641089,2.6107423850476468,2.7168169218981379,1.0678407383629438,1.298319718205682,0.23047897984273824,1.0333637976835379,1.1394383345340291,0.10607453685049117
GDP,GDPC1,1,early_quarter,after_month_1,2024Q2,Dynamic Factor Model,2024-04-15,2024-05-15,3a266ef691028333a442e543c5d94fccb20fefd818814709090889719d0ed566,ac5de9680f939aaeb08cf5a58836fa7de7e2be76e0e5d75777e9e8b861ba916d,1,1,2.8020392666775251,2.7778115888870167,2.4160073852916923,0.00058698037112069317,0.14902061344628567,0.14843363307516497,0.024227677790508384,0.38603188138583278,0.36180420359532439
GDP,GDPC1,1,early_quarter,after_month_1,2024Q3,Dynamic Factor Model,2024-07-15,2024-08-15,7ffbaa741c865f35fb13e25dc70894cb9828f7c1775f55d4563711a3d26e977b,6e416ee46bf91520c991264b75452e514fbbe61251ee64c8134199f04e191c88,1,1,2.7863912480171393,2.4147085887846713,1.8813085519709605,0.13814799917411894,0.81917468668221982,0.68102668750810091,0.37168265923246802,0.90508269604617886,0.53340003681371084
GDP,GDPC1,1,early_quarter,after_month_1,2024Q4,Dynamic Factor Model,2024-10-15,2024-11-15,6a572e1a901bff826331902980c13708a43416331b4fa9900e9319a3c5b15652,b10b79740792bdcb1f2e1b2f5645e961bebdddc1ae20402b24c0914574a1943a,1,1,2.2264988560046106,2.8399705638099797,2.4958852419776352,0.37634753627763612,0.072569024947607363,-0.30377851133002876,0.61347170780536908,0.26938638597302456,-0.34408532183234453
GDP,GDPC1,1,early_quarter,after_month_1,2025Q1,Dynamic Factor Model,2025-01-15,2025-02-15,cc7868bcd9e04a1bf4a1285ec98493ebbf57727b571aa9257e329f1a33364d28,a68a4e42d0695d51d102bcfedd1d199609fa61a40ea27d6cb344a0ad86eb7eb7,1,1,-0.27643155746019943,2.7735007573044714,2.9832929871803047,9.3020871246457837,10.625804106931742,1.3237169822859585,3.0499323147646709,3.2597245446405041,0.20979222987583324
GDP,GDPC1,1,early_quarter,after_month_1,2025Q2,Dynamic Factor Model,2025-04-15,2025-05-15,1c87ea7d59c641078cc22ac2e429e3be781cbe5abd2806ad1beea4cca5672f2f,32e7550c5daeedf8df46042cb189f2347ca73e543d1ffd90be17b021a34560f8,1,1,2.9250519832658028,2.4835642539617417,2.0034269768871531,0.19491141512605595,0.84939265238244621,0.65448123725639029,0.44148772930406111,0.92162500637864975,0.48013727707458864
GDP,GDPC1,1,early_quarter,after_month_1,2025Q3,Dynamic Factor Model,2025-07-15,2025-08-15,e7def4e38af92f8fb4d68f55a1228107df651ddf5274c0e66d46d31a2deaa559,7b3e95f884b36b09d4745877772cd041eecd5a47112306e3327bbb71664e70a5,1,1,4.2511297453771135,2.5451584654074622,2.256528272269362,2.9103380080812906,3.9784350365236123,1.0680970284423217,1.7059712799696514,1.9946014731077515,0.28863019313810012
GDP,GDPC1,1,early_quarter,after_month_1,2025Q4,Dynamic Factor Model,2025-10-15,2025-11-15,c6b9ec2eea097207dac72c9b562a122174f53e5cb4dc21529723525b8ce897f0,d89e7f2e0a2512a63cc9fa6b1c53604130ef4671ddc2337e6841aaada1eb9de2,1,1,1.4125209345351664,1.962860695264586,1.7365958319597818,0.3028738522397148,0.10502453914077504,-0.19784931309893977,0.55033976072941959,0.32407489742461548,-0.22626486330480411
GDP,GDPC1,1,early_quarter,after_month_1,2026Q1,Dynamic Factor Model,2026-01-15,2026-02-15,45dd404584619b54df9d08325bcd88c3d45398a3edf347e5cf76632d58e5c22a,7e4bb5ccffc875ee05bb59f8f24bd7da52e50f2d62c6d5c5056684a5448317ca,1,1,1.9701855346021091,2.5193798658793018,2.8159737333676316,0.30161441350700291,0.71535767717102694,0.41374326366402403,0.54919433127719275,0.84578819876552247,0.29659386748832972
GDP,GDPC1,2,after_month_1,after_month_2,2023Q2,Dynamic Factor Model,2023-05-15,2023-06-15,185a96db51d8310aa003fdfdec1f331b1816bfd346f47452689cc7165421d7c1,a8b961264008cc1541772e36da84e1d842149200fb47a562a9ea314c5d761d45,1,1,2.3856035174837587,2.4992570090371475,2.3600895468070138,0.012917116142276239,0.00065096269969379752,-0.012266153442582441,0.11365349155338889,0.025513970676744879,-0.088139520876644006
GDP,GDPC1,2,after_month_1,after_month_2,2023Q3,Dynamic Factor Model,2023-08-15,2023-09-15,d00cd325dcaa84eb781ca545a2809a877d07bacbc040dc8619d55246a0a18475,68b8f5b6e39dec114be0cd067ff17a64ff5eec9c9dd8adc5d419e681381ebaab,1,1,4.7627638591336563,2.5481136604813108,2.2089652788112901,4.904675502390873,6.5218871888565326,1.6172116864656596,2.2146501986523455,2.5537985803223662,0.3391483816700207
GDP,GDPC1,2,after_month_1,after_month_2,2023Q4,Dynamic Factor Model,2023-11-15,2023-12-15,366dd9422899a40caf9ef5f980ce77b11eb61dde525b3b589a79ef565270c9a9,5797ab6ad14b2f66c30698acee8cb2b2f26f3342d4c41aeb4f756ac9cfe62be4,1,1,3.2268142583689041,2.5015111157239915,2.6256979404842857,0.52606464873058645,0.36134082762716158,-0.16472382110342487,0.72530314264491258,0.60111631788461839,-0.12418682476029419
GDP,GDPC1,2,after_month_1,after_month_2,2024Q1,Dynamic Factor Model,2024-02-15,2024-03-15,1d74feacf71dfe3def2d98a1df8e2bf95dbbfaa08a07fdb8665700b2a09cf77f,f9f2bb1d737deb3582e7a3d6289523e6216cbd88764af99b6d7b0812ccf0509f,1,1,1.5773785873641089,2.7168169218981379,2.3693532792372904,1.298319718205682,0.62722391256762089,-0.67109580563806115,1.1394383345340291,0.79197469187318159,-0.3474636426608475
GDP,GDPC1,2,after_month_1,after_month_2,2024Q2,Dynamic Factor Model,2024-05-15,2024-06-15,ac5de9680f939aaeb08cf5a58836fa7de7e2be76e0e5d75777e9e8b861ba916d,1a0463c654a82f156ecd741b2edeeeac379563a27527da814901df90dfe62a91,1,1,2.8020392666775251,2.4160073852916923,2.2816295370280471,0.14902061344628567,0.27082628671384285,0.12180567326755717,0.38603188138583278,0.52040972964947807,0.13437784826364529
GDP,GDPC1,2,after_month_1,after_month_2,2024Q3,Dynamic Factor Model,2024-08-15,2024-09-15,6e416ee46bf91520c991264b75452e514fbbe61251ee64c8134199f04e191c88,f62a0e022c76f08f0ac74560a98cb583e5ba844cf7ab968bd8a0b024f26d88f7,1,1,2.7863912480171393,1.8813085519709605,1.9262733342602174,0.81917468668221982,0.73980282556555976,-0.079371861116660058,0.90508269604617886,0.86011791375692193,-0.044964782289256933
GDP,GDPC1,2,after_month_1,after_month_2,2024Q4,Dynamic Factor Model,2024-11-15,2024-12-15,b10b79740792bdcb1f2e1b2f5645e961bebdddc1ae20402b24c0914574a1943a,3e5df345871aa435469d99befddf11d5c1aa3867733f1e986f9182e8fe0f11eb,1,1,2.2264988560046106,2.4958852419776352,2.4820627078383493,0.072569024947607363,0.065312882364097116,-0.0072561425835102472,0.26938638597302456,0.25556385183373864,-0.013822534139285914
GDP,GDPC1,2,after_month_1,after_month_2,2025Q1,Dynamic Factor Model,2025-02-15,2025-03-15,a68a4e42d0695d51d102bcfedd1d199609fa61a40ea27d6cb344a0ad86eb7eb7,b0f2dc6ca91e754f555e396502fddf5f2284374abdbcb6f03f71efe4ed88cfa1,1,1,-0.27643155746019943,2.9832929871803047,2.9085739636448014,10.625804106931742,10.144260169469337,-0.48154393746240487,3.2597245446405041,3.1850055211050008,-0.074719023535503304
GDP,GDPC1,2,after_month_1,after_month_2,2025Q2,Dynamic Factor Model,2025-05-15,2025-06-15,32e7550c5daeedf8df46042cb189f2347ca73e543d1ffd90be17b021a34560f8,6bed1b832b7e14c8c4d7028fadb497806bd86851cd6db358d4fac57f7ed17910,1,1,2.9250519832658028,2.0034269768871531,1.9169146448282597,0.84939265238244621,1.0163408931519335,0.16694824076948733,0.92162500637864975,1.0081373384375432,0.086512332058893415
GDP,GDPC1,2,after_month_1,after_month_2,2025Q3,Dynamic Factor Model,2025-08-15,2025-09-15,7b3e95f884b36b09d4745877772cd041eecd5a47112306e3327bbb71664e70a5,ea82d19c2bb1d0c015dd8baa335cd3370b0b7a1577715386d59ab4c165aa20d6,1,1,4.2511297453771135,2.256528272269362,2.0596476561174404,3.9784350365236123,4.8025937475459424,0.82415871102233007,1.9946014731077515,2.1914820892596731,0.19688061615192165
GDP,GDPC1,2,after_month_1,after_month_2,2025Q4,Dynamic Factor Model,2025-11-15,2025-12-15,d89e7f2e0a2512a63cc9fa6b1c53604130ef4671ddc2337e6841aaada1eb9de2,31be881528c069f87a41fd489e0fe6a4007aae61c4e5823e06793bfc2e6dc4d9,1,1,1.4125209345351664,1.7365958319597818,1.5540148523459492,0.10502453914077504,0.020020528777444559,-0.085004010363330482,0.32407489742461548,0.1414939178107828,-0.18258097961383268
GDP,GDPC1,2,after_month_1,after_month_2,2026Q1,Dynamic Factor Model,2026-02-15,2026-03-15,7e4bb5ccffc875ee05bb59f8f24bd7da52e50f2d62c6d5c5056684a5448317ca,6edb1c0eca6c4f43375ff90581f955eaa237da3077c0ee9bf8ad48ccf16bebd9,1,1,1.9701855346021091,2.8159737333676316,2.4606476079488746,0.71535767717102694,0.24055304539160799,-0.47480463177941895,0.84578819876552247,0.4904620733467655,-0.35532612541875697
GDP,GDPC1,3,after_month_2,quarter_end,2023Q2,Dynamic Factor Model,2023-06-15,2023-06-30,a8b961264008cc1541772e36da84e1d842149200fb47a562a9ea314c5d761d45,d2a4faf8f2f065dc1fcb8c9fe6b90b47cc74154982e316fc98dbe01a716c5dcd,1,1,2.3856035174837587,2.3600895468070138,2.4905470899241857,0.00065096269969379752,0.011013153396559163,0.010362190696865366,0.025513970676744879,0.10494357244042707,0.079429601763682189
GDP,GDPC1,3,after_month_2,quarter_end,2023Q3,Dynamic Factor Model,2023-09-15,2023-09-30,68b8f5b6e39dec114be0cd067ff17a64ff5eec9c9dd8adc5d419e681381ebaab,588e1f94b2938e60a97d99487f041f3d765875319fb8b98c6caad9ac2b5d9a4e,1,1,4.7627638591336563,2.2089652788112901,2.2091870619886409,6.5218871888565326,6.5207544589173949,-0.001132729939137711,2.5537985803223662,2.5535767971450154,-0.00022178317735077613
GDP,GDPC1,3,after_month_2,quarter_end,2023Q4,Dynamic Factor Model,2023-12-15,2023-12-31,5797ab6ad14b2f66c30698acee8cb2b2f26f3342d4c41aeb4f756ac9cfe62be4,600cd2c28ef4e95515c8b407d5b6ebfd790e007f65aea60ab51321b6705c0649,1,1,3.2268142583689041,2.6256979404842857,2.637172568661883,0.36134082762716158,0.34767732224055098,-0.013663505386610597,0.60111631788461839,0.58964168970702113,-0.011474628177597257
GDP,GDPC1,3,after_month_2,quarter_end,2024Q1,Dynamic Factor Model,2024-03-15,2024-03-31,f9f2bb1d737deb3582e7a3d6289523e6216cbd88764af99b6d7b0812ccf0509f,1658fbeddc2752fb8c25c2388ba43bc05d0233164413c39e7a14e97ee2b0a3d0,1,1,1.5773785873641089,2.3693532792372904,2.4317414054079749,0.62722391256762089,0.72993582485585617,0.10271191228823529,0.79197469187318159,0.85436281804386605,0.062388126170684455
GDP,GDPC1,3,after_month_2,quarter_end,2024Q2,Dynamic Factor Model,2024-06-15,2024-06-30,1a0463c654a82f156ecd741b2edeeeac379563a27527da814901df90dfe62a91,ba0029243e834874f05403d27bc5b3d73696ca03aab348d721cade95fb249ae9,1,1,2.8020392666775251,2.2816295370280471,2.2836201143474395,0.27082628671384285,0.26875841750264451,-0.0020678692111983366,0.52040972964947807,0.51841915233008562,-0.0019905773193924503
GDP,GDPC1,3,after_month_2,quarter_end,2024Q3,Dynamic Factor Model,2024-09-15,2024-09-30,f62a0e022c76f08f0ac74560a98cb583e5ba844cf7ab968bd8a0b024f26d88f7,ff82e80036e5da9663853b0954826f1da046f49b1a9b73047a4ac229626f4afc,1,1,2.7863912480171393,1.9262733342602174,1.9201507439964098,0.73980282556555976,0.75037261080608753,0.010569785240527763,0.86011791375692193,0.8662405040207295,0.0061225902638075702
GDP,GDPC1,3,after_month_2,quarter_end,2024Q4,Dynamic Factor Model,2024-12-15,2024-12-31,3e5df345871aa435469d99befddf11d5c1aa3867733f1e986f9182e8fe0f11eb,b901b76f09ab0c3a28a8b155015fe3e15f062329708375a148ce72ea6c7eb60a,1,1,2.2264988560046106,2.4820627078383493,2.4511923644063938,0.065312882364097116,0.050487172717902193,-0.014825709646194923,0.25556385183373864,0.22469350840178315,-0.030870343431955494
GDP,GDPC1,3,after_month_2,quarter_end,2025Q1,Dynamic Factor Model,2025-03-15,2025-03-31,b0f2dc6ca91e754f555e396502fddf5f2284374abdbcb6f03f71efe4ed88cfa1,8c8cd884bf69611dfdc2a3e9b30e5fd689cbfd92d7cd47a0f97c54e88359a7cf,1,1,-0.27643155746019943,2.9085739636448014,2.9625422320665162,10.144260169469337,10.490951209241054,0.34669103977171645,3.1850055211050008,3.2389737895267157,0.053968268421714871
GDP,GDPC1,3,after_month_2,quarter_end,2025Q2,Dynamic Factor Model,2025-06-15,2025-06-30,6bed1b832b7e14c8c4d7028fadb497806bd86851cd6db358d4fac57f7ed17910,a4ea51a64cdb93cacf997cc10427cc83afe4ebb964468cbbe2850b037620ccc6,1,1,2.9250519832658028,1.9169146448282597,1.8045198174046218,1.0163408931519335,1.2555923347295495,0.23925144157761591,1.0081373384375432,1.1205321658611811,0.11239482742363793
GDP,GDPC1,3,after_month_2,quarter_end,2025Q3,Dynamic Factor Model,2025-09-15,2025-09-30,ea82d19c2bb1d0c015dd8baa335cd3370b0b7a1577715386d59ab4c165aa20d6,61a2f111cd6d546eb8f42c02e95464e5ab3db2ec0e511c44277d357fd308e9d2,1,1,4.2511297453771135,2.0596476561174404,2.1025258619379548,4.8025937475459424,4.6164986479298342,-0.18609509961610815,2.1914820892596731,2.1486038834391588,-0.042878205820514381
GDP,GDPC1,3,after_month_2,quarter_end,2025Q4,Dynamic Factor Model,2025-12-15,2025-12-31,31be881528c069f87a41fd489e0fe6a4007aae61c4e5823e06793bfc2e6dc4d9,3f921aff67b1bdd9a20c1566e18cd6b802df54416bc8771c71e73ba3dc229693,1,1,1.4125209345351664,1.5540148523459492,1.7889503579753649,0.020020528777444559,0.14169911083152031,0.12167858205407575,0.1414939178107828,0.37642942344019859,0.23493550562941579
GDP,GDPC1,3,after_month_2,quarter_end,2026Q1,Dynamic Factor Model,2026-03-15,2026-03-31,6edb1c0eca6c4f43375ff90581f955eaa237da3077c0ee9bf8ad48ccf16bebd9,c4a02f0026a9fe88fd4ddd26fd297d3c97936ae5780c3d8d4f793d9d3bdc075d,1,1,1.9701855346021091,2.4606476079488746,2.4940361121547241,0.24055304539160799,0.27441942760220828,0.033866382210600288,0.4904620733467655,0.52385057755261499,0.03338850420584949
GDP,GDPC1,4,quarter_end,pre_advance_release,2023Q2,Dynamic Factor Model,2023-06-30,2023-07-26,d2a4faf8f2f065dc1fcb8c9fe6b90b47cc74154982e316fc98dbe01a716c5dcd,60c1db290f75d36ad115d1fde40c00acbf1079eaa10fa7c38aa69ca52b51358f,1,1,2.3856035174837587,2.4905470899241857,2.3510759369600653,0.011013153396559163,0.0011921538168201257,-0.0098209995797390384,0.10494357244042707,0.034527580523693313,-0.070415991916733756
GDP,GDPC1,4,quarter_end,pre_advance_release,2023Q3,Dynamic Factor Model,2023-09-30,2023-10-25,588e1f94b2938e60a97d99487f041f3d765875319fb8b98c6caad9ac2b5d9a4e,574ecc1edcd1778087aa997e15cf770f271e63be12540ec8d0f19f49090394cd,1,1,4.7627638591336563,2.2091870619886409,2.2665938227062492,6.5207544589173949,6.2308648507580031,-0.2898896081593918,2.5535767971450154,2.4961700364274071,-0.057406760717608307
GDP,GDPC1,4,quarter_end,pre_advance_release,2023Q4,Dynamic Factor Model,2023-12-31,2024-01-24,600cd2c28ef4e95515c8b407d5b6ebfd790e007f65aea60ab51321b6705c0649,ec75059ad4fac68c4ae07c5a6549e78083a3c21a41466dfc9cb1fdfd26f455c6,1,1,3.2268142583689041,2.637172568661883,2.578204568898951,0.34767732224055098,0.420694529274309,0.073017207033758025,0.58964168970702113,0.64860968946995312,0.058967999762931989
GDP,GDPC1,4,quarter_end,pre_advance_release,2024Q1,Dynamic Factor Model,2024-03-31,2024-04-24,1658fbeddc2752fb8c25c2388ba43bc05d0233164413c39e7a14e97ee2b0a3d0,24c18e676da3696b50110cf87ff544c84243bea1624dc51a9c0b25d429ba1d0c,1,1,1.5773785873641089,2.4317414054079749,2.4891613323420634,0.72993582485585617,0.83134777403953364,0.10141194918367746,0.85436281804386605,0.91178274497795453,0.057419926934088483
GDP,GDPC1,4,quarter_end,pre_advance_release,2024Q2,Dynamic Factor Model,2024-06-30,2024-07-24,ba0029243e834874f05403d27bc5b3d73696ca03aab348d721cade95fb249ae9,1f383ededc5c247e5a4e6a54cd758cc67ce1505fedd2b239d9a2523bbe9ec6c4,1,1,2.8020392666775251,2.2836201143474395,2.2868633831457497,0.26875841750264451,0.26540619097274548,-0.0033522265298990273,0.51841915233008562,0.51517588353177546,-0.0032432687983101616
GDP,GDPC1,4,quarter_end,pre_advance_release,2024Q3,Dynamic Factor Model,2024-09-30,2024-10-29,ff82e80036e5da9663853b0954826f1da046f49b1a9b73047a4ac229626f4afc,c02e18ccb870d5579389b3f837620ae383a0af40ede65123f21d4aa873f3f0f5,1,1,2.7863912480171393,1.9201507439964098,2.0176625696966592,0.75037261080608753,0.59094378087235211,-0.15942882993373542,0.8662405040207295,0.76872867832048009,-0.09751182570024941
GDP,GDPC1,4,quarter_end,pre_advance_release,2024Q4,Dynamic Factor Model,2024-12-31,2025-01-29,b901b76f09ab0c3a28a8b155015fe3e15f062329708375a148ce72ea6c7eb60a,60ce7e0ddbfa889efd14fb252117431ed6ce95231c4c801be218200d4fb63103,1,1,2.2264988560046106,2.4511923644063938,2.4514065363205746,0.050487172717902193,0.050583464665107852,9.6291947205659478e-05,0.22469350840178315,0.22490768031596398,0.00021417191418082737
GDP,GDPC1,4,quarter_end,pre_advance_release,2025Q1,Dynamic Factor Model,2025-03-31,2025-04-29,8c8cd884bf69611dfdc2a3e9b30e5fd689cbfd92d7cd47a0f97c54e88359a7cf,d72f63793f30fe37b0ba0f32772380fb66aa0d4b9fb2f400ecb2087b15e3c774,1,1,-0.27643155746019943,2.9625422320665162,2.9741429691758174,10.490951209241054,10.566234753214966,0.075283543973911904,3.2389737895267157,3.2505745266360169,0.011600737109301207
GDP,GDPC1,4,quarter_end,pre_advance_release,2025Q2,Dynamic Factor Model,2025-06-30,2025-07-29,a4ea51a64cdb93cacf997cc10427cc83afe4ebb964468cbbe2850b037620ccc6,364f92c145d08ccef85a61d43b6c8716c1ec443c02244c4178f279cdd2485d29,1,1,2.9250519832658028,1.8045198174046218,1.8313188729557819,1.2555923347295495,1.1962521165884326,-0.059340218141116896,1.1205321658611811,1.093733110310021,-0.026799055551160134
GDP,GDPC1,4,quarter_end,pre_advance_release,2025Q3,Dynamic Factor Model,2025-09-30,2025-12-22,61a2f111cd6d546eb8f42c02e95464e5ab3db2ec0e511c44277d357fd308e9d2,2d04211d093ff7091d66a0b57b8dcef74b2a751b0022415a956b23d332d5a739,1,1,4.2511297453771135,2.1025258619379548,2.2561662933363342,4.6164986479298342,3.9798791749784628,-0.63661947295137145,2.1486038834391588,1.9949634520407793,-0.15364043139837946
GDP,GDPC1,4,quarter_end,pre_advance_release,2025Q4,Dynamic Factor Model,2025-12-31,2026-02-19,3f921aff67b1bdd9a20c1566e18cd6b802df54416bc8771c71e73ba3dc229693,0278feb160f44b023d860b5053e7c7bbeeeb8db6bf8f4dd0deb3974f35e892f0,1,1,1.4125209345351664,1.7889503579753649,1.8005327659206583,0.14169911083152031,0.15055318129512338,0.0088540704636030643,0.37642942344019859,0.38801183138549189,0.011582407945293305
GDP,GDPC1,4,quarter_end,pre_advance_release,2026Q1,Dynamic Factor Model,2026-03-31,2026-04-29,c4a02f0026a9fe88fd4ddd26fd297d3c97936ae5780c3d8d4f793d9d3bdc075d,523f72b5935c3f3c8a9e7760cfcfab5626484cc86bd821e5128197d7e26a8200,1,1,1.9701855346021091,2.4940361121547241,2.4233479275160388,0.27441942760220828,0.20535615435147878,-0.069063273250729501,0.52385057755261499,0.45316239291392968,-0.070688184638685314
Inflation,CPIAUCSL,1,month_open,mid_month,2023-02,Inflation Bridge Ridge,2023-02-01,2023-02-15,30bd2a746b5627992ad31d6598e4a35a8669f48041c568df44c48cf034f7b626,8a6aa5b331d2800440fc5070284d13bec46ca8e8cf8f0b64f2d774d7a346d845,1,1,4.4318730380084048,3.1648313408531235,3.2228808132249891,1.6053946623301358,1.4616621995867531,-0.14373246274338269,1.2670416971552814,1.2089922247834157,-0.05804947237186564
Inflation,CPIAUCSL,1,month_open,mid_month,2023-03,Inflation Bridge Ridge,2023-03-01,2023-03-15,db99f1f4d4d3334eaef59b89950f48ee9bb1f8678fcf1d30d0bfaa5b720ee4df,c24597678917fa9998f96e86831764202da9a46463c27a4e17b3e2dbde45d766,1,1,0.63633472696977833,4.745551896762886,3.7537713775668817,16.885665748522477,9.7184112704860866,-7.1672544780363907,4.1092171697931077,3.1174366505971034,-0.9917805191960043
Inflation,CPIAUCSL,1,month_open,mid_month,2023-04,Inflation Bridge Ridge,2023-04-01,2023-04-15,32673152a99d3263f3f9ed8560cc6ba755c24bb424dae7e956134f442cc46d9a,24f87b813e26fb3b81c056ed9d88901f2c30ae987130cda85ad254b128511a68,1,1,4.4053058606191797,1.900371973925701,-0.42593691255574795,6.2746937767052984,23.34090673335497,17.066212956649672,2.5049338866934789,4.8312427731749281,2.3263088864814492
Inflation,CPIAUCSL,1,month_open,mid_month,2023-05,Inflation Bridge Ridge,2023-05-01,2023-05-15,c40dc0e288acf44de093f257dd91ced1a042449c69581796e5c72d64a383200e,5a53e4c54994844b836b9488eadd3536e0c958570641ae4d93cd978d90c91e5c,1,1,1.4885883415676204,2.8206654449785864,4.6653386479855783,1.7744294094317494,10.09174250932659,8.3173130998948395,1.332077103410966,3.1767503064179579,1.8446732030069919
Inflation,CPIAUCSL,1,month_open,mid_month,2023-06,Inflation Bridge Ridge,2023-06-01,2023-06-15,7651bf41614253de85a8ccd1403b43ce653e69223fde0edfebb94e51992102ba,1d08b874d7bce4f6418361d7e9e35acbb28fb786e60bda8c15f016e0a267febc,1,1,2.1622873911194773,2.757104447263675,1.7248623542939545,0.35380733028004957,0.19134066284180998,-0.16246666743823959,0.59481705614419766,0.43742503682552281,-0.15739201931867486
Inflation,CPIAUCSL,1,month_open,mid_month,2023-07,Inflation Bridge Ridge,2023-07-01,2023-07-15,772d853be45298023544f2d92b64ba3a8f809b150ffaa189716d3bcf8d0d4e4d,89027fe9e485f8e383ea0d772ef18067f845d85a2ef90610397154b79eacb5e0,1,1,2.0006943267020461,2.9234719119716108,2.8068642491670963,0.85151847187592888,0.64990994388730516,-0.20160852798862372,0.92277758526956477,0.80616992246505026,-0.11660766280451451
Inflation,CPIAUCSL,1,month_open,mid_month,2023-08,Inflation Bridge Ridge,2023-08-01,2023-08-15,14e5e80143efbaecbec28ae3af68a385e1236611e647b34a42dcabbed821774f,9cc2c2745a298698df6c4f34ca2408a44f30fa474f8671fa4f1e4295603404a2,1,1,7.5504206569227961,4.5405355832203274,4.8343448155525497,9.0594081568969163,7.3770679760750921,-1.6823401808218241,3.0098850737024687,2.7160758413702464,-0.29380923233222234
Inflation,CPIAUCSL,1,month_open,mid_month,2023-09,Inflation Bridge Ridge,2023-09-01,2023-09-15,b85a328ae132025b941fa72de3c6759b46734f451777c72148c74dfd12a5e3ce,61e5ff22c1712efb73e9d56a561747473a23ba97f849c34eb9865177f289d33f,1,1,4.7393951626556685,5.2868535004825148,5.4288142821168464,0.29971063165613332,0.4752987222786258,0.17558809062249248,0.54745833782684628,0.68941911946117784,0.14196078163433157
Inflation,CPIAUCSL,1,month_open,mid_month,2023-10,Inflation Bridge Ridge,2023-10-01,2023-10-15,3a26df0d3895e07bab51d56556b6001227ed70942d6dda4e93c5ebce84cdeebc,a424c78a7cd11f5b4ff41db85df2beea0102fc337d3c877f62063e1e9488380d,1,1,0.53844904171214125,4.266656558017857,5.9405372338341405,13.899531284638433,29.182556835463931,15.283025550825498,3.7282075163057158,5.4020881921219992,1.6738806758162834
Inflation,CPIAUCSL,1,month_open,mid_month,2023-11,Inflation Bridge Ridge,2023-11-01,2023-11-15,a5393d6ec69e1d357cf1f32af81147b0f60146446a8004226b89cc12f838810d,e8d35d9b894396dbacce853bbcba41da9c87e799884c4d13d86a672843c9a2f9,1,1,1.1619142598910059,4.9848901022206613,2.681796419379685,14.615144291036138,2.3100417787319705,-12.305102512304167,3.8229758423296554,1.5198821594886791,-2.3030936828409763
Inflation,CPIAUCSL,1,month_open,mid_month,2023-12,Inflation Bridge Ridge,2023-12-01,2023-12-15,743e6919713900b76e677717cd1a66869d15bf5ff291e59b557bcbce3da349f9,5df490ec980999cf3b758b948dbb6f3f3a4033a284583dd5839079d626dfd73c,1,1,3.6305472050568,1.8816762483349487,2.7923017136407724,3.0585496232652032,0.70265550387929754,-2.3558941193859058,1.7488709567218512,0.83824549141602755,-0.91062546530582367
Inflation,CPIAUCSL,1,month_open,mid_month,2024-01,Inflation Bridge Ridge,2024-01-01,2024-01-15,1c9d7a507fb5ecf3beece8ebfe371399356d8179c0ea445c88bafdbb78fed0f5,82d6c3d39139ad4d032d65475f1827d5719054f56653a8b93a2e9cff9dc268d7,1,1,3.6596101950234328,3.5230319839173605,3.4890365421259566,0.01865360774893484,0.029095371062788679,0.010441763313853838,0.13657821110607227,0.17057365289747617,0.033995441791403902
Inflation,CPIAUCSL,1,month_open,mid_month,2024-02,Inflation Bridge Ridge,2024-02-01,2024-02-15,4acd561b9e983aecffffe0fb830530af2b93463dfc296c45ebca9c5842b184ab,ae89d3ae96b6270f5992f8c6f7491518dcf032586320f2b75a3b0fa9c8312b34,1,1,5.2930544512420852,3.1515486161631374,3.9870257058296557,4.5860472416771811,1.7057110838435647,-2.8803361578336162,2.1415058350789478,1.3060287454124295,-0.83547708966651824
Inflation,CPIAUCSL,1,month_open,mid_month,2024-03,Inflation Bridge Ridge,2024-03-01,2024-03-15,f9ba877379756fdb8fb080f7d9c3d4a9398f93a116a9f04c27f138d329ec8492,579708298d18115ae7a6ec5713142c458e6f1054da00080213fc09c492efe402,1,1,4.52827819934285,5.6754836588160416,4.8360658262085012,1.3160803662450964,0.094733223251589338,-1.221347142993507,1.1472054594731915,0.3077876268656512,-0.83941783260754033
Inflation,CPIAUCSL,1,month_open,mid_month,2024-04,Inflation Bridge Ridge,2024-04-01,2024-04-15,0765f629012b7882da9b07236737a448cea652d24c7d60f9c5500570f2be42f0,4d2fb4af32164d7f9a5e2ce4cb4b96b3bb1b170fb3146c81bc70cc545eb356a4,1,1,3.7490617076503696,3.5911642273954074,3.3976295108394243,0.024931614270866178,0.12350458895536698,0.098572974684500797,0.1578974802549622,0.35143219681094529,0.19353471655598309
Inflation,CPIAUCSL,1,month_open,mid_month,2024-05,Inflation Bridge Ridge,2024-05-01,2024-05-15,01c59925fab16ba62b08a4763c2108a3b840145569e7ae080f15c6b5d2a754f9,f8524ab49b321d39909136fdc89da4dd16e9e21c7dc4142a838e625a326a841a,1,1,0.068961994298533114,3.5796114403758725,3.0703217149271853,12.32465953324313,9.0081601726121008,-3.3164993606310293,3.5106494460773394,3.0013597206286522,-0.50928972544868722
Inflation,CPIAUCSL,1,month_open,mid_month,2024-06,Inflation Bridge Ridge,2024-06-01,2024-06-15,8df009ea9d2a3f9378f43651fc146c649cbd57f03acc45894e67af75e79ca32e,8f3e0cacb6f5af3c402bd46a804aa094a4b9e3ff43005992f708204b5d9b79d0,1,1,-0.67446518795364341,3.2563527943725585,2.4004994573660055,15.451330010179033,9.4554075699657947,-5.9959224402132385,3.9308179823262019,3.0749646453196489,-0.85585333700655308
Inflation,CPIAUCSL,1,month_open,mid_month,2024-07,Inflation Bridge Ridge,2024-07-01,2024-07-15,51458cda1e8975e0ed110d3f82c5cf2cf16a0d63c40603694e9ed66d3bc9304b,8b37166569a0120b18ae657209b4910e4e7ef479ae0a46c72bee134c5d001a17,1,1,1.8576952015390447,1.7565326444915557,1.9986421176203157,0.010233862948386466,0.019866033152820872,0.0096321702044344058,0.101162557047489,0.14094691608127108,0.03978435903378208
Inflation,CPIAUCSL,1,month_open,mid_month,2024-08,Inflation Bridge Ridge,2024-08-01,2024-08-15,a112ff08058f0ed6b24978daadcc77bb5ae2d8ab5ba3c1e31f65365a8134444f,fa9e12b484b7d8bc14896092f0ddc4148dd4794cc6e70e6c1c1a4703b49a12ec,1,1,2.244545826505373,2.8737454575260157,3.3980361091665356,0.39589217567651291,1.3305398321937287,0.93464765651721582,0.62919963102064269,1.1534902826611626,0.52429065164051991
Inflation,CPIAUCSL,1,month_open,mid_month,2024-09,Inflation Bridge Ridge,2024-09-01,2024-09-15,a4f2ce8b6294e6f997b4fa92a73e47d06c9f8dd431c4c1d7c0d58e46b718aec4,9eaddcf55f5ea463c414d7a32478e44de862df2cbe57a61fa8fe6c57c33a23af,1,1,2.1564651235159715,0.51939661222839861,1.4465338272942099,2.6799933106493103,0.50400244535511074,-2.1759908652941995,1.6370685112875729,0.70993129622176165,-0.92713721506581126
Inflation,CPIAUCSL,1,month_open,mid_month,2024-10,Inflation Bridge Ridge,2024-10-01,2024-10-15,0bde9a780e20438090ae0e0b5c7664c57538f6fb2853ee43e735662b6f0ae5ed,281ef6d0ed34ad60e3a6479629efbf14508596ff807cbfede4c02a667a6a9c09,1,1,2.9250657197465557,3.4843145438374581,2.2267361403672932,0.31275924724705706,0.48766420143601774,0.17490495418896068,0.55924882409090237,0.69832957937926254,0.13908075528836017
Inflation,CPIAUCSL,1,month_open,mid_month,2024-11,Inflation Bridge Ridge,2024-11-01,2024-11-15,8fbc267d6510a2526ff236f920e15de7594349e15a1107540271af3c6f63de6b,36fd9369adf963255b6d0dc6bfedf8df0cd8f430d322cb6c028fc59762580e69,1,1,3.7487271246416043,3.8899265196103667,4.5441170549946204,0.019937269139544574,0.6326451413069758,0.61270787216743128,0.14119939496876244,0.79538993035301608,0.65419053538425365
Inflation,CPIAUCSL,1,month_open,mid_month,2024-12,Inflation Bridge Ridge,2024-12-01,2024-12-15,6f071f53641ab5669bd9c3e9ac58244f7ce194bf4d227b5a47d3306dd9d31e8c,4925dfcc401cd3311c63ac760762c3439a1d77b3c135b122d2eaf7506fc49e9f,1,1,4.7082186032746165,3.7269446928323351,2.6184970813073263,0.96289848731468652,4.3669360393732877,3.4040375520586013,0.98127391044228141,2.0897215219672902,1.1084476115250088
Inflation,CPIAUCSL,1,month_open,mid_month,2025-01,Inflation Bridge Ridge,2025-01-01,2025-01-15,389b699d6ba53b4ddc2823f5497c49f5c4f63a4d2e4a79feaff2786ceb71e114,3ff4b4a58df1a34813b2d029a9dc117317582329e8dc28eb4cfba8db95609656,1,1,5.5901805067371413,2.6683686745675463,3.2239881873736835,8.5369843826062457,5.5988660922146201,-2.9381182903916256,2.9218118321695949,2.3661923193634578,-0.55561951280613719
Inflation,CPIAUCSL,1,month_open,mid_month,2025-02,Inflation Bridge Ridge,2025-02-01,2025-02-15,520eafa0eb29b1e17eb789a2a666532291471ee0160e11583aac20c80f2780e3,77935a6b7e8590ae56b673746dd11c03e8013a8116de06bcf9e7a2e79722dbab,1,1,2.58835746917363,3.6238954403781531,4.8022254275769853,1.0723388898063799,4.9012113372450408,3.8288724474386608,1.0355379712045232,2.2138679584033554,1.1783299871988322
Inflation,CPIAUCSL,1,month_open,mid_month,2025-03,Inflation Bridge Ridge,2025-03-01,2025-03-15,99002d090aac3c99b6a5e65528af95de7db34a797d8721a66bf57268fba73838,a4596cd791cf25c2e3be094fbed422c8ea71bba5088165fa51c3f55bc98a05b1,1,1,-0.60057243312350295,3.6678016266287115,2.6512643889871801,18.219017113965599,10.574442717634906,-7.6445743963306931,4.2683740597522144,3.251836822110683,-1.0165372376415314
Inflation,CPIAUCSL,1,month_open,mid_month,2025-04,Inflation Bridge Ridge,2025-04-01,2025-04-15,3fac28a31e3115ea7a05c745cc72d0d68471fb790ec671f5a3fd961496a7d37b,fe544582802ce78164d2f9946be70ae8f561acf20ee60340ea51cdc031bfad68,1,1,2.6477658507008783,3.0456165569269631,3.0437550069501249,0.15828518444459441,0.15680741186699021,-0.0014777725776042028,0.39785070622608476,0.39598915624924658,-0.0018615499768381838
Inflation,CPIAUCSL,1,month_open,mid_month,2025-05,Inflation Bridge Ridge,2025-05-01,2025-05-15,38513725ec1266da0ac97cd68420c2f9f6030f68252cc43abc3fb2c49d9f5d72,beb2033f3f4408775fdb588cf33aa1c013f251b8121752be6abcc6971daabee5,1,1,0.96988463715668161,4.1761252135478948,4.8897224747734462,10.279978633697459,15.365128673212073,5.0851500395146143,3.2062405763912132,3.9198378376167646,0.71359726122555145
Inflation,CPIAUCSL,1,month_open,mid_month,2025-06,Inflation Bridge Ridge,2025-06-01,2025-06-15,8d91cc0728b8c06e53a9622cdfcbcc61efaa18b181eeb87e724f180a66aab16b,1deb686f98f2c1468c9d8e9a93f2d32fd49221c0670748676ff98f18ce5f4847,1,1,3.4388261759264793,5.6270319221317706,5.4070421559945334,4.7882443877258556,3.8738741441952507,-0.91437024353060492,2.1882057462052913,1.9682159800680541,-0.2199897661372372
Inflation,CPIAUCSL,1,month_open,mid_month,2025-07,Inflation Bridge Ridge,2025-07-01,2025-07-15,81ecbbe883965eb9bddb6fe8c361df19948898a537ee9f03d17e4588a3db6147,d5a81ce68e562b1b92e44ba335e058dbb779bc21f2c1956ad31a4af9bcaa6c51,1,1,2.3566269040241394,8.8127564334835586,8.5023513103184598,41.681608501157903,37.769928478121678,-3.9116800230362259,6.4561295294594192,6.1457244062943204,-0.31040512316509883
Inflation,CPIAUCSL,1,month_open,mid_month,2025-08,Inflation Bridge Ridge,2025-08-01,2025-08-15,2868338271635f2e33b6bd4259bb12fd3a8d8bd6015f077624f0fb6c1906a95f,e47c815a59b47610b59e20d6e220a73ba12cec1a412d75391fea041062127ff1,1,1,4.5806691138956523,4.5621894382864916,4.5514333697076754,0.00034149841061981075,0.00085472873822482623,0.00051323032760501553,0.018479675609160751,0.02923574418797692,0.010756068578816169
Inflation,CPIAUCSL,1,month_open,mid_month,2025-09,Inflation Bridge Ridge,2025-09-01,2025-09-15,27cf3cc721e01366a148aa02a178f1d65934bbe2524f53b11dc66d2aae8469cf,8fa2211d8d49c444f0fa6a3540e6d69708634a565703c8a53134dad86b3cd623,1,1,3.7200600398769268,5.9074071962151971,5.2282010006046171,4.784487582341117,2.2744891574246409,-2.5099984249164762,2.1873471563382703,1.5081409607276903,-0.67920619561057993
Inflation,CPIAUCSL,1,month_open,mid_month,2025-11,Inflation Bridge Ridge,2025-11-01,2025-11-15,57f8728243173a1dd4bd43995690d4a1595bc35b855470de81b388149c7a8cb7,a30b24c3aec0c444516e10ac972a8f39f5ca6f30519ff5671d4d5ed7d8868b9c,1,1,2.4502664045531475,2.0251482294885155,2.0608644898857942,0.18072546277028312,0.15163385114660069,-0.029091611623682428,0.42511817506463201,0.3894019146673533,-0.03571626039727871
Inflation,CPIAUCSL,1,month_open,mid_month,2025-12,Inflation Bridge Ridge,2025-12-01,2025-12-15,ee6e91bc7e7cad2988c033393fa68b30e4ffa0373ce5fcb2d141041c4aa65895,3389a3ec5508babdfe1230051c4ba6510ad8f8da1e4dd7149f40c47c5df03f07,1,1,3.6826071315459785,3.699017164141253,3.6414558188575898,0.00026928916977797204,0.0016934305359775387,0.0014241413661995666,0.016410032595274515,0.041151312688388675,0.02474128009311416
Inflation,CPIAUCSL,1,month_open,mid_month,2026-02,Inflation Bridge Ridge,2026-02-01,2026-02-15,73baf19b287be04e4e6938422cd5d63c7ea06adda39d5054a35d9a768d3017e9,cd51542895b567294160f02ecc7906eed6b35270ef578fe4677bf606ed4c31e6,1,1,3.1997670507312392,5.2741288785876455,4.2978718197903687,4.3029769928677704,1.205834083830404,-3.0971429090373661,2.0743618278564062,1.0981047690591295,-0.97625705879727676
Inflation,CPIAUCSL,1,month_open,mid_month,2026-03,Inflation Bridge Ridge,2026-03-01,2026-03-15,c4485dd6273eeb7f4e3ae5268017d64f68ec76849aea6bd5ad20ed6987aa5b9b,a716019482770d8d4f56e8c48b980d939a63d38b3494709513c425e46466b436,1,1,10.337074927015166,5.1524097033749632,5.1826470224366368,26.880753481224119,26.568127023497812,-0.31262645772630648,5.1846652236402031,5.1544279045785295,-0.030237319061673595
Inflation,CPIAUCSL,1,month_open,mid_month,2026-04,Inflation Bridge Ridge,2026-04-01,2026-04-15,5607ec8bb9be56ed471fea98ce825532c79d22ff0e9ff105adc5cd7fd0ce8640,0f309fffb4256000594f4a61b6cf248566025fd62a7ee11ec444b991e5dc2ea8,1,1,7.6559788889596803,8.1929280247808816,9.1683410046561011,0.28831437445913488,2.2872391689937541,1.9989247945346191,0.5369491358212013,1.5123621156964209,0.97541297987521958
Inflation,CPIAUCSL,1,month_open,mid_month,2026-05,Inflation Bridge Ridge,2026-05-01,2026-05-15,ecce58d78881f1fa52eea024f09cf047c9ca1eea60292d769f6573282836f872,09c0637b340d3561ff0b0bb18908b61a785ebba2ab34b086e758b763931bda60,1,1,5.6615940286512512,4.1270964552940157,6.5370909233916583,2.3546828026392443,0.76649481270009556,-1.5881879899391489,1.5344975733572355,0.87549689474040715,-0.65900067861682832
Inflation,CPIAUCSL,1,month_open,mid_month,2026-06,Inflation Bridge Ridge,2026-06-01,2026-06-15,f0df781ab2f261271b2366f61a81fc49bbdfc7e9b97072503f64ad3b16b226f6,f4397e66e5c38a308cf0c52dcc87caad0d2761acffbce156b355b4d1a7eb71b3,1,1,-5.0805195408127446,7.831598336853034,5.0568945567606427,166.72278808673622,102.76716458567965,-63.955623501056564,12.912117877665779,10.137414097573387,-2.7747037800923913
Inflation,CPIAUCSL,2,mid_month,month_end,2023-02,Inflation Bridge Ridge,2023-02-15,2023-02-28,8a6aa5b331d2800440fc5070284d13bec46ca8e8cf8f0b64f2d774d7a346d845,cb70f1083227814a12434e0b70c1200ca41999978ef528db99612996b9f10dfd,1,1,4.4318730380084048,3.2228808132249891,4.1255911250407973,1.4616621995867531,0.093808610211097113,-1.367853589375656,1.2089922247834157,0.30628191296760754,-0.90271031181580819
Inflation,CPIAUCSL,2,mid_month,month_end,2023-03,Inflation Bridge Ridge,2023-03-15,2023-03-31,c24597678917fa9998f96e86831764202da9a46463c27a4e17b3e2dbde45d766,dbd9eef0029676b046856fff4475ab9b8493c33323f171e88807ce15d8dfd6c8,1,1,0.63633472696977833,3.7537713775668817,3.7537713775668817,9.7184112704860866,9.7184112704860866,0,3.1174366505971034,3.1174366505971034,0
Inflation,CPIAUCSL,2,mid_month,month_end,2023-04,Inflation Bridge Ridge,2023-04-15,2023-04-30,24f87b813e26fb3b81c056ed9d88901f2c30ae987130cda85ad254b128511a68,b21663aae72afaada0e5e4c60247f75fc2908ae0e0a8fac2b14e3eb37a170755,1,1,4.4053058606191797,-0.42593691255574795,-0.42593691255574795,23.34090673335497,23.34090673335497,0,4.8312427731749281,4.8312427731749281,0
Inflation,CPIAUCSL,2,mid_month,month_end,2023-05,Inflation Bridge Ridge,2023-05-15,2023-05-31,5a53e4c54994844b836b9488eadd3536e0c958570641ae4d93cd978d90c91e5c,d1d37f7b62b103a5c74d2bf435831aaeb9e86c1d4234ce128b98eb56d3f035b8,1,1,1.4885883415676204,4.6653386479855783,4.6653386479855783,10.09174250932659,10.09174250932659,0,3.1767503064179579,3.1767503064179579,0
Inflation,CPIAUCSL,2,mid_month,month_end,2023-06,Inflation Bridge Ridge,2023-06-15,2023-06-30,1d08b874d7bce4f6418361d7e9e35acbb28fb786e60bda8c15f016e0a267febc,b92ae93bc8ff4e7485c1447cd9cb23ba00c85f6fed425f139954b509402dc803,1,1,2.1622873911194773,1.7248623542939545,1.7248623542939545,0.19134066284180998,0.19134066284180998,0,0.43742503682552281,0.43742503682552281,0
Inflation,CPIAUCSL,2,mid_month,month_end,2023-07,Inflation Bridge Ridge,2023-07-15,2023-07-31,89027fe9e485f8e383ea0d772ef18067f845d85a2ef90610397154b79eacb5e0,8abf16ba027a6d7454bffeb54143bf215ce42b236ff9002b8da5a7bc61e1a7e1,1,1,2.0006943267020461,2.8068642491670963,2.8068642491670963,0.64990994388730516,0.64990994388730516,0,0.80616992246505026,0.80616992246505026,0
Inflation,CPIAUCSL,2,mid_month,month_end,2023-08,Inflation Bridge Ridge,2023-08-15,2023-08-31,9cc2c2745a298698df6c4f34ca2408a44f30fa474f8671fa4f1e4295603404a2,c299c45efa306601544e041365cc364368d1840074da8d2a35e92e74b808789c,1,1,7.5504206569227961,4.8343448155525497,4.8343448155525497,7.3770679760750921,7.3770679760750921,0,2.7160758413702464,2.7160758413702464,0
Inflation,CPIAUCSL,2,mid_month,month_end,2023-09,Inflation Bridge Ridge,2023-09-15,2023-09-30,61e5ff22c1712efb73e9d56a561747473a23ba97f849c34eb9865177f289d33f,a8b9090e854655e2a7df78c3a56653fd01ce034c9dc56dbec062b83091192828,1,1,4.7393951626556685,5.4288142821168464,5.434618905422079,0.4752987222786258,0.48333605250613615,0.0080373302275103531,0.68941911946117784,0.69522374276641052,0.0058046233052326812
Inflation,CPIAUCSL,2,mid_month,month_end,2023-10,Inflation Bridge Ridge,2023-10-15,2023-10-31,a424c78a7cd11f5b4ff41db85df2beea0102fc337d3c877f62063e1e9488380d,2949285386a43565a033f492f774a76efe02f8f074faff23a4539ac02b94dea7,1,1,0.53844904171214125,5.9405372338341405,5.9405372338341405,29.182556835463931,29.182556835463931,0,5.4020881921219992,5.4020881921219992,0
Inflation,CPIAUCSL,2,mid_month,month_end,2023-11,Inflation Bridge Ridge,2023-11-15,2023-11-30,e8d35d9b894396dbacce853bbcba41da9c87e799884c4d13d86a672843c9a2f9,10b81e01adda2a8d5cfb24c7264c7fc5a0a37d36fb8da475fa1bd9f9b40dd447,1,1,1.1619142598910059,2.681796419379685,2.681796419379685,2.3100417787319705,2.3100417787319705,0,1.5198821594886791,1.5198821594886791,0
Inflation,CPIAUCSL,2,mid_month,month_end,2023-12,Inflation Bridge Ridge,2023-12-15,2023-12-31,5df490ec980999cf3b758b948dbb6f3f3a4033a284583dd5839079d626dfd73c,f7b61655455882d5c1efa87a7335a050e0b97a1ca437ec972e0b8e402ece3e3e,1,1,3.6305472050568,2.7923017136407724,2.7923017136407724,0.70265550387929754,0.70265550387929754,0,0.83824549141602755,0.83824549141602755,0
Inflation,CPIAUCSL,2,mid_month,month_end,2024-01,Inflation Bridge Ridge,2024-01-15,2024-01-31,82d6c3d39139ad4d032d65475f1827d5719054f56653a8b93a2e9cff9dc268d7,bd4850b054c3eb496d5f50f993746b4865bae6c15ef731f72f55168c4d365e20,1,1,3.6596101950234328,3.4890365421259566,3.4890365421259566,0.029095371062788679,0.029095371062788679,0,0.17057365289747617,0.17057365289747617,0
Inflation,CPIAUCSL,2,mid_month,month_end,2024-02,Inflation Bridge Ridge,2024-02-15,2024-02-29,ae89d3ae96b6270f5992f8c6f7491518dcf032586320f2b75a3b0fa9c8312b34,94b0121ab2e59c8cd66e8ebbe56a6b7f55071b97d156e84142e41ce7c1772b2f,1,1,5.2930544512420852,3.9870257058296557,4.3175245412419478,1.7057110838435647,0.951658605304876,-0.75405247853868873,1.3060287454124295,0.97552991000013733,-0.33049883541229219
Inflation,CPIAUCSL,2,mid_month,month_end,2024-03,Inflation Bridge Ridge,2024-03-15,2024-03-31,579708298d18115ae7a6ec5713142c458e6f1054da00080213fc09c492efe402,2c9265b86c22ac75b6b440afc4255aaaf6e9144c87eb36fe2f27cf8020b2bd66,1,1,4.52827819934285,4.8360658262085012,4.8360658262085012,0.094733223251589338,0.094733223251589338,0,0.3077876268656512,0.3077876268656512,0
Inflation,CPIAUCSL,2,mid_month,month_end,2024-04,Inflation Bridge Ridge,2024-04-15,2024-04-30,4d2fb4af32164d7f9a5e2ce4cb4b96b3bb1b170fb3146c81bc70cc545eb356a4,2bc305f36c3ba0e98f4ecc69dc238a3f07b3bf0a383760a4532ed7ac5ba82ab7,1,1,3.7490617076503696,3.3976295108394243,3.3976295108394243,0.12350458895536698,0.12350458895536698,0,0.35143219681094529,0.35143219681094529,0
Inflation,CPIAUCSL,2,mid_month,month_end,2024-05,Inflation Bridge Ridge,2024-05-15,2024-05-31,f8524ab49b321d39909136fdc89da4dd16e9e21c7dc4142a838e625a326a841a,c7e6964b907aa355aff058ac24e3731618d442b832672a50e47f940da5d99bae,1,1,0.068961994298533114,3.0703217149271853,3.0703217149271853,9.0081601726121008,9.0081601726121008,0,3.0013597206286522,3.0013597206286522,0
Inflation,CPIAUCSL,2,mid_month,month_end,2024-06,Inflation Bridge Ridge,2024-06-15,2024-06-30,8f3e0cacb6f5af3c402bd46a804aa094a4b9e3ff43005992f708204b5d9b79d0,f61e25d323addbc947aef69d4a6645eee37fe34e04218f81f074d92d6f25fdbc,1,1,-0.67446518795364341,2.4004994573660055,2.4004994573660055,9.4554075699657947,9.4554075699657947,0,3.0749646453196489,3.0749646453196489,0
Inflation,CPIAUCSL,2,mid_month,month_end,2024-07,Inflation Bridge Ridge,2024-07-15,2024-07-31,8b37166569a0120b18ae657209b4910e4e7ef479ae0a46c72bee134c5d001a17,4444c837b9e1bb7e2369c4e3f7525b22b8b23c68632f7995ae7f6e154980a9b5,1,1,1.8576952015390447,1.9986421176203157,1.9986421176203157,0.019866033152820872,0.019866033152820872,0,0.14094691608127108,0.14094691608127108,0
Inflation,CPIAUCSL,2,mid_month,month_end,2024-08,Inflation Bridge Ridge,2024-08-15,2024-08-31,fa9e12b484b7d8bc14896092f0ddc4148dd4794cc6e70e6c1c1a4703b49a12ec,975f0f7bce29d3578fe95867292a231210d9665e24b282f3c98cd445a4013738,1,1,2.244545826505373,3.3980361091665356,3.3980361091665356,1.3305398321937287,1.3305398321937287,0,1.1534902826611626,1.1534902826611626,0
Inflation,CPIAUCSL,2,mid_month,month_end,2024-09,Inflation Bridge Ridge,2024-09-15,2024-09-30,9eaddcf55f5ea463c414d7a32478e44de862df2cbe57a61fa8fe6c57c33a23af,b6bee9ad676dc47da00976fdab4f72e2dff4dfe25f601d84c903e65ea49d6619,1,1,2.1564651235159715,1.4465338272942099,1.4465338272942099,0.50400244535511074,0.50400244535511074,0,0.70993129622176165,0.70993129622176165,0
Inflation,CPIAUCSL,2,mid_month,month_end,2024-10,Inflation Bridge Ridge,2024-10-15,2024-10-31,281ef6d0ed34ad60e3a6479629efbf14508596ff807cbfede4c02a667a6a9c09,315aa6a0e3c63760a0afafac1887fe823da9d7b61d94e35e52efe814a60bb91c,1,1,2.9250657197465557,2.2267361403672932,2.2267361403672932,0.48766420143601774,0.48766420143601774,0,0.69832957937926254,0.69832957937926254,0
Inflation,CPIAUCSL,2,mid_month,month_end,2024-11,Inflation Bridge Ridge,2024-11-15,2024-11-30,36fd9369adf963255b6d0dc6bfedf8df0cd8f430d322cb6c028fc59762580e69,f67b4451a859fc166da895fd1d8dccc8037ac41a1e16090faf7e836d82e4ef22,1,1,3.7487271246416043,4.5441170549946204,4.5441170549946204,0.6326451413069758,0.6326451413069758,0,0.79538993035301608,0.79538993035301608,0
Inflation,CPIAUCSL,2,mid_month,month_end,2024-12,Inflation Bridge Ridge,2024-12-15,2024-12-31,4925dfcc401cd3311c63ac760762c3439a1d77b3c135b122d2eaf7506fc49e9f,8574a194618655b44eb397389c5b4a7bce7898daa54e9edad0c97cb2628ee6d0,1,1,4.7082186032746165,2.6184970813073263,2.6184970813073263,4.3669360393732877,4.3669360393732877,0,2.0897215219672902,2.0897215219672902,0
Inflation,CPIAUCSL,2,mid_month,month_end,2025-01,Inflation Bridge Ridge,2025-01-15,2025-01-31,3ff4b4a58df1a34813b2d029a9dc117317582329e8dc28eb4cfba8db95609656,cf745204f8c9d26b75d81c1780ea4f01273605a5ead0b81dc2e61019860aaf1f,1,1,5.5901805067371413,3.2239881873736835,3.2239881873736835,5.5988660922146201,5.5988660922146201,0,2.3661923193634578,2.3661923193634578,0
Inflation,CPIAUCSL,2,mid_month,month_end,2025-02,Inflation Bridge Ridge,2025-02-15,2025-02-28,77935a6b7e8590ae56b673746dd11c03e8013a8116de06bcf9e7a2e79722dbab,e26de1349bb35395a2d76fd9e3b5ca4fc45149090d088cbf20a5d243b236d6a0,1,1,2.58835746917363,4.8022254275769853,4.8022254275769853,4.9012113372450408,4.9012113372450408,0,2.2138679584033554,2.2138679584033554,0
Inflation,CPIAUCSL,2,mid_month,month_end,2025-03,Inflation Bridge Ridge,2025-03-15,2025-03-31,a4596cd791cf25c2e3be094fbed422c8ea71bba5088165fa51c3f55bc98a05b1,ff1e125c2651ba28a35d3b52ac457f2ffe9b5f311a64fbf6ae36791a2bbc4c93,1,1,-0.60057243312350295,2.6512643889871801,2.6512643889871801,10.574442717634906,10.574442717634906,0,3.251836822110683,3.251836822110683,0
Inflation,CPIAUCSL,2,mid_month,month_end,2025-04,Inflation Bridge Ridge,2025-04-15,2025-04-30,fe544582802ce78164d2f9946be70ae8f561acf20ee60340ea51cdc031bfad68,01869ca8e91ca3e95bec284761aedf74b03544d1243f3e2a886db2375c506dae,1,1,2.6477658507008783,3.0437550069501249,3.0437550069501249,0.15680741186699021,0.15680741186699021,0,0.39598915624924658,0.39598915624924658,0
Inflation,CPIAUCSL,2,mid_month,month_end,2025-05,Inflation Bridge Ridge,2025-05-15,2025-05-31,beb2033f3f4408775fdb588cf33aa1c013f251b8121752be6abcc6971daabee5,1f607479c05382ea374c7b50f04d5f017c832d7641854a9de18ecb19cdac9ad8,1,1,0.96988463715668161,4.8897224747734462,4.8897224747734462,15.365128673212073,15.365128673212073,0,3.9198378376167646,3.9198378376167646,0
Inflation,CPIAUCSL,2,mid_month,month_end,2025-06,Inflation Bridge Ridge,2025-06-15,2025-06-30,1deb686f98f2c1468c9d8e9a93f2d32fd49221c0670748676ff98f18ce5f4847,3a596ce8bd19787adfea2353c83c68ff87059b095ef44b36309a152b1ded1535,1,1,3.4388261759264793,5.4070421559945334,5.4070421559945334,3.8738741441952507,3.8738741441952507,0,1.9682159800680541,1.9682159800680541,0
Inflation,CPIAUCSL,2,mid_month,month_end,2025-07,Inflation Bridge Ridge,2025-07-15,2025-07-31,d5a81ce68e562b1b92e44ba335e058dbb779bc21f2c1956ad31a4af9bcaa6c51,c599993131755f7f523fd9c095d4570ed3be10d315a40a0314e17e5506ec8fbc,1,1,2.3566269040241394,8.5023513103184598,8.7806393449302789,37.769928478121678,41.267935840916856,3.4980073627951782,6.1457244062943204,6.4240124409061394,0.27828803461181906
Inflation,CPIAUCSL,2,mid_month,month_end,2025-08,Inflation Bridge Ridge,2025-08-15,2025-08-31,e47c815a59b47610b59e20d6e220a73ba12cec1a412d75391fea041062127ff1,b1a9e98e2e3262cc13c5b11665f2077ce68ca878b5a5c06b399ce23652bfce39,1,1,4.5806691138956523,4.5514333697076754,4.5514333697076754,0.00085472873822482623,0.00085472873822482623,0,0.02923574418797692,0.02923574418797692,0
Inflation,CPIAUCSL,2,mid_month,month_end,2025-09,Inflation Bridge Ridge,2025-09-15,2025-09-30,8fa2211d8d49c444f0fa6a3540e6d69708634a565703c8a53134dad86b3cd623,4951a7a0c610a8376679beb26661d0117edd1c1a5c25f1d918cbe313039d1f5a,1,1,3.7200600398769268,5.2282010006046171,5.2282010006046171,2.2744891574246409,2.2744891574246409,0,1.5081409607276903,1.5081409607276903,0
Inflation,CPIAUCSL,2,mid_month,month_end,2025-11,Inflation Bridge Ridge,2025-11-15,2025-11-30,a30b24c3aec0c444516e10ac972a8f39f5ca6f30519ff5671d4d5ed7d8868b9c,97aef115dc6f92dced31def01056939bfb7aab522f4603e63143a71eb9ae46ff,1,1,2.4502664045531475,2.0608644898857942,3.2950541719944346,0.15163385114660069,0.71366637201843419,0.56203252087183353,0.3894019146673533,0.84478776744128714,0.45538585277393384
Inflation,CPIAUCSL,2,mid_month,month_end,2025-12,Inflation Bridge Ridge,2025-12-15,2025-12-31,3389a3ec5508babdfe1230051c4ba6510ad8f8da1e4dd7149f40c47c5df03f07,dc60f4cd3bce75ce0efc64f31e6f9de8061443310b9ae870ddf49df14f2cfbde,1,1,3.6826071315459785,3.6414558188575898,3.7512282646765924,0.0016934305359775387,0.0047088599121294381,0.0030154293761518996,0.041151312688388675,0.068621133130613909,0.027469820442225235
Inflation,CPIAUCSL,2,mid_month,month_end,2026-01,Inflation Bridge Ridge,2026-01-15,2026-01-31,cfb289d3004dff8b82f1b1283696bf08de8b77938400844f89ea386e5f86fc9f,0736c15c75330e9d810eac066a22ee0073738685446c386b435a850ed06dd859,1,1,2.0483625585395515,3.9650540623152768,4.1834368658581234,3.6737063206460512,4.5585422977718792,0.88483597712582807,1.9166915037757253,2.1350743073185718,0.21838280354284656
Inflation,CPIAUCSL,2,mid_month,month_end,2026-02,Inflation Bridge Ridge,2026-02-15,2026-02-28,cd51542895b567294160f02ecc7906eed6b35270ef578fe4677bf606ed4c31e6,41bd86fc73bf948e4c3bf08a2672d2e03a1e39f36302592e36cea3ecf9c33843,1,1,3.1997670507312392,4.2978718197903687,4.1354703360910445,1.205834083830404,0.87554063823313322,-0.33029344559727081,1.0981047690591295,0.93570328535980529,-0.16240148369932417
Inflation,CPIAUCSL,2,mid_month,month_end,2026-03,Inflation Bridge Ridge,2026-03-15,2026-03-31,a716019482770d8d4f56e8c48b980d939a63d38b3494709513c425e46466b436,81bd444227eff91c88ecdb6492c29771f11ab96aa5a422e5d09a72f1e610316e,1,1,10.337074927015166,5.1826470224366368,5.4510838652181643,26.568127023497812,23.872908655960195,-2.6952183675376169,5.1544279045785295,4.8859910617970019,-0.26843684278152757
Inflation,CPIAUCSL,2,mid_month,month_end,2026-04,Inflation Bridge Ridge,2026-04-15,2026-04-30,0f309fffb4256000594f4a61b6cf248566025fd62a7ee11ec444b991e5dc2ea8,d2bcf6a3dd2d72ab4fdfc3aea17e5d3513254a63dba602b2c252f030c6a9ced3,1,1,7.6559788889596803,9.1683410046561011,9.1683410046561011,2.2872391689937541,2.2872391689937541,0,1.5123621156964209,1.5123621156964209,0
Inflation,CPIAUCSL,2,mid_month,month_end,2026-05,Inflation Bridge Ridge,2026-05-15,2026-05-31,09c0637b340d3561ff0b0bb18908b61a785ebba2ab34b086e758b763931bda60,553bf3f082f734a2a8963337ee9d14d499e35a41ec8fb28aeac183d8744b1f4c,1,1,5.6615940286512512,6.5370909233916583,6.5370909233916583,0.76649481270009556,0.76649481270009556,0,0.87549689474040715,0.87549689474040715,0
Inflation,CPIAUCSL,2,mid_month,month_end,2026-06,Inflation Bridge Ridge,2026-06-15,2026-06-30,f4397e66e5c38a308cf0c52dcc87caad0d2761acffbce156b355b4d1a7eb71b3,940b4ce22c10e895338bda0a11319316665ac5f2c98f8c30b9ca1a7f95c4cd7c,1,1,-5.0805195408127446,5.0568945567606427,5.0568945567606427,102.76716458567965,102.76716458567965,0,10.137414097573387,10.137414097573387,0
Inflation,CPIAUCSL,3,month_end,pre_release,2023-02,Inflation Bridge Ridge,2023-02-28,2023-03-13,cb70f1083227814a12434e0b70c1200ca41999978ef528db99612996b9f10dfd,c91425f67efe5d51fa6c27e95c6daeb7211d5f17f38bbcfc50975816d8e59904,1,1,4.4318730380084048,4.1255911250407973,4.0805814745681142,0.093808610211097113,0.12340576254432375,0.029597152333226642,0.30628191296760754,0.35129156344029067,0.045009650472683127
Inflation,CPIAUCSL,3,month_end,pre_release,2023-03,Inflation Bridge Ridge,2023-03-31,2023-04-11,dbd9eef0029676b046856fff4475ab9b8493c33323f171e88807ce15d8dfd6c8,dd6b39c918271d98b4c0205aaf3ae8860e4f295e048987ee9f3eecb5caa2b4e1,1,1,0.63633472696977833,3.7537713775668817,3.7645340498841433,9.7184112704860866,9.7856310038818908,0.067219733395804226,3.1174366505971034,3.128199322914365,0.010762672317261579
Inflation,CPIAUCSL,3,month_end,pre_release,2023-04,Inflation Bridge Ridge,2023-04-30,2023-05-09,b21663aae72afaada0e5e4c60247f75fc2908ae0e0a8fac2b14e3eb37a170755,70701eb87515f29a738d6afead804bcdb00ca733c833b7095fc8089cf0302b75,1,1,4.4053058606191797,-0.42593691255574795,-0.36242735873923015,23.34090673335497,22.731280050973712,-0.60962668238125772,4.8312427731749281,4.7677332193584103,-0.063509553816517794
Inflation,CPIAUCSL,3,month_end,pre_release,2023-05,Inflation Bridge Ridge,2023-05-31,2023-06-12,d1d37f7b62b103a5c74d2bf435831aaeb9e86c1d4234ce128b98eb56d3f035b8,9ce9a11105821e09ff3008847fd55292b5213ee91304d12308ed111816d924ef,1,1,1.4885883415676204,4.6653386479855783,4.6066229494516087,10.09174250932659,9.7221398159622563,-0.36960269336433349,3.1767503064179579,3.1180346078839882,-0.058715698533969629
Inflation,CPIAUCSL,3,month_end,pre_release,2023-06,Inflation Bridge Ridge,2023-06-30,2023-07-11,b92ae93bc8ff4e7485c1447cd9cb23ba00c85f6fed425f139954b509402dc803,2a791de08fcd83b9da63bfc41e2aa43b28f7fa855d6cb2e4109483b71383a620,1,1,2.1622873911194773,1.7248623542939545,1.7725588297610395,0.19134066284180998,0.15188835153851762,-0.039452311303292353,0.43742503682552281,0.38972856135843781,-0.047696475467084998
Inflation,CPIAUCSL,3,month_end,pre_release,2023-07,Inflation Bridge Ridge,2023-07-31,2023-08-09,8abf16ba027a6d7454bffeb54143bf215ce42b236ff9002b8da5a7bc61e1a7e1,fbfcd5e1bcab8eba5d5eb6f41cf1dee16231cac9b6fc80ef24dcbc88d6667b6c,1,1,2.0006943267020461,2.8068642491670963,2.8313497838680934,0.64990994388730516,0.68998848851973515,0.040078544632429991,0.80616992246505026,0.83065545716604738,0.024485534700997125
Inflation,CPIAUCSL,3,month_end,pre_release,2023-08,Inflation Bridge Ridge,2023-08-31,2023-09-12,c299c45efa306601544e041365cc364368d1840074da8d2a35e92e74b808789c,25036deadb3b0974afcbd24f1c13ad75fca3516d83838819ad05562fc6cf1f50,1,1,7.5504206569227961,4.8343448155525497,4.8343448155525497,7.3770679760750921,7.3770679760750921,0,2.7160758413702464,2.7160758413702464,0
Inflation,CPIAUCSL,3,month_end,pre_release,2023-09,Inflation Bridge Ridge,2023-09-30,2023-10-11,a8b9090e854655e2a7df78c3a56653fd01ce034c9dc56dbec062b83091192828,21e8f51745d87973df7091e4c63e8d6e289c7b50ac4eaf3a2bf13a70b5955472,1,1,4.7393951626556685,5.434618905422079,5.9245621870887959,0.48333605250613615,1.4046208758036731,0.92128482329753703,0.69522374276641052,1.1851670244331274,0.48994328166671686
Inflation,CPIAUCSL,3,month_end,pre_release,2023-10,Inflation Bridge Ridge,2023-10-31,2023-11-13,2949285386a43565a033f492f774a76efe02f8f074faff23a4539ac02b94dea7,508a6fa229a72de922c208cdcf66979fb0652faae6f37031c057f20f41931596,1,1,0.53844904171214125,5.9405372338341405,6.0489502111041293,29.182556835463931,30.365623137870468,1.1830663024065373,5.4020881921219992,5.5105011693919881,0.10841297726998889
Inflation,CPIAUCSL,3,month_end,pre_release,2023-11,Inflation Bridge Ridge,2023-11-30,2023-12-11,10b81e01adda2a8d5cfb24c7264c7fc5a0a37d36fb8da475fa1bd9f9b40dd447,b1d936cd65211c1b933891530f1a91b5ea36297c7469e408579fb74042f24d0c,1,1,1.1619142598910059,2.681796419379685,2.6044799994600552,2.3100417787319705,2.0809959129783979,-0.22904586575357255,1.5198821594886791,1.4425657395690492,-0.077316419919629897
Inflation,CPIAUCSL,3,month_end,pre_release,2023-12,Inflation Bridge Ridge,2023-12-31,2024-01-10,f7b61655455882d5c1efa87a7335a050e0b97a1ca437ec972e0b8e402ece3e3e,593cd9c098e01d09baa005c378be568ef6cd4675bbf4c1ef0a7e03241c3af37a,1,1,3.6305472050568,2.7923017136407724,2.925313473547114,0.70265550387929754,0.49735461605907577,-0.20530088782022177,0.83824549141602755,0.70523373150968593,-0.13301175990634162
Inflation,CPIAUCSL,3,month_end,pre_release,2024-01,Inflation Bridge Ridge,2024-01-31,2024-02-12,bd4850b054c3eb496d5f50f993746b4865bae6c15ef731f72f55168c4d365e20,c67b4c5c714111f4012f45549254a6c32d7eaa433a717cd59ca31b1234a2c4cc,1,1,3.6596101950234328,3.4890365421259566,3.1353736257692963,0.029095371062788679,0.27482398054334695,0.24572860948055827,0.17057365289747617,0.52423656925413642,0.35366291635666025
Inflation,CPIAUCSL,3,month_end,pre_release,2024-02,Inflation Bridge Ridge,2024-02-29,2024-03-11,94b0121ab2e59c8cd66e8ebbe56a6b7f55071b97d156e84142e41ce7c1772b2f,64eb8b3e8e40f520a5bec425ce6d83750dae8082514d7f2907c8ba36a5eaf194,1,1,5.2930544512420852,4.3175245412419478,4.2429130651995752,0.951658605304876,1.102796930679284,0.15113832537440797,0.97552991000013733,1.05014138604251,0.074611476042372615
Inflation,CPIAUCSL,3,month_end,pre_release,2024-03,Inflation Bridge Ridge,2024-03-31,2024-04-09,2c9265b86c22ac75b6b440afc4255aaaf6e9144c87eb36fe2f27cf8020b2bd66,81300715ea8c17f006072264728a850f799b2cfe6d33b097c9a2d90df5c84355,1,1,4.52827819934285,4.8360658262085012,4.8324480069685274,0.094733223251589338,0.092519271871041572,-0.0022139513805477656,0.3077876268656512,0.30416980762567736,-0.0036178192399738407
Inflation,CPIAUCSL,3,month_end,pre_release,2024-04,Inflation Bridge Ridge,2024-04-30,2024-05-14,2bc305f36c3ba0e98f4ecc69dc238a3f07b3bf0a383760a4532ed7ac5ba82ab7,69b562985c72ea58a6f109f19be17757104184293040c15f86548a388761b6d6,1,1,3.7490617076503696,3.3976295108394243,3.24079597998906,0.12350458895536698,0.25833404991508058,0.1348294609597136,0.35143219681094529,0.50826572766130962,0.15683353085036433
Inflation,CPIAUCSL,3,month_end,pre_release,2024-05,Inflation Bridge Ridge,2024-05-31,2024-06-11,c7e6964b907aa355aff058ac24e3731618d442b832672a50e47f940da5d99bae,b0165e42263269201ce12104f2a4007fff14112853d63ff28577dd787a10aa26,1,1,0.068961994298533114,3.0703217149271853,3.1179220374840471,9.0081601726121008,9.2961573449418111,0.28799717232971034,3.0013597206286522,3.0489600431855139,0.047600322556861752
Inflation,CPIAUCSL,3,month_end,pre_release,2024-06,Inflation Bridge Ridge,2024-06-30,2024-07-10,f61e25d323addbc947aef69d4a6645eee37fe34e04218f81f074d92d6f25fdbc,feb20eafe417ed2c35ebf583174b5456926d2d5aa7d42713c3f7e5164901e1a8,1,1,-0.67446518795364341,2.4004994573660055,2.3591587913050271,9.4554075699657947,9.20287444753321,-0.25253312243258463,3.0749646453196489,3.0336239792586706,-0.041340666060978304
Inflation,CPIAUCSL,3,month_end,pre_release,2024-07,Inflation Bridge Ridge,2024-07-31,2024-08-13,4444c837b9e1bb7e2369c4e3f7525b22b8b23c68632f7995ae7f6e154980a9b5,c04c5f081a7c1083c0aaf1c7356c3f3100ca5445c1a8baafca429072dcbeee6f,1,1,1.8576952015390447,1.9986421176203157,2.0145940894801755,0.019866033152820872,0.024617261037163527,0.0047512278843426549,0.14094691608127108,0.15689888794113083,0.015951971859859748
Inflation,CPIAUCSL,3,month_end,pre_release,2024-08,Inflation Bridge Ridge,2024-08-31,2024-09-10,975f0f7bce29d3578fe95867292a231210d9665e24b282f3c98cd445a4013738,8325a4c7cdf0b28d25fc412263b269053dadff35986ccac6f3c1431c401d41e3,1,1,2.244545826505373,3.3980361091665356,3.3980361091665356,1.3305398321937287,1.3305398321937287,0,1.1534902826611626,1.1534902826611626,0
Inflation,CPIAUCSL,3,month_end,pre_release,2024-09,Inflation Bridge Ridge,2024-09-30,2024-10-09,b6bee9ad676dc47da00976fdab4f72e2dff4dfe25f601d84c903e65ea49d6619,c9401f67e6ad4670ac24bb91c911ccfdea1f98ebee9b1a954d9cd2384b04b3c7,1,1,2.1564651235159715,1.4465338272942099,1.4969192081432048,0.50400244535511074,0.4350008144849008,-0.06900163087020994,0.70993129622176165,0.65954591537276674,-0.05038538084899491
Inflation,CPIAUCSL,3,month_end,pre_release,2024-10,Inflation Bridge Ridge,2024-10-31,2024-11-12,315aa6a0e3c63760a0afafac1887fe823da9d7b61d94e35e52efe814a60bb91c,036ca471d19012cf8313570a1011de96afd4f5e3fde14c45b4757c66338d7e7b,1,1,2.9250657197465557,2.2267361403672932,2.1467435604628378,0.48766420143601774,0.60578538363206924,0.1181211821960515,0.69832957937926254,0.77832215928371795,0.079992579904455408
Inflation,CPIAUCSL,3,month_end,pre_release,2024-11,Inflation Bridge Ridge,2024-11-30,2024-12-10,f67b4451a859fc166da895fd1d8dccc8037ac41a1e16090faf7e836d82e4ef22,c51ca46b65532da316e0321617a851132efebe0d8012805f7b4ddd1c6ac0a449,1,1,3.7487271246416043,4.5441170549946204,4.5943501131828404,0.6326451413069758,0.71507823874941145,0.082433097442435654,0.79538993035301608,0.84562298854123608,0.050233058188219992
Inflation,CPIAUCSL,3,month_end,pre_release,2024-12,Inflation Bridge Ridge,2024-12-31,2025-01-14,8574a194618655b44eb397389c5b4a7bce7898daa54e9edad0c97cb2628ee6d0,a43f51314268b7c4f486e9eec75b112cf7838256290a77b402b2982bddd9d714,1,1,4.7082186032746165,2.6184970813073263,2.4906309103464661,4.3669360393732877,4.9176951758263963,0.55075913645310859,2.0897215219672902,2.2175876929281504,0.12786617096086017
Inflation,CPIAUCSL,3,month_end,pre_release,2025-01,Inflation Bridge Ridge,2025-01-31,2025-02-11,cf745204f8c9d26b75d81c1780ea4f01273605a5ead0b81dc2e61019860aaf1f,efb15a76a4f20c96957632b8a1dd2f0fb4eabda20986f8f74b4159785eedca75,1,1,5.5901805067371413,3.2239881873736835,3.1674396277840868,5.5988660922146201,5.8696733665502192,0.27080727433559915,2.3661923193634578,2.4227408789530545,0.056548559589596703
Inflation,CPIAUCSL,3,month_end,pre_release,2025-02,Inflation Bridge Ridge,2025-02-28,2025-03-11,e26de1349bb35395a2d76fd9e3b5ca4fc45149090d088cbf20a5d243b236d6a0,13bfc7fbf793c2e38d708d17bfd066c186a8351be81df43aec800ce4733c6dd5,1,1,2.58835746917363,4.8022254275769853,4.6661729683441679,4.9012113372450408,4.3173172485933122,-0.58389408865172854,2.2138679584033554,2.077815499170538,-0.13605245923281739
Inflation,CPIAUCSL,3,month_end,pre_release,2025-03,Inflation Bridge Ridge,2025-03-31,2025-04-09,ff1e125c2651ba28a35d3b52ac457f2ffe9b5f311a64fbf6ae36791a2bbc4c93,6ee57b25a8f1560c08a912a4e1c781ff4a065f3296cfe2b411e6a85e2c8f9edf,1,1,-0.60057243312350295,2.6512643889871801,2.5868269558528314,10.574442717634906,10.15951486484671,-0.41492785278819611,3.251836822110683,3.1873993889763343,-0.064437433134348687
Inflation,CPIAUCSL,3,month_end,pre_release,2025-04,Inflation Bridge Ridge,2025-04-30,2025-05-12,01869ca8e91ca3e95bec284761aedf74b03544d1243f3e2a886db2375c506dae,cef4370625020bb3e3f95d6999a4ed1addfe150b7a3c12ccecf7c41a4ea97c36,1,1,2.6477658507008783,3.0437550069501249,3.0418573007583718,0.15680741186699021,0.15530807100841787,-0.00149934085857234,0.39598915624924658,0.39409145005749346,-0.0018977061917531124
Inflation,CPIAUCSL,3,month_end,pre_release,2025-05,Inflation Bridge Ridge,2025-05-31,2025-06-10,1f607479c05382ea374c7b50f04d5f017c832d7641854a9de18ecb19cdac9ad8,7dcec96e0a8708a06ce4ce778883c605a8413744f037739f26b3893ae87b58c4,1,1,0.96988463715668161,4.8897224747734462,4.9892807312578356,15.365128673212073,16.155544961275613,0.7904162880635397,3.9198378376167646,4.0193960941011539,0.099558256484389318
Inflation,CPIAUCSL,3,month_end,pre_release,2025-06,Inflation Bridge Ridge,2025-06-30,2025-07-14,3a596ce8bd19787adfea2353c83c68ff87059b095ef44b36309a152b1ded1535,59721ef3b05b09fb4738c0c60e768b9b11f4444fcf6bc6572002a529028c0dea,1,1,3.4388261759264793,5.4070421559945334,5.342849368356438,3.8738741441952507,3.6253043173111714,-0.24856982688407925,1.9682159800680541,1.9040231924299587,-0.064192787638095439
Inflation,CPIAUCSL,3,month_end,pre_release,2025-07,Inflation Bridge Ridge,2025-07-31,2025-08-11,c599993131755f7f523fd9c095d4570ed3be10d315a40a0314e17e5506ec8fbc,6ee08cccf5bf6d92e31cc207c866be6f578c82e87deacb54920f68035ee6929f,1,1,2.3566269040241394,8.7806393449302789,8.8484483723666347,41.267935840916856,42.143745976832513,0.87581013591565693,6.4240124409061394,6.4918214683424953,0.067809027436355862
Inflation,CPIAUCSL,3,month_end,pre_release,2025-08,Inflation Bridge Ridge,2025-08-31,2025-09-10,b1a9e98e2e3262cc13c5b11665f2077ce68ca878b5a5c06b399ce23652bfce39,baf934395f0cc498a909e0e54e40c5c6436593944be45f097769a2fde8346241,1,1,4.5806691138956523,4.5514333697076754,4.3402959048580003,0.00085472873822482623,0.05777927962305876,0.056924550884833933,0.02923574418797692,0.24037320903765202,0.2111374648496751
Inflation,CPIAUCSL,3,month_end,pre_release,2025-09,Inflation Bridge Ridge,2025-09-30,2025-10-23,4951a7a0c610a8376679beb26661d0117edd1c1a5c25f1d918cbe313039d1f5a,3497d92bc4f4c05de960b5c11017722f6b9f6e10ccd75825232041b9ae0e9365,1,1,3.7200600398769268,5.2282010006046171,5.2282010006046171,2.2744891574246409,2.2744891574246409,0,1.5081409607276903,1.5081409607276903,0
Inflation,CPIAUCSL,3,month_end,pre_release,2025-11,Inflation Bridge Ridge,2025-11-30,2025-12-17,97aef115dc6f92dced31def01056939bfb7aab522f4603e63143a71eb9ae46ff,090267d51086d80eeb00018aad6ab0058f0a67d4c87176cf13f3a794831a1f48,1,1,2.4502664045531475,3.2950541719944346,3.4658743510397305,0.71366637201843419,1.031459500966694,0.31779312894825984,0.84478776744128714,1.015607946486583,0.17082017904529589
Inflation,CPIAUCSL,3,month_end,pre_release,2025-12,Inflation Bridge Ridge,2025-12-31,2026-01-12,dc60f4cd3bce75ce0efc64f31e6f9de8061443310b9ae870ddf49df14f2cfbde,06c6f5cad8ca94360e2b4860fb696c4ccf56d0d88b6d5b2fc71c7d33a027606c,1,1,3.6826071315459785,3.7512282646765924,3.9081599393360986,0.0047088599121294381,0.050874069102006862,0.046165209189877425,0.068621133130613909,0.2255528077901201,0.15693167465950619
Inflation,CPIAUCSL,3,month_end,pre_release,2026-01,Inflation Bridge Ridge,2026-01-31,2026-02-12,0736c15c75330e9d810eac066a22ee0073738685446c386b435a850ed06dd859,59f01cf051efe0c9bd6b99e7bafe82f1061b26faa2fba8ddc8cd34111e35a06e,1,1,2.0483625585395515,4.1834368658581234,4.0674584306313175,4.5585422977718792,4.0767481406980091,-0.48179415707387019,2.1350743073185718,2.019095872091766,-0.11597843522680584
Inflation,CPIAUCSL,3,month_end,pre_release,2026-02,Inflation Bridge Ridge,2026-02-28,2026-03-10,41bd86fc73bf948e4c3bf08a2672d2e03a1e39f36302592e36cea3ecf9c33843,e986dc890a793a3554d53121448ed2d86fb6f45d9163e133f9427d304bf6e548,1,1,3.1997670507312392,4.1354703360910445,4.1354703360910445,0.87554063823313322,0.87554063823313322,0,0.93570328535980529,0.93570328535980529,0
Inflation,CPIAUCSL,3,month_end,pre_release,2026-03,Inflation Bridge Ridge,2026-03-31,2026-04-09,81bd444227eff91c88ecdb6492c29771f11ab96aa5a422e5d09a72f1e610316e,1d43e6aabd38f4ea3cc2c2a23b661b33fd8503daf4dc9a0701709bec9e62af7b,1,1,10.337074927015166,5.4510838652181643,5.3425802759138907,23.872908655960195,24.944976819879251,1.0720681639190559,4.8859910617970019,4.9944946511012756,0.10850358930427362
Inflation,CPIAUCSL,3,month_end,pre_release,2026-04,Inflation Bridge Ridge,2026-04-30,2026-05-11,d2bcf6a3dd2d72ab4fdfc3aea17e5d3513254a63dba602b2c252f030c6a9ced3,2d8036b0f3006633ecba032108a6cfc51fc1b9b1ddcaf398b8cc517f0f32d691,1,1,7.6559788889596803,9.1683410046561011,9.0591309682754577,2.2872391689937541,1.9688357576881899,-0.31840341130556427,1.5123621156964209,1.4031520793157775,-0.10921003638064342
Inflation,CPIAUCSL,3,month_end,pre_release,2026-05,Inflation Bridge Ridge,2026-05-31,2026-06-09,553bf3f082f734a2a8963337ee9d14d499e35a41ec8fb28aeac183d8744b1f4c,4429753f988a428fe54757cdcb1e35a02aad40ed2845ebc6222a4d500633b537,1,1,5.6615940286512512,6.5370909233916583,6.5370909233916583,0.76649481270009556,0.76649481270009556,0,0.87549689474040715,0.87549689474040715,0
Inflation,CPIAUCSL,3,month_end,pre_release,2026-06,Inflation Bridge Ridge,2026-06-30,2026-07-13,940b4ce22c10e895338bda0a11319316665ac5f2c98f8c30b9ca1a7f95c4cd7c,6a79eecb50495e80698ce87648ca902391c45569dae7e021997c036212197499,1,1,-5.0805195408127446,5.0568945567606427,4.9929139763518613,102.76716458567965,101.47406282473528,-1.2931017609443671,10.137414097573387,10.073433517164606,-0.063980580408781407
Inflation,CPILFESL,1,month_open,mid_month,2023-02,Inflation Ridge-AR Ensemble,2023-02-01,2023-02-15,30bd2a746b5627992ad31d6598e4a35a8669f48041c568df44c48cf034f7b626,8a6aa5b331d2800440fc5070284d13bec46ca8e8cf8f0b64f2d774d7a346d845,1,1,5.4109378199150626,3.4701011415086289,4.2597767031627445,3.7668470122477187,1.3251719167224443,-2.4416750955252744,1.9408366784064337,1.1511611167523181,-0.78967556165411557
Inflation,CPILFESL,1,month_open,mid_month,2023-03,Inflation Ridge-AR Ensemble,2023-03-01,2023-03-15,db99f1f4d4d3334eaef59b89950f48ee9bb1f8678fcf1d30d0bfaa5b720ee4df,c24597678917fa9998f96e86831764202da9a46463c27a4e17b3e2dbde45d766,1,1,4.6084972365690646,4.9589508535281208,4.990866999372912,0.12281773763968487,0.14620663550667051,0.023388897866985642,0.35045361695905619,0.38236976280384738,0.031916145844791188
Inflation,CPILFESL,1,month_open,mid_month,2023-04,Inflation Ridge-AR Ensemble,2023-04-01,2023-04-15,32673152a99d3263f3f9ed8560cc6ba755c24bb424dae7e956134f442cc46d9a,24f87b813e26fb3b81c056ed9d88901f2c30ae987130cda85ad254b128511a68,1,1,4.9002158887912373,4.3250145658031247,3.534537903566326,0.33085656196727498,1.8650763593279729,1.5342197973606979,0.57520132298811255,1.3656779852249112,0.79047666223679869
Inflation,CPILFESL,1,month_open,mid_month,2023-05,Inflation Ridge-AR Ensemble,2023-05-01,2023-05-15,c40dc0e288acf44de093f257dd91ced1a042449c69581796e5c72d64a383200e,5a53e4c54994844b836b9488eadd3536e0c958570641ae4d93cd978d90c91e5c,1,1,5.2155904950303977,3.3082660135454214,3.8256857059840823,3.6378866776719341,1.9318353226138827,-1.7060513550580514,1.9073244814849764,1.3899047890463154,-0.51741969243866093
Inflation,CPILFESL,1,month_open,mid_month,2023-06,Inflation Ridge-AR Ensemble,2023-06-01,2023-06-15,7651bf41614253de85a8ccd1403b43ce653e69223fde0edfebb94e51992102ba,1d08b874d7bce4f6418361d7e9e35acbb28fb786e60bda8c15f016e0a267febc,1,1,1.8892028838219943,4.1582905160723573,4.2916143348777123,5.1487586828315584,5.7715807801636405,0.62282209733208216,2.269087632250363,2.402411451055718,0.13332381880535493
Inflation,CPILFESL,1,month_open,mid_month,2023-07,Inflation Ridge-AR Ensemble,2023-07-01,2023-07-15,772d853be45298023544f2d92b64ba3a8f809b150ffaa189716d3bcf8d0d4e4d,89027fe9e485f8e383ea0d772ef18067f845d85a2ef90610397154b79eacb5e0,1,1,1.9134356114534512,4.2085030009648055,1.9683769549409791,5.2673343223984626,0.0030185512242145223,-5.2643157711742479,2.2950673895113542,0.054941343487527883,-2.2401260460238266
Inflation,CPILFESL,1,month_open,mid_month,2023-08,Inflation Ridge-AR Ensemble,2023-08-01,2023-08-15,14e5e80143efbaecbec28ae3af68a385e1236611e647b34a42dcabbed821774f,9cc2c2745a298698df6c4f34ca2408a44f30fa474f8671fa4f1e4295603404a2,1,1,3.3373130933370021,2.1851832627621031,2.2759002318066148,1.3274031465005456,1.126597262622125,-0.20080588387842058,1.152129830574899,1.0614128615303873,-0.090716969044511764
Inflation,CPILFESL,1,month_open,mid_month,2023-09,Inflation Ridge-AR Ensemble,2023-09-01,2023-09-15,b85a328ae132025b941fa72de3c6759b46734f451777c72148c74dfd12a5e3ce,61e5ff22c1712efb73e9d56a561747473a23ba97f849c34eb9865177f289d33f,1,1,3.8689617311792546,2.7651414654471447,3.5093873612893232,1.2184191790409058,0.1292937274817412,-1.0891254515591646,1.1038202657321099,0.35957436988993141,-0.74424589584217848
Inflation,CPILFESL,1,month_open,mid_month,2023-10,Inflation Ridge-AR Ensemble,2023-10-01,2023-10-15,3a26df0d3895e07bab51d56556b6001227ed70942d6dda4e93c5ebce84cdeebc,a424c78a7cd11f5b4ff41db85df2beea0102fc337d3c877f62063e1e9488380d,1,1,2.7162863311584573,3.4471939968496397,3.7504245861980898,0.53422601576613327,1.069441930536416,0.53521591477028274,0.73090766569118237,1.0341382550396325,0.30323058934845015
Inflation,CPILFESL,1,month_open,mid_month,2023-11,Inflation Ridge-AR Ensemble,2023-11-01,2023-11-15,a5393d6ec69e1d357cf1f32af81147b0f60146446a8004226b89cc12f838810d,e8d35d9b894396dbacce853bbcba41da9c87e799884c4d13d86a672843c9a2f9,1,1,3.4097929346401656,4.2245051873031016,3.0642478727311682,0.66375605463911569,0.11940138980969289,-0.54435466482942285,0.81471225266293601,0.34554506190899748,-0.46916719075393853
Inflation,CPILFESL,1,month_open,mid_month,2023-12,Inflation Ridge-AR Ensemble,2023-12-01,2023-12-15,743e6919713900b76e677717cd1a66869d15bf5ff291e59b557bcbce3da349f9,5df490ec980999cf3b758b948dbb6f3f3a4033a284583dd5839079d626dfd73c,1,1,3.7028361810513388,2.6537981346183703,3.361276502355043,1.1004808228638989,0.11666301411111681,-0.98381780875278213,1.0490380464329685,0.34155967869629578,-0.70747836773667272
Inflation,CPILFESL,1,month_open,mid_month,2024-01,Inflation Ridge-AR Ensemble,2024-01-01,2024-01-15,1c9d7a507fb5ecf3beece8ebfe371399356d8179c0ea445c88bafdbb78fed0f5,82d6c3d39139ad4d032d65475f1827d5719054f56653a8b93a2e9cff9dc268d7,1,1,4.6994628665117943,3.2910578036618556,3.4500890862621989,1.9836048210613397,1.5609348427751644,-0.42266997828617536,1.4084050628499387,1.2493737802495954,-0.15903128260034327
Inflation,CPILFESL,1,month_open,mid_month,2024-02,Inflation Ridge-AR Ensemble,2024-02-01,2024-02-15,4acd561b9e983aecffffe0fb830530af2b93463dfc296c45ebca9c5842b184ab,ae89d3ae96b6270f5992f8c6f7491518dcf032586320f2b75a3b0fa9c8312b34,1,1,4.293317468662039,3.1723772073777745,3.8332771750763417,1.2565070693680351,0.21163707172241458,-1.0448699976456206,1.1209402612842645,0.46004029358569731,-0.66089996769856718
Inflation,CPILFESL,1,month_open,mid_month,2024-03,Inflation Ridge-AR Ensemble,2024-03-01,2024-03-15,f9ba877379756fdb8fb080f7d9c3d4a9398f93a116a9f04c27f138d329ec8492,579708298d18115ae7a6ec5713142c458e6f1054da00080213fc09c492efe402,1,1,4.3007465415762169,4.3059825694943479,3.7261952946963603,2.741598835944659e-05,0.3301091352911979,0.33008171930283847,0.0052360279181309366,0.57455124687985659,0.56931521896172566
Inflation,CPILFESL,1,month_open,mid_month,2024-04,Inflation Ridge-AR Ensemble,2024-04-01,2024-04-15,0765f629012b7882da9b07236737a448cea652d24c7d60f9c5500570f2be42f0,4d2fb4af32164d7f9a5e2ce4cb4b96b3bb1b170fb3146c81bc70cc545eb356a4,1,1,3.4960297145268271,3.36217459787993,3.4527889281432902,0.017917192252554427,0.0018697656070666702,-0.016047426645487757,0.13385511664689709,0.0432407863835369,-0.090614330263360188
Inflation,CPILFESL,1,month_open,mid_month,2024-05,Inflation Ridge-AR Ensemble,2024-05-01,2024-05-15,01c59925fab16ba62b08a4763c2108a3b840145569e7ae080f15c6b5d2a754f9,f8524ab49b321d39909136fdc89da4dd16e9e21c7dc4142a838e625a326a841a,1,1,1.9554491698148269,3.5066055875347901,3.0784567564805796,2.4060862322338292,1.2611460397088381,-1.1449401925249911,1.5511564177199633,1.1230075866657527,-0.42814883105421053
Inflation,CPILFESL,1,month_open,mid_month,2024-06,Inflation Ridge-AR Ensemble,2024-06-01,2024-06-15,8df009ea9d2a3f9378f43651fc146c649cbd57f03acc45894e67af75e79ca32e,8f3e0cacb6f5af3c402bd46a804aa094a4b9e3ff43005992f708204b5d9b79d0,1,1,0.77676495203746754,3.3873036552257689,2.3719032959484876,6.8149123208440585,2.5444663362151916,-4.2704459846288669,2.6105387031883014,1.5951383439110201,-1.0154003592772813
Inflation,CPILFESL,1,month_open,mid_month,2024-07,Inflation Ridge-AR Ensemble,2024-07-01,2024-07-15,51458cda1e8975e0ed110d3f82c5cf2cf16a0d63c40603694e9ed66d3bc9304b,8b37166569a0120b18ae657209b4910e4e7ef479ae0a46c72bee134c5d001a17,1,1,1.9811120946506833,2.3785861926608121,1.7923580712176785,0.15798565858896546,0.035628081362147304,-0.12235757722681816,0.39747409801012878,0.18875402343300474,-0.20872007457712405
Inflation,CPILFESL,1,month_open,mid_month,2024-08,Inflation Ridge-AR Ensemble,2024-08-01,2024-08-15,a112ff08058f0ed6b24978daadcc77bb5ae2d8ab5ba3c1e31f65365a8134444f,fa9e12b484b7d8bc14896092f0ddc4148dd4794cc6e70e6c1c1a4703b49a12ec,1,1,3.3671574140669236,1.7023502362711627,2.1451212942563451,2.7715829392402864,1.4933722781216945,-1.2782106611185919,1.6648071777957609,1.2220361198105785,-0.44277105798518246
Inflation,CPILFESL,1,month_open,mid_month,2024-09,Inflation Ridge-AR Ensemble,2024-09-01,2024-09-15,a4f2ce8b6294e6f997b4fa92a73e47d06c9f8dd431c4c1d7c0d58e46b718aec4,9eaddcf55f5ea463c414d7a32478e44de862df2cbe57a61fa8fe6c57c33a23af,1,1,3.7431240197996374,2.1939170435141246,3.3786565651980904,2.4000422553717011,0.13283652546373068,-2.2672057299079706,1.5492069762855127,0.36446745460154695,-1.1847395216839658
Inflation,CPILFESL,1,month_open,mid_month,2024-10,Inflation Ridge-AR Ensemble,2024-10-01,2024-10-15,0bde9a780e20438090ae0e0b5c7664c57538f6fb2853ee43e735662b6f0ae5ed,281ef6d0ed34ad60e3a6479629efbf14508596ff807cbfede4c02a667a6a9c09,1,1,3.3584847110301297,3.3270995214170265,3.3265955260613609,0.00098503012705044202,0.0010169201179723501,3.1889990921908119e-05,0.031385189613103215,0.031889184968768802,0.0005039953556655874
Inflation,CPILFESL,1,month_open,mid_month,2024-11,Inflation Ridge-AR Ensemble,2024-11-01,2024-11-15,8fbc267d6510a2526ff236f920e15de7594349e15a1107540271af3c6f63de6b,36fd9369adf963255b6d0dc6bfedf8df0cd8f430d322cb6c028fc59762580e69,1,1,3.69131922257111,3.0636123850315125,2.968039183211916,0.3940158738939627,0.52313401533543724,0.12911814144147454,0.62770683753959755,0.72328003935919405,0.095573201819596498
Inflation,CPILFESL,1,month_open,mid_month,2024-12,Inflation Ridge-AR Ensemble,2024-12-01,2024-12-15,6f071f53641ab5669bd9c3e9ac58244f7ce194bf4d227b5a47d3306dd9d31e8c,4925dfcc401cd3311c63ac760762c3439a1d77b3c135b122d2eaf7506fc49e9f,1,1,2.6970477578299068,3.1037192037641068,3.3115114753206902,0.16538166493821296,0.37756566011259329,0.21218399517438033,0.40667144593420002,0.61446371749078343,0.20779227155658342
Inflation,CPILFESL,1,month_open,mid_month,2025-01,Inflation Ridge-AR Ensemble,2025-01-01,2025-01-15,389b699d6ba53b4ddc2823f5497c49f5c4f63a4d2e4a79feaff2786ceb71e114,3ff4b4a58df1a34813b2d029a9dc117317582329e8dc28eb4cfba8db95609656,1,1,5.3441646267824439,2.7806057439976999,2.2341629777139236,6.5718341455045648,9.6721102572089155,3.1002761117043507,2.563558882784744,3.1100016490685203,0.5464427662837763
Inflation,CPILFESL,1,month_open,mid_month,2025-02,Inflation Ridge-AR Ensemble,2025-02-01,2025-02-15,520eafa0eb29b1e17eb789a2a666532291471ee0160e11583aac20c80f2780e3,77935a6b7e8590ae56b673746dd11c03e8013a8116de06bcf9e7a2e79722dbab,1,1,2.7166452189845813,2.5997562793265168,4.3148921090567249,0.013663024214386661,2.5543931216252789,2.5407300974108922,0.11688893965806457,1.5982468900721436,1.481357950414079
Inflation,CPILFESL,1,month_open,mid_month,2025-03,Inflation Ridge-AR Ensemble,2025-03-01,2025-03-15,99002d090aac3c99b6a5e65528af95de7db34a797d8721a66bf57268fba73838,a4596cd791cf25c2e3be094fbed422c8ea71bba5088165fa51c3f55bc98a05b1,1,1,0.67820143281487333,4.3070929814157282,2.8685882644265188,13.168853871506711,4.7977944720977028,-8.3710593994090079,3.6288915486008548,2.1903868316116455,-1.4385047169892093
Inflation,CPILFESL,1,month_open,mid_month,2025-04,Inflation Ridge-AR Ensemble,2025-04-01,2025-04-15,3fac28a31e3115ea7a05c745cc72d0d68471fb790ec671f5a3fd961496a7d37b,fe544582802ce78164d2f9946be70ae8f561acf20ee60340ea51cdc031bfad68,1,1,2.8376507842686749,2.6749107821755462,1.5543670679004937,0.026484308281271522,1.6468170966957305,1.6203327884144589,0.16274000209312867,1.2832837163681812,1.1205437142750525
Inflation,CPILFESL,1,month_open,mid_month,2025-05,Inflation Ridge-AR Ensemble,2025-05-01,2025-05-15,38513725ec1266da0ac97cd68420c2f9f6030f68252cc43abc3fb2c49d9f5d72,beb2033f3f4408775fdb588cf33aa1c013f251b8121752be6abcc6971daabee5,1,1,1.5576688590009269,2.4036440764314229,3.6256741499511906,0.71567406850657489,4.2766458833982854,3.5609718148917104,0.84597521743049597,2.0680052909502638,1.2220300735197678
Inflation,CPILFESL,1,month_open,mid_month,2025-06,Inflation Ridge-AR Ensemble,2025-06-01,2025-06-15,8d91cc0728b8c06e53a9622cdfcbcc61efaa18b181eeb87e724f180a66aab16b,1deb686f98f2c1468c9d8e9a93f2d32fd49221c0670748676ff98f18ce5f4847,1,1,2.7357167584597164,4.1635411824078306,3.3811846956151879,2.0386825856227642,0.41662885789573967,-1.6220537277270246,1.4278244239481142,0.64546793715547146,-0.78235648679264269
Inflation,CPILFESL,1,month_open,mid_month,2025-07,Inflation Ridge-AR Ensemble,2025-07-01,2025-07-15,81ecbbe883965eb9bddb6fe8c361df19948898a537ee9f03d17e4588a3db6147,d5a81ce68e562b1b92e44ba335e058dbb779bc21f2c1956ad31a4af9bcaa6c51,1,1,3.8619108814820891,3.2711279532100654,3.7038572577172522,0.34902446833766698,0.024980947985196612,-0.32404352035247036,0.59078292827202361,0.15805362376483689,-0.43272930450718672
Inflation,CPILFESL,1,month_open,mid_month,2025-08,Inflation Ridge-AR Ensemble,2025-08-01,2025-08-15,2868338271635f2e33b6bd4259bb12fd3a8d8bd6015f077624f0fb6c1906a95f,e47c815a59b47610b59e20d6e220a73ba12cec1a412d75391fea041062127ff1,1,1,4.1442886423073588,3.0749435584237812,3.9141656390867441,1.1434989084259757,0.05295659661127506,-1.0905423118147006,1.0693450838835776,0.23012300322061474,-0.83922208066296289
Inflation,CPILFESL,1,month_open,mid_month,2025-09,Inflation Ridge-AR Ensemble,2025-09-01,2025-09-15,27cf3cc721e01366a148aa02a178f1d65934bbe2524f53b11dc66d2aae8469cf,8fa2211d8d49c444f0fa6a3540e6d69708634a565703c8a53134dad86b3cd623,1,1,2.7222557806510395,3.8292223971597754,3.6765006066388093,1.2253750900647988,0.91058318792442916,-0.31479190214036967,1.106966616508736,0.95424482598776983,-0.15272179052096613
Inflation,CPILFESL,1,month_open,mid_month,2025-11,Inflation Ridge-AR Ensemble,2025-11-01,2025-11-15,57f8728243173a1dd4bd43995690d4a1595bc35b855470de81b388149c7a8cb7,a30b24c3aec0c444516e10ac972a8f39f5ca6f30519ff5671d4d5ed7d8868b9c,1,1,1.9080731336838852,2.2436833819651847,2.2225369834027928,0.11263423875143548,0.098887512780035713,-0.013746725971399767,0.33561024828129948,0.31446384971890762,-0.021146398562391866
Inflation,CPILFESL,1,month_open,mid_month,2025-12,Inflation Ridge-AR Ensemble,2025-12-01,2025-12-15,ee6e91bc7e7cad2988c033393fa68b30e4ffa0373ce5fcb2d141041c4aa65895,3389a3ec5508babdfe1230051c4ba6510ad8f8da1e4dd7149f40c47c5df03f07,1,1,2.8672810687485395,2.7051553402317339,2.7007659600276539,0.026284751847104961,0.02772728143232835,0.0014425295852233885,0.16212572851680562,0.1665151087208856,0.0043893802040799734
Inflation,CPILFESL,1,month_open,mid_month,2026-02,Inflation Ridge-AR Ensemble,2026-02-01,2026-02-15,73baf19b287be04e4e6938422cd5d63c7ea06adda39d5054a35d9a768d3017e9,cd51542895b567294160f02ecc7906eed6b35270ef578fe4677bf606ed4c31e6,1,1,2.5898059744083213,3.313582100431983,3.4310254077582929,0.52385188060181942,0.70765013504564733,0.18379825444382791,0.7237761260236617,0.84121943334997162,0.11744330732630992
Inflation,CPILFESL,1,month_open,mid_month,2026-03,Inflation Ridge-AR Ensemble,2026-03-01,2026-03-15,c4485dd6273eeb7f4e3ae5268017d64f68ec76849aea6bd5ad20ed6987aa5b9b,a716019482770d8d4f56e8c48b980d939a63d38b3494709513c425e46466b436,1,1,2.3472435020018168,3.2041223063827111,3.1463563106658849,0.73424128539723099,0.63858128097097566,-0.09566000442625533,0.85687880438089437,0.7991128086640682,-0.057765995716826168
Inflation,CPILFESL,1,month_open,mid_month,2026-04,Inflation Ridge-AR Ensemble,2026-04-01,2026-04-15,5607ec8bb9be56ed471fea98ce825532c79d22ff0e9ff105adc5cd7fd0ce8640,0f309fffb4256000594f4a61b6cf248566025fd62a7ee11ec444b991e5dc2ea8,1,1,4.5090466859679879,2.9763824858106753,2.7294962047362237,2.3490595504438545,3.1667999152522035,0.817740364808349,1.5326642001573125,1.7795504812317642,0.24688628107445165
Inflation,CPILFESL,1,month_open,mid_month,2026-05,Inflation Ridge-AR Ensemble,2026-05-01,2026-05-15,ecce58d78881f1fa52eea024f09cf047c9ca1eea60292d769f6573282836f872,09c0637b340d3561ff0b0bb18908b61a785ebba2ab34b086e758b763931bda60,1,1,2.4945507714519977,2.6601082484021719,3.5859107865127502,0.02740927817410746,1.191066682473406,1.1636574042992984,0.1655574769501742,1.0913600150607525,0.92580253811057833
Inflation,CPILFESL,1,month_open,mid_month,2026-06,Inflation Ridge-AR Ensemble,2026-06-01,2026-06-15,f0df781ab2f261271b2366f61a81fc49bbdfc7e9b97072503f64ad3b16b226f6,f4397e66e5c38a308cf0c52dcc87caad0d2761acffbce156b355b4d1a7eb71b3,1,1,-0.19994465863675259,4.382343552546712,3.6023937986689507,20.997365250350956,14.457777743905917,-6.5395875064450397,4.5822882111834646,3.8023384573057033,-0.77994975387776133
Inflation,CPILFESL,2,mid_month,month_end,2023-02,Inflation Ridge-AR Ensemble,2023-02-15,2023-02-28,8a6aa5b331d2800440fc5070284d13bec46ca8e8cf8f0b64f2d774d7a346d845,cb70f1083227814a12434e0b70c1200ca41999978ef528db99612996b9f10dfd,1,1,5.4109378199150626,4.2597767031627445,4.5299707217486356,1.3251719167224443,0.77610302805177511,-0.54906888867066916,1.1511611167523181,0.88096709816642704,-0.27019401858589109
Inflation,CPILFESL,2,mid_month,month_end,2023-03,Inflation Ridge-AR Ensemble,2023-03-15,2023-03-31,c24597678917fa9998f96e86831764202da9a46463c27a4e17b3e2dbde45d766,dbd9eef0029676b046856fff4475ab9b8493c33323f171e88807ce15d8dfd6c8,1,1,4.6084972365690646,4.990866999372912,4.990866999372912,0.14620663550667051,0.14620663550667051,0,0.38236976280384738,0.38236976280384738,0
Inflation,CPILFESL,2,mid_month,month_end,2023-04,Inflation Ridge-AR Ensemble,2023-04-15,2023-04-30,24f87b813e26fb3b81c056ed9d88901f2c30ae987130cda85ad254b128511a68,b21663aae72afaada0e5e4c60247f75fc2908ae0e0a8fac2b14e3eb37a170755,1,1,4.9002158887912373,3.534537903566326,3.534537903566326,1.8650763593279729,1.8650763593279729,0,1.3656779852249112,1.3656779852249112,0
Inflation,CPILFESL,2,mid_month,month_end,2023-05,Inflation Ridge-AR Ensemble,2023-05-15,2023-05-31,5a53e4c54994844b836b9488eadd3536e0c958570641ae4d93cd978d90c91e5c,d1d37f7b62b103a5c74d2bf435831aaeb9e86c1d4234ce128b98eb56d3f035b8,1,1,5.2155904950303977,3.8256857059840823,3.8256857059840823,1.9318353226138827,1.9318353226138827,0,1.3899047890463154,1.3899047890463154,0
Inflation,CPILFESL,2,mid_month,month_end,2023-06,Inflation Ridge-AR Ensemble,2023-06-15,2023-06-30,1d08b874d7bce4f6418361d7e9e35acbb28fb786e60bda8c15f016e0a267febc,b92ae93bc8ff4e7485c1447cd9cb23ba00c85f6fed425f139954b509402dc803,1,1,1.8892028838219943,4.2916143348777123,4.2916143348777123,5.7715807801636405,5.7715807801636405,0,2.402411451055718,2.402411451055718,0
Inflation,CPILFESL,2,mid_month,month_end,2023-07,Inflation Ridge-AR Ensemble,2023-07-15,2023-07-31,89027fe9e485f8e383ea0d772ef18067f845d85a2ef90610397154b79eacb5e0,8abf16ba027a6d7454bffeb54143bf215ce42b236ff9002b8da5a7bc61e1a7e1,1,1,1.9134356114534512,1.9683769549409791,1.9683769549409791,0.0030185512242145223,0.0030185512242145223,0,0.054941343487527883,0.054941343487527883,0
Inflation,CPILFESL,2,mid_month,month_end,2023-08,Inflation Ridge-AR Ensemble,2023-08-15,2023-08-31,9cc2c2745a298698df6c4f34ca2408a44f30fa474f8671fa4f1e4295603404a2,c299c45efa306601544e041365cc364368d1840074da8d2a35e92e74b808789c,1,1,3.3373130933370021,2.2759002318066148,2.2759002318066148,1.126597262622125,1.126597262622125,0,1.0614128615303873,1.0614128615303873,0
Inflation,CPILFESL,2,mid_month,month_end,2023-09,Inflation Ridge-AR Ensemble,2023-09-15,2023-09-30,61e5ff22c1712efb73e9d56a561747473a23ba97f849c34eb9865177f289d33f,a8b9090e854655e2a7df78c3a56653fd01ce034c9dc56dbec062b83091192828,1,1,3.8689617311792546,3.5093873612893232,3.5081151219415201,0.1292937274817412,0.13021027539837024,0.00091654791662904023,0.35957436988993141,0.36084660923773448,0.0012722393478030725
Inflation,CPILFESL,2,mid_month,month_end,2023-10,Inflation Ridge-AR Ensemble,2023-10-15,2023-10-31,a424c78a7cd11f5b4ff41db85df2beea0102fc337d3c877f62063e1e9488380d,2949285386a43565a033f492f774a76efe02f8f074faff23a4539ac02b94dea7,1,1,2.7162863311584573,3.7504245861980898,3.7504245861980898,1.069441930536416,1.069441930536416,0,1.0341382550396325,1.0341382550396325,0
Inflation,CPILFESL,2,mid_month,month_end,2023-11,Inflation Ridge-AR Ensemble,2023-11-15,2023-11-30,e8d35d9b894396dbacce853bbcba41da9c87e799884c4d13d86a672843c9a2f9,10b81e01adda2a8d5cfb24c7264c7fc5a0a37d36fb8da475fa1bd9f9b40dd447,1,1,3.4097929346401656,3.0642478727311682,3.0642478727311682,0.11940138980969289,0.11940138980969289,0,0.34554506190899748,0.34554506190899748,0
Inflation,CPILFESL,2,mid_month,month_end,2023-12,Inflation Ridge-AR Ensemble,2023-12-15,2023-12-31,5df490ec980999cf3b758b948dbb6f3f3a4033a284583dd5839079d626dfd73c,f7b61655455882d5c1efa87a7335a050e0b97a1ca437ec972e0b8e402ece3e3e,1,1,3.7028361810513388,3.361276502355043,3.361276502355043,0.11666301411111681,0.11666301411111681,0,0.34155967869629578,0.34155967869629578,0
Inflation,CPILFESL,2,mid_month,month_end,2024-01,Inflation Ridge-AR Ensemble,2024-01-15,2024-01-31,82d6c3d39139ad4d032d65475f1827d5719054f56653a8b93a2e9cff9dc268d7,bd4850b054c3eb496d5f50f993746b4865bae6c15ef731f72f55168c4d365e20,1,1,4.6994628665117943,3.4500890862621989,3.4500890862621989,1.5609348427751644,1.5609348427751644,0,1.2493737802495954,1.2493737802495954,0
Inflation,CPILFESL,2,mid_month,month_end,2024-02,Inflation Ridge-AR Ensemble,2024-02-15,2024-02-29,ae89d3ae96b6270f5992f8c6f7491518dcf032586320f2b75a3b0fa9c8312b34,94b0121ab2e59c8cd66e8ebbe56a6b7f55071b97d156e84142e41ce7c1772b2f,1,1,4.293317468662039,3.8332771750763417,3.9452901270316674,0.21163707172241458,0.12112303052230342,-0.090514041200111167,0.46004029358569731,0.34802734163037163,-0.11201295195532568
Inflation,CPILFESL,2,mid_month,month_end,2024-03,Inflation Ridge-AR Ensemble,2024-03-15,2024-03-31,579708298d18115ae7a6ec5713142c458e6f1054da00080213fc09c492efe402,2c9265b86c22ac75b6b440afc4255aaaf6e9144c87eb36fe2f27cf8020b2bd66,1,1,4.3007465415762169,3.7261952946963603,3.7261952946963603,0.3301091352911979,0.3301091352911979,0,0.57455124687985659,0.57455124687985659,0
Inflation,CPILFESL,2,mid_month,month_end,2024-04,Inflation Ridge-AR Ensemble,2024-04-15,2024-04-30,4d2fb4af32164d7f9a5e2ce4cb4b96b3bb1b170fb3146c81bc70cc545eb356a4,2bc305f36c3ba0e98f4ecc69dc238a3f07b3bf0a383760a4532ed7ac5ba82ab7,1,1,3.4960297145268271,3.4527889281432902,3.4527889281432902,0.0018697656070666702,0.0018697656070666702,0,0.0432407863835369,0.0432407863835369,0
Inflation,CPILFESL,2,mid_month,month_end,2024-05,Inflation Ridge-AR Ensemble,2024-05-15,2024-05-31,f8524ab49b321d39909136fdc89da4dd16e9e21c7dc4142a838e625a326a841a,c7e6964b907aa355aff058ac24e3731618d442b832672a50e47f940da5d99bae,1,1,1.9554491698148269,3.0784567564805796,3.0784567564805796,1.2611460397088381,1.2611460397088381,0,1.1230075866657527,1.1230075866657527,0
Inflation,CPILFESL,2,mid_month,month_end,2024-06,Inflation Ridge-AR Ensemble,2024-06-15,2024-06-30,8f3e0cacb6f5af3c402bd46a804aa094a4b9e3ff43005992f708204b5d9b79d0,f61e25d323addbc947aef69d4a6645eee37fe34e04218f81f074d92d6f25fdbc,1,1,0.77676495203746754,2.3719032959484876,2.3719032959484876,2.5444663362151916,2.5444663362151916,0,1.5951383439110201,1.5951383439110201,0
Inflation,CPILFESL,2,mid_month,month_end,2024-07,Inflation Ridge-AR Ensemble,2024-07-15,2024-07-31,8b37166569a0120b18ae657209b4910e4e7ef479ae0a46c72bee134c5d001a17,4444c837b9e1bb7e2369c4e3f7525b22b8b23c68632f7995ae7f6e154980a9b5,1,1,1.9811120946506833,1.7923580712176785,1.7923580712176785,0.035628081362147304,0.035628081362147304,0,0.18875402343300474,0.18875402343300474,0
Inflation,CPILFESL,2,mid_month,month_end,2024-08,Inflation Ridge-AR Ensemble,2024-08-15,2024-08-31,fa9e12b484b7d8bc14896092f0ddc4148dd4794cc6e70e6c1c1a4703b49a12ec,975f0f7bce29d3578fe95867292a231210d9665e24b282f3c98cd445a4013738,1,1,3.3671574140669236,2.1451212942563451,2.1451212942563451,1.4933722781216945,1.4933722781216945,0,1.2220361198105785,1.2220361198105785,0
Inflation,CPILFESL,2,mid_month,month_end,2024-09,Inflation Ridge-AR Ensemble,2024-09-15,2024-09-30,9eaddcf55f5ea463c414d7a32478e44de862df2cbe57a61fa8fe6c57c33a23af,b6bee9ad676dc47da00976fdab4f72e2dff4dfe25f601d84c903e65ea49d6619,1,1,3.7431240197996374,3.3786565651980904,3.3786565651980904,0.13283652546373068,0.13283652546373068,0,0.36446745460154695,0.36446745460154695,0
Inflation,CPILFESL,2,mid_month,month_end,2024-10,Inflation Ridge-AR Ensemble,2024-10-15,2024-10-31,281ef6d0ed34ad60e3a6479629efbf14508596ff807cbfede4c02a667a6a9c09,315aa6a0e3c63760a0afafac1887fe823da9d7b61d94e35e52efe814a60bb91c,1,1,3.3584847110301297,3.3265955260613609,3.3265955260613609,0.0010169201179723501,0.0010169201179723501,0,0.031889184968768802,0.031889184968768802,0
Inflation,CPILFESL,2,mid_month,month_end,2024-11,Inflation Ridge-AR Ensemble,2024-11-15,2024-11-30,36fd9369adf963255b6d0dc6bfedf8df0cd8f430d322cb6c028fc59762580e69,f67b4451a859fc166da895fd1d8dccc8037ac41a1e16090faf7e836d82e4ef22,1,1,3.69131922257111,2.968039183211916,2.968039183211916,0.52313401533543724,0.52313401533543724,0,0.72328003935919405,0.72328003935919405,0
Inflation,CPILFESL,2,mid_month,month_end,2024-12,Inflation Ridge-AR Ensemble,2024-12-15,2024-12-31,4925dfcc401cd3311c63ac760762c3439a1d77b3c135b122d2eaf7506fc49e9f,8574a194618655b44eb397389c5b4a7bce7898daa54e9edad0c97cb2628ee6d0,1,1,2.6970477578299068,3.3115114753206902,3.3115114753206902,0.37756566011259329,0.37756566011259329,0,0.61446371749078343,0.61446371749078343,0
Inflation,CPILFESL,2,mid_month,month_end,2025-01,Inflation Ridge-AR Ensemble,2025-01-15,2025-01-31,3ff4b4a58df1a34813b2d029a9dc117317582329e8dc28eb4cfba8db95609656,cf745204f8c9d26b75d81c1780ea4f01273605a5ead0b81dc2e61019860aaf1f,1,1,5.3441646267824439,2.2341629777139236,2.2341629777139236,9.6721102572089155,9.6721102572089155,0,3.1100016490685203,3.1100016490685203,0
Inflation,CPILFESL,2,mid_month,month_end,2025-02,Inflation Ridge-AR Ensemble,2025-02-15,2025-02-28,77935a6b7e8590ae56b673746dd11c03e8013a8116de06bcf9e7a2e79722dbab,e26de1349bb35395a2d76fd9e3b5ca4fc45149090d088cbf20a5d243b236d6a0,1,1,2.7166452189845813,4.3148921090567249,4.3148921090567249,2.5543931216252789,2.5543931216252789,0,1.5982468900721436,1.5982468900721436,0
Inflation,CPILFESL,2,mid_month,month_end,2025-03,Inflation Ridge-AR Ensemble,2025-03-15,2025-03-31,a4596cd791cf25c2e3be094fbed422c8ea71bba5088165fa51c3f55bc98a05b1,ff1e125c2651ba28a35d3b52ac457f2ffe9b5f311a64fbf6ae36791a2bbc4c93,1,1,0.67820143281487333,2.8685882644265188,2.8685882644265188,4.7977944720977028,4.7977944720977028,0,2.1903868316116455,2.1903868316116455,0
Inflation,CPILFESL,2,mid_month,month_end,2025-04,Inflation Ridge-AR Ensemble,2025-04-15,2025-04-30,fe544582802ce78164d2f9946be70ae8f561acf20ee60340ea51cdc031bfad68,01869ca8e91ca3e95bec284761aedf74b03544d1243f3e2a886db2375c506dae,1,1,2.8376507842686749,1.5543670679004937,1.5543670679004937,1.6468170966957305,1.6468170966957305,0,1.2832837163681812,1.2832837163681812,0
Inflation,CPILFESL,2,mid_month,month_end,2025-05,Inflation Ridge-AR Ensemble,2025-05-15,2025-05-31,beb2033f3f4408775fdb588cf33aa1c013f251b8121752be6abcc6971daabee5,1f607479c05382ea374c7b50f04d5f017c832d7641854a9de18ecb19cdac9ad8,1,1,1.5576688590009269,3.6256741499511906,3.6256741499511906,4.2766458833982854,4.2766458833982854,0,2.0680052909502638,2.0680052909502638,0
Inflation,CPILFESL,2,mid_month,month_end,2025-06,Inflation Ridge-AR Ensemble,2025-06-15,2025-06-30,1deb686f98f2c1468c9d8e9a93f2d32fd49221c0670748676ff98f18ce5f4847,3a596ce8bd19787adfea2353c83c68ff87059b095ef44b36309a152b1ded1535,1,1,2.7357167584597164,3.3811846956151879,3.3811846956151879,0.41662885789573967,0.41662885789573967,0,0.64546793715547146,0.64546793715547146,0
Inflation,CPILFESL,2,mid_month,month_end,2025-07,Inflation Ridge-AR Ensemble,2025-07-15,2025-07-31,d5a81ce68e562b1b92e44ba335e058dbb779bc21f2c1956ad31a4af9bcaa6c51,c599993131755f7f523fd9c095d4570ed3be10d315a40a0314e17e5506ec8fbc,1,1,3.8619108814820891,3.7038572577172522,3.7065183923708931,0.024980947985196612,0.024146825672173158,-0.00083412231302345402,0.15805362376483689,0.15539248911119596,-0.0026611346536409286
Inflation,CPILFESL,2,mid_month,month_end,2025-08,Inflation Ridge-AR Ensemble,2025-08-15,2025-08-31,e47c815a59b47610b59e20d6e220a73ba12cec1a412d75391fea041062127ff1,b1a9e98e2e3262cc13c5b11665f2077ce68ca878b5a5c06b399ce23652bfce39,1,1,4.1442886423073588,3.9141656390867441,3.9141656390867441,0.05295659661127506,0.05295659661127506,0,0.23012300322061474,0.23012300322061474,0
Inflation,CPILFESL,2,mid_month,month_end,2025-09,Inflation Ridge-AR Ensemble,2025-09-15,2025-09-30,8fa2211d8d49c444f0fa6a3540e6d69708634a565703c8a53134dad86b3cd623,4951a7a0c610a8376679beb26661d0117edd1c1a5c25f1d918cbe313039d1f5a,1,1,2.7222557806510395,3.6765006066388093,3.6765006066388093,0.91058318792442916,0.91058318792442916,0,0.95424482598776983,0.95424482598776983,0
Inflation,CPILFESL,2,mid_month,month_end,2025-11,Inflation Ridge-AR Ensemble,2025-11-15,2025-11-30,a30b24c3aec0c444516e10ac972a8f39f5ca6f30519ff5671d4d5ed7d8868b9c,97aef115dc6f92dced31def01056939bfb7aab522f4603e63143a71eb9ae46ff,1,1,1.9080731336838852,2.2225369834027928,2.4867004127702668,0.098887512780035713,0.33480952810290932,0.2359220153228736,0.31446384971890762,0.57862727908638156,0.26416342936747395
Inflation,CPILFESL,2,mid_month,month_end,2025-12,Inflation Ridge-AR Ensemble,2025-12-15,2025-12-31,3389a3ec5508babdfe1230051c4ba6510ad8f8da1e4dd7149f40c47c5df03f07,dc60f4cd3bce75ce0efc64f31e6f9de8061443310b9ae870ddf49df14f2cfbde,1,1,2.8672810687485395,2.7007659600276539,2.6618007118803688,0.02772728143232835,0.042222177058670776,0.014494895626342427,0.1665151087208856,0.20548035686817068,0.038965248147285081
Inflation,CPILFESL,2,mid_month,month_end,2026-01,Inflation Ridge-AR Ensemble,2026-01-15,2026-01-31,cfb289d3004dff8b82f1b1283696bf08de8b77938400844f89ea386e5f86fc9f,0736c15c75330e9d810eac066a22ee0073738685446c386b435a850ed06dd859,1,1,3.5353249355654981,2.7684663028011336,2.8502876077401798,0.58807216264523043,0.4692761405140527,-0.11879602213117774,0.7668586327643645,0.68503732782531834,-0.081821304939046158
Inflation,CPILFESL,2,mid_month,month_end,2026-02,Inflation Ridge-AR Ensemble,2026-02-15,2026-02-28,cd51542895b567294160f02ecc7906eed6b35270ef578fe4677bf606ed4c31e6,41bd86fc73bf948e4c3bf08a2672d2e03a1e39f36302592e36cea3ecf9c33843,1,1,2.5898059744083213,3.4310254077582929,3.4116653735796474,0.70765013504564733,0.67545287200625315,-0.032197263039394186,0.84121943334997162,0.82185939917132611,-0.019360034178645513
Inflation,CPILFESL,2,mid_month,month_end,2026-03,Inflation Ridge-AR Ensemble,2026-03-15,2026-03-31,a716019482770d8d4f56e8c48b980d939a63d38b3494709513c425e46466b436,81bd444227eff91c88ecdb6492c29771f11ab96aa5a422e5d09a72f1e610316e,1,1,2.3472435020018168,3.1463563106658849,3.2338299462807401,0.63858128097097566,0.78603552317914438,0.14745424220816872,0.7991128086640682,0.8865864442789233,0.087473635614855105
Inflation,CPILFESL,2,mid_month,month_end,2026-04,Inflation Ridge-AR Ensemble,2026-04-15,2026-04-30,0f309fffb4256000594f4a61b6cf248566025fd62a7ee11ec444b991e5dc2ea8,d2bcf6a3dd2d72ab4fdfc3aea17e5d3513254a63dba602b2c252f030c6a9ced3,1,1,4.5090466859679879,2.7294962047362237,2.7294962047362237,3.1667999152522035,3.1667999152522035,0,1.7795504812317642,1.7795504812317642,0
Inflation,CPILFESL,2,mid_month,month_end,2026-05,Inflation Ridge-AR Ensemble,2026-05-15,2026-05-31,09c0637b340d3561ff0b0bb18908b61a785ebba2ab34b086e758b763931bda60,553bf3f082f734a2a8963337ee9d14d499e35a41ec8fb28aeac183d8744b1f4c,1,1,2.4945507714519977,3.5859107865127502,3.5859107865127502,1.191066682473406,1.191066682473406,0,1.0913600150607525,1.0913600150607525,0
Inflation,CPILFESL,2,mid_month,month_end,2026-06,Inflation Ridge-AR Ensemble,2026-06-15,2026-06-30,f4397e66e5c38a308cf0c52dcc87caad0d2761acffbce156b355b4d1a7eb71b3,940b4ce22c10e895338bda0a11319316665ac5f2c98f8c30b9ca1a7f95c4cd7c,1,1,-0.19994465863675259,3.6023937986689507,3.6023937986689507,14.457777743905917,14.457777743905917,0,3.8023384573057033,3.8023384573057033,0
Inflation,CPILFESL,3,month_end,pre_release,2023-02,Inflation Ridge-AR Ensemble,2023-02-28,2023-03-13,cb70f1083227814a12434e0b70c1200ca41999978ef528db99612996b9f10dfd,c91425f67efe5d51fa6c27e95c6daeb7211d5f17f38bbcfc50975816d8e59904,1,1,5.4109378199150626,4.5299707217486356,4.5272670103841399,0.77610302805177511,0.78087409961703624,0.0047710715652611313,0.88096709816642704,0.8836708095309227,0.0027037113644956534
Inflation,CPILFESL,3,month_end,pre_release,2023-03,Inflation Ridge-AR Ensemble,2023-03-31,2023-04-11,dbd9eef0029676b046856fff4475ab9b8493c33323f171e88807ce15d8dfd6c8,dd6b39c918271d98b4c0205aaf3ae8860e4f295e048987ee9f3eecb5caa2b4e1,1,1,4.6084972365690646,4.990866999372912,4.9752337902191712,0.14620663550667051,0.13449569978315751,-0.011710935723513005,0.38236976280384738,0.3667365536501066,-0.015633209153740779
Inflation,CPILFESL,3,month_end,pre_release,2023-04,Inflation Ridge-AR Ensemble,2023-04-30,2023-05-09,b21663aae72afaada0e5e4c60247f75fc2908ae0e0a8fac2b14e3eb37a170755,70701eb87515f29a738d6afead804bcdb00ca733c833b7095fc8089cf0302b75,1,1,4.9002158887912373,3.534537903566326,3.5229674959756818,1.8650763593279729,1.8968131355130304,0.031736776185057547,1.3656779852249112,1.3772483928155554,0.011570407590644205
Inflation,CPILFESL,3,month_end,pre_release,2023-05,Inflation Ridge-AR Ensemble,2023-05-31,2023-06-12,d1d37f7b62b103a5c74d2bf435831aaeb9e86c1d4234ce128b98eb56d3f035b8,9ce9a11105821e09ff3008847fd55292b5213ee91304d12308ed111816d924ef,1,1,5.2155904950303977,3.8256857059840823,3.7979752935335451,1.9318353226138827,2.0096328595149622,0.077797536901079489,1.3899047890463154,1.4176152014968526,0.027710412450537181
Inflation,CPILFESL,3,month_end,pre_release,2023-06,Inflation Ridge-AR Ensemble,2023-06-30,2023-07-11,b92ae93bc8ff4e7485c1447cd9cb23ba00c85f6fed425f139954b509402dc803,2a791de08fcd83b9da63bfc41e2aa43b28f7fa855d6cb2e4109483b71383a620,1,1,1.8892028838219943,4.2916143348777123,4.2939016591480916,5.7715807801636405,5.782576200054832,0.01099541989119146,2.402411451055718,2.4046987753260973,0.002287324270379365
Inflation,CPILFESL,3,month_end,pre_release,2023-07,Inflation Ridge-AR Ensemble,2023-07-31,2023-08-09,8abf16ba027a6d7454bffeb54143bf215ce42b236ff9002b8da5a7bc61e1a7e1,fbfcd5e1bcab8eba5d5eb6f41cf1dee16231cac9b6fc80ef24dcbc88d6667b6c,1,1,1.9134356114534512,1.9683769549409791,2.0050840372950107,0.0030185512242145223,0.0083994339592358344,0.0053808827350213121,0.054941343487527883,0.091648425841559522,0.036707082354031639
Inflation,CPILFESL,3,month_end,pre_release,2023-08,Inflation Ridge-AR Ensemble,2023-08-31,2023-09-12,c299c45efa306601544e041365cc364368d1840074da8d2a35e92e74b808789c,25036deadb3b0974afcbd24f1c13ad75fca3516d83838819ad05562fc6cf1f50,1,1,3.3373130933370021,2.2759002318066148,2.2759002318066148,1.126597262622125,1.126597262622125,0,1.0614128615303873,1.0614128615303873,0
Inflation,CPILFESL,3,month_end,pre_release,2023-09,Inflation Ridge-AR Ensemble,2023-09-30,2023-10-11,a8b9090e854655e2a7df78c3a56653fd01ce034c9dc56dbec062b83091192828,21e8f51745d87973df7091e4c63e8d6e289c7b50ac4eaf3a2bf13a70b5955472,1,1,3.8689617311792546,3.5081151219415201,3.5731038372532655,0.13021027539837024,0.087531893398321792,-0.042678382000048448,0.36084660923773448,0.29585789392598905,-0.064988715311745437
Inflation,CPILFESL,3,month_end,pre_release,2023-10,Inflation Ridge-AR Ensemble,2023-10-31,2023-11-13,2949285386a43565a033f492f774a76efe02f8f074faff23a4539ac02b94dea7,508a6fa229a72de922c208cdcf66979fb0652faae6f37031c057f20f41931596,1,1,2.7162863311584573,3.7504245861980898,3.7823942116855935,1.069441930536416,1.1365860129220626,0.06714408238564662,1.0341382550396325,1.0661078805271362,0.031969625487503706
Inflation,CPILFESL,3,month_end,pre_release,2023-11,Inflation Ridge-AR Ensemble,2023-11-30,2023-12-11,10b81e01adda2a8d5cfb24c7264c7fc5a0a37d36fb8da475fa1bd9f9b40dd447,b1d936cd65211c1b933891530f1a91b5ea36297c7469e408579fb74042f24d0c,1,1,3.4097929346401656,3.0642478727311682,3.0767853570773265,0.11940138980969289,0.11089404671427035,-0.0085073430954225454,0.34554506190899748,0.33300757756283916,-0.012537484346158312
Inflation,CPILFESL,3,month_end,pre_release,2023-12,Inflation Ridge-AR Ensemble,2023-12-31,2024-01-10,f7b61655455882d5c1efa87a7335a050e0b97a1ca437ec972e0b8e402ece3e3e,593cd9c098e01d09baa005c378be568ef6cd4675bbf4c1ef0a7e03241c3af37a,1,1,3.7028361810513388,3.361276502355043,3.3343588009284364,0.11666301411111681,0.13577557966223794,0.019112565551121133,0.34155967869629578,0.36847738012290243,0.026917701426606655
Inflation,CPILFESL,3,month_end,pre_release,2024-01,Inflation Ridge-AR Ensemble,2024-01-31,2024-02-12,bd4850b054c3eb496d5f50f993746b4865bae6c15ef731f72f55168c4d365e20,c67b4c5c714111f4012f45549254a6c32d7eaa433a717cd59ca31b1234a2c4cc,1,1,4.6994628665117943,3.4500890862621989,3.271221175351303,1.5609348427751644,2.0398743283689806,0.47893948559381627,1.2493737802495954,1.4282416911604914,0.17886791091089593
Inflation,CPILFESL,3,month_end,pre_release,2024-02,Inflation Ridge-AR Ensemble,2024-02-29,2024-03-11,94b0121ab2e59c8cd66e8ebbe56a6b7f55071b97d156e84142e41ce7c1772b2f,64eb8b3e8e40f520a5bec425ce6d83750dae8082514d7f2907c8ba36a5eaf194,1,1,4.293317468662039,3.9452901270316674,3.9466937547370136,0.12112303052230342,0.12014799905517788,-0.0009750314671255339,0.34802734163037163,0.34662371392502545,-0.0014036277053461887
Inflation,CPILFESL,3,month_end,pre_release,2024-03,Inflation Ridge-AR Ensemble,2024-03-31,2024-04-09,2c9265b86c22ac75b6b440afc4255aaaf6e9144c87eb36fe2f27cf8020b2bd66,81300715ea8c17f006072264728a850f799b2cfe6d33b097c9a2d90df5c84355,1,1,4.3007465415762169,3.7261952946963603,3.7404703002941471,0.3301091352911979,0.31390946654516416,-0.016199668746033735,0.57455124687985659,0.56027624128206988,-0.014275005597786716
Inflation,CPILFESL,3,month_end,pre_release,2024-04,Inflation Ridge-AR Ensemble,2024-04-30,2024-05-14,2bc305f36c3ba0e98f4ecc69dc238a3f07b3bf0a383760a4532ed7ac5ba82ab7,69b562985c72ea58a6f109f19be17757104184293040c15f86548a388761b6d6,1,1,3.4960297145268271,3.4527889281432902,3.4020494980817562,0.0018697656070666702,0.0088322810830623807,0.0069625154759957106,0.0432407863835369,0.09398021644507093,0.05073943006153403
Inflation,CPILFESL,3,month_end,pre_release,2024-05,Inflation Ridge-AR Ensemble,2024-05-31,2024-06-11,c7e6964b907aa355aff058ac24e3731618d442b832672a50e47f940da5d99bae,b0165e42263269201ce12104f2a4007fff14112853d63ff28577dd787a10aa26,1,1,1.9554491698148269,3.0784567564805796,3.0812543917356687,1.2611460397088381,1.2674373977042359,0.0062913579953978171,1.1230075866657527,1.1258052219208419,0.002797635255089137
Inflation,CPILFESL,3,month_end,pre_release,2024-06,Inflation Ridge-AR Ensemble,2024-06-30,2024-07-10,f61e25d323addbc947aef69d4a6645eee37fe34e04218f81f074d92d6f25fdbc,feb20eafe417ed2c35ebf583174b5456926d2d5aa7d42713c3f7e5164901e1a8,1,1,0.77676495203746754,2.3719032959484876,2.3905180151730976,2.5444663362151916,2.6041989487796289,0.059732612564437293,1.5951383439110201,1.6137530631356301,0.018614719224609999
Inflation,CPILFESL,3,month_end,pre_release,2024-07,Inflation Ridge-AR Ensemble,2024-07-31,2024-08-13,4444c837b9e1bb7e2369c4e3f7525b22b8b23c68632f7995ae7f6e154980a9b5,c04c5f081a7c1083c0aaf1c7356c3f3100ca5445c1a8baafca429072dcbeee6f,1,1,1.9811120946506833,1.7923580712176785,1.8077378756832885,0.035628081362147304,0.03005861980255416,-0.0055694615595931439,0.18875402343300474,0.1733742189673948,-0.015379804465609936
Inflation,CPILFESL,3,month_end,pre_release,2024-08,Inflation Ridge-AR Ensemble,2024-08-31,2024-09-10,975f0f7bce29d3578fe95867292a231210d9665e24b282f3c98cd445a4013738,8325a4c7cdf0b28d25fc412263b269053dadff35986ccac6f3c1431c401d41e3,1,1,3.3671574140669236,2.1451212942563451,2.1451212942563451,1.4933722781216945,1.4933722781216945,0,1.2220361198105785,1.2220361198105785,0
Inflation,CPILFESL,3,month_end,pre_release,2024-09,Inflation Ridge-AR Ensemble,2024-09-30,2024-10-09,b6bee9ad676dc47da00976fdab4f72e2dff4dfe25f601d84c903e65ea49d6619,c9401f67e6ad4670ac24bb91c911ccfdea1f98ebee9b1a954d9cd2384b04b3c7,1,1,3.7431240197996374,3.3786565651980904,3.3967090661105481,0.13283652546373068,0.12000332013941385,-0.012833205324316824,0.36446745460154695,0.34641495368908926,-0.018052500912457692
Inflation,CPILFESL,3,month_end,pre_release,2024-10,Inflation Ridge-AR Ensemble,2024-10-31,2024-11-12,315aa6a0e3c63760a0afafac1887fe823da9d7b61d94e35e52efe814a60bb91c,036ca471d19012cf8313570a1011de96afd4f5e3fde14c45b4757c66338d7e7b,1,1,3.3584847110301297,3.3265955260613609,3.3127356311400638,0.0010169201179723501,0.0020929783107876353,0.0010760581928152852,0.031889184968768802,0.045749079890065936,0.013859894921297133
Inflation,CPILFESL,3,month_end,pre_release,2024-11,Inflation Ridge-AR Ensemble,2024-11-30,2024-12-10,f67b4451a859fc166da895fd1d8dccc8037ac41a1e16090faf7e836d82e4ef22,c51ca46b65532da316e0321617a851132efebe0d8012805f7b4ddd1c6ac0a449,1,1,3.69131922257111,2.968039183211916,2.9860472856082425,0.52313401533543724,0.49740850506735496,-0.025725510268082286,0.72328003935919405,0.7052719369628675,-0.018008102396326553
Inflation,CPILFESL,3,month_end,pre_release,2024-12,Inflation Ridge-AR Ensemble,2024-12-31,2025-01-14,8574a194618655b44eb397389c5b4a7bce7898daa54e9edad0c97cb2628ee6d0,a43f51314268b7c4f486e9eec75b112cf7838256290a77b402b2982bddd9d714,1,1,2.6970477578299068,3.3115114753206902,3.3068283700033554,0.37756566011259329,0.37183239498262571,-0.0057332651299675796,0.61446371749078343,0.60978061217344859,-0.0046831053173348458
Inflation,CPILFESL,3,month_end,pre_release,2025-01,Inflation Ridge-AR Ensemble,2025-01-31,2025-02-11,cf745204f8c9d26b75d81c1780ea4f01273605a5ead0b81dc2e61019860aaf1f,efb15a76a4f20c96957632b8a1dd2f0fb4eabda20986f8f74b4159785eedca75,1,1,5.3441646267824439,2.2341629777139236,2.2245725693047902,9.6721102572089155,9.7318546050776611,0.059744347868745606,3.1100016490685203,3.1195920574776537,0.0095904084091333885
Inflation,CPILFESL,3,month_end,pre_release,2025-02,Inflation Ridge-AR Ensemble,2025-02-28,2025-03-11,e26de1349bb35395a2d76fd9e3b5ca4fc45149090d088cbf20a5d243b236d6a0,13bfc7fbf793c2e38d708d17bfd066c186a8351be81df43aec800ce4733c6dd5,1,1,2.7166452189845813,4.3148921090567249,4.3075787165678854,2.5543931216252789,2.5310693937326447,-0.02332372789263415,1.5982468900721436,1.590933497583304,-0.0073133924888395541
Inflation,CPILFESL,3,month_end,pre_release,2025-03,Inflation Ridge-AR Ensemble,2025-03-31,2025-04-09,ff1e125c2651ba28a35d3b52ac457f2ffe9b5f311a64fbf6ae36791a2bbc4c93,6ee57b25a8f1560c08a912a4e1c781ff4a065f3296cfe2b411e6a85e2c8f9edf,1,1,0.67820143281487333,2.8685882644265188,2.8578943345784209,4.7977944720977028,4.7510611459983947,-0.046733326099308137,2.1903868316116455,2.1796929017635476,-0.010693929848097916
Inflation,CPILFESL,3,month_end,pre_release,2025-04,Inflation Ridge-AR Ensemble,2025-04-30,2025-05-12,01869ca8e91ca3e95bec284761aedf74b03544d1243f3e2a886db2375c506dae,cef4370625020bb3e3f95d6999a4ed1addfe150b7a3c12ccecf7c41a4ea97c36,1,1,2.8376507842686749,1.5543670679004937,1.5624004264248135,1.6468170966957305,1.6262634751808966,-0.020553621514833864,1.2832837163681812,1.2752503578438614,-0.0080333585243197447
Inflation,CPILFESL,3,month_end,pre_release,2025-05,Inflation Ridge-AR Ensemble,2025-05-31,2025-06-10,1f607479c05382ea374c7b50f04d5f017c832d7641854a9de18ecb19cdac9ad8,7dcec96e0a8708a06ce4ce778883c605a8413744f037739f26b3893ae87b58c4,1,1,1.5576688590009269,3.6256741499511906,3.6248601106454279,4.2766458833982854,4.2732796708755592,-0.0033662125227262862,2.0680052909502638,2.067191251644501,-0.00081403930576273709
Inflation,CPILFESL,3,month_end,pre_release,2025-06,Inflation Ridge-AR Ensemble,2025-06-30,2025-07-14,3a596ce8bd19787adfea2353c83c68ff87059b095ef44b36309a152b1ded1535,59721ef3b05b09fb4738c0c60e768b9b11f4444fcf6bc6572002a529028c0dea,1,1,2.7357167584597164,3.3811846956151879,3.3802130308000775,0.41662885789573967,0.41537544506062091,-0.0012534128351187612,0.64546793715547146,0.64449627234036111,-0.0009716648151103513
Inflation,CPILFESL,3,month_end,pre_release,2025-07,Inflation Ridge-AR Ensemble,2025-07-31,2025-08-11,c599993131755f7f523fd9c095d4570ed3be10d315a40a0314e17e5506ec8fbc,6ee08cccf5bf6d92e31cc207c866be6f578c82e87deacb54920f68035ee6929f,1,1,3.8619108814820891,3.7065183923708931,3.7086718883769771,0.024146825672173158,0.023482189007868536,-0.00066463666430462143,0.15539248911119596,0.15323899310511191,-0.0021534960060840547
Inflation,CPILFESL,3,month_end,pre_release,2025-08,Inflation Ridge-AR Ensemble,2025-08-31,2025-09-10,b1a9e98e2e3262cc13c5b11665f2077ce68ca878b5a5c06b399ce23652bfce39,baf934395f0cc498a909e0e54e40c5c6436593944be45f097769a2fde8346241,1,1,4.1442886423073588,3.9141656390867441,3.8424122364079931,0.05295659661127506,0.091129364438718594,0.038172767827443534,0.23012300322061474,0.30187640589936571,0.071753402678750966
Inflation,CPILFESL,3,month_end,pre_release,2025-09,Inflation Ridge-AR Ensemble,2025-09-30,2025-10-23,4951a7a0c610a8376679beb26661d0117edd1c1a5c25f1d918cbe313039d1f5a,3497d92bc4f4c05de960b5c11017722f6b9f6e10ccd75825232041b9ae0e9365,1,1,2.7222557806510395,3.6765006066388093,3.6765006066388093,0.91058318792442916,0.91058318792442916,0,0.95424482598776983,0.95424482598776983,0
Inflation,CPILFESL,3,month_end,pre_release,2025-11,Inflation Ridge-AR Ensemble,2025-11-30,2025-12-17,97aef115dc6f92dced31def01056939bfb7aab522f4603e63143a71eb9ae46ff,090267d51086d80eeb00018aad6ab0058f0a67d4c87176cf13f3a794831a1f48,1,1,1.9080731336838852,2.4867004127702668,2.5276372279023938,0.33480952810290932,0.38385966684480094,0.049050138741891625,0.57862727908638156,0.61956409421850855,0.040936815132126991
Inflation,CPILFESL,3,month_end,pre_release,2025-12,Inflation Ridge-AR Ensemble,2025-12-31,2026-01-12,dc60f4cd3bce75ce0efc64f31e6f9de8061443310b9ae870ddf49df14f2cfbde,06c6f5cad8ca94360e2b4860fb696c4ccf56d0d88b6d5b2fc71c7d33a027606c,1,1,2.8672810687485395,2.6618007118803688,2.6816075765147573,0.042222177058670776,0.034474645718288364,-0.0077475313403824117,0.20548035686817068,0.18567349223378216,-0.019806864634388521
Inflation,CPILFESL,3,month_end,pre_release,2026-01,Inflation Ridge-AR Ensemble,2026-01-31,2026-02-12,0736c15c75330e9d810eac066a22ee0073738685446c386b435a850ed06dd859,59f01cf051efe0c9bd6b99e7bafe82f1061b26faa2fba8ddc8cd34111e35a06e,1,1,3.5353249355654981,2.8502876077401798,2.7560598576583168,0.4692761405140527,0.60725406164568529,0.1379779211316326,0.68503732782531834,0.77926507790718125,0.094227750081862904
Inflation,CPILFESL,3,month_end,pre_release,2026-02,Inflation Ridge-AR Ensemble,2026-02-28,2026-03-10,41bd86fc73bf948e4c3bf08a2672d2e03a1e39f36302592e36cea3ecf9c33843,e986dc890a793a3554d53121448ed2d86fb6f45d9163e133f9427d304bf6e548,1,1,2.5898059744083213,3.4116653735796474,3.4116653735796474,0.67545287200625315,0.67545287200625315,0,0.82185939917132611,0.82185939917132611,0
Inflation,CPILFESL,3,month_end,pre_release,2026-03,Inflation Ridge-AR Ensemble,2026-03-31,2026-04-09,81bd444227eff91c88ecdb6492c29771f11ab96aa5a422e5d09a72f1e610316e,1d43e6aabd38f4ea3cc2c2a23b661b33fd8503daf4dc9a0701709bec9e62af7b,1,1,2.3472435020018168,3.2338299462807401,3.2330561023586464,0.78603552317914438,0.78466396295092833,-0.0013715602282160511,0.8865864442789233,0.88581260035682963,-0.00077384392209367547
Inflation,CPILFESL,3,month_end,pre_release,2026-04,Inflation Ridge-AR Ensemble,2026-04-30,2026-05-11,d2bcf6a3dd2d72ab4fdfc3aea17e5d3513254a63dba602b2c252f030c6a9ced3,2d8036b0f3006633ecba032108a6cfc51fc1b9b1ddcaf398b8cc517f0f32d691,1,1,4.5090466859679879,2.7294962047362237,2.7295274023031313,3.1667999152522035,3.1666888809350842,-0.00011103431711934064,1.7795504812317642,1.7795192836648566,-3.1197566907614771e-05
Inflation,CPILFESL,3,month_end,pre_release,2026-05,Inflation Ridge-AR Ensemble,2026-05-31,2026-06-09,553bf3f082f734a2a8963337ee9d14d499e35a41ec8fb28aeac183d8744b1f4c,4429753f988a428fe54757cdcb1e35a02aad40ed2845ebc6222a4d500633b537,1,1,2.4945507714519977,3.5859107865127502,3.5859107865127502,1.191066682473406,1.191066682473406,0,1.0913600150607525,1.0913600150607525,0
Inflation,CPILFESL,3,month_end,pre_release,2026-06,Inflation Ridge-AR Ensemble,2026-06-30,2026-07-13,940b4ce22c10e895338bda0a11319316665ac5f2c98f8c30b9ca1a7f95c4cd7c,6a79eecb50495e80698ce87648ca902391c45569dae7e021997c036212197499,1,1,-0.19994465863675259,3.6023937986689507,3.5867111867197288,14.457777743905917,14.338762491172409,-0.11901525273350799,3.8023384573057033,3.7866558453564814,-0.015682611949221936
Inflation,PCEPI,1,month_open,mid_month,2023-02,Inflation Bridge Ridge,2023-02-01,2023-02-15,30bd2a746b5627992ad31d6598e4a35a8669f48041c568df44c48cf034f7b626,8a6aa5b331d2800440fc5070284d13bec46ca8e8cf8f0b64f2d774d7a346d845,1,1,3.1517949298315528,2.7573214027279773,2.1713827242889967,0.15560936358553534,0.9612080927768194,0.80559872919128406,0.39447352710357553,0.98041220554255615,0.58593867843898062
Inflation,PCEPI,1,month_open,mid_month,2023-03,Inflation Bridge Ridge,2023-03-01,2023-03-15,db99f1f4d4d3334eaef59b89950f48ee9bb1f8678fcf1d30d0bfaa5b720ee4df,c24597678917fa9998f96e86831764202da9a46463c27a4e17b3e2dbde45d766,1,1,0.91193354873695398,3.2894006363189887,2.4859491751368314,5.6523497525358026,2.4775251921509986,-3.174824560384804,2.3774670875820347,1.5740156263998775,-0.80345146118215727
Inflation,PCEPI,1,month_open,mid_month,2023-04,Inflation Bridge Ridge,2023-04-01,2023-04-15,32673152a99d3263f3f9ed8560cc6ba755c24bb424dae7e956134f442cc46d9a,24f87b813e26fb3b81c056ed9d88901f2c30ae987130cda85ad254b128511a68,1,1,4.3590925437339223,2.2939012884956536,1.2223148820682201,4.2650149207126162,9.8393740987249494,5.5743591780123332,2.0651912552382687,3.1367776616657022,1.0715864064274334
Inflation,PCEPI,1,month_open,mid_month,2023-05,Inflation Bridge Ridge,2023-05-01,2023-05-15,c40dc0e288acf44de093f257dd91ced1a042449c69581796e5c72d64a383200e,5a53e4c54994844b836b9488eadd3536e0c958570641ae4d93cd978d90c91e5c,1,1,1.5410617006217819,3.0355456566594077,4.1542795792369134,2.233482294853872,6.8289076811137681,4.5954253862598957,1.4944839560376257,2.6132178786151314,1.1187339225775057
Inflation,PCEPI,1,month_open,mid_month,2023-06,Inflation Bridge Ridge,2023-06-01,2023-06-15,7651bf41614253de85a8ccd1403b43ce653e69223fde0edfebb94e51992102ba,1d08b874d7bce4f6418361d7e9e35acbb28fb786e60bda8c15f016e0a267febc,1,1,1.9358574497093883,2.2486936909516286,1.8695112580684894,0.097866513834573177,0.0044018171452508892,-0.093464696689322294,0.3128362412422403,0.066346191640898944,-0.24649004960134135
Inflation,PCEPI,1,month_open,mid_month,2023-07,Inflation Bridge Ridge,2023-07-01,2023-07-15,772d853be45298023544f2d92b64ba3a8f809b150ffaa189716d3bcf8d0d4e4d,89027fe9e485f8e383ea0d772ef18067f845d85a2ef90610397154b79eacb5e0,1,1,2.5544057811611509,2.3186301563881706,2.1520965757313744,0.055590145237089203,0.16185269677353814,0.10626255153644894,0.23577562477298031,0.40230920542977655,0.16653358065679624
Inflation,PCEPI,1,month_open,mid_month,2023-08,Inflation Bridge Ridge,2023-08-01,2023-08-15,14e5e80143efbaecbec28ae3af68a385e1236611e647b34a42dcabbed821774f,9cc2c2745a298698df6c4f34ca2408a44f30fa474f8671fa4f1e4295603404a2,1,1,4.721852085725331,3.2013071720310005,3.5068532133761674,2.312056834561699,1.4762222598097392,-0.83583457475195977,1.5205449136943305,1.2149988723491636,-0.30554604134516694
Inflation,PCEPI,1,month_open,mid_month,2023-09,Inflation Bridge Ridge,2023-09-01,2023-09-15,b85a328ae132025b941fa72de3c6759b46734f451777c72148c74dfd12a5e3ce,61e5ff22c1712efb73e9d56a561747473a23ba97f849c34eb9865177f289d33f,1,1,4.269709166791813,4.3178246083802234,3.9611788972341624,0.0023150957192477344,0.095190927233316555,0.092875831514068821,0.048115441588410413,0.30853026955765062,0.2604148279692402
Inflation,PCEPI,1,month_open,mid_month,2023-10,Inflation Bridge Ridge,2023-10-01,2023-10-15,3a26df0d3895e07bab51d56556b6001227ed70942d6dda4e93c5ebce84cdeebc,a424c78a7cd11f5b4ff41db85df2beea0102fc337d3c877f62063e1e9488380d,1,1,0.59330065894869222,3.706593123458473,5.1127406322474371,9.692589969573385,20.42533767225056,10.732747702677175,3.1132924645097808,4.5194399732987449,1.4061475087889641
Inflation,PCEPI,1,month_open,mid_month,2023-11,Inflation Bridge Ridge,2023-11-01,2023-11-15,a5393d6ec69e1d357cf1f32af81147b0f60146446a8004226b89cc12f838810d,e8d35d9b894396dbacce853bbcba41da9c87e799884c4d13d86a672843c9a2f9,1,1,-0.860920908897711,3.9824634208968535,2.5947975672919252,23.458371766099543,11.941990186678421,-11.516381579421122,4.8433843297945645,3.4557184761896362,-1.3876658536049282
Inflation,PCEPI,1,month_open,mid_month,2023-12,Inflation Bridge Ridge,2023-12-01,2023-12-15,743e6919713900b76e677717cd1a66869d15bf5ff291e59b557bcbce3da349f9,5df490ec980999cf3b758b948dbb6f3f3a4033a284583dd5839079d626dfd73c,1,1,2.0079217012643369,1.8014168431717761,2.5192089935597837,0.042644256415828675,0.26141469526280964,0.21877043884698097,0.20650485809256081,0.51128729229544678,0.30478243420288598
Inflation,PCEPI,1,month_open,mid_month,2024-01,Inflation Bridge Ridge,2024-01-01,2024-01-15,1c9d7a507fb5ecf3beece8ebfe371399356d8179c0ea445c88bafdbb78fed0f5,82d6c3d39139ad4d032d65475f1827d5719054f56653a8b93a2e9cff9dc268d7,1,1,4.1328162960482473,3.1269406219156437,2.9590474092836345,1.0117858718117196,1.3777333995366383,0.36594752772491868,1.0058756741326036,1.1737688867646128,0.16789321263200918
Inflation,PCEPI,1,month_open,mid_month,2024-02,Inflation Bridge Ridge,2024-02-01,2024-02-15,4acd561b9e983aecffffe0fb830530af2b93463dfc296c45ebca9c5842b184ab,ae89d3ae96b6270f5992f8c6f7491518dcf032586320f2b75a3b0fa9c8312b34,1,1,3.9898815716419733,2.5288939370429384,3.0228426901651413,2.1344848684512829,0.93516419828796238,-1.1993206701633206,1.4609876345990349,0.96703888147683204,-0.49394875312220288
Inflation,PCEPI,1,month_open,mid_month,2024-03,Inflation Bridge Ridge,2024-03-01,2024-03-15,f9ba877379756fdb8fb080f7d9c3d4a9398f93a116a9f04c27f138d329ec8492,579708298d18115ae7a6ec5713142c458e6f1054da00080213fc09c492efe402,1,1,3.86713396031233,4.3909651913884726,3.5065426106606035,0.2743991586507471,0.13002612144365372,-0.14437303720709338,0.5238312310761426,0.36059134965172657,-0.16323988142441603
Inflation,PCEPI,1,month_open,mid_month,2024-04,Inflation Bridge Ridge,2024-04-01,2024-04-15,0765f629012b7882da9b07236737a448cea652d24c7d60f9c5500570f2be42f0,4d2fb4af32164d7f9a5e2ce4cb4b96b3bb1b170fb3146c81bc70cc545eb356a4,1,1,3.0752100527589477,2.9962382374478915,2.9698065503391433,0.0062365476135235586,0.0111098983223617,0.0048733507088381412,0.078971815311056126,0.10540350241980434,0.026431687108748214
Inflation,PCEPI,1,month_open,mid_month,2024-05,Inflation Bridge Ridge,2024-05-01,2024-05-15,01c59925fab16ba62b08a4763c2108a3b840145569e7ae080f15c6b5d2a754f9,f8524ab49b321d39909136fdc89da4dd16e9e21c7dc4142a838e625a326a841a,1,1,-0.097480930346449668,2.6626914552346999,2.3637925602557415,7.6185515981247338,6.0578671955410943,-1.5606844025836395,2.7601723855811495,2.4612734906021911,-0.29889889497895838
Inflation,PCEPI,1,month_open,mid_month,2024-06,Inflation Bridge Ridge,2024-06-01,2024-06-15,8df009ea9d2a3f9378f43651fc146c649cbd57f03acc45894e67af75e79ca32e,8f3e0cacb6f5af3c402bd46a804aa094a4b9e3ff43005992f708204b5d9b79d0,1,1,0.94484742430545055,2.582655288798136,2.3053679762368167,2.6824146009940906,1.851016172227629,-0.83139842876646153,1.6378078644926855,1.3605205519313661,-0.27728731256131933
Inflation,PCEPI,1,month_open,mid_month,2024-07,Inflation Bridge Ridge,2024-07-01,2024-07-15,51458cda1e8975e0ed110d3f82c5cf2cf16a0d63c40603694e9ed66d3bc9304b,8b37166569a0120b18ae657209b4910e4e7ef479ae0a46c72bee134c5d001a17,1,1,1.8591450193301995,1.3985376063093837,1.9529959683000189,0.21215918892972835,0.0088080006225356409,-0.2033511883071927,0.46060741302081576,0.093850948969819381,-0.36675646405099638
Inflation,PCEPI,1,month_open,mid_month,2024-08,Inflation Bridge Ridge,2024-08-01,2024-08-15,a112ff08058f0ed6b24978daadcc77bb5ae2d8ab5ba3c1e31f65365a8134444f,fa9e12b484b7d8bc14896092f0ddc4148dd4794cc6e70e6c1c1a4703b49a12ec,1,1,1.0872555632399639,2.1750647122739002,2.1413830784621752,1.1833287447219367,1.1111848183485535,-0.072143926373383183,1.0878091490339363,1.0541275152222114,-0.033681633811724954
Inflation,PCEPI,1,month_open,mid_month,2024-09,Inflation Bridge Ridge,2024-09-01,2024-09-15,a4f2ce8b6294e6f997b4fa92a73e47d06c9f8dd431c4c1d7c0d58e46b718aec4,9eaddcf55f5ea463c414d7a32478e44de862df2cbe57a61fa8fe6c57c33a23af,1,1,2.1030278800367341,0.1936478714286074,0.88919215689310405,3.64573201727237,1.4733971627796194,-2.1723348544927505,1.9093800086081267,1.2138357231436301,-0.69554428546449665
Inflation,PCEPI,1,month_open,mid_month,2024-10,Inflation Bridge Ridge,2024-10-01,2024-10-15,0bde9a780e20438090ae0e0b5c7664c57538f6fb2853ee43e735662b6f0ae5ed,281ef6d0ed34ad60e3a6479629efbf14508596ff807cbfede4c02a667a6a9c09,1,1,2.853033899934232,2.5692101208750553,1.7337699652236815,0.080555937559432328,1.2527517555437433,1.1721958179843111,0.28382377905917666,1.1192639347105504,0.83544015565137375
Inflation,PCEPI,1,month_open,mid_month,2024-11,Inflation Bridge Ridge,2024-11-01,2024-11-15,8fbc267d6510a2526ff236f920e15de7594349e15a1107540271af3c6f63de6b,36fd9369adf963255b6d0dc6bfedf8df0cd8f430d322cb6c028fc59762580e69,1,1,1.5349653145793951,2.6096961700112296,2.9612499300405952,1.1550464116172425,2.0342878043013033,0.87924139268406076,1.0747308554318344,1.4262846154612001,0.35155376002936567
Inflation,PCEPI,1,month_open,mid_month,2024-12,Inflation Bridge Ridge,2024-12-01,2024-12-15,6f071f53641ab5669bd9c3e9ac58244f7ce194bf4d227b5a47d3306dd9d31e8c,4925dfcc401cd3311c63ac760762c3439a1d77b3c135b122d2eaf7506fc49e9f,1,1,3.063929851709446,2.8341833906251268,2.1915645193095123,0.052783436380768586,0.76102127317324675,0.7082378367924782,0.22974646108431918,0.87236533239993364,0.64261887131561446
Inflation,PCEPI,1,month_open,mid_month,2025-01,Inflation Bridge Ridge,2025-01-01,2025-01-15,389b699d6ba53b4ddc2823f5497c49f5c4f63a4d2e4a79feaff2786ceb71e114,3ff4b4a58df1a34813b2d029a9dc117317582329e8dc28eb4cfba8db95609656,1,1,3.8984766867979914,2.4842930055502226,2.5192396467671525,1.9999154843074911,1.9022948125930299,-0.097620671714461205,1.4141836812477688,1.3792370400308389,-0.034946641216929919
Inflation,PCEPI,1,month_open,mid_month,2025-02,Inflation Bridge Ridge,2025-02-01,2025-02-15,520eafa0eb29b1e17eb789a2a666532291471ee0160e11583aac20c80f2780e3,77935a6b7e8590ae56b673746dd11c03e8013a8116de06bcf9e7a2e79722dbab,1,1,3.9331903834629145,3.0105972501462417,3.701796807378487,0.85117808964307595,0.053542987053139715,-0.7976351025899362,0.92259313331667281,0.23139357608442745,-0.69119955723224535
Inflation,PCEPI,1,month_open,mid_month,2025-03,Inflation Bridge Ridge,2025-03-01,2025-03-15,99002d090aac3c99b6a5e65528af95de7db34a797d8721a66bf57268fba73838,a4596cd791cf25c2e3be094fbed422c8ea71bba5088165fa51c3f55bc98a05b1,1,1,-0.53435115386761822,3.1470797874454091,2.6573239003655753,13.552933775656921,10.186789651814459,-3.3661441238424619,3.6814309413130273,3.1916750542331935,-0.48975588707983375
Inflation,PCEPI,1,month_open,mid_month,2025-04,Inflation Bridge Ridge,2025-04-01,2025-04-15,3fac28a31e3115ea7a05c745cc72d0d68471fb790ec671f5a3fd961496a7d37b,fe544582802ce78164d2f9946be70ae8f561acf20ee60340ea51cdc031bfad68,1,1,1.201745492554096,2.4800699304825615,2.7845953328967354,1.6341133686051272,2.505413617072719,0.8713002484675918,1.2783244379284655,1.5828498403426394,0.30452540241417392
Inflation,PCEPI,1,month_open,mid_month,2025-05,Inflation Bridge Ridge,2025-05-01,2025-05-15,38513725ec1266da0ac97cd68420c2f9f6030f68252cc43abc3fb2c49d9f5d72,beb2033f3f4408775fdb588cf33aa1c013f251b8121752be6abcc6971daabee5,1,1,1.6282550732857004,3.437431009019686,3.655057205750369,3.2731175664389425,4.1079268841633283,0.83480931772438582,1.8091759357339856,2.0268021324646686,0.21762619673068295
Inflation,PCEPI,1,month_open,mid_month,2025-06,Inflation Bridge Ridge,2025-06-01,2025-06-15,8d91cc0728b8c06e53a9622cdfcbcc61efaa18b181eeb87e724f180a66aab16b,1deb686f98f2c1468c9d8e9a93f2d32fd49221c0670748676ff98f18ce5f4847,1,1,3.3613467356538251,3.9505178052096506,4.9881211500246732,0.34712254920155527,2.6463949952516157,2.2992724460500602,0.58917106955582543,1.626774414370848,1.0376033448150226
Inflation,PCEPI,1,month_open,mid_month,2025-07,Inflation Bridge Ridge,2025-07-01,2025-07-15,81ecbbe883965eb9bddb6fe8c361df19948898a537ee9f03d17e4588a3db6147,d5a81ce68e562b1b92e44ba335e058dbb779bc21f2c1956ad31a4af9bcaa6c51,1,1,2.3685838825748817,6.997585534720498,6.7170431752163555,21.427656295566845,18.909098219759986,-2.5185580758068582,4.6290016521456163,4.3484592926414738,-0.28054235950414252
Inflation,PCEPI,1,month_open,mid_month,2025-08,Inflation Bridge Ridge,2025-08-01,2025-08-15,2868338271635f2e33b6bd4259bb12fd3a8d8bd6015f077624f0fb6c1906a95f,e47c815a59b47610b59e20d6e220a73ba12cec1a412d75391fea041062127ff1,1,1,3.1718828697414381,3.6146965406952694,4.4044624285462604,0.19608394718360797,1.5192523687834905,1.3231684215998825,0.44281367095383128,1.2325795588048223,0.789765887850991
Inflation,PCEPI,1,month_open,mid_month,2025-09,Inflation Bridge Ridge,2025-09-01,2025-09-15,27cf3cc721e01366a148aa02a178f1d65934bbe2524f53b11dc66d2aae8469cf,8fa2211d8d49c444f0fa6a3540e6d69708634a565703c8a53134dad86b3cd623,1,1,3.2199871816310122,4.5344842435816162,3.3972914613952527,1.72790252587677,0.031436807622716084,-1.6964657182540539,1.314497061950604,0.17730427976424057,-1.1371927821863634
Inflation,PCEPI,1,month_open,mid_month,2025-10,Inflation Bridge Ridge,2025-10-01,2025-10-15,77cea1b106e2fc84b2125af518a060fe03a859fb6171bd7971f64a4a145cc30f,c6c5f41d3f5eaa0a763e2e8adc74c8f91044cce653da16ab169e850e99ccb5e0,1,1,1.9072005517838164,2.8218008626792637,2.8161650278721355,0.83649372869004879,0.82621641879051244,-0.010277309899536347,0.91460031089544724,0.9089644760883191,-0.0056358348071281483
Inflation,PCEPI,1,month_open,mid_month,2025-11,Inflation Bridge Ridge,2025-11-01,2025-11-15,57f8728243173a1dd4bd43995690d4a1595bc35b855470de81b388149c7a8cb7,a30b24c3aec0c444516e10ac972a8f39f5ca6f30519ff5671d4d5ed7d8868b9c,1,1,2.4851427874558851,1.761624140005748,1.7915181156633864,0.52347923320807588,0.48111518531925163,-0.042364047888824252,0.72351864745013716,0.69362467179249876,-0.029893975657638405
Inflation,PCEPI,1,month_open,mid_month,2026-02,Inflation Bridge Ridge,2026-02-01,2026-02-15,73baf19b287be04e4e6938422cd5d63c7ea06adda39d5054a35d9a768d3017e9,cd51542895b567294160f02ecc7906eed6b35270ef578fe4677bf606ed4c31e6,1,1,4.4951177501893369,4.74029563764568,4.3086759596206425,0.060112196497555226,0.034760541270460889,-0.025351655227094337,0.24517788745634306,0.18644179056869437,-0.058736096887648692
Inflation,PCEPI,1,month_open,mid_month,2026-03,Inflation Bridge Ridge,2026-03-01,2026-03-15,c4485dd6273eeb7f4e3ae5268017d64f68ec76849aea6bd5ad20ed6987aa5b9b,a716019482770d8d4f56e8c48b980d939a63d38b3494709513c425e46466b436,1,1,7.9437456213664603,4.3421939512585706,4.5214186407291859,12.97117443245693,11.712321962397844,-1.258852470059086,3.6015516701078898,3.4223269806372745,-0.17922468947061532
Inflation,PCEPI,1,month_open,mid_month,2026-04,Inflation Bridge Ridge,2026-04-01,2026-04-15,5607ec8bb9be56ed471fea98ce825532c79d22ff0e9ff105adc5cd7fd0ce8640,0f309fffb4256000594f4a61b6cf248566025fd62a7ee11ec444b991e5dc2ea8,1,1,4.7856219395313815,7.1336345125190084,6.5729435373133915,5.5131630429079763,3.1945184938980371,-2.3186445490099392,2.3480125729876269,1.7873215977820101,-0.56069097520561684
Inflation,PCEPI,1,month_open,mid_month,2026-05,Inflation Bridge Ridge,2026-05-01,2026-05-15,ecce58d78881f1fa52eea024f09cf047c9ca1eea60292d769f6573282836f872,09c0637b340d3561ff0b0bb18908b61a785ebba2ab34b086e758b763931bda60,1,1,5.3858700130746229,3.9653758419135441,5.7106213243457091,2.0178036903026002,0.10546341417228995,-1.9123402761303103,1.4204941711610788,0.32475131127108625,-1.0957428598899925
Inflation,PCEPI,2,mid_month,month_end,2023-02,Inflation Bridge Ridge,2023-02-15,2023-02-28,8a6aa5b331d2800440fc5070284d13bec46ca8e8cf8f0b64f2d774d7a346d845,cb70f1083227814a12434e0b70c1200ca41999978ef528db99612996b9f10dfd,1,1,3.1517949298315528,2.1713827242889967,3.0360676939443927,0.9612080927768194,0.01339279312608241,-0.94781529965073696,0.98041220554255615,0.11572723588716016,-0.86468496965539599
Inflation,PCEPI,2,mid_month,month_end,2023-03,Inflation Bridge Ridge,2023-03-15,2023-03-31,c24597678917fa9998f96e86831764202da9a46463c27a4e17b3e2dbde45d766,dbd9eef0029676b046856fff4475ab9b8493c33323f171e88807ce15d8dfd6c8,1,1,0.91193354873695398,2.4859491751368314,2.9449606843327785,2.4775251921509986,4.133199334068963,1.6556741419179644,1.5740156263998775,2.0330271355958245,0.45901150919594702
Inflation,PCEPI,2,mid_month,month_end,2023-04,Inflation Bridge Ridge,2023-04-15,2023-04-30,24f87b813e26fb3b81c056ed9d88901f2c30ae987130cda85ad254b128511a68,b21663aae72afaada0e5e4c60247f75fc2908ae0e0a8fac2b14e3eb37a170755,1,1,4.3590925437339223,1.2223148820682201,1.2441291201757454,9.8393740987249494,9.7029971301052775,-0.13637696861967186,3.1367776616657022,3.1149634235581769,-0.021814238107525252
Inflation,PCEPI,2,mid_month,month_end,2023-05,Inflation Bridge Ridge,2023-05-15,2023-05-31,5a53e4c54994844b836b9488eadd3536e0c958570641ae4d93cd978d90c91e5c,d1d37f7b62b103a5c74d2bf435831aaeb9e86c1d4234ce128b98eb56d3f035b8,1,1,1.5410617006217819,4.1542795792369134,3.904137367586455,6.8289076811137681,5.5841266078005347,-1.2447810733132334,2.6132178786151314,2.3630756669646731,-0.25014221165045836
Inflation,PCEPI,2,mid_month,month_end,2023-06,Inflation Bridge Ridge,2023-06-15,2023-06-30,1d08b874d7bce4f6418361d7e9e35acbb28fb786e60bda8c15f016e0a267febc,b92ae93bc8ff4e7485c1447cd9cb23ba00c85f6fed425f139954b509402dc803,1,1,1.9358574497093883,1.8695112580684894,1.918701251894233,0.0044018171452508892,0.00029433512347274007,-0.0041074820217781487,0.066346191640898944,0.017156197815155316,-0.049189993825743628
Inflation,PCEPI,2,mid_month,month_end,2023-07,Inflation Bridge Ridge,2023-07-15,2023-07-31,89027fe9e485f8e383ea0d772ef18067f845d85a2ef90610397154b79eacb5e0,8abf16ba027a6d7454bffeb54143bf215ce42b236ff9002b8da5a7bc61e1a7e1,1,1,2.5544057811611509,2.1520965757313744,2.0646986880000435,0.16185269677353814,0.23981303709230151,0.077960340318763366,0.40230920542977655,0.48970709316110739,0.087397887731330837
Inflation,PCEPI,2,mid_month,month_end,2023-08,Inflation Bridge Ridge,2023-08-15,2023-08-31,9cc2c2745a298698df6c4f34ca2408a44f30fa474f8671fa4f1e4295603404a2,c299c45efa306601544e041365cc364368d1840074da8d2a35e92e74b808789c,1,1,4.721852085725331,3.5068532133761674,3.3275475428019958,1.4762222598097392,1.9440851584166505,0.46786289860691133,1.2149988723491636,1.3943045429233352,0.17930567057417157
Inflation,PCEPI,2,mid_month,month_end,2023-09,Inflation Bridge Ridge,2023-09-15,2023-09-30,61e5ff22c1712efb73e9d56a561747473a23ba97f849c34eb9865177f289d33f,a8b9090e854655e2a7df78c3a56653fd01ce034c9dc56dbec062b83091192828,1,1,4.269709166791813,3.9611788972341624,3.6355534410087333,0.095190927233316555,0.4021534845434645,0.30696255731014793,0.30853026955765062,0.63415572578307966,0.32562545622542904
Inflation,PCEPI,2,mid_month,month_end,2023-10,Inflation Bridge Ridge,2023-10-15,2023-10-31,a424c78a7cd11f5b4ff41db85df2beea0102fc337d3c877f62063e1e9488380d,2949285386a43565a033f492f774a76efe02f8f074faff23a4539ac02b94dea7,1,1,0.59330065894869222,5.1127406322474371,5.1463744215294325,20.42533767225056,20.730480687501139,0.30514301525057874,4.5194399732987449,4.5530737625807403,0.033633789281995341
Inflation,PCEPI,2,mid_month,month_end,2023-11,Inflation Bridge Ridge,2023-11-15,2023-11-30,e8d35d9b894396dbacce853bbcba41da9c87e799884c4d13d86a672843c9a2f9,10b81e01adda2a8d5cfb24c7264c7fc5a0a37d36fb8da475fa1bd9f9b40dd447,1,1,-0.860920908897711,2.5947975672919252,2.5206203151082285,11.941990186678421,11.434821049651587,-0.50716913702683364,3.4557184761896362,3.3815412240059395,-0.074177252183696751
Inflation,PCEPI,2,mid_month,month_end,2023-12,Inflation Bridge Ridge,2023-12-15,2023-12-31,5df490ec980999cf3b758b948dbb6f3f3a4033a284583dd5839079d626dfd73c,f7b61655455882d5c1efa87a7335a050e0b97a1ca437ec972e0b8e402ece3e3e,1,1,2.0079217012643369,2.5192089935597837,2.2138609303166317,0.26141469526280964,0.042410966062653536,-0.21900372920015609,0.51128729229544678,0.20593922905229478,-0.305348063243152
Inflation,PCEPI,2,mid_month,month_end,2024-01,Inflation Bridge Ridge,2024-01-15,2024-01-31,82d6c3d39139ad4d032d65475f1827d5719054f56653a8b93a2e9cff9dc268d7,bd4850b054c3eb496d5f50f993746b4865bae6c15ef731f72f55168c4d365e20,1,1,4.1328162960482473,2.9590474092836345,3.0147876069679098,1.3777333995366383,1.249988149606698,-0.1277452499299403,1.1737688867646128,1.1180286890803375,-0.055740197684275294
Inflation,PCEPI,2,mid_month,month_end,2024-02,Inflation Bridge Ridge,2024-02-15,2024-02-29,ae89d3ae96b6270f5992f8c6f7491518dcf032586320f2b75a3b0fa9c8312b34,94b0121ab2e59c8cd66e8ebbe56a6b7f55071b97d156e84142e41ce7c1772b2f,1,1,3.9898815716419733,3.0228426901651413,3.6420905116992159,0.93516419828796238,0.12095862137610666,-0.81420557691185569,0.96703888147683204,0.34779105994275739,-0.61924782153407465
Inflation,PCEPI,2,mid_month,month_end,2024-03,Inflation Bridge Ridge,2024-03-15,2024-03-31,579708298d18115ae7a6ec5713142c458e6f1054da00080213fc09c492efe402,2c9265b86c22ac75b6b440afc4255aaaf6e9144c87eb36fe2f27cf8020b2bd66,1,1,3.86713396031233,3.5065426106606035,3.4641148750714836,0.13002612144365372,0.16242438306836862,0.032398261624714902,0.36059134965172657,0.4030190852408464,0.04242773558911983
Inflation,PCEPI,2,mid_month,month_end,2024-04,Inflation Bridge Ridge,2024-04-15,2024-04-30,4d2fb4af32164d7f9a5e2ce4cb4b96b3bb1b170fb3146c81bc70cc545eb356a4,2bc305f36c3ba0e98f4ecc69dc238a3f07b3bf0a383760a4532ed7ac5ba82ab7,1,1,3.0752100527589477,2.9698065503391433,3.0159550536735309,0.0111098983223617,0.0035111549166127408,-0.0075987434057489586,0.10540350241980434,0.05925499908541676,-0.046148503334387581
Inflation,PCEPI,2,mid_month,month_end,2024-05,Inflation Bridge Ridge,2024-05-15,2024-05-31,f8524ab49b321d39909136fdc89da4dd16e9e21c7dc4142a838e625a326a841a,c7e6964b907aa355aff058ac24e3731618d442b832672a50e47f940da5d99bae,1,1,-0.097480930346449668,2.3637925602557415,2.3263448862219218,6.0578671955410943,5.8749315890633325,-0.18293560647776186,2.4612734906021911,2.4238258165683715,-0.037447674033819656
Inflation,PCEPI,2,mid_month,month_end,2024-06,Inflation Bridge Ridge,2024-06-15,2024-06-30,8f3e0cacb6f5af3c402bd46a804aa094a4b9e3ff43005992f708204b5d9b79d0,f61e25d323addbc947aef69d4a6645eee37fe34e04218f81f074d92d6f25fdbc,1,1,0.94484742430545055,2.3053679762368167,2.095041496431044,1.851016172227629,1.3229464035528549,-0.52806976867477418,1.3605205519313661,1.1501940721255934,-0.21032647980577268
Inflation,PCEPI,2,mid_month,month_end,2024-07,Inflation Bridge Ridge,2024-07-15,2024-07-31,8b37166569a0120b18ae657209b4910e4e7ef479ae0a46c72bee134c5d001a17,4444c837b9e1bb7e2369c4e3f7525b22b8b23c68632f7995ae7f6e154980a9b5,1,1,1.8591450193301995,1.9529959683000189,1.861066474463003,0.0088080006225356409,3.691989827376942e-06,-0.0088043086327082645,0.093850948969819381,0.0019214551328035068,-0.091929493837015874
Inflation,PCEPI,2,mid_month,month_end,2024-08,Inflation Bridge Ridge,2024-08-15,2024-08-31,fa9e12b484b7d8bc14896092f0ddc4148dd4794cc6e70e6c1c1a4703b49a12ec,975f0f7bce29d3578fe95867292a231210d9665e24b282f3c98cd445a4013738,1,1,1.0872555632399639,2.1413830784621752,2.1951627397699576,1.1111848183485535,1.2274583118066626,0.11627349345810911,1.0541275152222114,1.1079071765299937,0.053779661307782334
Inflation,PCEPI,2,mid_month,month_end,2024-09,Inflation Bridge Ridge,2024-09-15,2024-09-30,9eaddcf55f5ea463c414d7a32478e44de862df2cbe57a61fa8fe6c57c33a23af,b6bee9ad676dc47da00976fdab4f72e2dff4dfe25f601d84c903e65ea49d6619,1,1,2.1030278800367341,0.88919215689310405,0.85293564158874302,1.4733971627796194,1.562730604627909,0.089333441848289619,1.2138357231436301,1.2500922384479911,0.036256515304361026
Inflation,PCEPI,2,mid_month,month_end,2024-10,Inflation Bridge Ridge,2024-10-15,2024-10-31,281ef6d0ed34ad60e3a6479629efbf14508596ff807cbfede4c02a667a6a9c09,315aa6a0e3c63760a0afafac1887fe823da9d7b61d94e35e52efe814a60bb91c,1,1,2.853033899934232,1.7337699652236815,1.75144625366997,1.2527517555437433,1.2134953424020367,-0.039256413141706581,1.1192639347105504,1.101587646264262,-0.017676288446288435
Inflation,PCEPI,2,mid_month,month_end,2024-11,Inflation Bridge Ridge,2024-11-15,2024-11-30,36fd9369adf963255b6d0dc6bfedf8df0cd8f430d322cb6c028fc59762580e69,f67b4451a859fc166da895fd1d8dccc8037ac41a1e16090faf7e836d82e4ef22,1,1,1.5349653145793951,2.9612499300405952,3.061414227230292,2.0342878043013033,2.3300462829331052,0.29575847863180194,1.4262846154612001,1.5264489126508969,0.10016429718969677
Inflation,PCEPI,2,mid_month,month_end,2024-12,Inflation Bridge Ridge,2024-12-15,2024-12-31,4925dfcc401cd3311c63ac760762c3439a1d77b3c135b122d2eaf7506fc49e9f,8574a194618655b44eb397389c5b4a7bce7898daa54e9edad0c97cb2628ee6d0,1,1,3.063929851709446,2.1915645193095123,2.0205431137594685,0.76102127317324675,1.0886558849298951,0.32763461175664832,0.87236533239993364,1.0433867379499775,0.17102140555004386
Inflation,PCEPI,2,mid_month,month_end,2025-01,Inflation Bridge Ridge,2025-01-15,2025-01-31,3ff4b4a58df1a34813b2d029a9dc117317582329e8dc28eb4cfba8db95609656,cf745204f8c9d26b75d81c1780ea4f01273605a5ead0b81dc2e61019860aaf1f,1,1,3.8984766867979914,2.5192396467671525,2.6451558608176375,1.9022948125930299,1.5708130928360764,-0.33148171975695351,1.3792370400308389,1.2533208259803539,-0.12591621405048503
Inflation,PCEPI,2,mid_month,month_end,2025-02,Inflation Bridge Ridge,2025-02-15,2025-02-28,77935a6b7e8590ae56b673746dd11c03e8013a8116de06bcf9e7a2e79722dbab,e26de1349bb35395a2d76fd9e3b5ca4fc45149090d088cbf20a5d243b236d6a0,1,1,3.9331903834629145,3.701796807378487,3.7439837508072946,0.053542987053139715,0.035799149840878682,-0.017743837212261034,0.23139357608442745,0.18920663265561988,-0.042186943428807577
Inflation,PCEPI,2,mid_month,month_end,2025-03,Inflation Bridge Ridge,2025-03-15,2025-03-31,a4596cd791cf25c2e3be094fbed422c8ea71bba5088165fa51c3f55bc98a05b1,ff1e125c2651ba28a35d3b52ac457f2ffe9b5f311a64fbf6ae36791a2bbc4c93,1,1,-0.53435115386761822,2.6573239003655753,2.6548639087741668,10.186789651814459,10.171092715781244,-0.015696936033215536,3.1916750542331935,3.189215062641785,-0.002459991591408528
Inflation,PCEPI,2,mid_month,month_end,2025-04,Inflation Bridge Ridge,2025-04-15,2025-04-30,fe544582802ce78164d2f9946be70ae8f561acf20ee60340ea51cdc031bfad68,01869ca8e91ca3e95bec284761aedf74b03544d1243f3e2a886db2375c506dae,1,1,1.201745492554096,2.7845953328967354,2.2947542507569776,2.505413617072719,1.1946681455082053,-1.3107454715645137,1.5828498403426394,1.0930087582028816,-0.48984108213975786
Inflation,PCEPI,2,mid_month,month_end,2025-05,Inflation Bridge Ridge,2025-05-15,2025-05-31,beb2033f3f4408775fdb588cf33aa1c013f251b8121752be6abcc6971daabee5,1f607479c05382ea374c7b50f04d5f017c832d7641854a9de18ecb19cdac9ad8,1,1,1.6282550732857004,3.655057205750369,3.3079411463002741,4.1079268841633283,2.8213453038791201,-1.2865815802842082,2.0268021324646686,1.6796860730145737,-0.34711605945009483
Inflation,PCEPI,2,mid_month,month_end,2025-06,Inflation Bridge Ridge,2025-06-15,2025-06-30,1deb686f98f2c1468c9d8e9a93f2d32fd49221c0670748676ff98f18ce5f4847,3a596ce8bd19787adfea2353c83c68ff87059b095ef44b36309a152b1ded1535,1,1,3.3613467356538251,4.9881211500246732,4.5341896461632327,2.6463949952516157,1.3755604927321783,-1.2708345025194374,1.626774414370848,1.1728429105094076,-0.45393150386144043
Inflation,PCEPI,2,mid_month,month_end,2025-07,Inflation Bridge Ridge,2025-07-15,2025-07-31,d5a81ce68e562b1b92e44ba335e058dbb779bc21f2c1956ad31a4af9bcaa6c51,c599993131755f7f523fd9c095d4570ed3be10d315a40a0314e17e5506ec8fbc,1,1,2.3685838825748817,6.7170431752163555,6.6069770783249258,18.909098219759986,17.963976881780273,-0.94512133797971387,4.3484592926414738,4.238393195750044,-0.11006609689142977
Inflation,PCEPI,2,mid_month,month_end,2025-08,Inflation Bridge Ridge,2025-08-15,2025-08-31,e47c815a59b47610b59e20d6e220a73ba12cec1a412d75391fea041062127ff1,b1a9e98e2e3262cc13c5b11665f2077ce68ca878b5a5c06b399ce23652bfce39,1,1,3.1718828697414381,4.4044624285462604,4.0118406200436327,1.5192523687834905,0.70552902229272396,-0.8137233464907665,1.2325795588048223,0.83995775030219466,-0.39262180850262762
Inflation,PCEPI,2,mid_month,month_end,2025-09,Inflation Bridge Ridge,2025-09-15,2025-09-30,8fa2211d8d49c444f0fa6a3540e6d69708634a565703c8a53134dad86b3cd623,4951a7a0c610a8376679beb26661d0117edd1c1a5c25f1d918cbe313039d1f5a,1,1,3.2199871816310122,3.3972914613952527,3.681746966245016,0.031436807622716084,0.21322209868677117,0.18178529106405508,0.17730427976424057,0.4617597846140038,0.28445550484976323
Inflation,PCEPI,2,mid_month,month_end,2025-10,Inflation Bridge Ridge,2025-10-15,2025-10-31,c6c5f41d3f5eaa0a763e2e8adc74c8f91044cce653da16ab169e850e99ccb5e0,8995f69569616b837ffa6c9c7e80cfd607ac6237363941ecf7e07ae5cc8ac4c2,1,1,1.9072005517838164,2.8161650278721355,1.9435426692907678,0.82621641879051244,0.0013207495048890617,-0.82489566928562341,0.9089644760883191,0.036342117506951377,-0.87262235858136772
Inflation,PCEPI,2,mid_month,month_end,2025-11,Inflation Bridge Ridge,2025-11-15,2025-11-30,a30b24c3aec0c444516e10ac972a8f39f5ca6f30519ff5671d4d5ed7d8868b9c,97aef115dc6f92dced31def01056939bfb7aab522f4603e63143a71eb9ae46ff,1,1,2.4851427874558851,1.7915181156633864,2.8081554519237124,0.48111518531925163,0.10433718140660517,-0.37677800391264649,0.69362467179249876,0.32301266446782728,-0.37061200732467148
Inflation,PCEPI,2,mid_month,month_end,2025-12,Inflation Bridge Ridge,2025-12-15,2025-12-31,3389a3ec5508babdfe1230051c4ba6510ad8f8da1e4dd7149f40c47c5df03f07,dc60f4cd3bce75ce0efc64f31e6f9de8061443310b9ae870ddf49df14f2cfbde,1,1,4.2624502468136427,3.2433380468385371,3.2807346083798028,1.0385896761380997,0.96376559474556189,-0.074824081392537822,1.0191121999751056,0.98171563843383991,-0.037396561541265694
Inflation,PCEPI,2,mid_month,month_end,2026-02,Inflation Bridge Ridge,2026-02-15,2026-02-28,cd51542895b567294160f02ecc7906eed6b35270ef578fe4677bf606ed4c31e6,41bd86fc73bf948e4c3bf08a2672d2e03a1e39f36302592e36cea3ecf9c33843,1,1,4.4951177501893369,4.3086759596206425,3.88999986264932,0.034760541270460889,0.36616765782089261,0.3314071165504317,0.18644179056869437,0.60511788754001694,0.41867609697132258
Inflation,PCEPI,2,mid_month,month_end,2026-03,Inflation Bridge Ridge,2026-03-15,2026-03-31,a716019482770d8d4f56e8c48b980d939a63d38b3494709513c425e46466b436,81bd444227eff91c88ecdb6492c29771f11ab96aa5a422e5d09a72f1e610316e,1,1,7.9437456213664603,4.5214186407291859,4.7527733782429351,11.712321962397844,10.182303856384783,-1.5300181060130615,3.4223269806372745,3.1909722431235252,-0.23135473751374924
Inflation,PCEPI,2,mid_month,month_end,2026-04,Inflation Bridge Ridge,2026-04-15,2026-04-30,0f309fffb4256000594f4a61b6cf248566025fd62a7ee11ec444b991e5dc2ea8,d2bcf6a3dd2d72ab4fdfc3aea17e5d3513254a63dba602b2c252f030c6a9ced3,1,1,4.7856219395313815,6.5729435373133915,6.8037525382382213,3.1945184938980371,4.0728511134368279,0.87833261953879083,1.7873215977820101,2.0181305987068399,0.23080900092482981
Inflation,PCEPI,2,mid_month,month_end,2026-05,Inflation Bridge Ridge,2026-05-15,2026-05-31,09c0637b340d3561ff0b0bb18908b61a785ebba2ab34b086e758b763931bda60,553bf3f082f734a2a8963337ee9d14d499e35a41ec8fb28aeac183d8744b1f4c,1,1,5.3858700130746229,5.7106213243457091,5.5907847680997289,0.10546341417228995,0.041990056826999217,-0.063473357345290735,0.32475131127108625,0.20491475502510603,-0.11983655624598022
Inflation,PCEPI,3,month_end,pre_release,2023-02,Inflation Bridge Ridge,2023-02-28,2023-03-30,cb70f1083227814a12434e0b70c1200ca41999978ef528db99612996b9f10dfd,f18c27cb48b63da3f062cf3ae7d98aa879ff09f8ebd0f6bb1f92236556421c31,1,1,3.1517949298315528,3.0360676939443927,2.8986421630198387,0.01339279312608241,0.064086323344426127,0.050693530218343719,0.11572723588716016,0.25315276681171417,0.13742553092455401
Inflation,PCEPI,3,month_end,pre_release,2023-03,Inflation Bridge Ridge,2023-03-31,2023-04-27,dbd9eef0029676b046856fff4475ab9b8493c33323f171e88807ce15d8dfd6c8,29097ad9b5073a41f06fb341aa7f7cc04a72b8b4188a6b90617f5b8b92785f49,1,1,0.91193354873695398,2.9449606843327785,3.1523108623372504,4.133199334068963,5.0192905072948815,0.88609117322591846,2.0330271355958245,2.2403773136002965,0.20735017800447197
Inflation,PCEPI,3,month_end,pre_release,2023-04,Inflation Bridge Ridge,2023-04-30,2023-05-25,b21663aae72afaada0e5e4c60247f75fc2908ae0e0a8fac2b14e3eb37a170755,090681ae626b03fd705b63a1dc68229c5998bb9977f3b78cd57de0d0a37edcf2,1,1,4.3590925437339223,1.2441291201757454,1.4991735144775726,9.7029971301052775,8.1791368539025822,-1.5238602762026954,3.1149634235581769,2.8599190292563499,-0.25504439430182702
Inflation,PCEPI,3,month_end,pre_release,2023-05,Inflation Bridge Ridge,2023-05-31,2023-06-29,d1d37f7b62b103a5c74d2bf435831aaeb9e86c1d4234ce128b98eb56d3f035b8,56d9fa514efeac808f233e9604b3a29b4ebc18aa9e28a7b6dffb56cf73731141,1,1,1.5410617006217819,3.904137367586455,3.8333407117633245,5.5841266078005347,5.254543064920048,-0.32958354288048675,2.3630756669646731,2.2922790111415425,-0.07079665582313055
Inflation,PCEPI,3,month_end,pre_release,2023-06,Inflation Bridge Ridge,2023-06-30,2023-07-27,b92ae93bc8ff4e7485c1447cd9cb23ba00c85f6fed425f139954b509402dc803,09b0df7d3b2489924b28454ae3093b018e7154d1730fba4562453c6c00d7d830,1,1,1.9358574497093883,1.918701251894233,1.6364333875733403,0.00029433512347274007,0.08965476898605193,0.089360433862579192,0.017156197815155316,0.299424062136048,0.28226786432089268
Inflation,PCEPI,3,month_end,pre_release,2023-07,Inflation Bridge Ridge,2023-07-31,2023-08-30,8abf16ba027a6d7454bffeb54143bf215ce42b236ff9002b8da5a7bc61e1a7e1,8064fe024cfb5d10725c6fee6bf417f2402ae91f2306b3b66708ab97f942cf67,1,1,2.5544057811611509,2.0646986880000435,2.1782310097524142,0.23981303709230151,0.1415074586444153,-0.098305578447886205,0.48970709316110739,0.37617477140873667,-0.11353232175237071
Inflation,PCEPI,3,month_end,pre_release,2023-08,Inflation Bridge Ridge,2023-08-31,2023-09-28,c299c45efa306601544e041365cc364368d1840074da8d2a35e92e74b808789c,dd02531d2f17ef234098f9bba8c7a8d9025b577d74fadd26a2cd04f8bb9500a5,1,1,4.721852085725331,3.3275475428019958,3.2927005180547146,1.9440851584166505,2.0424742033753804,0.09838904495872991,1.3943045429233352,1.4291515676706164,0.034847024747281186
Inflation,PCEPI,3,month_end,pre_release,2023-09,Inflation Bridge Ridge,2023-09-30,2023-10-26,a8b9090e854655e2a7df78c3a56653fd01ce034c9dc56dbec062b83091192828,10c23c386dbc4cecb90a813dd8c10c2f628bc36d10ed2fd4ebee43d33029bbcc,1,1,4.269709166791813,3.6355534410087333,3.9891792432148696,0.4021534845434645,0.078697038022085705,-0.32345644652137878,0.63415572578307966,0.2805299235769434,-0.35362580220613626
Inflation,PCEPI,3,month_end,pre_release,2023-10,Inflation Bridge Ridge,2023-10-31,2023-11-29,2949285386a43565a033f492f774a76efe02f8f074faff23a4539ac02b94dea7,1eade0273f3f46e6428c1160b72768021434ff136af13d22a98105782650ec41,1,1,0.59330065894869222,5.1463744215294325,5.290955210081556,20.730480687501139,22.067958281779308,1.3374775942781696,4.5530737625807403,4.6976545511328638,0.14458078855212353
Inflation,PCEPI,3,month_end,pre_release,2023-11,Inflation Bridge Ridge,2023-11-30,2023-12-21,10b81e01adda2a8d5cfb24c7264c7fc5a0a37d36fb8da475fa1bd9f9b40dd447,80167160ef7eb08ebf3c8a898b98d14c9aba76e419f9a1024b63f58a2c02537c,1,1,-0.860920908897711,2.5206203151082285,2.4885743160202125,11.434821049651587,11.219118261747971,-0.21570278790361641,3.3815412240059395,3.3494952249179235,-0.032045999088015975
Inflation,PCEPI,3,month_end,pre_release,2023-12,Inflation Bridge Ridge,2023-12-31,2024-01-25,f7b61655455882d5c1efa87a7335a050e0b97a1ca437ec972e0b8e402ece3e3e,9a266eeee56fe1c97f50071e007c9688b9548475e73a1ca8b42d4ea8fdeb90e7,1,1,2.0079217012643369,2.2138609303166317,2.2612406770855902,0.042410966062653536,0.064170503511128713,0.021759537448475176,0.20593922905229478,0.25331897582125329,0.047379746768958508
Inflation,PCEPI,3,month_end,pre_release,2024-01,Inflation Bridge Ridge,2024-01-31,2024-02-28,bd4850b054c3eb496d5f50f993746b4865bae6c15ef731f72f55168c4d365e20,4a80c6259c94adcc0c0cb7f634e570a85306241b54e976d50e2d2e2e9957bd2a,1,1,4.1328162960482473,3.0147876069679098,3.1088011518912086,1.249988149606698,1.0486070154629605,-0.20138113414373748,1.1180286890803375,1.0240151441570386,-0.094013544923298831
Inflation,PCEPI,3,month_end,pre_release,2024-02,Inflation Bridge Ridge,2024-02-29,2024-03-28,94b0121ab2e59c8cd66e8ebbe56a6b7f55071b97d156e84142e41ce7c1772b2f,4f4e7f91a64bd975e81a2454a36631701afe9b359ec97445e1c7ee7fcb03072d,1,1,3.9898815716419733,3.6420905116992159,3.7068046001875357,0.12095862137610666,0.080132571767816518,-0.040826049608290144,0.34779105994275739,0.28307697145443766,-0.064714088488319721
Inflation,PCEPI,3,month_end,pre_release,2024-03,Inflation Bridge Ridge,2024-03-31,2024-04-25,2c9265b86c22ac75b6b440afc4255aaaf6e9144c87eb36fe2f27cf8020b2bd66,43a68da20840f683bc7f8e65f81aced8d7d68c35cea1780f398bd53baa023732,1,1,3.86713396031233,3.4641148750714836,3.5427239703356275,0.16242438306836862,0.10524184159668426,-0.057182541471684362,0.4030190852408464,0.32440998997670256,-0.078609095264143836
Inflation,PCEPI,3,month_end,pre_release,2024-04,Inflation Bridge Ridge,2024-04-30,2024-05-30,2bc305f36c3ba0e98f4ecc69dc238a3f07b3bf0a383760a4532ed7ac5ba82ab7,1daadabbd579d87990dc805c584632fa97f3e043b7a911b9c4a17d40fdd3d09b,1,1,3.0752100527589477,3.0159550536735309,2.8731601315984152,0.0035111549166127408,0.040824170640977375,0.037313015724364636,0.05925499908541676,0.20204992116053244,0.14279492207511568
Inflation,PCEPI,3,month_end,pre_release,2024-05,Inflation Bridge Ridge,2024-05-31,2024-06-27,c7e6964b907aa355aff058ac24e3731618d442b832672a50e47f940da5d99bae,f7738a0ded3772665e08dc685517f855a7c555aea2f28e9d1b33db4abac55a2c,1,1,-0.097480930346449668,2.3263448862219218,2.4276512811163395,5.8749315890633325,6.3762926853669564,0.50136109630362391,2.4238258165683715,2.5251322114627892,0.10130639489441773
Inflation,PCEPI,3,month_end,pre_release,2024-06,Inflation Bridge Ridge,2024-06-30,2024-07-25,f61e25d323addbc947aef69d4a6645eee37fe34e04218f81f074d92d6f25fdbc,6818b9c66ea138eb09f60ccff4d558b4bbe0f789914b5eafbc5ed0068e10f2a6,1,1,0.94484742430545055,2.095041496431044,2.1618930017934876,1.3229464035528549,1.4811999376831897,0.15825353413033483,1.1501940721255934,1.2170455774880371,0.066851505362443664
Inflation,PCEPI,3,month_end,pre_release,2024-07,Inflation Bridge Ridge,2024-07-31,2024-08-29,4444c837b9e1bb7e2369c4e3f7525b22b8b23c68632f7995ae7f6e154980a9b5,6f10ec17ab2445f64ecfd3fb89c58bc203bc3e319b2f02cc6b0232fde7ec6115,1,1,1.8591450193301995,1.861066474463003,1.8816747884267095,3.691989827376942e-06,0.00050759049554205946,0.0005038985057146825,0.0019214551328035068,0.022529769096510055,0.020608313963706548
Inflation,PCEPI,3,month_end,pre_release,2024-08,Inflation Bridge Ridge,2024-08-31,2024-09-26,975f0f7bce29d3578fe95867292a231210d9665e24b282f3c98cd445a4013738,612501246cdbbb670b24503a02b42f6a19c3c7be782b1193010f1bb84ec6afa4,1,1,1.0872555632399639,2.1951627397699576,2.1430367182339385,1.2274583118066626,1.114673847240411,-0.11278446456625169,1.1079071765299937,1.0557811549939746,-0.052126021536019085
Inflation,PCEPI,3,month_end,pre_release,2024-09,Inflation Bridge Ridge,2024-09-30,2024-10-30,b6bee9ad676dc47da00976fdab4f72e2dff4dfe25f601d84c903e65ea49d6619,3ff0a5780a5a9483314e40a28f3400533417752a371907c1525cf16982b56a47,1,1,2.1030278800367341,0.85293564158874302,0.97219191532237703,1.562730604627909,1.2787899790914508,-0.28394062553645827,1.2500922384479911,1.1308359647143571,-0.11925627373363401
Inflation,PCEPI,3,month_end,pre_release,2024-10,Inflation Bridge Ridge,2024-10-31,2024-11-26,315aa6a0e3c63760a0afafac1887fe823da9d7b61d94e35e52efe814a60bb91c,45d862156b94a6a7f03b2ec671d97b083759df6b695448b894d0663e46c6d49e,1,1,2.853033899934232,1.75144625366997,1.679643055743907,1.2134953424020367,1.3768460732296834,0.16335073082764673,1.101587646264262,1.1733908441903249,0.071803197926062934
Inflation,PCEPI,3,month_end,pre_release,2024-11,Inflation Bridge Ridge,2024-11-30,2024-12-19,f67b4451a859fc166da895fd1d8dccc8037ac41a1e16090faf7e836d82e4ef22,5366330acbda0d3c13de32d32063810fb729fef576f4ee00324557eb5cb4f532,1,1,1.5349653145793951,3.061414227230292,3.3409161528174893,2.3300462829331052,3.2614584301328753,0.93141214719977006,1.5264489126508969,1.8059508382380942,0.27950192558719733
Inflation,PCEPI,3,month_end,pre_release,2024-12,Inflation Bridge Ridge,2024-12-31,2025-01-30,8574a194618655b44eb397389c5b4a7bce7898daa54e9edad0c97cb2628ee6d0,c766b855d0a50b79bbedcd8f0ee9924231cbd4cf8f28037b1b73905895da46ed,1,1,3.063929851709446,2.0205431137594685,1.9273028297916242,1.0886558849298951,1.2919209869537767,0.20326510202388159,1.0433867379499775,1.1366270219178218,0.09324028396784434
Inflation,PCEPI,3,month_end,pre_release,2025-01,Inflation Bridge Ridge,2025-01-31,2025-02-27,cf745204f8c9d26b75d81c1780ea4f01273605a5ead0b81dc2e61019860aaf1f,51e104e77429f239e0a593cd375aac2d25733e53e8f5f909e4db0927b82a2a20,1,1,3.8984766867979914,2.6451558608176375,2.4657248096195654,1.5708130928360764,2.0527779415583036,0.48196484872222722,1.2533208259803539,1.432751877178426,0.17943105119807212
Inflation,PCEPI,3,month_end,pre_release,2025-02,Inflation Bridge Ridge,2025-02-28,2025-03-27,e26de1349bb35395a2d76fd9e3b5ca4fc45149090d088cbf20a5d243b236d6a0,2675cc36802548a8bf92f8939c4c947ad22507bbf04e34cf68b91118995c7a44,1,1,3.9331903834629145,3.7439837508072946,3.7144221511137063,0.035799149840878682,0.047859539485197132,0.012060389644318451,0.18920663265561988,0.21876823234920817,0.029561599693588292
Inflation,PCEPI,3,month_end,pre_release,2025-03,Inflation Bridge Ridge,2025-03-31,2025-04-29,ff1e125c2651ba28a35d3b52ac457f2ffe9b5f311a64fbf6ae36791a2bbc4c93,aa66a4e9b18cbddefea26b46a68b1d05331715d962e78aa33e3770b56f600abd,1,1,-0.53435115386761822,2.6548639087741668,2.6196511896455914,10.171092715781244,9.9477307828868184,-0.22336193289442541,3.189215062641785,3.1540023435132096,-0.035212719128575376
Inflation,PCEPI,3,month_end,pre_release,2025-04,Inflation Bridge Ridge,2025-04-30,2025-05-29,01869ca8e91ca3e95bec284761aedf74b03544d1243f3e2a886db2375c506dae,dfd4c22c68c07c0c1a1e9da6646723680f1d4ec238c278793ec5d3343fe7e46d,1,1,1.201745492554096,2.2947542507569776,2.7949332340941826,1.1946681455082053,2.5382471797936019,1.3435790342853966,1.0930087582028816,1.5931877415400866,0.50017898333720501
Inflation,PCEPI,3,month_end,pre_release,2025-05,Inflation Bridge Ridge,2025-05-31,2025-06-26,1f607479c05382ea374c7b50f04d5f017c832d7641854a9de18ecb19cdac9ad8,3f9e99a93705cfa6498d615ae7b0ef9f3ca9a6d82d96c7912b4fee0cd03e9396,1,1,1.6282550732857004,3.3079411463002741,3.455480154938221,2.8213453038791201,3.3387514990200606,0.51740619514094055,1.6796860730145737,1.8272250816525206,0.14753900863794689
Inflation,PCEPI,3,month_end,pre_release,2025-06,Inflation Bridge Ridge,2025-06-30,2025-07-30,3a596ce8bd19787adfea2353c83c68ff87059b095ef44b36309a152b1ded1535,a5f9d0f0b07b798a9a65afa1708af887f721ac169883be36d0ca5a3487c22206,1,1,3.3613467356538251,4.5341896461632327,4.6319223168749026,1.3755604927321783,1.6143623075952789,0.23880181486310059,1.1728429105094076,1.2705755812210775,0.097732670711669911
Inflation,PCEPI,3,month_end,pre_release,2025-07,Inflation Bridge Ridge,2025-07-31,2025-08-28,c599993131755f7f523fd9c095d4570ed3be10d315a40a0314e17e5506ec8fbc,65ae5950d21ad83a6eb71fe44a26e015be00c45db3373d6a2338d70214f49180,1,1,2.3685838825748817,6.6069770783249258,6.7703059387954827,17.963976881780273,19.375157060218914,1.4111801784386415,4.238393195750044,4.401722056220601,0.16332886047055695
Inflation,PCEPI,3,month_end,pre_release,2025-08,Inflation Bridge Ridge,2025-08-31,2025-09-25,b1a9e98e2e3262cc13c5b11665f2077ce68ca878b5a5c06b399ce23652bfce39,5c470165df67edfa0f98501880808cce8a280e8511d55c0989d8c7bee4edb323,1,1,3.1718828697414381,4.0118406200436327,3.7823732234040621,0.70552902229272396,0.37269847191511579,-0.33283055037760817,0.83995775030219466,0.61049035366262405,-0.22946739663957061
Inflation,PCEPI,3,month_end,pre_release,2025-09,Inflation Bridge Ridge,2025-09-30,2025-12-04,4951a7a0c610a8376679beb26661d0117edd1c1a5c25f1d918cbe313039d1f5a,ffe372b3361af0436cf015ec125f471c45ae765daaf6db38fae4fe45dd403c52,1,1,3.2199871816310122,3.681746966245016,4.0409638341439829,0.21322209868677117,0.67400266397140307,0.4607805652846319,0.4617597846140038,0.82097665251297069,0.3592168678989669
Inflation,PCEPI,3,month_end,pre_release,2025-10,Inflation Bridge Ridge,2025-10-31,2026-01-21,8995f69569616b837ffa6c9c7e80cfd607ac6237363941ecf7e07ae5cc8ac4c2,7fd9ac3d0967c686efc22d6efd14b3dba883f3940746a7f120c105669eb618b6,1,1,1.9072005517838164,1.9435426692907678,2.5955207280138888,0.0013207495048890617,0.47378466500539784,0.47246391550050876,0.036342117506951377,0.68832017623007236,0.65197805872312098
Inflation,PCEPI,3,month_end,pre_release,2025-11,Inflation Bridge Ridge,2025-11-30,2026-01-21,97aef115dc6f92dced31def01056939bfb7aab522f4603e63143a71eb9ae46ff,7fd9ac3d0967c686efc22d6efd14b3dba883f3940746a7f120c105669eb618b6,1,1,2.4851427874558851,2.8081554519237124,3.2013883837068811,0.10433718140660517,0.51300775414894473,0.40867057274233953,0.32301266446782728,0.71624559625099593,0.39323293178316865
Inflation,PCEPI,3,month_end,pre_release,2025-12,Inflation Bridge Ridge,2025-12-31,2026-02-19,dc60f4cd3bce75ce0efc64f31e6f9de8061443310b9ae870ddf49df14f2cfbde,3622390db633fb07272e56cac8b8affccada5719daa520693b1bb1b5c71750e4,1,1,4.2624502468136427,3.2807346083798028,3.4838381831808403,0.96376559474556189,0.60623674563453123,-0.35752884911103067,0.98171563843383991,0.77861206363280244,-0.20310357480103747
Inflation,PCEPI,3,month_end,pre_release,2026-01,Inflation Bridge Ridge,2026-01-31,2026-03-12,0736c15c75330e9d810eac066a22ee0073738685446c386b435a850ed06dd859,99d38e269cf3025e327a5fa9b27e0361e14543f262ba6a2f12fcd662154e56e0,1,1,3.298343588451047,3.8078377764552411,3.6381999663876536,0.25958432761005307,0.11550235762418959,-0.14408196998586348,0.5094941880041941,0.33985637793660661,-0.16963781006758749
Inflation,PCEPI,3,month_end,pre_release,2026-02,Inflation Bridge Ridge,2026-02-28,2026-04-08,41bd86fc73bf948e4c3bf08a2672d2e03a1e39f36302592e36cea3ecf9c33843,906d03539627b9cbf66ccd44a0e1f99dbce9a037f9549c918529dd3158256644,1,1,4.4951177501893369,3.88999986264932,3.7655576176931915,0.36616765782089261,0.53225798692779325,0.16609032910690064,0.60511788754001694,0.72956013249614537,0.12444224495612843
Inflation,PCEPI,3,month_end,pre_release,2026-03,Inflation Bridge Ridge,2026-03-31,2026-04-29,81bd444227eff91c88ecdb6492c29771f11ab96aa5a422e5d09a72f1e610316e,24eb3ff77ceab4a4b4036721aeff07bd8b28c3685a4a313d23e0ef731054b634,1,1,7.9437456213664603,4.7527733782429351,4.499710668308289,10.182303856384783,11.861376757886401,1.6790729015016179,3.1909722431235252,3.4440349530581713,0.25306270993464608
Inflation,PCEPI,3,month_end,pre_release,2026-04,Inflation Bridge Ridge,2026-04-30,2026-05-27,d2bcf6a3dd2d72ab4fdfc3aea17e5d3513254a63dba602b2c252f030c6a9ced3,8e8a11d4ecb1d5893322150856bafdaab66150218314885da4a5acca20ab1b1f,1,1,4.7856219395313815,6.8037525382382213,6.9660567515618457,4.0728511134368279,4.7542959695143256,0.68144485607749772,2.0181305987068399,2.1804348120304642,0.16230421332362432
Inflation,PCEPI,3,month_end,pre_release,2026-05,Inflation Bridge Ridge,2026-05-31,2026-06-24,553bf3f082f734a2a8963337ee9d14d499e35a41ec8fb28aeac183d8744b1f4c,45ffd06e4a40c3554161f6121d49026c4b88f646d0ab65040ac6d57149e459d7,1,1,5.3858700130746229,5.5907847680997289,5.3715549149774784,0.041990056826999217,0.00020492203353086966,-0.041785134793468348,0.20491475502510603,0.014315098097144485,-0.19059965692796155
Inflation,PCEPILFE,1,month_open,mid_month,2023-02,Inflation Bridge Ridge,2023-02-01,2023-02-15,30bd2a746b5627992ad31d6598e4a35a8669f48041c568df44c48cf034f7b626,8a6aa5b331d2800440fc5070284d13bec46ca8e8cf8f0b64f2d774d7a346d845,1,1,3.5927744819368002,3.6242534588784245,3.3343760947021708,0.00099092598929131958,0.066769726525457471,0.065778800536166152,0.031478976941624381,0.25839838723462938,0.226919410293005
Inflation,PCEPILFE,1,month_open,mid_month,2023-03,Inflation Bridge Ridge,2023-03-01,2023-03-15,db99f1f4d4d3334eaef59b89950f48ee9bb1f8678fcf1d30d0bfaa5b720ee4df,c24597678917fa9998f96e86831764202da9a46463c27a4e17b3e2dbde45d766,1,1,3.3620345288436937,4.6595101618044676,4.6451327584853654,1.6834430181269611,1.6463410669095921,-0.037101951217368923,1.297475632960774,1.2830982296416718,-0.0143774033191022
Inflation,PCEPILFE,1,month_open,mid_month,2023-04,Inflation Bridge Ridge,2023-04-01,2023-04-15,32673152a99d3263f3f9ed8560cc6ba755c24bb424dae7e956134f442cc46d9a,24f87b813e26fb3b81c056ed9d88901f2c30ae987130cda85ad254b128511a68,1,1,4.554585141444889,3.2654754144011613,2.9845343017232007,1.6618038883587543,2.4650596393107786,0.80325575095202439,1.2891097270437277,1.5700508397216884,0.28094111267796062
Inflation,PCEPILFE,1,month_open,mid_month,2023-05,Inflation Bridge Ridge,2023-05-01,2023-05-15,c40dc0e288acf44de093f257dd91ced1a042449c69581796e5c72d64a383200e,5a53e4c54994844b836b9488eadd3536e0c958570641ae4d93cd978d90c91e5c,1,1,3.770491061349901,3.0481480458652217,3.2343091420280139,0.52177943201949961,0.28749105060770264,-0.23428838141179698,0.72234301548467927,0.53618191932188708,-0.18616109616279219
Inflation,PCEPILFE,1,month_open,mid_month,2023-06,Inflation Bridge Ridge,2023-06-01,2023-06-15,7651bf41614253de85a8ccd1403b43ce653e69223fde0edfebb94e51992102ba,1d08b874d7bce4f6418361d7e9e35acbb28fb786e60bda8c15f016e0a267febc,1,1,1.9843224364830547,3.3009235670685637,3.4374232517643653,1.7334385370590404,2.1115019793712095,0.37806344231216915,1.316601130585509,1.4531008152813105,0.13649968469580154
Inflation,PCEPILFE,1,month_open,mid_month,2023-07,Inflation Bridge Ridge,2023-07-01,2023-07-15,772d853be45298023544f2d92b64ba3a8f809b150ffaa189716d3bcf8d0d4e4d,89027fe9e485f8e383ea0d772ef18067f845d85a2ef90610397154b79eacb5e0,1,1,2.587969751250796,3.6206979745649881,2.7104716552485124,1.0665275832296879,0.015006716483065733,-1.051520866746622,1.0327282233141921,0.12250190399771643,-0.91022631931647568
Inflation,PCEPILFE,1,month_open,mid_month,2023-08,Inflation Bridge Ridge,2023-08-01,2023-08-15,14e5e80143efbaecbec28ae3af68a385e1236611e647b34a42dcabbed821774f,9cc2c2745a298698df6c4f34ca2408a44f30fa474f8671fa4f1e4295603404a2,1,1,1.7367228667325207,1.9208254838887413,2.0200480920150277,0.033893773643769914,0.080273183281383304,0.046379409637613389,0.18410261715622056,0.28332522528250692,0.09922260812628636
Inflation,PCEPILFE,1,month_open,mid_month,2023-09,Inflation Bridge Ridge,2023-09-01,2023-09-15,b85a328ae132025b941fa72de3c6759b46734f451777c72148c74dfd12a5e3ce,61e5ff22c1712efb73e9d56a561747473a23ba97f849c34eb9865177f289d33f,1,1,3.5771121539678319,3.2351885626269943,2.6887322467960297,0.11691174231541612,0.78921885946657977,0.67230711715116365,0.34192359134083761,0.88837990717180215,0.54645631583096455
Inflation,PCEPILFE,1,month_open,mid_month,2023-10,Inflation Bridge Ridge,2023-10-01,2023-10-15,3a26df0d3895e07bab51d56556b6001227ed70942d6dda4e93c5ebce84cdeebc,a424c78a7cd11f5b4ff41db85df2beea0102fc337d3c877f62063e1e9488380d,1,1,1.9598534466631179,2.7861230288553873,2.8382378972749898,0.6827214224561875,0.77155924307671997,0.088837820620532471,0.82626958219226943,0.87838445061187187,0.052114868419602445
Inflation,PCEPILFE,1,month_open,mid_month,2023-11,Inflation Bridge Ridge,2023-11-01,2023-11-15,a5393d6ec69e1d357cf1f32af81147b0f60146446a8004226b89cc12f838810d,e8d35d9b894396dbacce853bbcba41da9c87e799884c4d13d86a672843c9a2f9,1,1,0.69967933346966049,3.7556095101591773,3.4662864238490756,9.3387092448016222,7.6541147925376531,-1.6845944522639691,3.0559301766895168,2.7666070903794151,-0.28932308631010173
Inflation,PCEPILFE,1,month_open,mid_month,2023-12,Inflation Bridge Ridge,2023-12-01,2023-12-15,743e6919713900b76e677717cd1a66869d15bf5ff291e59b557bcbce3da349f9,5df490ec980999cf3b758b948dbb6f3f3a4033a284583dd5839079d626dfd73c,1,1,2.0567268806672701,1.9331196614103625,2.2094656815311411,0.015278744652425215,0.023329141289333253,0.0080503966369080381,0.12360721925690754,0.15273880086387104,0.029131581606963497
Inflation,PCEPILFE,1,month_open,mid_month,2024-01,Inflation Bridge Ridge,2024-01-01,2024-01-15,1c9d7a507fb5ecf3beece8ebfe371399356d8179c0ea445c88bafdbb78fed0f5,82d6c3d39139ad4d032d65475f1827d5719054f56653a8b93a2e9cff9dc268d7,1,1,4.9768647459384141,1.6882827056769956,1.7534128138024172,10.814771835529955,10.39064235879129,-0.42412947673866519,3.2885820402614185,3.2234519321359967,-0.065130108125421859
Inflation,PCEPILFE,1,month_open,mid_month,2024-02,Inflation Bridge Ridge,2024-02-01,2024-02-15,4acd561b9e983aecffffe0fb830530af2b93463dfc296c45ebca9c5842b184ab,ae89d3ae96b6270f5992f8c6f7491518dcf032586320f2b75a3b0fa9c8312b34,1,1,3.1337047897789461,2.1080291687477599,2.3800162712387354,1.0520104795777094,0.56804638297933752,-0.48396409659837192,1.0256756210311861,0.75368851854021068,-0.27198710249097546
Inflation,PCEPILFE,1,month_open,mid_month,2024-03,Inflation Bridge Ridge,2024-03-01,2024-03-15,f9ba877379756fdb8fb080f7d9c3d4a9398f93a116a9f04c27f138d329ec8492,579708298d18115ae7a6ec5713142c458e6f1054da00080213fc09c492efe402,1,1,3.7950008157764614,4.235304325911752,3.4405301810299029,0.19386718103745793,0.12564943089762809,-0.068217750139829836,0.44030351013529057,0.35447063474655849,-0.085832875388732077
Inflation,PCEPILFE,1,month_open,mid_month,2024-04,Inflation Bridge Ridge,2024-04-01,2024-04-15,0765f629012b7882da9b07236737a448cea652d24c7d60f9c5500570f2be42f0,4d2fb4af32164d7f9a5e2ce4cb4b96b3bb1b170fb3146c81bc70cc545eb356a4,1,1,2.9862652209914131,2.6190519470827911,2.9176874881892232,0.13484558853468867,0.0047029054362885568,-0.1301426830984001,0.36721327390862202,0.068577732802189928,-0.29863554110643209
Inflation,PCEPILFE,1,month_open,mid_month,2024-05,Inflation Bridge Ridge,2024-05-01,2024-05-15,01c59925fab16ba62b08a4763c2108a3b840145569e7ae080f15c6b5d2a754f9,f8524ab49b321d39909136fdc89da4dd16e9e21c7dc4142a838e625a326a841a,1,1,0.9934874680656236,2.6757553266616769,2.3779350609798571,2.8300251480653507,1.9166951375260151,-0.9133300105393356,1.6822678585960533,1.3844475929142335,-0.29782026568181985
Inflation,PCEPILFE,1,month_open,mid_month,2024-06,Inflation Bridge Ridge,2024-06-01,2024-06-15,8df009ea9d2a3f9378f43651fc146c649cbd57f03acc45894e67af75e79ca32e,8f3e0cacb6f5af3c402bd46a804aa094a4b9e3ff43005992f708204b5d9b79d0,1,1,2.1798014389048603,2.6157081712935466,2.7885721062319093,0.19001467934178173,0.37060172539782055,0.18058704605603881,0.43590673238868627,0.60877066732704899,0.17286393493836272
Inflation,PCEPILFE,1,month_open,mid_month,2024-07,Inflation Bridge Ridge,2024-07-01,2024-07-15,51458cda1e8975e0ed110d3f82c5cf2cf16a0d63c40603694e9ed66d3bc9304b,8b37166569a0120b18ae657209b4910e4e7ef479ae0a46c72bee134c5d001a17,1,1,1.9319964454560079,1.8675150340250353,1.9388279129261465,0.0041578524201303681,4.6668947795562297e-05,-0.0041111834723348058,0.064481411430972635,0.0068314674701386302,-0.057649943960834005
Inflation,PCEPILFE,1,month_open,mid_month,2024-08,Inflation Bridge Ridge,2024-08-01,2024-08-15,a112ff08058f0ed6b24978daadcc77bb5ae2d8ab5ba3c1e31f65365a8134444f,fa9e12b484b7d8bc14896092f0ddc4148dd4794cc6e70e6c1c1a4703b49a12ec,1,1,1.5637346144796282,2.1048948327149226,1.8634580703036754,0.29285438180047141,0.089834149971109528,-0.20302023182936188,0.54116021823529437,0.29972345582404714,-0.24143676241124723
Inflation,PCEPILFE,1,month_open,mid_month,2024-09,Inflation Bridge Ridge,2024-09-01,2024-09-15,a4f2ce8b6294e6f997b4fa92a73e47d06c9f8dd431c4c1d7c0d58e46b718aec4,9eaddcf55f5ea463c414d7a32478e44de862df2cbe57a61fa8fe6c57c33a23af,1,1,3.0422716309459474,1.2003840008236106,1.6786051105092537,3.3925500419976782,1.8595863789599199,-1.5329636630377583,1.8418876301223368,1.3636665204366938,-0.47822110968564302
Inflation,PCEPILFE,1,month_open,mid_month,2024-10,Inflation Bridge Ridge,2024-10-01,2024-10-15,0bde9a780e20438090ae0e0b5c7664c57538f6fb2853ee43e735662b6f0ae5ed,281ef6d0ed34ad60e3a6479629efbf14508596ff807cbfede4c02a667a6a9c09,1,1,3.2676103922955946,1.9436583315565203,1.6960785368547013,1.7528490591352412,2.4697123726654966,0.71686331353025534,1.3239520607390742,1.5715318554408932,0.24757979470181901
Inflation,PCEPILFE,1,month_open,mid_month,2024-11,Inflation Bridge Ridge,2024-11-01,2024-11-15,8fbc267d6510a2526ff236f920e15de7594349e15a1107540271af3c6f63de6b,36fd9369adf963255b6d0dc6bfedf8df0cd8f430d322cb6c028fc59762580e69,1,1,1.3783286855243659,2.1216382458586565,2.2292870325218468,0.55250910248435625,0.72413010832468505,0.1716210058403288,0.74330956033429052,0.85095834699748085,0.10764878666319033
Inflation,PCEPILFE,1,month_open,mid_month,2024-12,Inflation Bridge Ridge,2024-12-01,2024-12-15,6f071f53641ab5669bd9c3e9ac58244f7ce194bf4d227b5a47d3306dd9d31e8c,4925dfcc401cd3311c63ac760762c3439a1d77b3c135b122d2eaf7506fc49e9f,1,1,1.8707672236683237,2.8791556021737943,2.8913349014949583,1.0168471219048922,1.0415583850244494,0.024711263119557181,1.0083883785054706,1.0205676778266346,0.012179299321164017
Inflation,PCEPILFE,1,month_open,mid_month,2025-01,Inflation Bridge Ridge,2025-01-01,2025-01-15,389b699d6ba53b4ddc2823f5497c49f5c4f63a4d2e4a79feaff2786ceb71e114,3ff4b4a58df1a34813b2d029a9dc117317582329e8dc28eb4cfba8db95609656,1,1,3.4117977999773785,1.2755089324414641,1.2768338225437355,4.5637301255578802,4.5580711849392825,-0.0056589406185976188,2.1362888675359146,2.1349639774336433,-0.0013248901022713255
Inflation,PCEPILFE,1,month_open,mid_month,2025-02,Inflation Bridge Ridge,2025-02-01,2025-02-15,520eafa0eb29b1e17eb789a2a666532291471ee0160e11583aac20c80f2780e3,77935a6b7e8590ae56b673746dd11c03e8013a8116de06bcf9e7a2e79722dbab,1,1,4.3732037451999162,2.2522233076205018,2.5742438369140883,4.498558016594564,3.236256751619754,-1.26230126497481,2.1209804375794143,1.7989599082858279,-0.32202052929358649
Inflation,PCEPILFE,1,month_open,mid_month,2025-03,Inflation Bridge Ridge,2025-03-01,2025-03-15,99002d090aac3c99b6a5e65528af95de7db34a797d8721a66bf57268fba73838,a4596cd791cf25c2e3be094fbed422c8ea71bba5088165fa51c3f55bc98a05b1,1,1,0.33590729178136769,2.8948738965356404,3.1901828239346175,6.5483100842476105,8.146888813448717,1.5985787292011064,2.5589666047542727,2.8542755321532498,0.29530892739897707
Inflation,PCEPILFE,1,month_open,mid_month,2025-04,Inflation Bridge Ridge,2025-04-01,2025-04-15,3fac28a31e3115ea7a05c745cc72d0d68471fb790ec671f5a3fd961496a7d37b,fe544582802ce78164d2f9946be70ae8f561acf20ee60340ea51cdc031bfad68,1,1,1.3903484217941298,3.1912116018880998,3.3667256877486356,3.2431081934181667,3.9060670973818072,0.66295890396364054,1.8008631800939701,1.9763772659545058,0.17551408586053574
Inflation,PCEPILFE,1,month_open,mid_month,2025-05,Inflation Bridge Ridge,2025-05-01,2025-05-15,38513725ec1266da0ac97cd68420c2f9f6030f68252cc43abc3fb2c49d9f5d72,beb2033f3f4408775fdb588cf33aa1c013f251b8121752be6abcc6971daabee5,1,1,2.143541239825808,2.6049384690894564,2.6407729844441161,0.21288740317217167,0.24723940785616638,0.034352004683994714,0.46139722926364835,0.4972317446183081,0.035834515354659757
Inflation,PCEPILFE,1,month_open,mid_month,2025-06,Inflation Bridge Ridge,2025-06-01,2025-06-15,8d91cc0728b8c06e53a9622cdfcbcc61efaa18b181eeb87e724f180a66aab16b,1deb686f98f2c1468c9d8e9a93f2d32fd49221c0670748676ff98f18ce5f4847,1,1,3.07225203791468,3.2919639559602731,3.8849225128076808,0.048273326931273418,0.66043330076281526,0.61215997383154186,0.21971191804559309,0.8126704748930007,0.59295855684740761
Inflation,PCEPILFE,1,month_open,mid_month,2025-07,Inflation Bridge Ridge,2025-07-01,2025-07-15,81ecbbe883965eb9bddb6fe8c361df19948898a537ee9f03d17e4588a3db6147,d5a81ce68e562b1b92e44ba335e058dbb779bc21f2c1956ad31a4af9bcaa6c51,1,1,3.2740877378866884,4.7398972821102205,4.5527723056977054,2.1485976199367989,1.6350342239580473,-0.51356339597875156,1.4658095442235322,1.278684567811017,-0.18712497641251513
Inflation,PCEPILFE,1,month_open,mid_month,2025-08,Inflation Bridge Ridge,2025-08-01,2025-08-15,2868338271635f2e33b6bd4259bb12fd3a8d8bd6015f077624f0fb6c1906a95f,e47c815a59b47610b59e20d6e220a73ba12cec1a412d75391fea041062127ff1,1,1,2.7212078521923644,3.671280484244166,3.8340572231614383,0.90263800617383794,1.2384337224662634,0.33579571629242544,0.95007263205180159,1.1128493709690739,0.16277673891727229
Inflation,PCEPILFE,1,month_open,mid_month,2025-09,Inflation Bridge Ridge,2025-09-01,2025-09-15,27cf3cc721e01366a148aa02a178f1d65934bbe2524f53b11dc66d2aae8469cf,8fa2211d8d49c444f0fa6a3540e6d69708634a565703c8a53134dad86b3cd623,1,1,2.374861315144372,3.3167596445885712,2.9268797086339049,0.88717246300977315,0.30472430675076473,-0.58244815625900848,0.94189832944419916,0.55201839348953285,-0.3898799359546663
Inflation,PCEPILFE,1,month_open,mid_month,2025-10,Inflation Bridge Ridge,2025-10-01,2025-10-15,77cea1b106e2fc84b2125af518a060fe03a859fb6171bd7971f64a4a145cc30f,c6c5f41d3f5eaa0a763e2e8adc74c8f91044cce653da16ab169e850e99ccb5e0,1,1,2.4928010475139928,2.6840223783047237,2.6823929389898526,0.036565597349378129,0.035945085313394222,-0.00062051203598390697,0.19122133079073089,0.18959189147585986,-0.0016294393148710284
Inflation,PCEPILFE,1,month_open,mid_month,2025-11,Inflation Bridge Ridge,2025-11-01,2025-11-15,57f8728243173a1dd4bd43995690d4a1595bc35b855470de81b388149c7a8cb7,a30b24c3aec0c444516e10ac972a8f39f5ca6f30519ff5671d4d5ed7d8868b9c,1,1,1.9227148316979026,2.3703097687094812,2.3316921117601708,0.20034122763839901,0.16726241560713095,-0.033078812031268057,0.4475949370115786,0.40897728006226819,-0.038617656949310408
Inflation,PCEPILFE,1,month_open,mid_month,2026-02,Inflation Bridge Ridge,2026-02-01,2026-02-15,73baf19b287be04e4e6938422cd5d63c7ea06adda39d5054a35d9a768d3017e9,cd51542895b567294160f02ecc7906eed6b35270ef578fe4677bf606ed4c31e6,1,1,4.3942252510010604,3.1372073474103401,3.3328514007971624,1.5800940099476093,1.1265144498966466,-0.45357956005096267,1.2570179035907203,1.0613738502038981,-0.19564405338682223
Inflation,PCEPILFE,1,month_open,mid_month,2026-03,Inflation Bridge Ridge,2026-03-01,2026-03-15,c4485dd6273eeb7f4e3ae5268017d64f68ec76849aea6bd5ad20ed6987aa5b9b,a716019482770d8d4f56e8c48b980d939a63d38b3494709513c425e46466b436,1,1,3.5138300728842609,3.7316658312511253,4.0045430948010639,0.047452417623266942,0.24079926987872077,0.19334685225545384,0.21783575836686442,0.49071302191680299,0.27287726354993858
Inflation,PCEPILFE,1,month_open,mid_month,2026-04,Inflation Bridge Ridge,2026-04-01,2026-04-15,5607ec8bb9be56ed471fea98ce825532c79d22ff0e9ff105adc5cd7fd0ce8640,0f309fffb4256000594f4a61b6cf248566025fd62a7ee11ec444b991e5dc2ea8,1,1,2.8638636343949031,4.3950633820813962,4.185148753684393,2.3445726673151803,1.7457943664558415,-0.59877830085933881,1.5311997476864931,1.3212851192894899,-0.20991462839700326
Inflation,PCEPILFE,1,month_open,mid_month,2026-05,Inflation Bridge Ridge,2026-05-01,2026-05-15,ecce58d78881f1fa52eea024f09cf047c9ca1eea60292d769f6573282836f872,09c0637b340d3561ff0b0bb18908b61a785ebba2ab34b086e758b763931bda60,1,1,3.834474232723295,3.5895634338275446,3.8617786375346714,0.059981299415754696,0.00074553052210351548,-0.059235768893651182,0.2449107988957504,0.027304404811376415,-0.21760639408437399
Inflation,PCEPILFE,2,mid_month,month_end,2023-02,Inflation Bridge Ridge,2023-02-15,2023-02-28,8a6aa5b331d2800440fc5070284d13bec46ca8e8cf8f0b64f2d774d7a346d845,cb70f1083227814a12434e0b70c1200ca41999978ef528db99612996b9f10dfd,1,1,3.5927744819368002,3.3343760947021708,4.124299090620184,0.066769726525457471,0.28251840963602426,0.21574868311056677,0.25839838723462938,0.5315246086833838,0.27312622144875442
Inflation,PCEPILFE,2,mid_month,month_end,2023-03,Inflation Bridge Ridge,2023-03-15,2023-03-31,c24597678917fa9998f96e86831764202da9a46463c27a4e17b3e2dbde45d766,dbd9eef0029676b046856fff4475ab9b8493c33323f171e88807ce15d8dfd6c8,1,1,3.3620345288436937,4.6451327584853654,4.044872790420631,1.6463410669095921,0.4662680914734138,-1.1800729754361783,1.2830982296416718,0.68283826157693728,-0.60025996806473447
Inflation,PCEPILFE,2,mid_month,month_end,2023-04,Inflation Bridge Ridge,2023-04-15,2023-04-30,24f87b813e26fb3b81c056ed9d88901f2c30ae987130cda85ad254b128511a68,b21663aae72afaada0e5e4c60247f75fc2908ae0e0a8fac2b14e3eb37a170755,1,1,4.554585141444889,2.9845343017232007,2.8961892405978524,2.4650596393107786,2.7502769639462539,0.28521732463547522,1.5700508397216884,1.6583959008470366,0.088345061125348234
Inflation,PCEPILFE,2,mid_month,month_end,2023-05,Inflation Bridge Ridge,2023-05-15,2023-05-31,5a53e4c54994844b836b9488eadd3536e0c958570641ae4d93cd978d90c91e5c,d1d37f7b62b103a5c74d2bf435831aaeb9e86c1d4234ce128b98eb56d3f035b8,1,1,3.770491061349901,3.2343091420280139,3.4744344730744441,0.28749105060770264,0.087649503461303402,-0.19984154714639923,0.53618191932188708,0.29605658827545689,-0.24012533104643019
Inflation,PCEPILFE,2,mid_month,month_end,2023-06,Inflation Bridge Ridge,2023-06-15,2023-06-30,1d08b874d7bce4f6418361d7e9e35acbb28fb786e60bda8c15f016e0a267febc,b92ae93bc8ff4e7485c1447cd9cb23ba00c85f6fed425f139954b509402dc803,1,1,1.9843224364830547,3.4374232517643653,3.30375020284258,2.1115019793712095,1.7408896306404862,-0.37061234873072335,1.4531008152813105,1.3194277663595253,-0.13367304892178522
Inflation,PCEPILFE,2,mid_month,month_end,2023-07,Inflation Bridge Ridge,2023-07-15,2023-07-31,89027fe9e485f8e383ea0d772ef18067f845d85a2ef90610397154b79eacb5e0,8abf16ba027a6d7454bffeb54143bf215ce42b236ff9002b8da5a7bc61e1a7e1,1,1,2.587969751250796,2.7104716552485124,2.3391938785512076,0.015006716483065733,0.061889434837441783,0.046882718354376046,0.12250190399771643,0.24877587269958834,0.12627396870187191
Inflation,PCEPILFE,2,mid_month,month_end,2023-08,Inflation Bridge Ridge,2023-08-15,2023-08-31,9cc2c2745a298698df6c4f34ca2408a44f30fa474f8671fa4f1e4295603404a2,c299c45efa306601544e041365cc364368d1840074da8d2a35e92e74b808789c,1,1,1.7367228667325207,2.0200480920150277,2.1519150491067824,0.080273183281383304,0.17238454830470218,0.092111365023318875,0.28332522528250692,0.4151921823742617,0.13186695709175478
Inflation,PCEPILFE,2,mid_month,month_end,2023-09,Inflation Bridge Ridge,2023-09-15,2023-09-30,61e5ff22c1712efb73e9d56a561747473a23ba97f849c34eb9865177f289d33f,a8b9090e854655e2a7df78c3a56653fd01ce034c9dc56dbec062b83091192828,1,1,3.5771121539678319,2.6887322467960297,2.5095974036463016,0.78921885946657977,1.1395877421540392,0.35036888268745947,0.88837990717180215,1.0675147503215303,0.17913484314972816
Inflation,PCEPILFE,2,mid_month,month_end,2023-10,Inflation Bridge Ridge,2023-10-15,2023-10-31,a424c78a7cd11f5b4ff41db85df2beea0102fc337d3c877f62063e1e9488380d,2949285386a43565a033f492f774a76efe02f8f074faff23a4539ac02b94dea7,1,1,1.9598534466631179,2.8382378972749898,3.301426710842009,0.77155924307671997,1.7998188231596048,1.0282595800828849,0.87838445061187187,1.3415732641788911,0.46318881356701924
Inflation,PCEPILFE,2,mid_month,month_end,2023-11,Inflation Bridge Ridge,2023-11-15,2023-11-30,e8d35d9b894396dbacce853bbcba41da9c87e799884c4d13d86a672843c9a2f9,10b81e01adda2a8d5cfb24c7264c7fc5a0a37d36fb8da475fa1bd9f9b40dd447,1,1,0.69967933346966049,3.4662864238490756,3.1010351136496999,7.6541147925376531,5.7665095830040851,-1.887605209533568,2.7666070903794151,2.4013557801800394,-0.36525131019937573
Inflation,PCEPILFE,2,mid_month,month_end,2023-12,Inflation Bridge Ridge,2023-12-15,2023-12-31,5df490ec980999cf3b758b948dbb6f3f3a4033a284583dd5839079d626dfd73c,f7b61655455882d5c1efa87a7335a050e0b97a1ca437ec972e0b8e402ece3e3e,1,1,2.0567268806672701,2.2094656815311411,1.7386116341158033,0.023329141289333253,0.10119731008850046,0.077868168799167206,0.15273880086387104,0.31811524655146672,0.16537644568759569
Inflation,PCEPILFE,2,mid_month,month_end,2024-01,Inflation Bridge Ridge,2024-01-15,2024-01-31,82d6c3d39139ad4d032d65475f1827d5719054f56653a8b93a2e9cff9dc268d7,bd4850b054c3eb496d5f50f993746b4865bae6c15ef731f72f55168c4d365e20,1,1,4.9768647459384141,1.7534128138024172,2.1123734407853156,10.39064235879129,8.205310437297701,-2.1853319214935887,3.2234519321359967,2.8644913051530985,-0.35896062698289821
Inflation,PCEPILFE,2,mid_month,month_end,2024-02,Inflation Bridge Ridge,2024-02-15,2024-02-29,ae89d3ae96b6270f5992f8c6f7491518dcf032586320f2b75a3b0fa9c8312b34,94b0121ab2e59c8cd66e8ebbe56a6b7f55071b97d156e84142e41ce7c1772b2f,1,1,3.1337047897789461,2.3800162712387354,3.4047586300767083,0.56804638297933752,0.073470184340164807,-0.49457619863917268,0.75368851854021068,0.27105384029776225,-0.48263467824244843
Inflation,PCEPILFE,2,mid_month,month_end,2024-03,Inflation Bridge Ridge,2024-03-15,2024-03-31,579708298d18115ae7a6ec5713142c458e6f1054da00080213fc09c492efe402,2c9265b86c22ac75b6b440afc4255aaaf6e9144c87eb36fe2f27cf8020b2bd66,1,1,3.7950008157764614,3.4405301810299029,3.0078277334183352,0.12564943089762809,0.61964146158919331,0.49399203069156522,0.35447063474655849,0.78717308235812622,0.43270244761156773
Inflation,PCEPILFE,2,mid_month,month_end,2024-04,Inflation Bridge Ridge,2024-04-15,2024-04-30,4d2fb4af32164d7f9a5e2ce4cb4b96b3bb1b170fb3146c81bc70cc545eb356a4,2bc305f36c3ba0e98f4ecc69dc238a3f07b3bf0a383760a4532ed7ac5ba82ab7,1,1,2.9862652209914131,2.9176874881892232,3.0743733985754194,0.0047029054362885568,0.00776305095717478,0.0030601455208862233,0.068577732802189928,0.088108177584006242,0.019530444781816314
Inflation,PCEPILFE,2,mid_month,month_end,2024-05,Inflation Bridge Ridge,2024-05-15,2024-05-31,f8524ab49b321d39909136fdc89da4dd16e9e21c7dc4142a838e625a326a841a,c7e6964b907aa355aff058ac24e3731618d442b832672a50e47f940da5d99bae,1,1,0.9934874680656236,2.3779350609798571,2.2064198554431496,1.9166951375260151,1.4712049763493447,-0.4454901611766704,1.3844475929142335,1.212932387377526,-0.17151520553670752
Inflation,PCEPILFE,2,mid_month,month_end,2024-06,Inflation Bridge Ridge,2024-06-15,2024-06-30,8f3e0cacb6f5af3c402bd46a804aa094a4b9e3ff43005992f708204b5d9b79d0,f61e25d323addbc947aef69d4a6645eee37fe34e04218f81f074d92d6f25fdbc,1,1,2.1798014389048603,2.7885721062319093,2.3027850838736823,0.37060172539782055,0.015124976929817249,-0.35547674846800331,0.60877066732704899,0.12298364496882197,-0.48578702235822702
Inflation,PCEPILFE,2,mid_month,month_end,2024-07,Inflation Bridge Ridge,2024-07-15,2024-07-31,8b37166569a0120b18ae657209b4910e4e7ef479ae0a46c72bee134c5d001a17,4444c837b9e1bb7e2369c4e3f7525b22b8b23c68632f7995ae7f6e154980a9b5,1,1,1.9319964454560079,1.9388279129261465,2.2117103847578345,4.6668947795562297e-05,0.078239887839745961,0.078193218891950397,0.0068314674701386302,0.27971393930182664,0.27288247183168801
Inflation,PCEPILFE,2,mid_month,month_end,2024-08,Inflation Bridge Ridge,2024-08-15,2024-08-31,fa9e12b484b7d8bc14896092f0ddc4148dd4794cc6e70e6c1c1a4703b49a12ec,975f0f7bce29d3578fe95867292a231210d9665e24b282f3c98cd445a4013738,1,1,1.5637346144796282,1.8634580703036754,1.8002528464543779,0.089834149971109528,0.055940874056461483,-0.033893275914648045,0.29972345582404714,0.23651823197474964,-0.063205223849297498
Inflation,PCEPILFE,2,mid_month,month_end,2024-09,Inflation Bridge Ridge,2024-09-15,2024-09-30,9eaddcf55f5ea463c414d7a32478e44de862df2cbe57a61fa8fe6c57c33a23af,b6bee9ad676dc47da00976fdab4f72e2dff4dfe25f601d84c903e65ea49d6619,1,1,3.0422716309459474,1.6786051105092537,1.6697675112912858,1.8595863789599199,1.8837675584690179,0.024181179509098039,1.3636665204366938,1.3725041196546617,0.0088375992179678953
Inflation,PCEPILFE,2,mid_month,month_end,2024-10,Inflation Bridge Ridge,2024-10-15,2024-10-31,281ef6d0ed34ad60e3a6479629efbf14508596ff807cbfede4c02a667a6a9c09,315aa6a0e3c63760a0afafac1887fe823da9d7b61d94e35e52efe814a60bb91c,1,1,3.2676103922955946,1.6960785368547013,2.0325333650816604,2.4697123726654966,1.5254152631516091,-0.94429710951388746,1.5715318554408932,1.2350770272139342,-0.33645482822695905
Inflation,PCEPILFE,2,mid_month,month_end,2024-11,Inflation Bridge Ridge,2024-11-15,2024-11-30,36fd9369adf963255b6d0dc6bfedf8df0cd8f430d322cb6c028fc59762580e69,f67b4451a859fc166da895fd1d8dccc8037ac41a1e16090faf7e836d82e4ef22,1,1,1.3783286855243659,2.2292870325218468,2.3776390047743972,0.72413010832468505,0.99862111415959931,0.27449100583491426,0.85095834699748085,0.99931031925003122,0.14835197225255037
Inflation,PCEPILFE,2,mid_month,month_end,2024-12,Inflation Bridge Ridge,2024-12-15,2024-12-31,4925dfcc401cd3311c63ac760762c3439a1d77b3c135b122d2eaf7506fc49e9f,8574a194618655b44eb397389c5b4a7bce7898daa54e9edad0c97cb2628ee6d0,1,1,1.8707672236683237,2.8913349014949583,2.4267147598100776,1.0415583850244494,0.30907766294208672,-0.7324807220823627,1.0205676778266346,0.55594753614175385,-0.46462014168488075
Inflation,PCEPILFE,2,mid_month,month_end,2025-01,Inflation Bridge Ridge,2025-01-15,2025-01-31,3ff4b4a58df1a34813b2d029a9dc117317582329e8dc28eb4cfba8db95609656,cf745204f8c9d26b75d81c1780ea4f01273605a5ead0b81dc2e61019860aaf1f,1,1,3.4117977999773785,1.2768338225437355,1.321774190203352,4.5580711849392825,4.3681986894128517,-0.18987249552643082,2.1349639774336433,2.0900236097740263,-0.044940367659616953
Inflation,PCEPILFE,2,mid_month,month_end,2025-02,Inflation Bridge Ridge,2025-02-15,2025-02-28,77935a6b7e8590ae56b673746dd11c03e8013a8116de06bcf9e7a2e79722dbab,e26de1349bb35395a2d76fd9e3b5ca4fc45149090d088cbf20a5d243b236d6a0,1,1,4.3732037451999162,2.5742438369140883,3.0543010934473549,3.236256751619754,1.7395042047999378,-1.4967525468198162,1.7989599082858279,1.3189026517525613,-0.48005725653326659
Inflation,PCEPILFE,2,mid_month,month_end,2025-03,Inflation Bridge Ridge,2025-03-15,2025-03-31,a4596cd791cf25c2e3be094fbed422c8ea71bba5088165fa51c3f55bc98a05b1,ff1e125c2651ba28a35d3b52ac457f2ffe9b5f311a64fbf6ae36791a2bbc4c93,1,1,0.33590729178136769,3.1901828239346175,3.4656797593377506,8.146888813448717,9.7954756986739699,1.648586885225253,2.8542755321532498,3.1297724675563829,0.27549693540313314
Inflation,PCEPILFE,2,mid_month,month_end,2025-04,Inflation Bridge Ridge,2025-04-15,2025-04-30,fe544582802ce78164d2f9946be70ae8f561acf20ee60340ea51cdc031bfad68,01869ca8e91ca3e95bec284761aedf74b03544d1243f3e2a886db2375c506dae,1,1,1.3903484217941298,3.3667256877486356,2.3943964436840686,3.9060670973818072,1.0081124302610991,-2.8979546671207084,1.9763772659545058,1.0040480218899388,-0.972329244064567
Inflation,PCEPILFE,2,mid_month,month_end,2025-05,Inflation Bridge Ridge,2025-05-15,2025-05-31,beb2033f3f4408775fdb588cf33aa1c013f251b8121752be6abcc6971daabee5,1f607479c05382ea374c7b50f04d5f017c832d7641854a9de18ecb19cdac9ad8,1,1,2.143541239825808,2.6407729844441161,2.6770741198568713,0.24723940785616638,0.28465733407424093,0.037417926218074549,0.4972317446183081,0.53353288003106325,0.036301135412755148
Inflation,PCEPILFE,2,mid_month,month_end,2025-06,Inflation Bridge Ridge,2025-06-15,2025-06-30,1deb686f98f2c1468c9d8e9a93f2d32fd49221c0670748676ff98f18ce5f4847,3a596ce8bd19787adfea2353c83c68ff87059b095ef44b36309a152b1ded1535,1,1,3.07225203791468,3.8849225128076808,3.8982702285963571,0.66043330076281526,0.68230605133703137,0.021872750574216115,0.8126704748930007,0.82601819068167703,0.013347715788676329
Inflation,PCEPILFE,2,mid_month,month_end,2025-07,Inflation Bridge Ridge,2025-07-15,2025-07-31,d5a81ce68e562b1b92e44ba335e058dbb779bc21f2c1956ad31a4af9bcaa6c51,c599993131755f7f523fd9c095d4570ed3be10d315a40a0314e17e5506ec8fbc,1,1,3.2740877378866884,4.5527723056977054,4.6157011459650334,1.6350342239580473,1.7999265367355921,0.16489231277754479,1.278684567811017,1.3416134080783451,0.062928840267328034
Inflation,PCEPILFE,2,mid_month,month_end,2025-08,Inflation Bridge Ridge,2025-08-15,2025-08-31,e47c815a59b47610b59e20d6e220a73ba12cec1a412d75391fea041062127ff1,b1a9e98e2e3262cc13c5b11665f2077ce68ca878b5a5c06b399ce23652bfce39,1,1,2.7212078521923644,3.8340572231614383,3.7566534131192446,1.2384337224662634,1.0721475096431816,-0.16628621282308176,1.1128493709690739,1.0354455609268802,-0.077403810042193655
Inflation,PCEPILFE,2,mid_month,month_end,2025-09,Inflation Bridge Ridge,2025-09-15,2025-09-30,8fa2211d8d49c444f0fa6a3540e6d69708634a565703c8a53134dad86b3cd623,4951a7a0c610a8376679beb26661d0117edd1c1a5c25f1d918cbe313039d1f5a,1,1,2.374861315144372,2.9268797086339049,2.8202822442381148,0.30472430675076473,0.19839980407473301,-0.10632450267603172,0.55201839348953285,0.44542092909374276,-0.1065974643957901
Inflation,PCEPILFE,2,mid_month,month_end,2025-10,Inflation Bridge Ridge,2025-10-15,2025-10-31,c6c5f41d3f5eaa0a763e2e8adc74c8f91044cce653da16ab169e850e99ccb5e0,8995f69569616b837ffa6c9c7e80cfd607ac6237363941ecf7e07ae5cc8ac4c2,1,1,2.4928010475139928,2.6823929389898526,2.3505287415439335,0.035945085313394222,0.020241409046038154,-0.015703676267356068,0.18959189147585986,0.14227230597005924,-0.047319585505800621
Inflation,PCEPILFE,2,mid_month,month_end,2025-11,Inflation Bridge Ridge,2025-11-15,2025-11-30,a30b24c3aec0c444516e10ac972a8f39f5ca6f30519ff5671d4d5ed7d8868b9c,97aef115dc6f92dced31def01056939bfb7aab522f4603e63143a71eb9ae46ff,1,1,1.9227148316979026,2.3316921117601708,2.6848647480828896,0.16726241560713095,0.58087249504564265,0.41361007943851169,0.40897728006226819,0.76214991638498697,0.35317263632271878
Inflation,PCEPILFE,2,mid_month,month_end,2025-12,Inflation Bridge Ridge,2025-12-15,2025-12-31,3389a3ec5508babdfe1230051c4ba6510ad8f8da1e4dd7149f40c47c5df03f07,dc60f4cd3bce75ce0efc64f31e6f9de8061443310b9ae870ddf49df14f2cfbde,1,1,4.2571398262751359,2.5532990262294346,2.4029645454176998,2.9030734719003752,3.4379659721427522,0.534892500242377,1.7038408000457013,1.8541752808574361,0.15033448081173484
Inflation,PCEPILFE,2,mid_month,month_end,2026-02,Inflation Bridge Ridge,2026-02-15,2026-02-28,cd51542895b567294160f02ecc7906eed6b35270ef578fe4677bf606ed4c31e6,41bd86fc73bf948e4c3bf08a2672d2e03a1e39f36302592e36cea3ecf9c33843,1,1,4.3942252510010604,3.3328514007971624,3.761771026513884,1.1265144498966466,0.39999834607167584,-0.72651610382497078,1.0613738502038981,0.63245422448717648,-0.4289196257167216
Inflation,PCEPILFE,2,mid_month,month_end,2026-03,Inflation Bridge Ridge,2026-03-15,2026-03-31,a716019482770d8d4f56e8c48b980d939a63d38b3494709513c425e46466b436,81bd444227eff91c88ecdb6492c29771f11ab96aa5a422e5d09a72f1e610316e,1,1,3.5138300728842609,4.0045430948010639,4.0625503243951897,0.24079926987872077,0.30109391441821703,0.060294644539496262,0.49071302191680299,0.54872025151092885,0.058007229594125853
Inflation,PCEPILFE,2,mid_month,month_end,2026-04,Inflation Bridge Ridge,2026-04-15,2026-04-30,0f309fffb4256000594f4a61b6cf248566025fd62a7ee11ec444b991e5dc2ea8,d2bcf6a3dd2d72ab4fdfc3aea17e5d3513254a63dba602b2c252f030c6a9ced3,1,1,2.8638636343949031,4.185148753684393,3.9789096126599532,1.7457943664558415,1.2433275336450627,-0.50246683281077886,1.3212851192894899,1.1150459782650501,-0.20623914102443974
Inflation,PCEPILFE,2,mid_month,month_end,2026-05,Inflation Bridge Ridge,2026-05-15,2026-05-31,09c0637b340d3561ff0b0bb18908b61a785ebba2ab34b086e758b763931bda60,553bf3f082f734a2a8963337ee9d14d499e35a41ec8fb28aeac183d8744b1f4c,1,1,3.834474232723295,3.8617786375346714,3.6571152667319788,0.00074553052210351548,0.031456202817508848,0.030710672295405333,0.027304404811376415,0.17735896599131618,0.15005456117993976
Inflation,PCEPILFE,3,month_end,pre_release,2023-02,Inflation Bridge Ridge,2023-02-28,2023-03-30,cb70f1083227814a12434e0b70c1200ca41999978ef528db99612996b9f10dfd,f18c27cb48b63da3f062cf3ae7d98aa879ff09f8ebd0f6bb1f92236556421c31,1,1,3.5927744819368002,4.124299090620184,4.2340337647504258,0.28251840963602426,0.41121346779464552,0.12869505815862126,0.5315246086833838,0.64125928281362565,0.10973467413024185
Inflation,PCEPILFE,3,month_end,pre_release,2023-03,Inflation Bridge Ridge,2023-03-31,2023-04-27,dbd9eef0029676b046856fff4475ab9b8493c33323f171e88807ce15d8dfd6c8,29097ad9b5073a41f06fb341aa7f7cc04a72b8b4188a6b90617f5b8b92785f49,1,1,3.3620345288436937,4.044872790420631,4.0181119135416647,0.4662680914734138,0.43043753471212953,-0.035830556761284271,0.68283826157693728,0.65607738469797106,-0.026760876878966222
Inflation,PCEPILFE,3,month_end,pre_release,2023-04,Inflation Bridge Ridge,2023-04-30,2023-05-25,b21663aae72afaada0e5e4c60247f75fc2908ae0e0a8fac2b14e3eb37a170755,090681ae626b03fd705b63a1dc68229c5998bb9977f3b78cd57de0d0a37edcf2,1,1,4.554585141444889,2.8961892405978524,2.9119510571340399,2.7502769639462539,2.6982467349397417,-0.052030229006512219,1.6583959008470366,1.6426340843108491,-0.015761816536187467
Inflation,PCEPILFE,3,month_end,pre_release,2023-05,Inflation Bridge Ridge,2023-05-31,2023-06-29,d1d37f7b62b103a5c74d2bf435831aaeb9e86c1d4234ce128b98eb56d3f035b8,56d9fa514efeac808f233e9604b3a29b4ebc18aa9e28a7b6dffb56cf73731141,1,1,3.770491061349901,3.4744344730744441,3.3858445976397169,0.087649503461303402,0.14795290204474995,0.060303398583446549,0.29605658827545689,0.38464646371018407,0.088589875434727183
Inflation,PCEPILFE,3,month_end,pre_release,2023-06,Inflation Bridge Ridge,2023-06-30,2023-07-27,b92ae93bc8ff4e7485c1447cd9cb23ba00c85f6fed425f139954b509402dc803,09b0df7d3b2489924b28454ae3093b018e7154d1730fba4562453c6c00d7d830,1,1,1.9843224364830547,3.30375020284258,3.237675325320164,1.7408896306404862,1.5708934639563272,-0.16999616668415896,1.3194277663595253,1.2533528888371093,-0.066074877522416031
Inflation,PCEPILFE,3,month_end,pre_release,2023-07,Inflation Bridge Ridge,2023-07-31,2023-08-30,8abf16ba027a6d7454bffeb54143bf215ce42b236ff9002b8da5a7bc61e1a7e1,8064fe024cfb5d10725c6fee6bf417f2402ae91f2306b3b66708ab97f942cf67,1,1,2.587969751250796,2.3391938785512076,2.5823442226994047,0.061889434837441783,3.1646571482518834e-05,-0.061857788265959265,0.24877587269958834,0.0056255285513913122,-0.24315034414819703
Inflation,PCEPILFE,3,month_end,pre_release,2023-08,Inflation Bridge Ridge,2023-08-31,2023-09-28,c299c45efa306601544e041365cc364368d1840074da8d2a35e92e74b808789c,dd02531d2f17ef234098f9bba8c7a8d9025b577d74fadd26a2cd04f8bb9500a5,1,1,1.7367228667325207,2.1519150491067824,2.0818377961298764,0.17238454830470218,0.11910431449294179,-0.053280233811760391,0.4151921823742617,0.34511492939735566,-0.070077252976906035
Inflation,PCEPILFE,3,month_end,pre_release,2023-09,Inflation Bridge Ridge,2023-09-30,2023-10-26,a8b9090e854655e2a7df78c3a56653fd01ce034c9dc56dbec062b83091192828,10c23c386dbc4cecb90a813dd8c10c2f628bc36d10ed2fd4ebee43d33029bbcc,1,1,3.5771121539678319,2.5095974036463016,2.6616943583582442,1.1395877421540392,0.83798974051871689,-0.30159800163532235,1.0675147503215303,0.91541779560958769,-0.15209695471194262
Inflation,PCEPILFE,3,month_end,pre_release,2023-10,Inflation Bridge Ridge,2023-10-31,2023-11-29,2949285386a43565a033f492f774a76efe02f8f074faff23a4539ac02b94dea7,1eade0273f3f46e6428c1160b72768021434ff136af13d22a98105782650ec41,1,1,1.9598534466631179,3.301426710842009,3.4568223884409917,1.7998188231596048,2.2409160126475673,0.4410971894879625,1.3415732641788911,1.4969689417778738,0.15539567759898265
Inflation,PCEPILFE,3,month_end,pre_release,2023-11,Inflation Bridge Ridge,2023-11-30,2023-12-21,10b81e01adda2a8d5cfb24c7264c7fc5a0a37d36fb8da475fa1bd9f9b40dd447,80167160ef7eb08ebf3c8a898b98d14c9aba76e419f9a1024b63f58a2c02537c,1,1,0.69967933346966049,3.1010351136496999,3.1186638732826286,5.7665095830040851,5.8514862038541571,0.08497662085007196,2.4013557801800394,2.4189845398129681,0.017628759632928759
Inflation,PCEPILFE,3,month_end,pre_release,2023-12,Inflation Bridge Ridge,2023-12-31,2024-01-25,f7b61655455882d5c1efa87a7335a050e0b97a1ca437ec972e0b8e402ece3e3e,9a266eeee56fe1c97f50071e007c9688b9548475e73a1ca8b42d4ea8fdeb90e7,1,1,2.0567268806672701,1.7386116341158033,1.6984894326565998,0.10119731008850046,0.12833406915719767,0.027136759068697211,0.31811524655146672,0.35823744801067026,0.040122201459203533
Inflation,PCEPILFE,3,month_end,pre_release,2024-01,Inflation Bridge Ridge,2024-01-31,2024-02-28,bd4850b054c3eb496d5f50f993746b4865bae6c15ef731f72f55168c4d365e20,4a80c6259c94adcc0c0cb7f634e570a85306241b54e976d50e2d2e2e9957bd2a,1,1,4.9768647459384141,2.1123734407853156,2.101561024748571,8.205310437297701,8.2673714890881591,0.062061051790458066,2.8644913051530985,2.8753037211898431,0.010812416036744654
Inflation,PCEPILFE,3,month_end,pre_release,2024-02,Inflation Bridge Ridge,2024-02-29,2024-03-28,94b0121ab2e59c8cd66e8ebbe56a6b7f55071b97d156e84142e41ce7c1772b2f,4f4e7f91a64bd975e81a2454a36631701afe9b359ec97445e1c7ee7fcb03072d,1,1,3.1337047897789461,3.4047586300767083,3.4616103819655093,0.073470184340164807,0.10752207738722072,0.034051893047055914,0.27105384029776225,0.32790559218656323,0.056851751888800983
Inflation,PCEPILFE,3,month_end,pre_release,2024-03,Inflation Bridge Ridge,2024-03-31,2024-04-25,2c9265b86c22ac75b6b440afc4255aaaf6e9144c87eb36fe2f27cf8020b2bd66,43a68da20840f683bc7f8e65f81aced8d7d68c35cea1780f398bd53baa023732,1,1,3.7950008157764614,3.0078277334183352,3.0762073432278259,0.61964146158919331,0.51666405617852607,-0.10297740541066724,0.78717308235812622,0.71879347254863557,-0.068379609809490649
Inflation,PCEPILFE,3,month_end,pre_release,2024-04,Inflation Bridge Ridge,2024-04-30,2024-05-30,2bc305f36c3ba0e98f4ecc69dc238a3f07b3bf0a383760a4532ed7ac5ba82ab7,1daadabbd579d87990dc805c584632fa97f3e043b7a911b9c4a17d40fdd3d09b,1,1,2.9862652209914131,3.0743733985754194,3.1101050112103632,0.00776305095717478,0.015336293641473566,0.007573242684298786,0.088108177584006242,0.12383979021895009,0.035731612634943843
Inflation,PCEPILFE,3,month_end,pre_release,2024-05,Inflation Bridge Ridge,2024-05-31,2024-06-27,c7e6964b907aa355aff058ac24e3731618d442b832672a50e47f940da5d99bae,f7738a0ded3772665e08dc685517f855a7c555aea2f28e9d1b33db4abac55a2c,1,1,0.9934874680656236,2.2064198554431496,2.2473233347636232,1.4712049763493447,1.5721043806183239,0.10089940426897925,1.212932387377526,1.2538358666979996,0.040903479320473668
Inflation,PCEPILFE,3,month_end,pre_release,2024-06,Inflation Bridge Ridge,2024-06-30,2024-07-25,f61e25d323addbc947aef69d4a6645eee37fe34e04218f81f074d92d6f25fdbc,6818b9c66ea138eb09f60ccff4d558b4bbe0f789914b5eafbc5ed0068e10f2a6,1,1,2.1798014389048603,2.3027850838736823,2.3102134893873663,0.015124976929817249,0.017007302911051674,0.0018823259812344242,0.12298364496882197,0.13041205048250593,0.0074284055136839555
Inflation,PCEPILFE,3,month_end,pre_release,2024-07,Inflation Bridge Ridge,2024-07-31,2024-08-29,4444c837b9e1bb7e2369c4e3f7525b22b8b23c68632f7995ae7f6e154980a9b5,6f10ec17ab2445f64ecfd3fb89c58bc203bc3e319b2f02cc6b0232fde7ec6115,1,1,1.9319964454560079,2.2117103847578345,2.2837506117357953,0.078239887839745961,0.12373099349518832,0.045491105655442357,0.27971393930182664,0.35175416627978739,0.072040226977960753
Inflation,PCEPILFE,3,month_end,pre_release,2024-08,Inflation Bridge Ridge,2024-08-31,2024-09-26,975f0f7bce29d3578fe95867292a231210d9665e24b282f3c98cd445a4013738,612501246cdbbb670b24503a02b42f6a19c3c7be782b1193010f1bb84ec6afa4,1,1,1.5637346144796282,1.8002528464543779,1.8139229793230878,0.055940874056461483,0.062594217903044008,0.0066533438465825254,0.23651823197474964,0.25018836484345952,0.013670132868709883
Inflation,PCEPILFE,3,month_end,pre_release,2024-09,Inflation Bridge Ridge,2024-09-30,2024-10-30,b6bee9ad676dc47da00976fdab4f72e2dff4dfe25f601d84c903e65ea49d6619,3ff0a5780a5a9483314e40a28f3400533417752a371907c1525cf16982b56a47,1,1,3.0422716309459474,1.6697675112912858,1.7581830380443693,1.8837675584690179,1.648883514419955,-0.23488404404906293,1.3725041196546617,1.2840885929015782,-0.088415526753083507
Inflation,PCEPILFE,3,month_end,pre_release,2024-10,Inflation Bridge Ridge,2024-10-31,2024-11-26,315aa6a0e3c63760a0afafac1887fe823da9d7b61d94e35e52efe814a60bb91c,45d862156b94a6a7f03b2ec671d97b083759df6b695448b894d0663e46c6d49e,1,1,3.2676103922955946,2.0325333650816604,1.9868156047190482,1.5254152631516091,1.6404352878832507,0.11502002473164152,1.2350770272139342,1.2807947875765464,0.045717760362612214
Inflation,PCEPILFE,3,month_end,pre_release,2024-11,Inflation Bridge Ridge,2024-11-30,2024-12-19,f67b4451a859fc166da895fd1d8dccc8037ac41a1e16090faf7e836d82e4ef22,5366330acbda0d3c13de32d32063810fb729fef576f4ee00324557eb5cb4f532,1,1,1.3783286855243659,2.3776390047743972,2.5113616234523093,0.99862111415959931,1.2837636384296267,0.2851425242700274,0.99931031925003122,1.1330329379279434,0.13372261867791213
Inflation,PCEPILFE,3,month_end,pre_release,2024-12,Inflation Bridge Ridge,2024-12-31,2025-01-30,8574a194618655b44eb397389c5b4a7bce7898daa54e9edad0c97cb2628ee6d0,c766b855d0a50b79bbedcd8f0ee9924231cbd4cf8f28037b1b73905895da46ed,1,1,1.8707672236683237,2.4267147598100776,2.4092321740492295,0.30907766294208672,0.28994450278871137,-0.01913316015337535,0.55594753614175385,0.5384649503809058,-0.017482585760848046
Inflation,PCEPILFE,3,month_end,pre_release,2025-01,Inflation Bridge Ridge,2025-01-31,2025-02-27,cf745204f8c9d26b75d81c1780ea4f01273605a5ead0b81dc2e61019860aaf1f,51e104e77429f239e0a593cd375aac2d25733e53e8f5f909e4db0927b82a2a20,1,1,3.4117977999773785,1.321774190203352,1.2283220570373263,4.3681986894128517,4.7675663200076128,0.3993676305947611,2.0900236097740263,2.1834757429400522,0.093452133166025853
Inflation,PCEPILFE,3,month_end,pre_release,2025-02,Inflation Bridge Ridge,2025-02-28,2025-03-27,e26de1349bb35395a2d76fd9e3b5ca4fc45149090d088cbf20a5d243b236d6a0,2675cc36802548a8bf92f8939c4c947ad22507bbf04e34cf68b91118995c7a44,1,1,4.3732037451999162,3.0543010934473549,2.9949077150206902,1.7395042047999378,1.8996999468078137,0.1601957420078759,1.3189026517525613,1.378296030179226,0.0593933784266647
Inflation,PCEPILFE,3,month_end,pre_release,2025-03,Inflation Bridge Ridge,2025-03-31,2025-04-29,ff1e125c2651ba28a35d3b52ac457f2ffe9b5f311a64fbf6ae36791a2bbc4c93,aa66a4e9b18cbddefea26b46a68b1d05331715d962e78aa33e3770b56f600abd,1,1,0.33590729178136769,3.4656797593377506,3.4036356913596482,9.7954756986739699,9.4109575335791185,-0.38451816509485148,3.1297724675563829,3.0677283995782805,-0.062044067978102468
Inflation,PCEPILFE,3,month_end,pre_release,2025-04,Inflation Bridge Ridge,2025-04-30,2025-05-29,01869ca8e91ca3e95bec284761aedf74b03544d1243f3e2a886db2375c506dae,dfd4c22c68c07c0c1a1e9da6646723680f1d4ec238c278793ec5d3343fe7e46d,1,1,1.3903484217941298,2.3943964436840686,2.5835583538628102,1.0081124302610991,1.4237499419873449,0.41563751172624586,1.0040480218899388,1.1932099320686804,0.18916191017874162
Inflation,PCEPILFE,3,month_end,pre_release,2025-05,Inflation Bridge Ridge,2025-05-31,2025-06-26,1f607479c05382ea374c7b50f04d5f017c832d7641854a9de18ecb19cdac9ad8,3f9e99a93705cfa6498d615ae7b0ef9f3ca9a6d82d96c7912b4fee0cd03e9396,1,1,2.143541239825808,2.6770741198568713,2.6866586591367723,0.28465733407424093,0.29497653115900174,0.010319197084760812,0.53353288003106325,0.54311741931096424,0.0095845392799009943
Inflation,PCEPILFE,3,month_end,pre_release,2025-06,Inflation Bridge Ridge,2025-06-30,2025-07-30,3a596ce8bd19787adfea2353c83c68ff87059b095ef44b36309a152b1ded1535,a5f9d0f0b07b798a9a65afa1708af887f721ac169883be36d0ca5a3487c22206,1,1,3.07225203791468,3.8982702285963571,3.9192653242211768,0.68230605133703137,0.71743150717973148,0.035125455842700104,0.82601819068167703,0.84701328630649675,0.020995095624819715
Inflation,PCEPILFE,3,month_end,pre_release,2025-07,Inflation Bridge Ridge,2025-07-31,2025-08-28,c599993131755f7f523fd9c095d4570ed3be10d315a40a0314e17e5506ec8fbc,65ae5950d21ad83a6eb71fe44a26e015be00c45db3373d6a2338d70214f49180,1,1,3.2740877378866884,4.6157011459650334,4.6773861585680079,1.7999265367355921,1.9692464574866855,0.16931992075109337,1.3416134080783451,1.4032984206813195,0.061685012602974432
Inflation,PCEPILFE,3,month_end,pre_release,2025-08,Inflation Bridge Ridge,2025-08-31,2025-09-25,b1a9e98e2e3262cc13c5b11665f2077ce68ca878b5a5c06b399ce23652bfce39,5c470165df67edfa0f98501880808cce8a280e8511d55c0989d8c7bee4edb323,1,1,2.7212078521923644,3.7566534131192446,3.7122796415551864,1.0721475096431816,0.98222329167082589,-0.089924217972355724,1.0354455609268802,0.99107178936282203,-0.044373771564058195
Inflation,PCEPILFE,3,month_end,pre_release,2025-09,Inflation Bridge Ridge,2025-09-30,2025-12-04,4951a7a0c610a8376679beb26661d0117edd1c1a5c25f1d918cbe313039d1f5a,ffe372b3361af0436cf015ec125f471c45ae765daaf6db38fae4fe45dd403c52,1,1,2.374861315144372,2.8202822442381148,3.0460488804710528,0.19839980407473301,0.45049274784915738,0.25209294377442437,0.44542092909374276,0.67118756532668078,0.22576663623293802
Inflation,PCEPILFE,3,month_end,pre_release,2025-10,Inflation Bridge Ridge,2025-10-31,2026-01-21,8995f69569616b837ffa6c9c7e80cfd607ac6237363941ecf7e07ae5cc8ac4c2,7fd9ac3d0967c686efc22d6efd14b3dba883f3940746a7f120c105669eb618b6,1,1,2.4928010475139928,2.3505287415439335,2.2689505766224158,0.020241409046038154,0.050109033318380736,0.029867624272342581,0.14227230597005924,0.22385047089157695,0.081578164921517704
Inflation,PCEPILFE,3,month_end,pre_release,2025-11,Inflation Bridge Ridge,2025-11-30,2026-01-21,97aef115dc6f92dced31def01056939bfb7aab522f4603e63143a71eb9ae46ff,7fd9ac3d0967c686efc22d6efd14b3dba883f3940746a7f120c105669eb618b6,1,1,1.9227148316979026,2.6848647480828896,2.9460005655548915,0.58087249504564265,1.0471136931152365,0.46624119806959385,0.76214991638498697,1.023285733856989,0.26113581747200199
Inflation,PCEPILFE,3,month_end,pre_release,2025-12,Inflation Bridge Ridge,2025-12-31,2026-02-19,dc60f4cd3bce75ce0efc64f31e6f9de8061443310b9ae870ddf49df14f2cfbde,3622390db633fb07272e56cac8b8affccada5719daa520693b1bb1b5c71750e4,1,1,4.2571398262751359,2.4029645454176998,2.5529710498994485,3.4379659721427522,2.9041912183738079,-0.53377475376894434,1.8541752808574361,1.7041687763756874,-0.15000650448174868
Inflation,PCEPILFE,3,month_end,pre_release,2026-01,Inflation Bridge Ridge,2026-01-31,2026-03-12,0736c15c75330e9d810eac066a22ee0073738685446c386b435a850ed06dd859,99d38e269cf3025e327a5fa9b27e0361e14543f262ba6a2f12fcd662154e56e0,1,1,4.3538864021670065,2.9083143647969947,3.0718671827539512,2.0896785152260868,1.6435732789444597,-0.44610523628162713,1.4455720373700118,1.2820192194130553,-0.16355281795695653
Inflation,PCEPILFE,3,month_end,pre_release,2026-02,Inflation Bridge Ridge,2026-02-28,2026-04-08,41bd86fc73bf948e4c3bf08a2672d2e03a1e39f36302592e36cea3ecf9c33843,906d03539627b9cbf66ccd44a0e1f99dbce9a037f9549c918529dd3158256644,1,1,4.3942252510010604,3.761771026513884,3.6946300697914447,0.39999834607167584,0.48943341757171505,0.089435071500039209,0.63245422448717648,0.69959518120961572,0.067140956722439249
Inflation,PCEPILFE,3,month_end,pre_release,2026-03,Inflation Bridge Ridge,2026-03-31,2026-04-29,81bd444227eff91c88ecdb6492c29771f11ab96aa5a422e5d09a72f1e610316e,24eb3ff77ceab4a4b4036721aeff07bd8b28c3685a4a313d23e0ef731054b634,1,1,3.5138300728842609,4.0625503243951897,4.0657179490848252,0.30109391441821703,0.30458022789716943,0.0034863134789523964,0.54872025151092885,0.55188787620056434,0.0031676246896354954
Inflation,PCEPILFE,3,month_end,pre_release,2026-04,Inflation Bridge Ridge,2026-04-30,2026-05-27,d2bcf6a3dd2d72ab4fdfc3aea17e5d3513254a63dba602b2c252f030c6a9ced3,8e8a11d4ecb1d5893322150856bafdaab66150218314885da4a5acca20ab1b1f,1,1,2.8638636343949031,3.9789096126599532,4.0360721779644928,1.2433275336450627,1.3740728696175386,0.13074533597247595,1.1150459782650501,1.1722085435695897,0.057162565304539559
Inflation,PCEPILFE,3,month_end,pre_release,2026-05,Inflation Bridge Ridge,2026-05-31,2026-06-24,553bf3f082f734a2a8963337ee9d14d499e35a41ec8fb28aeac183d8744b1f4c,45ffd06e4a40c3554161f6121d49026c4b88f646d0ab65040ac6d57149e459d7,1,1,3.834474232723295,3.6571152667319788,3.6352235273080096,0.031456202817508848,0.039700843608488863,0.0082446407909800151,0.17735896599131618,0.19925070541528545,0.02189173942396927
Labour,CES0500000003,1,month_open,after_week_1,2023-02,Labour Bridge Ridge,2023-02-01,2023-02-07,a625e8022d1833e223ee211a4d0dc372e5fd183c04740ebbcd8913bb57033a61,bb41d6dfe98a395523c37c474f213db161202a21d6b68c213d32b3cd9487d8ff,1,1,2.9046912821033999,3.4107633483847253,2.8277355698790703,0.25610893627025022,0.005922181643953835,-0.25018675462629636,0.50607206628132539,0.07695571222432962,-0.42911635405699577
Labour,CES0500000003,1,month_open,after_week_1,2023-03,Labour Bridge Ridge,2023-03-01,2023-03-07,9c677fcb35ec200fbad5da0c1d6f9f47034a0a3b1ada1b288239b7872f68ac41,04d542ce609f6ce78f4fb75c8c7f297a3a3521c22fa3383998fa70977d5761ee,1,1,3.2593953945330156,3.9989564676986471,3.9770465685541581,0.54695058094190052,0.51502320757392406,-0.031927373367976464,0.73956107316563147,0.71765117402114242,-0.021909899144489042
Labour,CES0500000003,1,month_open,after_week_1,2023-04,Labour Bridge Ridge,2023-04-01,2023-04-07,de14489ce738d0aa9d434beb29ac87c6b1c1045ae0496fb5e29591065aea364b,d6291ecb4244544f0603af35576d597cf0ad0e6af414b0dd4da59e14033b9d8b,1,1,5.7692418817232749,4.2465068622776432,4.7457300894052441,2.3187219394460885,1.0475763890140679,-1.2711455504320206,1.5227350194456317,1.0235117923180308,-0.49922322712760092
Labour,CES0500000003,1,month_open,after_week_1,2023-05,Labour Bridge Ridge,2023-05-01,2023-05-07,7f83bf8482e2c2930f8ac46371522cd54958a30311b96105be2e9af7368463e5,534bcacc239f9d9bc0ce2ecfc6f4243a4cb1d4205daaf6b49325cb9c542ba6dc,1,1,3.9538750762231345,4.5804687238570949,4.0035435537230999,0.39261959925523177,0.0024669576571645685,-0.39015264159806717,0.62659364763396042,0.049668477499965391,-0.57692517013399502
Labour,CES0500000003,1,month_open,after_week_1,2023-06,Labour Bridge Ridge,2023-06-01,2023-06-07,780a896b5ae77b003c614f12ec4890201f28be64859fea0aac6731484376ca2e,6e46d3399a89fbed7a12c75408ae6f4c803fdbf2f2b618c06662410c19837114,1,1,4.2959473088599154,4.4799372160896898,4.2293816754062146,0.033852285962420979,0.0044309835570924523,-0.029421302405328528,0.18398990722977437,0.066565633453700812,-0.11742427377607356
Labour,CES0500000003,1,month_open,after_week_1,2023-07,Labour Bridge Ridge,2023-07-01,2023-07-07,3a4c14b4be18f6ceb889d4b76f185b7118870ecdf457828c530aa21dd96674ed,77ba7fefe2849cfab833dadd8c869b78456ad996c7411b1a46556d234973fb79,1,1,4.9896121783962855,4.7911352992133862,5.3128796926531132,0.039393071570183187,0.10450188577378834,0.065108814203605148,0.19847687918289925,0.32326751425682776,0.12479063507392851
Labour,CES0500000003,1,month_open,after_week_1,2023-08,Labour Bridge Ridge,2023-08-01,2023-08-07,ccb96bbce2db9e933322c92059d3ac77bd10deef41331c2b428204b788a4a218,b12d207d247e6299aa4c05ccfc0651dad64482d8216ff838262719b475fe8bc0,1,1,2.8419196231345367,4.1377861407582568,4.2877442087518665,1.6792700314982272,2.0904087323755234,0.4111387008772962,1.2958665176237201,1.4458245856173297,0.14995806799360967
Labour,CES0500000003,1,month_open,after_week_1,2023-09,Labour Bridge Ridge,2023-09-01,2023-09-07,34d4cc0b568fa2fe0432876aee9da9fcd5b749809db5f1eb09648c661964643c,5dfa949842e927b33ada7d19d99bd4787428f2e189df197e651ba3958f39b74d,1,1,2.4819036768708003,5.4220544460165838,5.3594288986351373,8.644486545308542,8.2801514018898974,-0.36433514341864459,2.9401507691457835,2.877525221764337,-0.062625547381446545
Labour,CES0500000003,1,month_open,after_week_1,2023-10,Labour Bridge Ridge,2023-10-01,2023-10-07,2501f3ee713082b68040e08e0c96faa39b1d30ed992d5a5e135d82f85e635122,d9d493e5ffc80c8624d08be9014bd596d65351a375f0f2610c0f89f612f96dda,1,1,2.473134984027503,4.3333774893569128,4.3551531835149015,3.4605021786342394,3.5419925032017896,0.081490324567550232,1.8602425053294098,1.8820181994873986,0.021775694157988745
Labour,CES0500000003,1,month_open,after_week_1,2023-11,Labour Bridge Ridge,2023-11-01,2023-11-07,a54cb0106a3f48fc14619cacce2ee2c6a7574aa8f68f547408b64fcb04c16cfa,92bf152df1d49ecadde4f53d12cfe935f7739382310fdbaa04dac35fc39a3ece,1,1,4.230321654821978,4.4577189306750729,5.0142883348414342,0.051709521065408527,0.61460375538072853,0.56289423431532004,0.22739727585309488,0.78396668001945624,0.55656940416636136
Labour,CES0500000003,1,month_open,after_week_1,2023-12,Labour Bridge Ridge,2023-12-01,2023-12-07,c2c85a0812bf8a07ee4c04256da709a5e1b62f787e0859b5c27c65ff95fde2e3,48c8b1e298d62e2347ce60adc394dbf07031c5fc7ede397c06bc43220de5f2cf,1,1,5.2639359156470888,4.2312709885236774,4.0091128814314114,1.0663968517108007,1.5745808471982392,0.50818399548743853,1.0326649271234114,1.2548230342156774,0.22215810709226602
Labour,CES0500000003,1,month_open,after_week_1,2024-01,Labour Bridge Ridge,2024-01-01,2024-01-07,3519333accd53327f1080036a15493a48742a0a34f4f87436c06d7119d3e3764,a252c50a87f26aba33a12acedf7870a0a48f124684b844c1ad2f0650d5369cd4,1,1,6.6173437171489269,3.6533491616950062,4.0259091974380929,8.785263724760485,6.7155328699489205,-2.0697308548115645,2.9639945554539207,2.5914345197108339,-0.37256003574308671
Labour,CES0500000003,1,month_open,after_week_1,2024-02,Labour Bridge Ridge,2024-02-01,2024-02-07,3701b2b60e17f3a387ae6dd4e9bc665cc172f5749b445cec879e69b5b005416e,a4241ad2fc581d1496b94a0b1bec695555a3d43881a153582fa6b660ae64a15d,1,1,1.7368652619673242,4.7820641561549806,3.8727942618497644,9.2732363051617259,4.562192692538801,-4.7110436126229249,3.0451988941876564,2.1359289998824402,-0.90926989430521621
Labour,CES0500000003,1,month_open,after_week_1,2024-03,Labour Bridge Ridge,2024-03-01,2024-03-07,77548f2852b75aef580efa27cc6c20479ec5dc3089e524f4893a7b89b3ff0f3c,a8ee776c9f04382a27263870e48955c258b313cab6154421801a9a3c9d2d95cf,1,1,4.1582484577501688,4.3073901307237223,4.2683266529298916,0.022243238617350385,0.012117209054025132,-0.010126029563325253,0.14914167297355352,0.11007819517972273,-0.039063477793830792
Labour,CES0500000003,1,month_open,after_week_1,2024-04,Labour Bridge Ridge,2024-04-01,2024-04-07,f3e7ab5cea5b82b2ff68483aefae2427714a7b2b3172e6acc5bdef31debf210b,ca78175c4d5921f128c9ea62d66a38c43edce9fd95b11492bfdef46efef9422e,1,1,2.4197041181523105,4.8087116448927496,4.3775118387643968,5.7073569628224696,3.833011070888293,-1.8743458919341767,2.3890075267404391,1.9578077206120863,-0.43119980612835285
Labour,CES0500000003,1,month_open,after_week_1,2024-05,Labour Bridge Ridge,2024-05-01,2024-05-07,54bb7e70ea519f9b1d13ed3660f1d855156a427c1a91f45267677ad5bbe663f2,ba741d1b161e87db6a8511e63833a6c04f0fcbf08a7534893c60302232e6ab6f,1,1,4.822050116609411,4.3958221673153899,4.6973922312726879,0.18167026475938661,0.015539588376623595,-0.16613067638276302,0.42622794929402108,0.12465788533672306,-0.30157006395729802
Labour,CES0500000003,1,month_open,after_week_1,2024-06,Labour Bridge Ridge,2024-06-01,2024-06-07,1a29a50fce25676ba4df60dc2a227497d5912955dfc3391913627a002c9252a3,a169daa65ea8b174d1c6c12af99fac4c2c993e382e163b9b729280e5bda003f2,1,1,3.4334787372383602,4.8304298017943985,4.8088562890069468,1.9514722767642487,1.8916634099089513,-0.059808866855297405,1.3969510645560383,1.3753775517685867,-0.021573512787451676
Labour,CES0500000003,1,month_open,after_week_1,2024-07,Labour Bridge Ridge,2024-07-01,2024-07-07,4c87aae8629352590fc1e432e4813cbaff4f6e9f6b181cea657a60ee780a4e0c,59d76c06705e6428cb53e639d275bd1c60f4cd814f4e38381f010eb1fbfb991c,1,1,2.7405093269878833,5.2781535601271301,5.8954828047016505,6.4396382539848762,9.9538576450773029,3.5142193910924266,2.5376442331392468,3.1549734777137672,0.61732924457452043
Labour,CES0500000003,1,month_open,after_week_1,2024-08,Labour Bridge Ridge,2024-08-01,2024-08-07,1cb149f34c3a59f532e4c49889de041b32bf26f923648d832d4fb47e89fccca4,e42c04762dad2df063bb0350438ac0035341666051ecdfb9e487763adb761ed9,1,1,4.7808828178496299,5.3316284131277651,4.8983050360477929,0.30332071071826755,0.013787977326577005,-0.28953273339169056,0.55074559527813527,0.11742221819816301,-0.43332337707997226
Labour,CES0500000003,1,month_open,after_week_1,2024-09,Labour Bridge Ridge,2024-09-01,2024-09-07,5fdfc5666824fdc0b1b10afc856fa2d9825c20b59931314ccf7bd7e9db343ae9,6630db4ba0d712d7c49345b6885e146b8167fbe90b0cd4a7afdcd4f8399bcfb9,1,1,4.4198944995560652,4.1042182709255712,4.177500679331466,0.099651481322371879,0.058754764083075318,-0.040896717239296561,0.31567622863049394,0.24239382022459921,-0.073282408405894728
Labour,CES0500000003,1,month_open,after_week_1,2024-10,Labour Bridge Ridge,2024-10-01,2024-10-07,f7b88be0eee7738e05aa6fee1d30c15c4a80e51c0331616978de0f0bbf3cedcb,db7b7696e6aae99e7694dd5e1c58c95683a8d4964287ec1a555371478da90ebc,1,1,4.4074071300096662,4.3287903609226843,4.4504140722375745,0.0061805963816758324,0.001849597079794637,-0.0043309993018811957,0.078616769086981897,0.04300694222790824,-0.035609826859073657
Labour,CES0500000003,1,month_open,after_week_1,2024-11,Labour Bridge Ridge,2024-11-01,2024-11-07,48f5e811c5e66226b53eaec64496c7be903b86ac794ef9d8d90efc169a49a304,96e1ec0cf077d79a876d72878c52811dd67fc548936fe8bc4d7a31f5c16a0d3d,1,1,4.3888078179692869,5.5144793100744645,5.5170729851990394,1.2671363081382969,1.2729822875839816,0.005845979445684657,1.1256714921051776,1.1282651672297526,0.002593675124574979
Labour,CES0500000003,1,month_open,after_week_1,2024-12,Labour Bridge Ridge,2024-12-01,2024-12-07,65bb2277f867bc39d04bd21dd903761138ec9b7b1607aa99aeb44ec8f6e16bc3,b12f8d34692d44fd7280401e60abc407818c59de8c6522a02b37f0100be55cdb,1,1,3.3670055759611017,4.7708017785276251,4.4681550193566535,1.9706437783401916,1.2125300966903334,-0.75811368164985815,1.4037962025665234,1.1011494433955518,-0.30264675917097161
Labour,CES0500000003,1,month_open,after_week_1,2025-01,Labour Bridge Ridge,2025-01-01,2025-01-07,232704b0d42e2a1666e5093bd494eef549eea6361b508fa98d4163161219c108,4922dff46c56aee99cc2df4e0191b2d1b1854b99292fc5080c21169b2a227bbe,1,1,5.7007233103172794,4.675641853393719,3.298665942714508,1.0507919933285292,5.7698795972547563,4.7190876039262273,1.0250814569235605,2.4020573676027714,1.376975910679211
Labour,CES0500000003,1,month_open,after_week_1,2025-02,Labour Bridge Ridge,2025-02-01,2025-02-07,54d87f057dbe572aa4d6800f9f043c021a1b5f0621ff2e5cb1ad699b26014af8,93edd098120094468c12061d68adb07729e2994766c3600755c23d0b76750c61,1,1,3.3444837702777619,4.0385040572419708,4.5615254226823723,0.48166415871788287,1.4811903836877445,0.99952622496986154,0.69402028696420892,1.2170416524046104,0.52302136544040145
Labour,CES0500000003,1,month_open,after_week_1,2025-03,Labour Bridge Ridge,2025-03-01,2025-03-07,1bc4c18efc619ff94240cac4cabc8566a6add3141589d781de955ac10217975e,054bd2f0a117ba037ef1e61ffa5443e5c43f4a7ac0859433ffb20157ae45a464,1,1,3.0037562617421187,4.6960726075188948,4.9706625344540205,2.8639346141832607,3.868720285633426,1.0047856714501653,1.692316345776776,1.9669062727119018,0.27458992693512574
Labour,CES0500000003,1,month_open,after_week_1,2025-04,Labour Bridge Ridge,2025-04-01,2025-04-07,79549f7da5fac61d28805e92085456fd205ab626655c43ab48524b9d93b3ead2,38f9c3fd6b2e04c3e040adaa16477edc05783a6cc9be160a94499d836679f8b9,1,1,1.9983351828734897,4.7779407063620827,4.6639834741419861,7.7262068662082957,7.105680812742655,-0.62052605346564071,2.779605523488593,2.6656482912684965,-0.11395723222009657
Labour,CES0500000003,1,month_open,after_week_1,2025-05,Labour Bridge Ridge,2025-05-01,2025-05-07,75104d601135eddf8c1e3b6c360c34a122a3c061b69b7fae10f981935160c092,1277a270d8450380abcfaaad3ec190cb54f3a176d3573292c5ab982d2593bc8e,1,1,4.9771950240979024,4.394647341876496,4.3162901599895127,0.33936180206153271,0.436795239402129,0.097433437340596285,0.5825476822214064,0.66090486410838967,0.078357181886983263
Labour,CES0500000003,1,month_open,after_week_1,2025-06,Labour Bridge Ridge,2025-06-01,2025-06-07,02b6774eb3f19b903187739584a159e96a8d8e7537de832aabd525a17ab6b6b0,83beda7e8df1fea8713ab210f3e177bf0993ab54a8305a67d5576a637bd589a8,1,1,2.6475465786454322,4.3913246173053624,4.2194065732378485,3.0407618481126728,2.4707438426000712,-0.57001800551260162,1.7437780386599302,1.5718599945924163,-0.17191804406751388
Labour,CES0500000003,1,month_open,after_week_1,2025-07,Labour Bridge Ridge,2025-07-01,2025-07-07,b6b9c06c653e60e89f358828ec8730bc4e680f2fe36784bafa9d410e93efd003,fcaf5bc138fe2f3332d5d1509669235199f952e3a2960a20504ac231e8463b50,1,1,3.9582223903979141,4.7863170211146597,4.6051239102632513,0.68574071742190323,0.41848157640408323,-0.26725914101782,0.82809463071674561,0.64690151986533717,-0.18119311085140843
Labour,CES0500000003,1,month_open,after_week_1,2025-08,Labour Bridge Ridge,2025-08-01,2025-08-07,2fcac741c98a87ac4181a30967023a1886f8e59147a4827b2b0a1f5ab8858d18,e96b583c044cdd4e56c565cfe33c2b2a448d1affd9b2a1d4f123434714f8f419,1,1,3.2894757440626421,4.0901042999604229,4.0672367946800918,0.6410060845189659,0.60491225185755915,-0.036093832661406755,0.80062855589778081,0.77776105061744971,-0.022867505280331102
Labour,CES0500000003,1,month_open,after_week_1,2025-09,Labour Bridge Ridge,2025-09-01,2025-09-07,56a43cb6d4a83f7018a9e5c08194f26e20ec8059795f73a8315391ae48e158a9,de2edea823cb93c6737bf52e436d82048db9488695b8cfe07863468096cba4a0,1,1,2.948806944617921,4.511112786814353,4.5926466904881114,2.4407995445611026,2.7022091101025718,0.26140956554146921,1.562305842196432,1.6438397458701903,0.081533903673758346
Labour,CES0500000003,1,month_open,after_week_1,2025-10,Labour Bridge Ridge,2025-10-01,2025-10-07,52ea09ee5653c4b92176fe231383636eec9c7a0aabcb0a20f703476593b0a995,360b1bf55e81a63dface52829e6e00ba960cea56442717def8f2f6b1f1a7555d,1,1,5.2273428699233904,4.2842602476838998,4.2842602476838998,0.8894048323701137,0.8894048323701137,0,0.94308262223949058,0.94308262223949058,0
Labour,CES0500000003,1,month_open,after_week_1,2025-11,Labour Bridge Ridge,2025-11-01,2025-11-07,977a5c002ed197043d5d39ecac45bdef20d03cbe8aaa4e545052854d2b848f65,ca8b81a0095c12210660a4fb6cc9660677d5e71f1aec8d56d540e31fa3056ad8,1,1,1.6288858208966417,4.3292296776996322,4.3292296776996322,7.2918569449736497,7.2918569449736497,0,2.7003438568029905,2.7003438568029905,0
Labour,CES0500000003,1,month_open,after_week_1,2025-12,Labour Bridge Ridge,2025-12-01,2025-12-07,58c0cb4c638b2295a728f26941de0aa0d421dc6d67fc92e942c0ebb0e8d4d96f,3e12e701e5a2d64154efe9bea276c8029ad622a52886daabaede35dd87e07236,1,1,3.8961073186440487,3.9217710394269001,3.8824004584045473,0.00065862656442015866,0.00018787801762522454,-0.00047074854679493409,0.025663720782851396,0.013706860239501406,-0.01195686054334999
Labour,CES0500000003,1,month_open,after_week_1,2026-01,Labour Bridge Ridge,2026-01-01,2026-01-07,fac6f29d2b652c12cdf69a6e5efa5ffde4c492936a9adc66a209dc433e7273d7,d43da6537ff4bcad48bd47092b820d596fcb9c64db7fa6c95a58451e5a56770d,1,1,4.8524125965711207,3.8174208535909342,4.6353960925688478,1.0712079080371644,0.04709616300936853,-1.0241117450277959,1.0349917429801865,0.2170165040022729,-0.81797523897791358
Labour,CES0500000003,1,month_open,after_week_1,2026-02,Labour Bridge Ridge,2026-02-01,2026-02-07,e5cdc81382c78fb1f258be68d762c3f7d2cdd962727c129f638e8a8db7f98c73,37c69c231cbac476995f7ae8103aef740098628d299161150c826005831eadd2,1,1,4.8328700039784067,4.4904971991275824,4.3340436747278268,0.11721913750142064,0.24882770675360794,0.13160856925218728,0.34237280485082433,0.4988263292505799,0.15645352439975557
Labour,CES0500000003,1,month_open,after_week_1,2026-03,Labour Bridge Ridge,2026-03-01,2026-03-07,16b1a548967fdcffc384c08ec2ab49737230674e04f3d332ba7f12961213b0d7,f7b758ab5cd15f34035c7f85593761ad6610b9cf39f92cf30fe1302005238127,1,1,2.8927294040249407,4.1895412538409875,4.8052098272888815,1.6817209738233172,3.6575813693678221,1.9758603955445049,1.2968118498160468,1.9124804232639407,0.61566857344789394
Labour,CES0500000003,1,month_open,after_week_1,2026-04,Labour Bridge Ridge,2026-04-01,2026-04-07,9df61ce80c86f71100d8b13eb9ef4d8b48d49deb3b3e5e9ce0cac90ff6c6844d,756f7615f928dae9df0542acd7dbc63ca7013dc60608c838446f6205be7d8080,1,1,1.9261641374738403,4.2559682025855254,4.0637489000984699,5.4279869818109336,4.5692686174049939,-0.85871836440593974,2.3298040651116851,2.1375847626246296,-0.19221930248705554
Labour,CES0500000003,1,month_open,after_week_1,2026-05,Labour Bridge Ridge,2026-05-01,2026-05-07,6c034c922c5f56744e61d8c891e2a7b7f4a87342629911312ea4e92ca7e1ad5a,c1a70b31504609df70e57a8900964825b53d74c5d0f5fd5f3c774df3b96ba5b0,1,1,3.8430777442499675,3.9203025101020192,4.3192730920287046,0.0059636644609042154,0.22676200924611234,0.22079834478520813,0.077224765852051735,0.47619534777873707,0.39897058192668533
Labour,CES0500000003,1,month_open,after_week_1,2026-06,Labour Bridge Ridge,2026-06-01,2026-06-07,2a9dcc995e4322da4a57b74e2df32835f188a11d6f41b195fdcafd7580cb2d98,8784239341aa001ab1647806c07a3f0361b1419a04dfa39baa7e045cd22234ad,1,1,4.1517007480594614,4.68303910188488,3.7528679506671478,0.28232044624590574,0.15906760027577826,-0.12325284597012748,0.53133835382541861,0.39883279739231359,-0.13250555643310502
Labour,CES0500000003,2,after_week_1,after_week_2,2023-02,Labour Bridge Ridge,2023-02-07,2023-02-14,bb41d6dfe98a395523c37c474f213db161202a21d6b68c213d32b3cd9487d8ff,8493c3522808cec4223f6f3d60cef7f8cb31652eb221cdb7aeb18631eac2e8ad,1,1,2.9046912821033999,2.8277355698790703,2.8611715090271082,0.005922181643953835,0.001893970648611927,-0.0040282109953419078,0.07695571222432962,0.043519773076291735,-0.033435939148037885
Labour,CES0500000003,2,after_week_1,after_week_2,2023-03,Labour Bridge Ridge,2023-03-07,2023-03-14,04d542ce609f6ce78f4fb75c8c7f297a3a3521c22fa3383998fa70977d5761ee,20c40afbcca5c648db06a4273bcffc60ee94d000b3934a3793b1cb51918278bb,1,1,3.2593953945330156,3.9770465685541581,4.3777331480532453,0.51502320757392406,1.2506793309486739,0.73565612337474984,0.71765117402114242,1.1183377535202297,0.40068657949908726
Labour,CES0500000003,2,after_week_1,after_week_2,2023-04,Labour Bridge Ridge,2023-04-07,2023-04-14,d6291ecb4244544f0603af35576d597cf0ad0e6af414b0dd4da59e14033b9d8b,67ee23bbaa58d22cbf3c8878e5129f497073227cf66af8559e3990e7ed85be3f,1,1,5.7692418817232749,4.7457300894052441,4.6016604797866218,1.0475763890140679,1.3632463301483602,0.31566994113429225,1.0235117923180308,1.1675814019366531,0.14406960961862225
Labour,CES0500000003,2,after_week_1,after_week_2,2023-05,Labour Bridge Ridge,2023-05-07,2023-05-14,534bcacc239f9d9bc0ce2ecfc6f4243a4cb1d4205daaf6b49325cb9c542ba6dc,b003a900f1a4b4c48d303b15f513372ec6de625c0248d6c2eaa4985d38abb73e,1,1,3.9538750762231345,4.0035435537230999,4.0405991092466227,0.0024669576571645685,0.0075210579038590703,0.0050541002466945022,0.049668477499965391,0.08672403302348819,0.037055555523522798
Labour,CES0500000003,2,after_week_1,after_week_2,2023-06,Labour Bridge Ridge,2023-06-07,2023-06-14,6e46d3399a89fbed7a12c75408ae6f4c803fdbf2f2b618c06662410c19837114,734ba86a6992f197f3ad1bf69bd17c3d9183d762c13d6d479bb70ac3ab3b0c76,1,1,4.2959473088599154,4.2293816754062146,4.2701582480648703,0.0044309835570924523,0.00066507565669053019,-0.0037659079004019221,0.066565633453700812,0.02578906079504506,-0.040776572658655752
Labour,CES0500000003,2,after_week_1,after_week_2,2023-07,Labour Bridge Ridge,2023-07-07,2023-07-14,77ba7fefe2849cfab833dadd8c869b78456ad996c7411b1a46556d234973fb79,e4811844862e309cfc8322d765ffa7a257731b6fe4cf0af7302c064d6f2e7608,1,1,4.9896121783962855,5.3128796926531132,5.3861473407917533,0.10450188577378834,0.15724013501600004,0.052738249242211696,0.32326751425682776,0.39653516239546782,0.073267648138640062
Labour,CES0500000003,2,after_week_1,after_week_2,2023-08,Labour Bridge Ridge,2023-08-07,2023-08-14,b12d207d247e6299aa4c05ccfc0651dad64482d8216ff838262719b475fe8bc0,ded400bd99d0525f109e312456fba5df514a4d773b390ecc853d70110c30193b,1,1,2.8419196231345367,4.2877442087518665,4.3343772081684131,2.0904087323755234,2.2274296431251503,0.13702091074962697,1.4458245856173297,1.4924575850338764,0.046632999416546639
Labour,CES0500000003,2,after_week_1,after_week_2,2023-09,Labour Bridge Ridge,2023-09-07,2023-09-14,5dfa949842e927b33ada7d19d99bd4787428f2e189df197e651ba3958f39b74d,b92020924c9b8daef618fd1bf659b4548d6867910f86e626465a464ba71cce2d,1,1,2.4819036768708003,5.3594288986351373,5.3155740159421079,8.2801514018898974,8.0296875905325003,-0.25046381135739715,2.877525221764337,2.8336703390713076,-0.043854882693029396
Labour,CES0500000003,2,after_week_1,after_week_2,2023-10,Labour Bridge Ridge,2023-10-07,2023-10-14,d9d493e5ffc80c8624d08be9014bd596d65351a375f0f2610c0f89f612f96dda,c8bb26bc6ccd1e562376422f23b273f0897968f271d71fef3c2c57267c55258c,1,1,2.473134984027503,4.3551531835149015,4.4201485844702617,3.5419925032017896,3.7908619603090745,0.24886945710728492,1.8820181994873986,1.9470136004427587,0.064995400955360161
Labour,CES0500000003,2,after_week_1,after_week_2,2023-11,Labour Bridge Ridge,2023-11-07,2023-11-14,92bf152df1d49ecadde4f53d12cfe935f7739382310fdbaa04dac35fc39a3ece,f5c0f612dc58e9016dc44763f1e1b02ededc60d3770a17e50bdb3572bb610a1c,1,1,4.230321654821978,5.0142883348414342,5.0648064507304049,0.61460375538072853,0.69636487460232899,0.081761119221600453,0.78396668001945624,0.83448479590842695,0.050518115888970705
Labour,CES0500000003,2,after_week_1,after_week_2,2023-12,Labour Bridge Ridge,2023-12-07,2023-12-14,48c8b1e298d62e2347ce60adc394dbf07031c5fc7ede397c06bc43220de5f2cf,aff022967a092f45ea0cc83de606b7add419d69251ad673c8850e401433d4a81,1,1,5.2639359156470888,4.0091128814314114,3.2656347508094248,1.5745808471982392,3.9932075453915652,2.418626698193326,1.2548230342156774,1.9983011648376641,0.74347813062198664
Labour,CES0500000003,2,after_week_1,after_week_2,2024-01,Labour Bridge Ridge,2024-01-07,2024-01-14,a252c50a87f26aba33a12acedf7870a0a48f124684b844c1ad2f0650d5369cd4,4137aca638b70cbdb714544313f398ba6149872c41a12595f85b84fec079499b,1,1,6.6173437171489269,4.0259091974380929,4.0234149166767645,6.7155328699489205,6.7284666219189511,0.012933751970030549,2.5914345197108339,2.5939288004721623,0.0024942807613284046
Labour,CES0500000003,2,after_week_1,after_week_2,2024-02,Labour Bridge Ridge,2024-02-07,2024-02-14,a4241ad2fc581d1496b94a0b1bec695555a3d43881a153582fa6b660ae64a15d,e66a3d829626762dc37bc2abaef61abbae0b316e83b458eb9e862f6e10aab1d2,1,1,1.7368652619673242,3.8727942618497644,3.9018671705830892,4.562192692538801,4.6872332643099055,0.1250405717711045,2.1359289998824402,2.165001908615765,0.029072908733324798
Labour,CES0500000003,2,after_week_1,after_week_2,2024-03,Labour Bridge Ridge,2024-03-07,2024-03-14,a8ee776c9f04382a27263870e48955c258b313cab6154421801a9a3c9d2d95cf,6082a0e5af4d013b8a575a7e0c2f72c977bf815d00f07e82c024da13b8dbdd8c,1,1,4.1582484577501688,4.2683266529298916,5.0738806579658728,0.012117209054025132,0.83838232607185104,0.8262651170178259,0.11007819517972273,0.91563220021570402,0.80555400503598129
Labour,CES0500000003,2,after_week_1,after_week_2,2024-04,Labour Bridge Ridge,2024-04-07,2024-04-14,ca78175c4d5921f128c9ea62d66a38c43edce9fd95b11492bfdef46efef9422e,f361a111d81ddea7281c1841c3e7377ead6751e7738e314e5c5a783bd67b93a7,1,1,2.4197041181523105,4.3775118387643968,4.3833625457826564,3.833011070888293,3.8559544204036826,0.022943349515389677,1.9578077206120863,1.9636584276303459,0.0058507070182596266
Labour,CES0500000003,2,after_week_1,after_week_2,2024-05,Labour Bridge Ridge,2024-05-07,2024-05-14,ba741d1b161e87db6a8511e63833a6c04f0fcbf08a7534893c60302232e6ab6f,8aaa812faa2efa57d1e16617bd809a906549a3d52532e4eb2aa5a91bf3174426,1,1,4.822050116609411,4.6973922312726879,4.7123856525357537,0.015539588376623595,0.012026294680562464,-0.0035132936960611313,0.12465788533672306,0.10966446407365726,-0.014993421263065798
Labour,CES0500000003,2,after_week_1,after_week_2,2024-06,Labour Bridge Ridge,2024-06-07,2024-06-14,a169daa65ea8b174d1c6c12af99fac4c2c993e382e163b9b729280e5bda003f2,5b118d1a38fdc61e0354d414940750989584533b032f3ebc5108ce5237a83dda,1,1,3.4334787372383602,4.8088562890069468,4.8900505351465178,1.8916634099089513,2.1216014024614029,0.22993799255245162,1.3753775517685867,1.4565717979081576,0.081194246139570936
Labour,CES0500000003,2,after_week_1,after_week_2,2024-07,Labour Bridge Ridge,2024-07-07,2024-07-14,59d76c06705e6428cb53e639d275bd1c60f4cd814f4e38381f010eb1fbfb991c,b9d9d06b76243fbeb3e3c4f0ee993d001c65ada355bcca8b593fcb3afbe8683b,1,1,2.7405093269878833,5.8954828047016505,5.8931292227355971,9.9538576450773029,9.9390122070643265,-0.014845438012976331,3.1549734777137672,3.1526198957477138,-0.0023535819660533974
Labour,CES0500000003,2,after_week_1,after_week_2,2024-08,Labour Bridge Ridge,2024-08-07,2024-08-14,e42c04762dad2df063bb0350438ac0035341666051ecdfb9e487763adb761ed9,68ab36fad37d8d08cf9611ee2be678ce8b335aca49799811a4838a7bdc8c0a82,1,1,4.7808828178496299,4.8983050360477929,4.9042901759344675,0.013787977326577005,0.015229376029479333,0.0014413987029023283,0.11742221819816301,0.1234073580848376,0.0059851398866745953
Labour,CES0500000003,2,after_week_1,after_week_2,2024-09,Labour Bridge Ridge,2024-09-07,2024-09-14,6630db4ba0d712d7c49345b6885e146b8167fbe90b0cd4a7afdcd4f8399bcfb9,814ee909d35ffc640fcbea52b33bfdb18fdaecd4e09d342999f2426fec159eec,1,1,4.4198944995560652,4.177500679331466,4.1828840590099468,0.058754764083075318,0.056173948927865133,-0.0025808151552101852,0.24239382022459921,0.23701044054611842,-0.005383379678480793
Labour,CES0500000003,2,after_week_1,after_week_2,2024-10,Labour Bridge Ridge,2024-10-07,2024-10-14,db7b7696e6aae99e7694dd5e1c58c95683a8d4964287ec1a555371478da90ebc,61b8d5b40194c98196c5f929ef9c999e7e018da38356e02462e8016b1c5c8cb9,1,1,4.4074071300096662,4.4504140722375745,4.4829748224419284,0.001849597079794637,0.0057104761395369678,0.0038608790597423311,0.04300694222790824,0.075567692432262135,0.032560750204353894
Labour,CES0500000003,2,after_week_1,after_week_2,2024-11,Labour Bridge Ridge,2024-11-07,2024-11-14,96e1ec0cf077d79a876d72878c52811dd67fc548936fe8bc4d7a31f5c16a0d3d,215c1be6722346fedf96008e93374abccf3a01c6c1ba6059675edd4b9ce324ea,1,1,4.3888078179692869,5.5170729851990394,5.3630950984835994,1.2729822875839816,0.94923570497197474,-0.32374658261200684,1.1282651672297526,0.97428728051431257,-0.15397788671543999
Labour,CES0500000003,2,after_week_1,after_week_2,2024-12,Labour Bridge Ridge,2024-12-07,2024-12-14,b12f8d34692d44fd7280401e60abc407818c59de8c6522a02b37f0100be55cdb,d3c3c0e7405a14727e41d886ce321ba0ab55bd204b29cf9a0eeaca5c20ea4ea8,1,1,3.3670055759611017,4.4681550193566535,4.486715895148107,1.2125300966903334,1.2537511988938652,0.041221102203531812,1.1011494433955518,1.1197103191870053,0.018560875791453491
Labour,CES0500000003,2,after_week_1,after_week_2,2025-01,Labour Bridge Ridge,2025-01-07,2025-01-14,4922dff46c56aee99cc2df4e0191b2d1b1854b99292fc5080c21169b2a227bbe,4b93e5cdf0425cd1cc7f61e84aa17c7dca1aaf5c8808b9ff6e9e159f8e2eb790,1,1,5.7007233103172794,3.298665942714508,3.4449177763657794,5.7698795972547563,5.0886586070062121,-0.68122099024854421,2.4020573676027714,2.2558055339515,-0.14625183365127148
Labour,CES0500000003,2,after_week_1,after_week_2,2025-02,Labour Bridge Ridge,2025-02-07,2025-02-14,93edd098120094468c12061d68adb07729e2994766c3600755c23d0b76750c61,22b8da27f748fc8795008423c52ac6d06223d40a9b614318c2cdfde7d1a7f7e4,1,1,3.3444837702777619,4.5615254226823723,4.4961503585404872,1.4811903836877445,1.3263359305207056,-0.15485445316703883,1.2170416524046104,1.1516665882627253,-0.065375064141885098
Labour,CES0500000003,2,after_week_1,after_week_2,2025-03,Labour Bridge Ridge,2025-03-07,2025-03-14,054bd2f0a117ba037ef1e61ffa5443e5c43f4a7ac0859433ffb20157ae45a464,9cf450f9b31e54e708500e903cf3587e84972f39f67c485e2e322be211f2980e,1,1,3.0037562617421187,4.9706625344540205,5.5338945909631274,3.868720285633426,6.4015999649932773,2.5328796793598514,1.9669062727119018,2.5301383292210087,0.5632320565091069
Labour,CES0500000003,2,after_week_1,after_week_2,2025-04,Labour Bridge Ridge,2025-04-07,2025-04-14,38f9c3fd6b2e04c3e040adaa16477edc05783a6cc9be160a94499d836679f8b9,9a23e979555fdbc6d14c6e1f43c1d3c6518de5890fe29d3f9aa359c8ccdec8a4,1,1,1.9983351828734897,4.6639834741419861,4.6502271282151124,7.105680812742655,7.0325308897677763,-0.073149922974878656,2.6656482912684965,2.6518919453416228,-0.013756345926873692
Labour,CES0500000003,2,after_week_1,after_week_2,2025-05,Labour Bridge Ridge,2025-05-07,2025-05-14,1277a270d8450380abcfaaad3ec190cb54f3a176d3573292c5ab982d2593bc8e,213c183aeee6eec37fe9f7d97708b57570c27ee87cfb24ea035a6736a5562a7f,1,1,4.9771950240979024,4.3162901599895127,4.3155713860167655,0.436795239402129,0.43774583846771919,0.00095059906559019636,0.66090486410838967,0.66162363808113689,0.00071877397274722199
Labour,CES0500000003,2,after_week_1,after_week_2,2025-06,Labour Bridge Ridge,2025-06-07,2025-06-14,83beda7e8df1fea8713ab210f3e177bf0993ab54a8305a67d5576a637bd589a8,2564788b5d1c10d7b86de0010b313903faea9132d4a494b277bcf0770590cc5b,1,1,2.6475465786454322,4.2194065732378485,4.2335978611917593,2.4707438426000712,2.5155586708668491,0.044814828266777962,1.5718599945924163,1.5860512825463271,0.014191287953910781
Labour,CES0500000003,2,after_week_1,after_week_2,2025-07,Labour Bridge Ridge,2025-07-07,2025-07-14,fcaf5bc138fe2f3332d5d1509669235199f952e3a2960a20504ac231e8463b50,1d642d82148daeb467d53ad4ca7cb5a0683458f104637af0db56793bf314b3b7,1,1,3.9582223903979141,4.6051239102632513,4.630053516691941,0.41848157640408323,0.45135706225750066,0.03287548585341743,0.64690151986533717,0.67183112629402686,0.024929606428689688
Labour,CES0500000003,2,after_week_1,after_week_2,2025-08,Labour Bridge Ridge,2025-08-07,2025-08-14,e96b583c044cdd4e56c565cfe33c2b2a448d1affd9b2a1d4f123434714f8f419,c3f066641b9fa527f7df4b280e9f7960a407b74c79d35fc133459acfda7eae9c,1,1,3.2894757440626421,4.0672367946800918,4.0795713426932405,0.60491225185755915,0.62425105497544364,0.019338803117884495,0.77776105061744971,0.79009559863059842,0.012334548013148705
Labour,CES0500000003,2,after_week_1,after_week_2,2025-09,Labour Bridge Ridge,2025-09-07,2025-09-14,de2edea823cb93c6737bf52e436d82048db9488695b8cfe07863468096cba4a0,fb1375351bcb66a8ebe84262496380f7546d5de53dce37c8bb491382c2e5a504,1,1,2.948806944617921,4.5926466904881114,4.5596450810551374,2.7022091101025718,2.5947995018005243,-0.10740960830204749,1.6438397458701903,1.6108381364372164,-0.033001609432973922
Labour,CES0500000003,2,after_week_1,after_week_2,2025-10,Labour Bridge Ridge,2025-10-07,2025-10-14,360b1bf55e81a63dface52829e6e00ba960cea56442717def8f2f6b1f1a7555d,fb99f5e2d83988b21675b8e517a9d2ad3e1e5dbf58c99242db9372de579fc9de,1,1,5.2273428699233904,4.2842602476838998,4.2842602476838998,0.8894048323701137,0.8894048323701137,0,0.94308262223949058,0.94308262223949058,0
Labour,CES0500000003,2,after_week_1,after_week_2,2025-11,Labour Bridge Ridge,2025-11-07,2025-11-14,ca8b81a0095c12210660a4fb6cc9660677d5e71f1aec8d56d540e31fa3056ad8,fce261c232d8f7fc7176fbc41f5bc9f760fd4c375ab1f47f68118cb00ac9f65f,1,1,1.6288858208966417,4.3292296776996322,4.3292296776996322,7.2918569449736497,7.2918569449736497,0,2.7003438568029905,2.7003438568029905,0
Labour,CES0500000003,2,after_week_1,after_week_2,2025-12,Labour Bridge Ridge,2025-12-07,2025-12-14,3e12e701e5a2d64154efe9bea276c8029ad622a52886daabaede35dd87e07236,75d0ef6ecaab0a4dcc8eca7c1982f999d0fde8656a1445135f3843c530e18e15,1,1,3.8961073186440487,3.8824004584045473,3.4944199351408036,0.00018787801762522454,0.16135275406568308,0.16116487604805785,0.013706860239501406,0.40168738350324507,0.38798052326374366
Labour,CES0500000003,2,after_week_1,after_week_2,2026-01,Labour Bridge Ridge,2026-01-07,2026-01-14,d43da6537ff4bcad48bd47092b820d596fcb9c64db7fa6c95a58451e5a56770d,f5b2998c2021fe2be01a4d559269087f59f319630d1c9c4e67dbf8d0e0073a04,1,1,4.8524125965711207,4.6353960925688478,4.6325235518607037,0.04709616300936853,0.048351191983659732,0.0012550289742912016,0.2170165040022729,0.21988904471041693,0.0028725407081440224
Labour,CES0500000003,2,after_week_1,after_week_2,2026-02,Labour Bridge Ridge,2026-02-07,2026-02-14,37c69c231cbac476995f7ae8103aef740098628d299161150c826005831eadd2,80041a019a51c1f914d20ffc21c55e1aa914c77955be7e9ec773633233791864,1,1,4.8328700039784067,4.3340436747278268,3.4249279436167113,0.24882770675360794,1.982300845335536,1.733473138581928,0.4988263292505799,1.4079420603616954,0.90911573111111554
Labour,CES0500000003,2,after_week_1,after_week_2,2026-03,Labour Bridge Ridge,2026-03-07,2026-03-14,f7b758ab5cd15f34035c7f85593761ad6610b9cf39f92cf30fe1302005238127,80f673451026065a08158f9ad45264f9545624108dcbb152c0a0a194392e4665,1,1,2.8927294040249407,4.8052098272888815,4.7453606234694519,3.6575813693678221,3.4322424352604566,-0.2253389341073655,1.9124804232639407,1.8526312194445111,-0.059849203819429597
Labour,CES0500000003,2,after_week_1,after_week_2,2026-04,Labour Bridge Ridge,2026-04-07,2026-04-14,756f7615f928dae9df0542acd7dbc63ca7013dc60608c838446f6205be7d8080,8629ac2b41f90c9aeeb10f8c512b4f6fab7ad55f787730548b9a49b370b1d2da,1,1,1.9261641374738403,4.0637489000984699,4.0068078152780089,4.5692686174049939,4.3290781139864567,-0.2401905034185372,2.1375847626246296,2.0806436778041686,-0.056941084820461008
Labour,CES0500000003,2,after_week_1,after_week_2,2026-05,Labour Bridge Ridge,2026-05-07,2026-05-14,c1a70b31504609df70e57a8900964825b53d74c5d0f5fd5f3c774df3b96ba5b0,0caf7bc06b0509c09b64ca8b897e8f5a13585e8a2ebddb51be170b64ab40ea7f,1,1,3.8430777442499675,4.3192730920287046,4.5045176025526468,0.22676200924611234,0.43750268615146842,0.21074067690535608,0.47619534777873707,0.66143985830267926,0.1852445105239422
Labour,CES0500000003,2,after_week_1,after_week_2,2026-06,Labour Bridge Ridge,2026-06-07,2026-06-14,8784239341aa001ab1647806c07a3f0361b1419a04dfa39baa7e045cd22234ad,3e5fe4178128c4c9c691c210afb5c33042b4f830dfae2cf299efd5ce99376254,1,1,4.1517007480594614,3.7528679506671478,3.7304815449600017,0.15906760027577826,0.17742561705974388,0.018358016783965619,0.39883279739231359,0.4212192030994597,0.022386405707146118
Labour,CES0500000003,3,after_week_2,month_end,2023-02,Labour Bridge Ridge,2023-02-14,2023-02-28,8493c3522808cec4223f6f3d60cef7f8cb31652eb221cdb7aeb18631eac2e8ad,6279ba25f52d576567d18e8c8d0c041afe74443b1991c4639a039fa121bde214,1,1,2.9046912821033999,2.8611715090271082,2.8216062599893368,0.001893970648611927,0.0069031208996943542,0.005009150251082427,0.043519773076291735,0.083085022114063101,0.039565249037771366
Labour,CES0500000003,3,after_week_2,month_end,2023-03,Labour Bridge Ridge,2023-03-14,2023-03-31,20c40afbcca5c648db06a4273bcffc60ee94d000b3934a3793b1cb51918278bb,97c2667ce008751c1b7129bd44acbe9aa35adf09d5459c5a81e6a34249711428,1,1,3.2593953945330156,4.3777331480532453,4.4795914452305059,1.2506793309486739,1.4888784021377521,0.23819907118907824,1.1183377535202297,1.2201960506974903,0.10185829717726058
Labour,CES0500000003,3,after_week_2,month_end,2023-04,Labour Bridge Ridge,2023-04-14,2023-04-30,67ee23bbaa58d22cbf3c8878e5129f497073227cf66af8559e3990e7ed85be3f,e811f526b64f8e7326cd3d36e4d2062d605e0421fec2fb11ecf8d12b27b2c893,1,1,5.7692418817232749,4.6016604797866218,4.721887007320352,1.3632463301483602,1.0969522329355623,-0.26629409721279784,1.1675814019366531,1.0473548744029229,-0.1202265275337302
Labour,CES0500000003,3,after_week_2,month_end,2023-05,Labour Bridge Ridge,2023-05-14,2023-05-31,b003a900f1a4b4c48d303b15f513372ec6de625c0248d6c2eaa4985d38abb73e,47a3ec2530f58d9c3b9b533370d871a212d295cc2d8510e172b9cf67c635cc4e,1,1,3.9538750762231345,4.0405991092466227,4.1368184994044901,0.0075210579038590703,0.033468296085312557,0.025947238181453489,0.08672403302348819,0.18294342318135559,0.096219390157867402
Labour,CES0500000003,3,after_week_2,month_end,2023-06,Labour Bridge Ridge,2023-06-14,2023-06-30,734ba86a6992f197f3ad1bf69bd17c3d9183d762c13d6d479bb70ac3ab3b0c76,84395dc96d4f2a5c9468cb5755d3d1d33991b8259cb83f65753aa4f99fc85048,1,1,4.2959473088599154,4.2701582480648703,4.3250479850280374,0.00066507565669053019,0.00084684935344190746,0.00018177369675137728,0.02578906079504506,0.029100676168122064,0.0033116153730770037
Labour,CES0500000003,3,after_week_2,month_end,2023-07,Labour Bridge Ridge,2023-07-14,2023-07-31,e4811844862e309cfc8322d765ffa7a257731b6fe4cf0af7302c064d6f2e7608,fbc319d6b5ac0fd2775cd9c76bd4dcd8de1f4360e65a63d4718ace7671787554,1,1,4.9896121783962855,5.3861473407917533,5.2227400536978594,0.15724013501600004,0.054348606242626225,-0.10289152877337382,0.39653516239546782,0.23312787530157397,-0.16340728709389385
Labour,CES0500000003,3,after_week_2,month_end,2023-08,Labour Bridge Ridge,2023-08-14,2023-08-31,ded400bd99d0525f109e312456fba5df514a4d773b390ecc853d70110c30193b,98f13c26d07eaf0eb0e880cd715440adc3fbae7968b44b9231773834cccf4443,1,1,2.8419196231345367,4.3343772081684131,4.4318535078284107,2.2274296431251503,2.527889757697753,0.30046011457260269,1.4924575850338764,1.589933884693874,0.097476299659997601
Labour,CES0500000003,3,after_week_2,month_end,2023-09,Labour Bridge Ridge,2023-09-14,2023-09-30,b92020924c9b8daef618fd1bf659b4548d6867910f86e626465a464ba71cce2d,67078a8f26e3a5e1d4f32ab4069129481cef2e548278a60daddb0f9108f5e2ed,1,1,2.4819036768708003,5.3155740159421079,5.1211384729257947,8.0296875905325003,6.965560308707448,-1.0641272818250522,2.8336703390713076,2.6392347960549944,-0.19443554301631316
Labour,CES0500000003,3,after_week_2,month_end,2023-10,Labour Bridge Ridge,2023-10-14,2023-10-31,c8bb26bc6ccd1e562376422f23b273f0897968f271d71fef3c2c57267c55258c,dafc9e6a287c630203f0500d569d359231ed7e0bc3cadecea74f0289ddd91749,1,1,2.473134984027503,4.4201485844702617,4.7231076588512266,3.7908619603090745,5.0623770374534214,1.2715150771443469,1.9470136004427587,2.2499726748237237,0.30295907438096492
Labour,CES0500000003,3,after_week_2,month_end,2023-11,Labour Bridge Ridge,2023-11-14,2023-11-30,f5c0f612dc58e9016dc44763f1e1b02ededc60d3770a17e50bdb3572bb610a1c,699604e989d8b352ecf5a2746628df7956010c4a22358acf6525a9a470e4964b,1,1,4.230321654821978,5.0648064507304049,4.8889280362340122,0.69636487460232899,0.43376236563665388,-0.26260250896567511,0.83448479590842695,0.6586063814120342,-0.17587841449639274
Labour,CES0500000003,3,after_week_2,month_end,2023-12,Labour Bridge Ridge,2023-12-14,2023-12-31,aff022967a092f45ea0cc83de606b7add419d69251ad673c8850e401433d4a81,276f8d1dd873542255063c66d57a96bd3f3eb179ef1c67bd1b2b9304a8d82da6,1,1,5.2639359156470888,3.2656347508094248,3.1472816189076473,3.9932075453915652,4.4802254119055398,0.48701786651397461,1.9983011648376641,2.1166542967394415,0.11835313190177743
Labour,CES0500000003,3,after_week_2,month_end,2024-01,Labour Bridge Ridge,2024-01-14,2024-01-31,4137aca638b70cbdb714544313f398ba6149872c41a12595f85b84fec079499b,8b7ca7ee27539c100809fb99a89db4363c964d7ce55b3e34fa72dabf6ba8438d,1,1,6.6173437171489269,4.0234149166767645,3.97597570668262,6.7284666219189511,6.9768249667147364,0.24835834479578534,2.5939288004721623,2.6413680104663069,0.047439209994144527
Labour,CES0500000003,3,after_week_2,month_end,2024-02,Labour Bridge Ridge,2024-02-14,2024-02-29,e66a3d829626762dc37bc2abaef61abbae0b316e83b458eb9e862f6e10aab1d2,04841ef40dafcdc536a79240e7a22a4ea8336419419f1ec8074618f2a3963450,1,1,1.7368652619673242,3.9018671705830892,4.0607238501606098,4.6872332643099055,5.4003187379196902,0.71308547360978469,2.165001908615765,2.3238585881932856,0.15885667957752059
Labour,CES0500000003,3,after_week_2,month_end,2024-03,Labour Bridge Ridge,2024-03-14,2024-03-31,6082a0e5af4d013b8a575a7e0c2f72c977bf815d00f07e82c024da13b8dbdd8c,d8f9cec934588cef4f635943e0a3012b5d783790202aef237ba7b866779390e9,1,1,4.1582484577501688,5.0738806579658728,4.948933883608416,0.83838232607185104,0.62518344266463777,-0.21319888340721327,0.91563220021570402,0.79068542585824719,-0.12494677435745682
Labour,CES0500000003,3,after_week_2,month_end,2024-04,Labour Bridge Ridge,2024-04-14,2024-04-30,f361a111d81ddea7281c1841c3e7377ead6751e7738e314e5c5a783bd67b93a7,c8a398c207425212c887b26d5dbe108904be6744256a227a3bf1b8630afe050c,1,1,2.4197041181523105,4.3833625457826564,4.4812860733306907,3.8559544204036826,4.2501201579171131,0.39416573751343043,1.9636584276303459,2.0615819551783803,0.09792352754803435
Labour,CES0500000003,3,after_week_2,month_end,2024-05,Labour Bridge Ridge,2024-05-14,2024-05-31,8aaa812faa2efa57d1e16617bd809a906549a3d52532e4eb2aa5a91bf3174426,4c4446c658be80fb35aa570dec5ca427851a31b7ddfe358ae6a03c9b0edc48ec,1,1,4.822050116609411,4.7123856525357537,4.6774991093507801,0.012026294680562464,0.020894993699484766,0.0088686990189223019,0.10966446407365726,0.1445510072586309,0.03488654318497364
Labour,CES0500000003,3,after_week_2,month_end,2024-06,Labour Bridge Ridge,2024-06-14,2024-06-30,5b118d1a38fdc61e0354d414940750989584533b032f3ebc5108ce5237a83dda,66b68196eefe79db940752639d613747ca2ba48e5ea9ffb2463ea72cace78419,1,1,3.4334787372383602,4.8900505351465178,4.8932934743759011,2.1216014024614029,2.1310590667639477,0.0094576643025447993,1.4565717979081576,1.459814737137541,0.0032429392293833459
Labour,CES0500000003,3,after_week_2,month_end,2024-07,Labour Bridge Ridge,2024-07-14,2024-07-31,b9d9d06b76243fbeb3e3c4f0ee993d001c65ada355bcca8b593fcb3afbe8683b,c3a0cfd07a89a9461ffab86252ae088529cb2362cc99b544dee29cdc48adf2f6,1,1,2.7405093269878833,5.8931292227355971,5.3828498645496916,9.9390122070643265,6.9819635164424261,-2.9570486906219005,3.1526198957477138,2.6423405375618083,-0.51027935818590553
Labour,CES0500000003,3,after_week_2,month_end,2024-08,Labour Bridge Ridge,2024-08-14,2024-08-31,68ab36fad37d8d08cf9611ee2be678ce8b335aca49799811a4838a7bdc8c0a82,732c63f7ec21aca5181fcbf6a7ce6e57eecc05a6e05ae98f806fe33824c84b98,1,1,4.7808828178496299,4.9042901759344675,4.6289801535859159,0.015229376029479333,0.023074419410414618,0.0078450433809352845,0.1234073580848376,0.15190266426371402,0.028495306178876412
Labour,CES0500000003,3,after_week_2,month_end,2024-09,Labour Bridge Ridge,2024-09-14,2024-09-30,814ee909d35ffc640fcbea52b33bfdb18fdaecd4e09d342999f2426fec159eec,01cfebddb7a8f5d4de9b24b54aa2c3119e470edbe7ad3c651429945bc92b3825,1,1,4.4198944995560652,4.1828840590099468,4.0253638419365094,0.056173948927865133,0.15565443980171911,0.09948049087385398,0.23701044054611842,0.39453065761955575,0.15752021707343733
Labour,CES0500000003,3,after_week_2,month_end,2024-10,Labour Bridge Ridge,2024-10-14,2024-10-31,61b8d5b40194c98196c5f929ef9c999e7e018da38356e02462e8016b1c5c8cb9,bb84d013a9a2a7b27d5fe0aa8e8d9395b3a3d825ace33a5cbb55efc1207025e5,1,1,4.4074071300096662,4.4829748224419284,4.5190197854652014,0.0057104761395369678,0.012457384857836018,0.0067469087182990498,0.075567692432262135,0.11161265545553523,0.036044963023273091
Labour,CES0500000003,3,after_week_2,month_end,2024-11,Labour Bridge Ridge,2024-11-14,2024-11-30,215c1be6722346fedf96008e93374abccf3a01c6c1ba6059675edd4b9ce324ea,47f401181e8f074bd710761ba1e46076c3e0995fa29431b0fde81a166a48cb18,1,1,4.3888078179692869,5.3630950984835994,5.3470482854956689,0.94923570497197474,0.91822479360517917,-0.031010911366795568,0.97428728051431257,0.95824046752638203,-0.016046812987930537
Labour,CES0500000003,3,after_week_2,month_end,2024-12,Labour Bridge Ridge,2024-12-14,2024-12-31,d3c3c0e7405a14727e41d886ce321ba0ab55bd204b29cf9a0eeaca5c20ea4ea8,761459f7a6b227c41ed280a4a05d2437356630df52b11dc143100317fe789afd,1,1,3.3670055759611017,4.486715895148107,4.3977539654580351,1.2537511988938652,1.0624422424505218,-0.19130895644334345,1.1197103191870053,1.0307483894969334,-0.088961929690071884
Labour,CES0500000003,3,after_week_2,month_end,2025-01,Labour Bridge Ridge,2025-01-14,2025-01-31,4b93e5cdf0425cd1cc7f61e84aa17c7dca1aaf5c8808b9ff6e9e159f8e2eb790,bc182377d8909f138a980f0f2af1a3b5342236e8fb97dc046d48ba4782727463,1,1,5.7007233103172794,3.4449177763657794,3.6821821722171739,5.0886586070062121,4.0745083262024693,-1.0141502808037428,2.2558055339515,2.0185411381001055,-0.23726439585139447
Labour,CES0500000003,3,after_week_2,month_end,2025-02,Labour Bridge Ridge,2025-02-14,2025-02-28,22b8da27f748fc8795008423c52ac6d06223d40a9b614318c2cdfde7d1a7f7e4,008dc5003c888083c121f90abe86553ff4e5ca7037c97c44fa1bdda536129088,1,1,3.3444837702777619,4.4961503585404872,4.5124666204640596,1.3263359305207056,1.3641839383293075,0.037848007808601869,1.1516665882627253,1.1679828501862977,0.016316261923572384
Labour,CES0500000003,3,after_week_2,month_end,2025-03,Labour Bridge Ridge,2025-03-14,2025-03-31,9cf450f9b31e54e708500e903cf3587e84972f39f67c485e2e322be211f2980e,bc04457d4517591c1730c971e9ba798296295a2942edca566dc5fb768e1ee180,1,1,3.0037562617421187,5.5338945909631274,5.4738373182977185,6.4015999649932773,6.101300425954828,-0.3002995390384493,2.5301383292210087,2.4700810565555997,-0.060057272665408945
Labour,CES0500000003,3,after_week_2,month_end,2025-04,Labour Bridge Ridge,2025-04-14,2025-04-30,9a23e979555fdbc6d14c6e1f43c1d3c6518de5890fe29d3f9aa359c8ccdec8a4,6dcf1b1fbb1683899ae0571023bb9a23c38b5900f187f0d317ccba88c6a32075,1,1,1.9983351828734897,4.6502271282151124,4.5555120193722685,7.0325308897677763,6.5391533731259024,-0.4933775166418739,2.6518919453416228,2.5571768364987788,-0.094715108842843954
Labour,CES0500000003,3,after_week_2,month_end,2025-05,Labour Bridge Ridge,2025-05-14,2025-05-31,213c183aeee6eec37fe9f7d97708b57570c27ee87cfb24ea035a6736a5562a7f,8814e19f98ccf79260e2df771557f49f21b55de93e6451e4f28fc8adfb2e4008,1,1,4.9771950240979024,4.3155713860167655,4.3809185253680454,0.43774583846771919,0.35554566293753714,-0.082200175530182051,0.66162363808113689,0.596276498729857,-0.065347139351279893
Labour,CES0500000003,3,after_week_2,month_end,2025-06,Labour Bridge Ridge,2025-06-14,2025-06-30,2564788b5d1c10d7b86de0010b313903faea9132d4a494b277bcf0770590cc5b,7b456dd2caa6006bbe768b4f8f087f1aeecd143f3c5cc3fa1bebc2b73e5c09d3,1,1,2.6475465786454322,4.2335978611917593,4.2946911205697118,2.5155586708668491,2.7130851419909447,0.1975264711240956,1.5860512825463271,1.6471445419242796,0.061093259377952513
Labour,CES0500000003,3,after_week_2,month_end,2025-07,Labour Bridge Ridge,2025-07-14,2025-07-31,1d642d82148daeb467d53ad4ca7cb5a0683458f104637af0db56793bf314b3b7,4d961af8bf48247227b9886247f41c6245bc2a7c214e9b6a5e509260eb549c2a,1,1,3.9582223903979141,4.630053516691941,4.0662229597189627,0.45135706225750066,0.011664122973670629,-0.43969293928383002,0.67183112629402686,0.10800056932104862,-0.56383055697297824
Labour,CES0500000003,3,after_week_2,month_end,2025-08,Labour Bridge Ridge,2025-08-14,2025-08-31,c3f066641b9fa527f7df4b280e9f7960a407b74c79d35fc133459acfda7eae9c,6c62b6995120e86b0d022a54a9fe4b3b17a236c6a063d185b725ab3453847f74,1,1,3.2894757440626421,4.0795713426932405,4.0611020436210481,0.62425105497544364,0.59540714617019896,-0.028843908805244678,0.79009559863059842,0.771626299558406,-0.018469299072192413
Labour,CES0500000003,3,after_week_2,month_end,2025-09,Labour Bridge Ridge,2025-09-14,2025-09-30,fb1375351bcb66a8ebe84262496380f7546d5de53dce37c8bb491382c2e5a504,8370e6bddaf1ac9bdd5f8039854e4d3bf31c27979ed1408ff01f7f76beffc2e6,1,1,2.948806944617921,4.5596450810551374,4.5058945716299519,2.5947995018005243,2.4245218781939575,-0.17027762360656684,1.6108381364372164,1.5570876270120309,-0.053750509425185555
Labour,CES0500000003,3,after_week_2,month_end,2025-10,Labour Bridge Ridge,2025-10-14,2025-10-31,fb99f5e2d83988b21675b8e517a9d2ad3e1e5dbf58c99242db9372de579fc9de,9de3aa1627a6c212eec7e285c9949b1a9f5f06e5b9d4a1f7141ab72ba522eb0a,1,1,5.2273428699233904,4.2842602476838998,4.2842602476838998,0.8894048323701137,0.8894048323701137,0,0.94308262223949058,0.94308262223949058,0
Labour,CES0500000003,3,after_week_2,month_end,2025-11,Labour Bridge Ridge,2025-11-14,2025-11-30,fce261c232d8f7fc7176fbc41f5bc9f760fd4c375ab1f47f68118cb00ac9f65f,0c896a2302e5e5210650a5bcc02de10294e49638d0e25e558104a6669ae65edd,1,1,1.6288858208966417,4.3292296776996322,4.2542172141739751,7.2918569449736497,6.8923649245275049,-0.39949202044614474,2.7003438568029905,2.6253313932773334,-0.075012463525657047
Labour,CES0500000003,3,after_week_2,month_end,2025-12,Labour Bridge Ridge,2025-12-14,2025-12-31,75d0ef6ecaab0a4dcc8eca7c1982f999d0fde8656a1445135f3843c530e18e15,17f9c04874b999f3808b7961e7affc0f1aac0cbea808e40e38082edb0d6d1831,1,1,3.8961073186440487,3.4944199351408036,3.6240728840298893,0.16135275406568308,0.07400273361584539,-0.087350020449837695,0.40168738350324507,0.27203443461415944,-0.12965294888908563
Labour,CES0500000003,3,after_week_2,month_end,2026-01,Labour Bridge Ridge,2026-01-14,2026-01-31,f5b2998c2021fe2be01a4d559269087f59f319630d1c9c4e67dbf8d0e0073a04,5be923ed610a63b5e8d0127b7176fb220b55dd1a9efc221ebe5f38b499ee9a2d,1,1,4.8524125965711207,4.6325235518607037,4.7045142980798431,0.048351191983659732,0.021873906696615035,-0.026477285287044697,0.21988904471041693,0.14789829849127756,-0.071990746219139368
Labour,CES0500000003,3,after_week_2,month_end,2026-02,Labour Bridge Ridge,2026-02-14,2026-02-28,80041a019a51c1f914d20ffc21c55e1aa914c77955be7e9ec773633233791864,da7fe850311202997c3df1f480d1ecd82e7a36fa5c90ab9bc02c6f4e527081cf,1,1,4.8328700039784067,3.4249279436167113,3.5189868543128822,1.982300845335536,1.7262889309749991,-0.25601191436053683,1.4079420603616954,1.3138831496655246,-0.094058910696170894
Labour,CES0500000003,3,after_week_2,month_end,2026-03,Labour Bridge Ridge,2026-03-14,2026-03-31,80f673451026065a08158f9ad45264f9545624108dcbb152c0a0a194392e4665,0b3941461f2aa9c93166e499ca454e286199ed8cb9170c88f5a48c886b779fc5,1,1,2.8927294040249407,4.7453606234694519,4.2078408685129798,3.4322424352604566,1.7295181640278747,-1.7027242712325819,1.8526312194445111,1.3151114644880391,-0.53751975495647208
Labour,CES0500000003,3,after_week_2,month_end,2026-04,Labour Bridge Ridge,2026-04-14,2026-04-30,8629ac2b41f90c9aeeb10f8c512b4f6fab7ad55f787730548b9a49b370b1d2da,e9b2931657ea7e2c64fdec1868969d68b6fa4f0098307b891f6492385ff27cfe,1,1,1.9261641374738403,4.0068078152780089,4.2189885708044104,4.3290781139864567,5.2570438820776495,0.9279657680911928,2.0806436778041686,2.2928244333305701,0.21218075552640148
Labour,CES0500000003,3,after_week_2,month_end,2026-05,Labour Bridge Ridge,2026-05-14,2026-05-31,0caf7bc06b0509c09b64ca8b897e8f5a13585e8a2ebddb51be170b64ab40ea7f,1a433339712659ccc8304b58487b1d8576405e57dfadf386daff065d937734e8,1,1,3.8430777442499675,4.5045176025526468,4.6210989778755094,0.43750268615146842,0.60531703997220998,0.16781435382074156,0.66143985830267926,0.77802123362554187,0.11658137532286261
Labour,CES0500000003,3,after_week_2,month_end,2026-06,Labour Bridge Ridge,2026-06-14,2026-06-30,3e5fe4178128c4c9c691c210afb5c33042b4f830dfae2cf299efd5ce99376254,cfc5d3f5304c510ad3b5c71a0b1da69b55da82e144777d9838460b3ef80935bd,1,1,4.1517007480594614,3.7304815449600017,3.7537641974488336,0.17742561705974388,0.15835349831188475,-0.019072118747859135,0.4212192030994597,0.39793655061062783,-0.023282652488831879
Labour,CES0500000003,4,month_end,pre_employment_report,2023-02,Labour Bridge Ridge,2023-02-28,2023-03-09,6279ba25f52d576567d18e8c8d0c041afe74443b1991c4639a039fa121bde214,ea1953db71ea93329228e0be21b528f4229ee4087001f532d032e7c08430992a,1,1,2.9046912821033999,2.8216062599893368,2.495662697586452,0.0069031208996943542,0.167304382951938,0.16040126205224364,0.083085022114063101,0.4090285845169479,0.3259435624028848
Labour,CES0500000003,4,month_end,pre_employment_report,2023-03,Labour Bridge Ridge,2023-03-31,2023-04-06,97c2667ce008751c1b7129bd44acbe9aa35adf09d5459c5a81e6a34249711428,c56eac5a7e701385dda0a1d390a232e05d0df7e0b23351958797c02c8a6db216,1,1,3.2593953945330156,4.4795914452305059,4.7904572791224913,1.4888784021377521,2.344150494442677,0.85527209230492485,1.2201960506974903,1.5310618845894757,0.31086583389198541
Labour,CES0500000003,4,month_end,pre_employment_report,2023-04,Labour Bridge Ridge,2023-04-30,2023-05-04,e811f526b64f8e7326cd3d36e4d2062d605e0421fec2fb11ecf8d12b27b2c893,a45b23477f7ad3211864f8b90308b33a3f4a5dcbe3bc716e61bd4072869944fa,1,1,5.7692418817232749,4.721887007320352,4.4410016384813353,1.0969522329355623,1.7642221437674068,0.6672699108318445,1.0473548744029229,1.3282402432419396,0.28088536883901671
Labour,CES0500000003,4,month_end,pre_employment_report,2023-05,Labour Bridge Ridge,2023-05-31,2023-06-01,47a3ec2530f58d9c3b9b533370d871a212d295cc2d8510e172b9cf67c635cc4e,780a896b5ae77b003c614f12ec4890201f28be64859fea0aac6731484376ca2e,1,1,3.9538750762231345,4.1368184994044901,4.1303543047904157,0.033468296085312557,0.031144918115702663,-0.0023233779696098938,0.18294342318135559,0.17647922856728115,-0.0064641946140744366
Labour,CES0500000003,4,month_end,pre_employment_report,2023-06,Labour Bridge Ridge,2023-06-30,2023-07-06,84395dc96d4f2a5c9468cb5755d3d1d33991b8259cb83f65753aa4f99fc85048,bf8f19819a871ad1c1d1cd6fc4b976ae7385ba2db41b40831f7e51fb5f1e5a12,1,1,4.2959473088599154,4.3250479850280374,3.8812457979022508,0.00084684935344190746,0.17197734319057001,0.17113049383712811,0.029100676168122064,0.41470151095766461,0.38560083478954255
Labour,CES0500000003,4,month_end,pre_employment_report,2023-07,Labour Bridge Ridge,2023-07-31,2023-08-03,fbc319d6b5ac0fd2775cd9c76bd4dcd8de1f4360e65a63d4718ace7671787554,1fbb51fcff7e9a26b23c58e68f7f791da8a62fbf6323c2c5f244c8a399327bee,1,1,4.9896121783962855,5.2227400536978594,5.3246926417922849,0.054348606242626225,0.11227891694967769,0.057930310707051465,0.23312787530157397,0.3350804633959994,0.10195258809442542
Labour,CES0500000003,4,month_end,pre_employment_report,2023-08,Labour Bridge Ridge,2023-08-31,2023-08-31,98f13c26d07eaf0eb0e880cd715440adc3fbae7968b44b9231773834cccf4443,98f13c26d07eaf0eb0e880cd715440adc3fbae7968b44b9231773834cccf4443,0,0,2.8419196231345367,4.4318535078284107,4.4318535078284107,2.527889757697753,2.527889757697753,0,1.589933884693874,1.589933884693874,0
Labour,CES0500000003,4,month_end,pre_employment_report,2023-09,Labour Bridge Ridge,2023-09-30,2023-10-05,67078a8f26e3a5e1d4f32ab4069129481cef2e548278a60daddb0f9108f5e2ed,28723410f143be952a4248168e4ee6e9eacf07eb0d4d374ff5b2e1472ee4ed0b,1,1,2.4819036768708003,5.1211384729257947,5.6098979912684213,6.965560308707448,9.7843484309038438,2.8187881221963957,2.6392347960549944,3.127994314397621,0.48875951834262654
Labour,CES0500000003,4,month_end,pre_employment_report,2023-10,Labour Bridge Ridge,2023-10-31,2023-11-02,dafc9e6a287c630203f0500d569d359231ed7e0bc3cadecea74f0289ddd91749,d4fe0e651754d4e46172c21d3bfe0cc37f332928bbeddc93a54c9d86da74dfec,1,1,2.473134984027503,4.7231076588512266,4.3408671123017308,5.0623770374534214,3.4884233029877767,-1.5739537344656447,2.2499726748237237,1.8677321282742279,-0.3822405465494958
Labour,CES0500000003,4,month_end,pre_employment_report,2023-11,Labour Bridge Ridge,2023-11-30,2023-12-07,699604e989d8b352ecf5a2746628df7956010c4a22358acf6525a9a470e4964b,48c8b1e298d62e2347ce60adc394dbf07031c5fc7ede397c06bc43220de5f2cf,1,1,4.230321654821978,4.8889280362340122,4.4756092228806201,0.43376236563665388,0.060165991044123006,-0.37359637459253087,0.6586063814120342,0.24528756805864216,-0.41331881335339204
Labour,CES0500000003,4,month_end,pre_employment_report,2023-12,Labour Bridge Ridge,2023-12-31,2024-01-04,276f8d1dd873542255063c66d57a96bd3f3eb179ef1c67bd1b2b9304a8d82da6,c5e56cffe44735191f46e496aa0b24ddf4cd493263fa7c72f17608600b8da4fa,1,1,5.2639359156470888,3.1472816189076473,3.3118551151845863,4.4802254119055398,3.8106194515343246,-0.66960596037121523,2.1166542967394415,1.9520808004625025,-0.16457349627693896
Labour,CES0500000003,4,month_end,pre_employment_report,2024-01,Labour Bridge Ridge,2024-01-31,2024-02-01,8b7ca7ee27539c100809fb99a89db4363c964d7ce55b3e34fa72dabf6ba8438d,3701b2b60e17f3a387ae6dd4e9bc665cc172f5749b445cec879e69b5b005416e,1,1,6.6173437171489269,3.97597570668262,4.0786884614138135,6.9768249667147364,6.4447705074715138,-0.53205445924322259,2.6413680104663069,2.5386552557351134,-0.10271275473119346
Labour,CES0500000003,4,month_end,pre_employment_report,2024-02,Labour Bridge Ridge,2024-02-29,2024-03-07,04841ef40dafcdc536a79240e7a22a4ea8336419419f1ec8074618f2a3963450,a8ee776c9f04382a27263870e48955c258b313cab6154421801a9a3c9d2d95cf,1,1,1.7368652619673242,4.0607238501606098,4.1930902637635725,5.4003187379196902,6.0330412594489804,0.6327225215292902,2.3238585881932856,2.4562250017962484,0.13236641360296275
Labour,CES0500000003,4,month_end,pre_employment_report,2024-03,Labour Bridge Ridge,2024-03-31,2024-04-04,d8f9cec934588cef4f635943e0a3012b5d783790202aef237ba7b866779390e9,3c614a922141ff47ddcbb53904e11bec16d45036125079e935570cd818d20308,1,1,4.1582484577501688,4.948933883608416,5.1306366705577133,0.62518344266463777,0.9455388364070505,0.32035539374241273,0.79068542585824719,0.97238821280754451,0.18170278694929731
Labour,CES0500000003,4,month_end,pre_employment_report,2024-04,Labour Bridge Ridge,2024-04-30,2024-05-02,c8a398c207425212c887b26d5dbe108904be6744256a227a3bf1b8630afe050c,c19c383bf66ea97e8440e09bbf68fb6cae777bb3d7dda974dc99d85629750969,1,1,2.4197041181523105,4.4812860733306907,4.2509648958409265,4.2501201579171131,3.3535160359007148,-0.89660412201639828,2.0615819551783803,1.8312607776886161,-0.23032117748976422
Labour,CES0500000003,4,month_end,pre_employment_report,2024-05,Labour Bridge Ridge,2024-05-31,2024-06-06,4c4446c658be80fb35aa570dec5ca427851a31b7ddfe358ae6a03c9b0edc48ec,e5739ff7426bc2d03e33812e3dc053aafe2e99bdd80ee86b4d90b7ea686d5a11,1,1,4.822050116609411,4.6774991093507801,4.8742257995557372,0.020894993699484766,0.0027223018909155591,-0.018172691808569206,0.1445510072586309,0.052175682946326241,-0.092375324312304663
Labour,CES0500000003,4,month_end,pre_employment_report,2024-06,Labour Bridge Ridge,2024-06-30,2024-07-04,66b68196eefe79db940752639d613747ca2ba48e5ea9ffb2463ea72cace78419,6497673dc139911c57af9fc6a34db5905086eb186e0aca8fadc5040ec52000fe,1,1,3.4334787372383602,4.8932934743759011,5.1901703146039724,2.1310590667639477,3.0859652979872827,0.95490623122333496,1.459814737137541,1.7566915773656122,0.29687684022807126
Labour,CES0500000003,4,month_end,pre_employment_report,2024-07,Labour Bridge Ridge,2024-07-31,2024-08-01,c3a0cfd07a89a9461ffab86252ae088529cb2362cc99b544dee29cdc48adf2f6,1cb149f34c3a59f532e4c49889de041b32bf26f923648d832d4fb47e89fccca4,1,1,2.7405093269878833,5.3828498645496916,5.3994618288384562,6.9819635164424261,7.0700284070974204,0.088064890654994343,2.6423405375618083,2.6589525018505729,0.016611964288764547
Labour,CES0500000003,4,month_end,pre_employment_report,2024-08,Labour Bridge Ridge,2024-08-31,2024-09-05,732c63f7ec21aca5181fcbf6a7ce6e57eecc05a6e05ae98f806fe33824c84b98,24a267aaceb23a104c9ca97b400f9fb58668961c2456c19611e82d7266e00b5e,1,1,4.7808828178496299,4.6289801535859159,4.4995755135661604,0.023074419410414618,0.079133799443232497,0.056059380032817879,0.15190266426371402,0.28130730428346951,0.12940464001975549
Labour,CES0500000003,4,month_end,pre_employment_report,2024-09,Labour Bridge Ridge,2024-09-30,2024-10-03,01cfebddb7a8f5d4de9b24b54aa2c3119e470edbe7ad3c651429945bc92b3825,85384614c03de2ae9110b37baa3cac585f55f2fcf76aaaa0322fc5ef4b037c14,1,1,4.4198944995560652,4.0253638419365094,3.8532581538655437,0.15565443980171911,0.32107674825750815,0.16542230845578904,0.39453065761955575,0.56663634569052146,0.17210568807096571
Labour,CES0500000003,4,month_end,pre_employment_report,2024-10,Labour Bridge Ridge,2024-10-31,2024-10-31,bb84d013a9a2a7b27d5fe0aa8e8d9395b3a3d825ace33a5cbb55efc1207025e5,bb84d013a9a2a7b27d5fe0aa8e8d9395b3a3d825ace33a5cbb55efc1207025e5,0,0,4.4074071300096662,4.5190197854652014,4.5190197854652014,0.012457384857836018,0.012457384857836018,0,0.11161265545553523,0.11161265545553523,0
Labour,CES0500000003,4,month_end,pre_employment_report,2024-11,Labour Bridge Ridge,2024-11-30,2024-12-05,47f401181e8f074bd710761ba1e46076c3e0995fa29431b0fde81a166a48cb18,8508c1e46daa20337ca3613a5e44f3d99c40f85a4a8627509a10a97d7b3f22b7,1,1,4.3888078179692869,5.3470482854956689,5.9281324415601535,0.91822479360517917,2.3695202967931634,1.4512955031879842,0.95824046752638203,1.5393246235908666,0.5810841560644846
Labour,CES0500000003,4,month_end,pre_employment_report,2024-12,Labour Bridge Ridge,2024-12-31,2025-01-09,761459f7a6b227c41ed280a4a05d2437356630df52b11dc143100317fe789afd,a9d997314e99be04688b87f0fa8abb96895adeb156522b3fd9b3bf5733a710ce,1,1,3.3670055759611017,4.3977539654580351,3.735225092322171,1.0624422424505218,0.13558561222917978,-0.92685663022134201,1.0307483894969334,0.36821951636106931,-0.66252887313586406
Labour,CES0500000003,4,month_end,pre_employment_report,2025-01,Labour Bridge Ridge,2025-01-31,2025-02-06,bc182377d8909f138a980f0f2af1a3b5342236e8fb97dc046d48ba4782727463,d7a1933298a6c1eafdc265f1fcaef2b01689992bda7854961bda82dd6f236d48,1,1,5.7007233103172794,3.6821821722171739,3.792883083688261,4.0745083262024693,3.6398543303438644,-0.43465399585860487,2.0185411381001055,1.9078402266290184,-0.11070091147108707
Labour,CES0500000003,4,month_end,pre_employment_report,2025-02,Labour Bridge Ridge,2025-02-28,2025-03-06,008dc5003c888083c121f90abe86553ff4e5ca7037c97c44fa1bdda536129088,9ffd3f9202ace8cf1da7b1c03d131c29c1c9dd1d8971d2ee9f2081b84239a5a3,1,1,3.3444837702777619,4.5124666204640596,4.5348645828096394,1.3641839383293075,1.4170064788440531,0.052822540514745553,1.1679828501862977,1.1903808125318776,0.022397962345579892
Labour,CES0500000003,4,month_end,pre_employment_report,2025-03,Labour Bridge Ridge,2025-03-31,2025-04-03,bc04457d4517591c1730c971e9ba798296295a2942edca566dc5fb768e1ee180,31ea4c9aa3e553fd66fc90d0dd85528f33587c204bc8248b227aca4b2e36df5d,1,1,3.0037562617421187,5.4738373182977185,4.8413978588982705,6.101300425954828,3.3769266395986124,-2.7243737863562156,2.4700810565555997,1.8376415971561517,-0.63243945939944801
Labour,CES0500000003,4,month_end,pre_employment_report,2025-04,Labour Bridge Ridge,2025-04-30,2025-05-01,6dcf1b1fbb1683899ae0571023bb9a23c38b5900f187f0d317ccba88c6a32075,75104d601135eddf8c1e3b6c360c34a122a3c061b69b7fae10f981935160c092,1,1,1.9983351828734897,4.5555120193722685,4.5938305415070761,6.5391533731259024,6.7365961566884893,0.19744278356258693,2.5571768364987788,2.5954953586335865,0.038318522134807687
Labour,CES0500000003,4,month_end,pre_employment_report,2025-05,Labour Bridge Ridge,2025-05-31,2025-06-05,8814e19f98ccf79260e2df771557f49f21b55de93e6451e4f28fc8adfb2e4008,67b0243a3d7a58d67ae63e1e4f7c7e9ac44ec4b6923aa2f940a86dde6890a140,1,1,4.9771950240979024,4.3809185253680454,4.4020381842706371,0.35554566293753714,0.3308053904000865,-0.024740272537450647,0.596276498729857,0.57515683982726529,-0.021119658902591709
Labour,CES0500000003,4,month_end,pre_employment_report,2025-06,Labour Bridge Ridge,2025-06-30,2025-07-02,7b456dd2caa6006bbe768b4f8f087f1aeecd143f3c5cc3fa1bebc2b73e5c09d3,78d55cfdf9cd0d23d2462d64acbbde0fa06facc98833bfd6d481ac34ca86290b,1,1,2.6475465786454322,4.2946911205697118,4.3569246720179384,2.7130851419909447,2.9219734661018246,0.20888832411087987,1.6471445419242796,1.7093780933725062,0.062233551448226621
Labour,CES0500000003,4,month_end,pre_employment_report,2025-07,Labour Bridge Ridge,2025-07-31,2025-07-31,4d961af8bf48247227b9886247f41c6245bc2a7c214e9b6a5e509260eb549c2a,4d961af8bf48247227b9886247f41c6245bc2a7c214e9b6a5e509260eb549c2a,0,0,3.9582223903979141,4.0662229597189627,4.0662229597189627,0.011664122973670629,0.011664122973670629,0,0.10800056932104862,0.10800056932104862,0
Labour,CES0500000003,4,month_end,pre_employment_report,2025-08,Labour Bridge Ridge,2025-08-31,2025-09-04,6c62b6995120e86b0d022a54a9fe4b3b17a236c6a063d185b725ab3453847f74,bc9a81409939e0bfa9d677aeb16622edab37721b5b13a6522d9bb51234d21353,1,1,3.2894757440626421,4.0611020436210481,4.1016048200573509,0.59540714617019896,0.65955363607601958,0.064146489905820614,0.771626299558406,0.81212907599470885,0.040502776436302845
Labour,CES0500000003,4,month_end,pre_employment_report,2025-09,Labour Bridge Ridge,2025-09-30,2025-11-19,8370e6bddaf1ac9bdd5f8039854e4d3bf31c27979ed1408ff01f7f76beffc2e6,5a7cfc6a74b6b09b4fa07ebbd9b0e05841092b974ddb2f28af3796f79fcda4f3,1,1,2.948806944617921,4.5058945716299519,4.5058945716299519,2.4245218781939575,2.4245218781939575,0,1.5570876270120309,1.5570876270120309,0
Labour,CES0500000003,4,month_end,pre_employment_report,2025-10,Labour Bridge Ridge,2025-10-31,2025-12-15,9de3aa1627a6c212eec7e285c9949b1a9f5f06e5b9d4a1f7141ab72ba522eb0a,f98a1afbb63fe46a326528c231b267a54ab54163e5726a6c2ac0f36fad7972c3,1,1,5.2273428699233904,4.2842602476838998,5.1084328958966783,0.8894048323701137,0.014139581923033348,-0.87526525044708037,0.94308262223949058,0.11890997402671211,-0.82417264821277847
Labour,CES0500000003,4,month_end,pre_employment_report,2025-11,Labour Bridge Ridge,2025-11-30,2025-12-15,0c896a2302e5e5210650a5bcc02de10294e49638d0e25e558104a6669ae65edd,f98a1afbb63fe46a326528c231b267a54ab54163e5726a6c2ac0f36fad7972c3,1,1,1.6288858208966417,4.2542172141739751,4.4843747832010497,6.8923649245275049,8.153817213842304,1.261452289314799,2.6253313932773334,2.855488962304408,0.23015756902707452
Labour,CES0500000003,4,month_end,pre_employment_report,2025-12,Labour Bridge Ridge,2025-12-31,2026-01-08,17f9c04874b999f3808b7961e7affc0f1aac0cbea808e40e38082edb0d6d1831,7f2574b0e02739ebd85c44cb6e8a029224cac4418bcd3f9b7fd238cef0330635,1,1,3.8961073186440487,3.6240728840298893,3.9023150444635224,0.07400273361584539,3.8535859849760521e-05,-0.073964197755995623,0.27203443461415944,0.0062077258194737084,-0.26582670879468573
Labour,CES0500000003,4,month_end,pre_employment_report,2026-01,Labour Bridge Ridge,2026-01-31,2026-02-10,5be923ed610a63b5e8d0127b7176fb220b55dd1a9efc221ebe5f38b499ee9a2d,fee22f4da32cbfc3f29b149dfc127e9e54c4e3051c2cf9b3852d4873286d2847,1,1,4.8524125965711207,4.7045142980798431,4.7767197465811426,0.021873906696615035,0.0057294075396053202,-0.016144499157009714,0.14789829849127756,0.07569284998997805,-0.072205448501299507
Labour,CES0500000003,4,month_end,pre_employment_report,2026-02,Labour Bridge Ridge,2026-02-28,2026-03-05,da7fe850311202997c3df1f480d1ecd82e7a36fa5c90ab9bc02c6f4e527081cf,36b785424159da4fdf5b6c9479a7b2a92ea365c14a7224f96e2d6728a732524f,1,1,4.8328700039784067,3.5189868543128822,3.5281787178182293,1.7262889309749991,1.7022193521822979,-0.024069578792701218,1.3138831496655246,1.3046912861601774,-0.0091918635053471753
Labour,CES0500000003,4,month_end,pre_employment_report,2026-03,Labour Bridge Ridge,2026-03-31,2026-04-02,0b3941461f2aa9c93166e499ca454e286199ed8cb9170c88f5a48c886b779fc5,45a17d7fe6bdfd8cff1f18fa59146367abf91a4f48b35e20fdf663b9168460ab,1,1,2.8927294040249407,4.2078408685129798,4.2141549314743498,1.7295181640278747,1.7461654245949492,0.01664726056707444,1.3151114644880391,1.3214255274494091,0.0063140629613700483
Labour,CES0500000003,4,month_end,pre_employment_report,2026-04,Labour Bridge Ridge,2026-04-30,2026-05-07,e9b2931657ea7e2c64fdec1868969d68b6fa4f0098307b891f6492385ff27cfe,c1a70b31504609df70e57a8900964825b53d74c5d0f5fd5f3c774df3b96ba5b0,1,1,1.9261641374738403,4.2189885708044104,4.3251006962190131,5.2570438820776495,5.7548966128841315,0.49785273080648196,2.2928244333305701,2.3989365587451728,0.10611212541460269
Labour,CES0500000003,4,month_end,pre_employment_report,2026-05,Labour Bridge Ridge,2026-05-31,2026-06-04,1a433339712659ccc8304b58487b1d8576405e57dfadf386daff065d937734e8,92a663192feec587f3176af523495241328ecabc278f467430e3efe81b876abe,1,1,3.8430777442499675,4.6210989778755094,4.6022403259986877,0.60531703997220998,0.57632782552738226,-0.028989214444827716,0.77802123362554187,0.7591625817487202,-0.018858651876821675
Labour,CES0500000003,4,month_end,pre_employment_report,2026-06,Labour Bridge Ridge,2026-06-30,2026-07-01,cfc5d3f5304c510ad3b5c71a0b1da69b55da82e144777d9838460b3ef80935bd,4ddd519170c9cffa44842a12fe5193c70298c5681d7a3335155c60f1a9b10bf1,1,1,4.1517007480594614,3.7537641974488336,3.7537641974488336,0.15835349831188475,0.15835349831188475,0,0.39793655061062783,0.39793655061062783,0
Labour,PAYEMS,1,month_open,after_week_1,2023-02,Labour Bridge Ridge,2023-02-01,2023-02-07,a625e8022d1833e223ee211a4d0dc372e5fd183c04740ebbcd8913bb57033a61,bb41d6dfe98a395523c37c474f213db161202a21d6b68c213d32b3cd9487d8ff,1,1,311,344.92089020795555,679.1298757406455,1150.6267925001748,135519.60541282309,134368.97862032292,33.920890207955551,368.1298757406455,334.20898553268995
Labour,PAYEMS,1,month_open,after_week_1,2023-03,Labour Bridge Ridge,2023-03-01,2023-03-07,9c677fcb35ec200fbad5da0c1d6f9f47034a0a3b1ada1b288239b7872f68ac41,04d542ce609f6ce78f4fb75c8c7f297a3a3521c22fa3383998fa70977d5761ee,1,1,236,318.92910184804663,332.03152352259525,6877.2359333236909,9222.0535100707657,2344.8175767470748,82.929101848046628,96.031523522595251,13.102421674548623
Labour,PAYEMS,1,month_open,after_week_1,2023-04,Labour Bridge Ridge,2023-04-01,2023-04-07,de14489ce738d0aa9d434beb29ac87c6b1c1045ae0496fb5e29591065aea364b,d6291ecb4244544f0603af35576d597cf0ad0e6af414b0dd4da59e14033b9d8b,1,1,253,235.82368759446274,-81.660840557629271,295.02570785261315,111997.87820273897,111702.85249488635,17.17631240553726,334.66084055762929,317.48452815209203
Labour,PAYEMS,1,month_open,after_week_1,2023-05,Labour Bridge Ridge,2023-05-01,2023-05-07,7f83bf8482e2c2930f8ac46371522cd54958a30311b96105be2e9af7368463e5,534bcacc239f9d9bc0ce2ecfc6f4243a4cb1d4205daaf6b49325cb9c542ba6dc,1,1,339,177.51988131687835,272.69465347658377,26075.828729915051,4396.3989775903055,-21679.429752324744,161.48011868312165,66.305346523416233,-95.174772159705412
Labour,PAYEMS,1,month_open,after_week_1,2023-06,Labour Bridge Ridge,2023-06-01,2023-06-07,780a896b5ae77b003c614f12ec4890201f28be64859fea0aac6731484376ca2e,6e46d3399a89fbed7a12c75408ae6f4c803fdbf2f2b618c06662410c19837114,1,1,209,301.07785680949053,361.34212692593252,8478.331714629041,23208.123636316934,14729.791921687893,92.077856809490527,152.34212692593252,60.264270116441992
Labour,PAYEMS,1,month_open,after_week_1,2023-07,Labour Bridge Ridge,2023-07-01,2023-07-07,3a4c14b4be18f6ceb889d4b76f185b7118870ecdf457828c530aa21dd96674ed,77ba7fefe2849cfab833dadd8c869b78456ad996c7411b1a46556d234973fb79,1,1,187,37.738790104212413,-111.29978177033736,22278.908779554364,88982.759804230882,66703.851024676522,149.2612098957876,298.29978177033735,149.03857187454975
Labour,PAYEMS,1,month_open,after_week_1,2023-08,Labour Bridge Ridge,2023-08-01,2023-08-07,ccb96bbce2db9e933322c92059d3ac77bd10deef41331c2b428204b788a4a218,b12d207d247e6299aa4c05ccfc0651dad64482d8216ff838262719b475fe8bc0,1,1,187,472.60948841038197,435.63646086219046,81572.779870040118,61820.089670075569,-19752.690199964549,285.60948841038197,248.63646086219046,-36.97302754819151
Labour,PAYEMS,1,month_open,after_week_1,2023-09,Labour Bridge Ridge,2023-09-01,2023-09-07,34d4cc0b568fa2fe0432876aee9da9fcd5b749809db5f1eb09648c661964643c,5dfa949842e927b33ada7d19d99bd4787428f2e189df197e651ba3958f39b74d,1,1,336,252.11014089545353,256.69599123812333,7037.5084605806587,6289.1258057038121,-748.38265487684657,83.889859104546474,79.304008761876673,-4.5858503426698007
Labour,PAYEMS,1,month_open,after_week_1,2023-10,Labour Bridge Ridge,2023-10-01,2023-10-07,2501f3ee713082b68040e08e0c96faa39b1d30ed992d5a5e135d82f85e635122,d9d493e5ffc80c8624d08be9014bd596d65351a375f0f2610c0f89f612f96dda,1,1,150,614.40312825856029,552.41811505061276,215670.26553633681,161940.33932088819,-53729.92621544862,464.40312825856029,402.41811505061276,-61.985013207947532
Labour,PAYEMS,1,month_open,after_week_1,2023-11,Labour Bridge Ridge,2023-11-01,2023-11-07,a54cb0106a3f48fc14619cacce2ee2c6a7574aa8f68f547408b64fcb04c16cfa,92bf152df1d49ecadde4f53d12cfe935f7739382310fdbaa04dac35fc39a3ece,1,1,199,312.80869032386522,75.606658478174808,12952.417993233454,15225.916731921789,2273.4987386883349,113.80869032386522,123.39334152182519,9.5846511979599711
Labour,PAYEMS,1,month_open,after_week_1,2023-12,Labour Bridge Ridge,2023-12-01,2023-12-07,c2c85a0812bf8a07ee4c04256da709a5e1b62f787e0859b5c27c65ff95fde2e3,48c8b1e298d62e2347ce60adc394dbf07031c5fc7ede397c06bc43220de5f2cf,1,1,216,28.017258315499731,62.057179316488103,35337.511171221558,23698.392039995902,-11639.119131225656,187.98274168450027,153.94282068351191,-34.039921000988357
Labour,PAYEMS,1,month_open,after_week_1,2024-01,Labour Bridge Ridge,2024-01-01,2024-01-07,3519333accd53327f1080036a15493a48742a0a34f4f87436c06d7119d3e3764,a252c50a87f26aba33a12acedf7870a0a48f124684b844c1ad2f0650d5369cd4,1,1,353,470.5823662796401,322.19485460168812,13825.612859919445,948.95698301113555,-12876.655876908309,117.5823662796401,30.805145398311879,-86.777220881328219
Labour,PAYEMS,1,month_open,after_week_1,2024-02,Labour Bridge Ridge,2024-02-01,2024-02-07,3701b2b60e17f3a387ae6dd4e9bc665cc172f5749b445cec879e69b5b005416e,a4241ad2fc581d1496b94a0b1bec695555a3d43881a153582fa6b660ae64a15d,1,1,275,211.46548756948641,406.58436372554661,4036.6342697830855,17314.444777056946,13277.81050727386,63.534512430513587,131.58436372554661,68.049851295033022
Labour,PAYEMS,1,month_open,after_week_1,2024-03,Labour Bridge Ridge,2024-03-01,2024-03-07,77548f2852b75aef580efa27cc6c20479ec5dc3089e524f4893a7b89b3ff0f3c,a8ee776c9f04382a27263870e48955c258b313cab6154421801a9a3c9d2d95cf,1,1,303,238.30554644348126,282.4531895499407,4185.3723209765603,422.17141967066595,-3763.2009013058941,64.694453556518738,20.546810450059297,-44.147643106459441
Labour,PAYEMS,1,month_open,after_week_1,2024-04,Labour Bridge Ridge,2024-04-01,2024-04-07,f3e7ab5cea5b82b2ff68483aefae2427714a7b2b3172e6acc5bdef31debf210b,ca78175c4d5921f128c9ea62d66a38c43edce9fd95b11492bfdef46efef9422e,1,1,175,243.32435638808374,257.47394644514549,4668.21767584588,6801.9518422367255,2133.7341663908455,68.324356388083743,82.473946445145486,14.149590057061744
Labour,PAYEMS,1,month_open,after_week_1,2024-05,Labour Bridge Ridge,2024-05-01,2024-05-07,54bb7e70ea519f9b1d13ed3660f1d855156a427c1a91f45267677ad5bbe663f2,ba741d1b161e87db6a8511e63833a6c04f0fcbf08a7534893c60302232e6ab6f,1,1,272,339.84704665225212,322.81579487884278,4603.2217394328754,2582.2450091686242,-2020.9767302642513,67.847046652252118,50.81579487884278,-17.031251773409338
Labour,PAYEMS,1,month_open,after_week_1,2024-06,Labour Bridge Ridge,2024-06-01,2024-06-07,1a29a50fce25676ba4df60dc2a227497d5912955dfc3391913627a002c9252a3,a169daa65ea8b174d1c6c12af99fac4c2c993e382e163b9b729280e5bda003f2,1,1,206,182.59012101605407,112.72075168140729,548.02243404299338,8701.0181668816804,8152.9957328386872,23.40987898394593,93.279248318592707,69.869369334646777
Labour,PAYEMS,1,month_open,after_week_1,2024-07,Labour Bridge Ridge,2024-07-01,2024-07-07,4c87aae8629352590fc1e432e4813cbaff4f6e9f6b181cea657a60ee780a4e0c,59d76c06705e6428cb53e639d275bd1c60f4cd814f4e38381f010eb1fbfb991c,1,1,114,71.139714369030258,-115.35993456981944,1837.0040843683114,52605.979585871857,50768.975501503548,42.860285630969742,229.35993456981944,186.4996489388497
Labour,PAYEMS,1,month_open,after_week_1,2024-08,Labour Bridge Ridge,2024-08-01,2024-08-07,1cb149f34c3a59f532e4c49889de041b32bf26f923648d832d4fb47e89fccca4,e42c04762dad2df063bb0350438ac0035341666051ecdfb9e487763adb761ed9,1,1,142,99.709582792805151,175.10868679173581,1788.4793875586022,1096.1851410732611,-692.29424648534109,42.290417207194849,33.108686791735806,-9.1817304154590431
Labour,PAYEMS,1,month_open,after_week_1,2024-09,Labour Bridge Ridge,2024-09-01,2024-09-07,5fdfc5666824fdc0b1b10afc856fa2d9825c20b59931314ccf7bd7e9db343ae9,6630db4ba0d712d7c49345b6885e146b8167fbe90b0cd4a7afdcd4f8399bcfb9,1,1,254,282.12121133608713,180.63874355348511,790.80252700887524,5381.8739474113218,4591.0714204024462,28.121211336087129,73.361256446514886,45.240045110427758
Labour,PAYEMS,1,month_open,after_week_1,2024-10,Labour Bridge Ridge,2024-10-01,2024-10-07,f7b88be0eee7738e05aa6fee1d30c15c4a80e51c0331616978de0f0bbf3cedcb,db7b7696e6aae99e7694dd5e1c58c95683a8d4964287ec1a555371478da90ebc,1,1,12,224.20822898699953,282.76237474536919,45032.332449798829,73312.263577751743,28279.931127952914,212.20822898699953,270.76237474536919,58.554145758369657
Labour,PAYEMS,1,month_open,after_week_1,2024-11,Labour Bridge Ridge,2024-11-01,2024-11-07,48f5e811c5e66226b53eaec64496c7be903b86ac794ef9d8d90efc169a49a304,96e1ec0cf077d79a876d72878c52811dd67fc548936fe8bc4d7a31f5c16a0d3d,1,1,227,-138.96005580201461,-146.00291769215949,133926.76244261363,139131.17660686391,5204.41416425028,365.96005580201461,373.00291769215949,7.0428618901448772
Labour,PAYEMS,1,month_open,after_week_1,2024-12,Labour Bridge Ridge,2024-12-01,2024-12-07,65bb2277f867bc39d04bd21dd903761138ec9b7b1607aa99aeb44ec8f6e16bc3,b12f8d34692d44fd7280401e60abc407818c59de8c6522a02b37f0100be55cdb,1,1,256,185.03748043182495,319.96642429115167,5035.6791834636279,4091.7034365956383,-943.97574686798953,70.962519568175054,63.966424291151668,-6.996095277023386
Labour,PAYEMS,1,month_open,after_week_1,2025-01,Labour Bridge Ridge,2025-01-01,2025-01-07,232704b0d42e2a1666e5093bd494eef549eea6361b508fa98d4163161219c108,4922dff46c56aee99cc2df4e0191b2d1b1854b99292fc5080c21169b2a227bbe,1,1,143,139.61221913790195,408.02366429579359,11.477059169597837,70237.542636769504,70226.065577599904,3.3877808620980545,265.02366429579359,261.63588343369554
Labour,PAYEMS,1,month_open,after_week_1,2025-02,Labour Bridge Ridge,2025-02-01,2025-02-07,54d87f057dbe572aa4d6800f9f043c021a1b5f0621ff2e5cb1ad699b26014af8,93edd098120094468c12061d68adb07729e2994766c3600755c23d0b76750c61,1,1,151,391.65432636499963,326.04549720664903,57914.50479819176,30640.926092322974,-27273.578705868786,240.65432636499963,175.04549720664903,-65.608829158350602
Labour,PAYEMS,1,month_open,after_week_1,2025-03,Labour Bridge Ridge,2025-03-01,2025-03-07,1bc4c18efc619ff94240cac4cabc8566a6add3141589d781de955ac10217975e,054bd2f0a117ba037ef1e61ffa5443e5c43f4a7ac0859433ffb20157ae45a464,1,1,228,132.53981909871607,138.7157918335987,9112.6461377058531,7971.6698279012808,-1140.9763098045723,95.460180901283934,89.284208166401299,-6.1759727348826345
Labour,PAYEMS,1,month_open,after_week_1,2025-04,Labour Bridge Ridge,2025-04-01,2025-04-07,79549f7da5fac61d28805e92085456fd205ab626655c43ab48524b9d93b3ead2,38f9c3fd6b2e04c3e040adaa16477edc05783a6cc9be160a94499d836679f8b9,1,1,177,248.64949511461535,250.13243234500698,5133.6501501792891,5348.3526606970227,214.70251051773357,71.649495114615348,73.132432345006976,1.4829372303916273
Labour,PAYEMS,1,month_open,after_week_1,2025-05,Labour Bridge Ridge,2025-05-01,2025-05-07,75104d601135eddf8c1e3b6c360c34a122a3c061b69b7fae10f981935160c092,1277a270d8450380abcfaaad3ec190cb54f3a176d3573292c5ab982d2593bc8e,1,1,139,177.89463941293468,201.97871484678905,1512.7929750622118,3966.318523753167,2453.5255486909555,38.89463941293468,62.978714846789046,24.084075433854366
Labour,PAYEMS,1,month_open,after_week_1,2025-06,Labour Bridge Ridge,2025-06-01,2025-06-07,02b6774eb3f19b903187739584a159e96a8d8e7537de832aabd525a17ab6b6b0,83beda7e8df1fea8713ab210f3e177bf0993ab54a8305a67d5576a637bd589a8,1,1,147,167.89052853362477,90.232851172730633,436.41418241419086,3222.5091859773497,2786.095003563159,20.890528533624774,56.767148827269367,35.876620293644592
Labour,PAYEMS,1,month_open,after_week_1,2025-07,Labour Bridge Ridge,2025-07-01,2025-07-07,b6b9c06c653e60e89f358828ec8730bc4e680f2fe36784bafa9d410e93efd003,fcaf5bc138fe2f3332d5d1509669235199f952e3a2960a20504ac231e8463b50,1,1,73,-61.400129587974305,-3.007726467050972,18063.394833264287,5777.1744826900413,-12286.220350574245,134.40012958797431,76.007726467050972,-58.392403120923333
Labour,PAYEMS,1,month_open,after_week_1,2025-08,Labour Bridge Ridge,2025-08-01,2025-08-07,2fcac741c98a87ac4181a30967023a1886f8e59147a4827b2b0a1f5ab8858d18,e96b583c044cdd4e56c565cfe33c2b2a448d1affd9b2a1d4f123434714f8f419,1,1,22,322.91620768567077,322.99612090524283,90550.564047925742,90598.664800003564,48.100752077822108,300.91620768567077,300.99612090524283,0.079913219572063099
Labour,PAYEMS,1,month_open,after_week_1,2025-09,Labour Bridge Ridge,2025-09-01,2025-09-07,56a43cb6d4a83f7018a9e5c08194f26e20ec8059795f73a8315391ae48e158a9,de2edea823cb93c6737bf52e436d82048db9488695b8cfe07863468096cba4a0,1,1,119,78.055923141328975,56.874462321106797,1676.4174298087601,3859.5824318915788,2183.1650020828188,40.944076858671025,62.125537678893203,21.181460820222178
Labour,PAYEMS,1,month_open,after_week_1,2025-10,Labour Bridge Ridge,2025-10-01,2025-10-07,52ea09ee5653c4b92176fe231383636eec9c7a0aabcb0a20f703476593b0a995,360b1bf55e81a63dface52829e6e00ba960cea56442717def8f2f6b1f1a7555d,1,1,-105,95.773044196184742,95.773044196184742,40309.81527580315,40309.81527580315,0,200.77304419618474,200.77304419618474,0
Labour,PAYEMS,1,month_open,after_week_1,2025-11,Labour Bridge Ridge,2025-11-01,2025-11-07,977a5c002ed197043d5d39ecac45bdef20d03cbe8aaa4e545052854d2b848f65,ca8b81a0095c12210660a4fb6cc9660677d5e71f1aec8d56d540e31fa3056ad8,1,1,64,86.990651803379407,86.990651803379407,528.57007034423282,528.57007034423282,0,22.990651803379407,22.990651803379407,0
Labour,PAYEMS,1,month_open,after_week_1,2025-12,Labour Bridge Ridge,2025-12-01,2025-12-07,58c0cb4c638b2295a728f26941de0aa0d421dc6d67fc92e942c0ebb0e8d4d96f,3e12e701e5a2d64154efe9bea276c8029ad622a52886daabaede35dd87e07236,1,1,50,237.47254724255163,296.84607660921898,35145.955969610754,60932.98553736441,25787.029567753656,187.47254724255163,246.84607660921898,59.373529366667356
Labour,PAYEMS,1,month_open,after_week_1,2026-01,Labour Bridge Ridge,2026-01-01,2026-01-07,fac6f29d2b652c12cdf69a6e5efa5ffde4c492936a9adc66a209dc433e7273d7,d43da6537ff4bcad48bd47092b820d596fcb9c64db7fa6c95a58451e5a56770d,1,1,130,325.31912327921026,146.74495150914237,38149.559918559338,280.39340104352925,-37869.166517515812,195.31912327921026,16.744951509142368,-178.57417177006789
Labour,PAYEMS,1,month_open,after_week_1,2026-02,Labour Bridge Ridge,2026-02-01,2026-02-07,e5cdc81382c78fb1f258be68d762c3f7d2cdd962727c129f638e8a8db7f98c73,37c69c231cbac476995f7ae8103aef740098628d299161150c826005831eadd2,1,1,-92,230.01188923243447,246.27095383015075,103691.65680704163,114427.23820515997,10735.581398118346,322.01188923243444,338.27095383015075,16.259064597716304
Labour,PAYEMS,1,month_open,after_week_1,2026-03,Labour Bridge Ridge,2026-03-01,2026-03-07,16b1a548967fdcffc384c08ec2ab49737230674e04f3d332ba7f12961213b0d7,f7b758ab5cd15f34035c7f85593761ad6610b9cf39f92cf30fe1302005238127,1,1,178,169.73618331768563,32.033768090260395,68.290666158897295,21306.140857927883,21237.850191768986,8.2638166823143706,145.96623190973961,137.70241522742523
Labour,PAYEMS,1,month_open,after_week_1,2026-04,Labour Bridge Ridge,2026-04-01,2026-04-07,9df61ce80c86f71100d8b13eb9ef4d8b48d49deb3b3e5e9ce0cac90ff6c6844d,756f7615f928dae9df0542acd7dbc63ca7013dc60608c838446f6205be7d8080,1,1,115,196.58413786133343,326.84876244774176,6655.9715505770591,44879.898150639718,38223.926600062659,81.584137861333431,211.84876244774176,130.26462458640833
Labour,PAYEMS,1,month_open,after_week_1,2026-05,Labour Bridge Ridge,2026-05-01,2026-05-07,6c034c922c5f56744e61d8c891e2a7b7f4a87342629911312ea4e92ca7e1ad5a,c1a70b31504609df70e57a8900964825b53d74c5d0f5fd5f3c774df3b96ba5b0,1,1,172,317.55948752409756,216.69372840494543,21187.564408277914,1997.5293587350261,-19190.035049542887,145.55948752409756,44.693728404945432,-100.86575911915213
Labour,PAYEMS,1,month_open,after_week_1,2026-06,Labour Bridge Ridge,2026-06-01,2026-06-07,2a9dcc995e4322da4a57b74e2df32835f188a11d6f41b195fdcafd7580cb2d98,8784239341aa001ab1647806c07a3f0361b1419a04dfa39baa7e045cd22234ad,1,1,57,85.346121881921334,162.94911168250195,803.50262574473948,11225.214266311272,10421.711640566533,28.346121881921334,105.94911168250195,77.602989800580616
Labour,PAYEMS,2,after_week_1,after_week_2,2023-02,Labour Bridge Ridge,2023-02-07,2023-02-14,bb41d6dfe98a395523c37c474f213db161202a21d6b68c213d32b3cd9487d8ff,8493c3522808cec4223f6f3d60cef7f8cb31652eb221cdb7aeb18631eac2e8ad,1,1,311,679.1298757406455,680.4975041756893,135519.60541282309,136528.40559206353,1008.8001792404393,368.1298757406455,369.4975041756893,1.3676284350437982
Labour,PAYEMS,2,after_week_1,after_week_2,2023-03,Labour Bridge Ridge,2023-03-07,2023-03-14,04d542ce609f6ce78f4fb75c8c7f297a3a3521c22fa3383998fa70977d5761ee,20c40afbcca5c648db06a4273bcffc60ee94d000b3934a3793b1cb51918278bb,1,1,236,332.03152352259525,238.78522058785188,9222.0535100707657,7.7574537229939811,-9214.2960563477718,96.031523522595251,2.7852205878518816,-93.246302934743369
Labour,PAYEMS,2,after_week_1,after_week_2,2023-04,Labour Bridge Ridge,2023-04-07,2023-04-14,d6291ecb4244544f0603af35576d597cf0ad0e6af414b0dd4da59e14033b9d8b,67ee23bbaa58d22cbf3c8878e5129f497073227cf66af8559e3990e7ed85be3f,1,1,253,-81.660840557629271,-4.1509308725194671,111997.87820273897,66126.601248603271,-45871.276954135697,334.66084055762929,257.15093087251944,-77.509909685109847
Labour,PAYEMS,2,after_week_1,after_week_2,2023-05,Labour Bridge Ridge,2023-05-07,2023-05-14,534bcacc239f9d9bc0ce2ecfc6f4243a4cb1d4205daaf6b49325cb9c542ba6dc,b003a900f1a4b4c48d303b15f513372ec6de625c0248d6c2eaa4985d38abb73e,1,1,339,272.69465347658377,278.04201570423595,4396.3989775903055,3715.8758494026165,-680.52312818768905,66.305346523416233,60.957984295764049,-5.3473622276521837
Labour,PAYEMS,2,after_week_1,after_week_2,2023-06,Labour Bridge Ridge,2023-06-07,2023-06-14,6e46d3399a89fbed7a12c75408ae6f4c803fdbf2f2b618c06662410c19837114,734ba86a6992f197f3ad1bf69bd17c3d9183d762c13d6d479bb70ac3ab3b0c76,1,1,209,361.34212692593252,370.16962309524195,23208.123636316934,25975.647408662346,2767.523772345412,152.34212692593252,161.16962309524195,8.8274961693094269
Labour,PAYEMS,2,after_week_1,after_week_2,2023-07,Labour Bridge Ridge,2023-07-07,2023-07-14,77ba7fefe2849cfab833dadd8c869b78456ad996c7411b1a46556d234973fb79,e4811844862e309cfc8322d765ffa7a257731b6fe4cf0af7302c064d6f2e7608,1,1,187,-111.29978177033736,-137.41339874487664,88982.759804230882,105244.05328520233,16261.29348097145,298.29978177033735,324.41339874487664,26.113616974539298
Labour,PAYEMS,2,after_week_1,after_week_2,2023-08,Labour Bridge Ridge,2023-08-07,2023-08-14,b12d207d247e6299aa4c05ccfc0651dad64482d8216ff838262719b475fe8bc0,ded400bd99d0525f109e312456fba5df514a4d773b390ecc853d70110c30193b,1,1,187,435.63646086219046,444.94389519141419,61820.089670075569,66535.053066519264,4714.9633964436944,248.63646086219046,257.94389519141419,9.3074343292237245
Labour,PAYEMS,2,after_week_1,after_week_2,2023-09,Labour Bridge Ridge,2023-09-07,2023-09-14,5dfa949842e927b33ada7d19d99bd4787428f2e189df197e651ba3958f39b74d,b92020924c9b8daef618fd1bf659b4548d6867910f86e626465a464ba71cce2d,1,1,336,256.69599123812333,271.98870359358449,6289.1258057038121,4097.4460676299832,-2191.679738073829,79.304008761876673,64.011296406415511,-15.292712355461163
Labour,PAYEMS,2,after_week_1,after_week_2,2023-10,Labour Bridge Ridge,2023-10-07,2023-10-14,d9d493e5ffc80c8624d08be9014bd596d65351a375f0f2610c0f89f612f96dda,c8bb26bc6ccd1e562376422f23b273f0897968f271d71fef3c2c57267c55258c,1,1,150,552.41811505061276,542.04591854471892,161940.33932088819,153700.00224757238,-8240.3370733158081,402.41811505061276,392.04591854471892,-10.372196505893839
Labour,PAYEMS,2,after_week_1,after_week_2,2023-11,Labour Bridge Ridge,2023-11-07,2023-11-14,92bf152df1d49ecadde4f53d12cfe935f7739382310fdbaa04dac35fc39a3ece,f5c0f612dc58e9016dc44763f1e1b02ededc60d3770a17e50bdb3572bb610a1c,1,1,199,75.606658478174808,57.535318214555929,15225.916731921789,20012.256192656951,4786.339460735162,123.39334152182519,141.46468178544407,18.071340263618879
Labour,PAYEMS,2,after_week_1,after_week_2,2023-12,Labour Bridge Ridge,2023-12-07,2023-12-14,48c8b1e298d62e2347ce60adc394dbf07031c5fc7ede397c06bc43220de5f2cf,aff022967a092f45ea0cc83de606b7add419d69251ad673c8850e401433d4a81,1,1,216,62.057179316488103,351.24762643882758,23698.392039995902,18291.920457336651,-5406.471582659251,153.94282068351191,135.24762643882758,-18.69519424468433
Labour,PAYEMS,2,after_week_1,after_week_2,2024-01,Labour Bridge Ridge,2024-01-07,2024-01-14,a252c50a87f26aba33a12acedf7870a0a48f124684b844c1ad2f0650d5369cd4,4137aca638b70cbdb714544313f398ba6149872c41a12595f85b84fec079499b,1,1,353,322.19485460168812,322.895292300189,948.95698301113555,906.29342569105984,-42.663557320075711,30.805145398311879,30.104707699811001,-0.70043769850087756
Labour,PAYEMS,2,after_week_1,after_week_2,2024-02,Labour Bridge Ridge,2024-02-07,2024-02-14,a4241ad2fc581d1496b94a0b1bec695555a3d43881a153582fa6b660ae64a15d,e66a3d829626762dc37bc2abaef61abbae0b316e83b458eb9e862f6e10aab1d2,1,1,275,406.58436372554661,393.84084779253914,17314.444777056946,14123.147104049454,-3191.2976730074915,131.58436372554661,118.84084779253914,-12.743515933007473
Labour,PAYEMS,2,after_week_1,after_week_2,2024-03,Labour Bridge Ridge,2024-03-07,2024-03-14,a8ee776c9f04382a27263870e48955c258b313cab6154421801a9a3c9d2d95cf,6082a0e5af4d013b8a575a7e0c2f72c977bf815d00f07e82c024da13b8dbdd8c,1,1,303,282.4531895499407,206.00456144166702,422.17141967066595,9408.1151011233487,8985.9436814526834,20.546810450059297,96.995438558332978,76.448628108273681
Labour,PAYEMS,2,after_week_1,after_week_2,2024-04,Labour Bridge Ridge,2024-04-07,2024-04-14,ca78175c4d5921f128c9ea62d66a38c43edce9fd95b11492bfdef46efef9422e,f361a111d81ddea7281c1841c3e7377ead6751e7738e314e5c5a783bd67b93a7,1,1,175,257.47394644514549,252.76515923251239,6801.9518422367255,6047.4199904580064,-754.5318517787191,82.473946445145486,77.765159232512389,-4.7087872126330979
Labour,PAYEMS,2,after_week_1,after_week_2,2024-05,Labour Bridge Ridge,2024-05-07,2024-05-14,ba741d1b161e87db6a8511e63833a6c04f0fcbf08a7534893c60302232e6ab6f,8aaa812faa2efa57d1e16617bd809a906549a3d52532e4eb2aa5a91bf3174426,1,1,272,322.81579487884278,321.21806716776848,2582.2450091686242,2422.4181357309699,-159.82687343765429,50.81579487884278,49.218067167768481,-1.5977277110742989
Labour,PAYEMS,2,after_week_1,after_week_2,2024-06,Labour Bridge Ridge,2024-06-07,2024-06-14,a169daa65ea8b174d1c6c12af99fac4c2c993e382e163b9b729280e5bda003f2,5b118d1a38fdc61e0354d414940750989584533b032f3ebc5108ce5237a83dda,1,1,206,112.72075168140729,85.512344800214336,8701.0181668816804,14517.275055542437,5816.2568886607569,93.279248318592707,120.48765519978566,27.208406881192957
Labour,PAYEMS,2,after_week_1,after_week_2,2024-07,Labour Bridge Ridge,2024-07-07,2024-07-14,59d76c06705e6428cb53e639d275bd1c60f4cd814f4e38381f010eb1fbfb991c,b9d9d06b76243fbeb3e3c4f0ee993d001c65ada355bcca8b593fcb3afbe8683b,1,1,114,-115.35993456981944,-120.16226080851547,52605.979585871857,54831.964386955216,2225.9848010833593,229.35993456981944,234.16226080851547,4.8023262386960255
Labour,PAYEMS,2,after_week_1,after_week_2,2024-08,Labour Bridge Ridge,2024-08-07,2024-08-14,e42c04762dad2df063bb0350438ac0035341666051ecdfb9e487763adb761ed9,68ab36fad37d8d08cf9611ee2be678ce8b335aca49799811a4838a7bdc8c0a82,1,1,142,175.10868679173581,171.34514572122021,1096.1851410732611,861.13757739964853,-235.04756367361256,33.108686791735806,29.345145721220206,-3.7635410705156005
Labour,PAYEMS,2,after_week_1,after_week_2,2024-09,Labour Bridge Ridge,2024-09-07,2024-09-14,6630db4ba0d712d7c49345b6885e146b8167fbe90b0cd4a7afdcd4f8399bcfb9,814ee909d35ffc640fcbea52b33bfdb18fdaecd4e09d342999f2426fec159eec,1,1,254,180.63874355348511,178.23005798174566,5381.8739474113218,5741.084113449625,359.21016603830321,73.361256446514886,75.769942018254341,2.4086855717394542
Labour,PAYEMS,2,after_week_1,after_week_2,2024-10,Labour Bridge Ridge,2024-10-07,2024-10-14,db7b7696e6aae99e7694dd5e1c58c95683a8d4964287ec1a555371478da90ebc,61b8d5b40194c98196c5f929ef9c999e7e018da38356e02462e8016b1c5c8cb9,1,1,12,282.76237474536919,276.16789771092652,73312.263577751743,69784.678181010546,-3527.5853967411967,270.76237474536919,264.16789771092652,-6.5944770344426615
Labour,PAYEMS,2,after_week_1,after_week_2,2024-11,Labour Bridge Ridge,2024-11-07,2024-11-14,96e1ec0cf077d79a876d72878c52811dd67fc548936fe8bc4d7a31f5c16a0d3d,215c1be6722346fedf96008e93374abccf3a01c6c1ba6059675edd4b9ce324ea,1,1,227,-146.00291769215949,-94.312714381421188,139131.17660686391,103241.86042315674,-35889.316183707168,373.00291769215949,321.31271438142119,-51.690203310738298
Labour,PAYEMS,2,after_week_1,after_week_2,2024-12,Labour Bridge Ridge,2024-12-07,2024-12-14,b12f8d34692d44fd7280401e60abc407818c59de8c6522a02b37f0100be55cdb,d3c3c0e7405a14727e41d886ce321ba0ab55bd204b29cf9a0eeaca5c20ea4ea8,1,1,256,319.96642429115167,321.55988272151563,4091.7034365956383,4298.0982224588843,206.39478586324594,63.966424291151668,65.559882721515635,1.5934584303639667
Labour,PAYEMS,2,after_week_1,after_week_2,2025-01,Labour Bridge Ridge,2025-01-07,2025-01-14,4922dff46c56aee99cc2df4e0191b2d1b1854b99292fc5080c21169b2a227bbe,4b93e5cdf0425cd1cc7f61e84aa17c7dca1aaf5c8808b9ff6e9e159f8e2eb790,1,1,143,408.02366429579359,308.12702991547701,70237.542636769504,27266.936008706838,-42970.606628062669,265.02366429579359,165.12702991547701,-99.896634380316584
Labour,PAYEMS,2,after_week_1,after_week_2,2025-02,Labour Bridge Ridge,2025-02-07,2025-02-14,93edd098120094468c12061d68adb07729e2994766c3600755c23d0b76750c61,22b8da27f748fc8795008423c52ac6d06223d40a9b614318c2cdfde7d1a7f7e4,1,1,151,326.04549720664903,353.04918353667972,30640.926092322974,40823.872567838887,10182.946475515913,175.04549720664903,202.04918353667972,27.003686330030689
Labour,PAYEMS,2,after_week_1,after_week_2,2025-03,Labour Bridge Ridge,2025-03-07,2025-03-14,054bd2f0a117ba037ef1e61ffa5443e5c43f4a7ac0859433ffb20157ae45a464,9cf450f9b31e54e708500e903cf3587e84972f39f67c485e2e322be211f2980e,1,1,228,138.7157918335987,-13.997459808896892,7971.6698279012808,58562.770553958675,50591.100726057397,89.284208166401299,241.99745980889691,152.71325164249561
Labour,PAYEMS,2,after_week_1,after_week_2,2025-04,Labour Bridge Ridge,2025-04-07,2025-04-14,38f9c3fd6b2e04c3e040adaa16477edc05783a6cc9be160a94499d836679f8b9,9a23e979555fdbc6d14c6e1f43c1d3c6518de5890fe29d3f9aa359c8ccdec8a4,1,1,177,250.13243234500698,255.43550632610487,5348.3526606970227,6152.1286526324375,803.77599193541482,73.132432345006976,78.435506326104871,5.3030739810978957
Labour,PAYEMS,2,after_week_1,after_week_2,2025-05,Labour Bridge Ridge,2025-05-07,2025-05-14,1277a270d8450380abcfaaad3ec190cb54f3a176d3573292c5ab982d2593bc8e,213c183aeee6eec37fe9f7d97708b57570c27ee87cfb24ea035a6736a5562a7f,1,1,139,201.97871484678905,202.72544018354387,3966.318523753167,4060.9317265864274,94.613202833260402,62.978714846789046,63.725440183543867,0.746725336754821
Labour,PAYEMS,2,after_week_1,after_week_2,2025-06,Labour Bridge Ridge,2025-06-07,2025-06-14,83beda7e8df1fea8713ab210f3e177bf0993ab54a8305a67d5576a637bd589a8,2564788b5d1c10d7b86de0010b313903faea9132d4a494b277bcf0770590cc5b,1,1,147,90.232851172730633,80.537918859606393,3222.5091859773497,4417.2082295122636,1194.6990435349139,56.767148827269367,66.462081140393607,9.6949323131242409
Labour,PAYEMS,2,after_week_1,after_week_2,2025-07,Labour Bridge Ridge,2025-07-07,2025-07-14,fcaf5bc138fe2f3332d5d1509669235199f952e3a2960a20504ac231e8463b50,1d642d82148daeb467d53ad4ca7cb5a0683458f104637af0db56793bf314b3b7,1,1,73,-3.007726467050972,-5.7600125607919921,5777.1744826900413,6203.1395785761124,425.96509588607114,76.007726467050972,78.760012560791992,2.7522860937410201
Labour,PAYEMS,2,after_week_1,after_week_2,2025-08,Labour Bridge Ridge,2025-08-07,2025-08-14,e96b583c044cdd4e56c565cfe33c2b2a448d1affd9b2a1d4f123434714f8f419,c3f066641b9fa527f7df4b280e9f7960a407b74c79d35fc133459acfda7eae9c,1,1,22,322.99612090524283,318.35139483556088,90598.664800003564,87824.149220982494,-2774.5155790210702,300.99612090524283,296.35139483556088,-4.6447260696819512
Labour,PAYEMS,2,after_week_1,after_week_2,2025-09,Labour Bridge Ridge,2025-09-07,2025-09-14,de2edea823cb93c6737bf52e436d82048db9488695b8cfe07863468096cba4a0,fb1375351bcb66a8ebe84262496380f7546d5de53dce37c8bb491382c2e5a504,1,1,119,56.874462321106797,64.887626694057019,3859.5824318915788,2928.1489448017305,-931.43348708984831,62.125537678893203,54.112373305942981,-8.0131643729502215
Labour,PAYEMS,2,after_week_1,after_week_2,2025-10,Labour Bridge Ridge,2025-10-07,2025-10-14,360b1bf55e81a63dface52829e6e00ba960cea56442717def8f2f6b1f1a7555d,fb99f5e2d83988b21675b8e517a9d2ad3e1e5dbf58c99242db9372de579fc9de,1,1,-105,95.773044196184742,95.773044196184742,40309.81527580315,40309.81527580315,0,200.77304419618474,200.77304419618474,0
Labour,PAYEMS,2,after_week_1,after_week_2,2025-11,Labour Bridge Ridge,2025-11-07,2025-11-14,ca8b81a0095c12210660a4fb6cc9660677d5e71f1aec8d56d540e31fa3056ad8,fce261c232d8f7fc7176fbc41f5bc9f760fd4c375ab1f47f68118cb00ac9f65f,1,1,64,86.990651803379407,86.990651803379407,528.57007034423282,528.57007034423282,0,22.990651803379407,22.990651803379407,0
Labour,PAYEMS,2,after_week_1,after_week_2,2025-12,Labour Bridge Ridge,2025-12-07,2025-12-14,3e12e701e5a2d64154efe9bea276c8029ad622a52886daabaede35dd87e07236,75d0ef6ecaab0a4dcc8eca7c1982f999d0fde8656a1445135f3843c530e18e15,1,1,50,296.84607660921898,384.00075220607039,60932.98553736441,111556.50247422083,50623.516936856424,246.84607660921898,334.00075220607039,87.154675596851405
Labour,PAYEMS,2,after_week_1,after_week_2,2026-01,Labour Bridge Ridge,2026-01-07,2026-01-14,d43da6537ff4bcad48bd47092b820d596fcb9c64db7fa6c95a58451e5a56770d,f5b2998c2021fe2be01a4d559269087f59f319630d1c9c4e67dbf8d0e0073a04,1,1,130,146.74495150914237,112.76719549556319,280.39340104352925,296.96955108813773,16.576150044608482,16.744951509142368,17.232804504436814,0.48785299529444615
Labour,PAYEMS,2,after_week_1,after_week_2,2026-02,Labour Bridge Ridge,2026-02-07,2026-02-14,37c69c231cbac476995f7ae8103aef740098628d299161150c826005831eadd2,80041a019a51c1f914d20ffc21c55e1aa914c77955be7e9ec773633233791864,1,1,-92,246.27095383015075,354.01804941190096,114427.23820515997,198932.10040119692,84504.862196036949,338.27095383015075,446.01804941190096,107.74709558175022
Labour,PAYEMS,2,after_week_1,after_week_2,2026-03,Labour Bridge Ridge,2026-03-07,2026-03-14,f7b758ab5cd15f34035c7f85593761ad6610b9cf39f92cf30fe1302005238127,80f673451026065a08158f9ad45264f9545624108dcbb152c0a0a194392e4665,1,1,178,32.033768090260395,11.662133585337955,21306.140857927883,27668.285803381954,6362.1449454540707,145.96623190973961,166.33786641466205,20.37163450492244
Labour,PAYEMS,2,after_week_1,after_week_2,2026-04,Labour Bridge Ridge,2026-04-07,2026-04-14,756f7615f928dae9df0542acd7dbc63ca7013dc60608c838446f6205be7d8080,8629ac2b41f90c9aeeb10f8c512b4f6fab7ad55f787730548b9a49b370b1d2da,1,1,115,326.84876244774176,337.83918002190586,44879.898150639718,49657.300152835371,4777.402002195653,211.84876244774176,222.83918002190586,10.990417574164098
Labour,PAYEMS,2,after_week_1,after_week_2,2026-05,Labour Bridge Ridge,2026-05-07,2026-05-14,c1a70b31504609df70e57a8900964825b53d74c5d0f5fd5f3c774df3b96ba5b0,0caf7bc06b0509c09b64ca8b897e8f5a13585e8a2ebddb51be170b64ab40ea7f,1,1,172,216.69372840494543,124.02556623917791,1997.5293587350261,2301.546294671507,304.01693593648088,44.693728404945432,47.974433760822095,3.2807053558766626
Labour,PAYEMS,2,after_week_1,after_week_2,2026-06,Labour Bridge Ridge,2026-06-07,2026-06-14,8784239341aa001ab1647806c07a3f0361b1419a04dfa39baa7e045cd22234ad,3e5fe4178128c4c9c691c210afb5c33042b4f830dfae2cf299efd5ce99376254,1,1,57,162.94911168250195,163.20514083372294,11225.214266311272,11279.531939510924,54.317673199651836,105.94911168250195,106.20514083372294,0.2560291512209858
Labour,PAYEMS,3,after_week_2,month_end,2023-02,Labour Bridge Ridge,2023-02-14,2023-02-28,8493c3522808cec4223f6f3d60cef7f8cb31652eb221cdb7aeb18631eac2e8ad,6279ba25f52d576567d18e8c8d0c041afe74443b1991c4639a039fa121bde214,1,1,311,680.4975041756893,665.6478479893218,136528.40559206353,125775.0960834571,-10753.309508606428,369.4975041756893,354.6478479893218,-14.849656186367497
Labour,PAYEMS,3,after_week_2,month_end,2023-03,Labour Bridge Ridge,2023-03-14,2023-03-31,20c40afbcca5c648db06a4273bcffc60ee94d000b3934a3793b1cb51918278bb,97c2667ce008751c1b7129bd44acbe9aa35adf09d5459c5a81e6a34249711428,1,1,236,238.78522058785188,244.41862044385573,7.7574537229939811,70.873170177705646,63.115716454711666,2.7852205878518816,8.4186204438557297,5.6333998560038481
Labour,PAYEMS,3,after_week_2,month_end,2023-04,Labour Bridge Ridge,2023-04-14,2023-04-30,67ee23bbaa58d22cbf3c8878e5129f497073227cf66af8559e3990e7ed85be3f,e811f526b64f8e7326cd3d36e4d2062d605e0421fec2fb11ecf8d12b27b2c893,1,1,253,-4.1509308725194671,-40.968750147817545,66126.601248603271,86417.626063469987,20291.024814866716,257.15093087251944,293.96875014781756,36.81781927529812
Labour,PAYEMS,3,after_week_2,month_end,2023-05,Labour Bridge Ridge,2023-05-14,2023-05-31,b003a900f1a4b4c48d303b15f513372ec6de625c0248d6c2eaa4985d38abb73e,47a3ec2530f58d9c3b9b533370d871a212d295cc2d8510e172b9cf67c635cc4e,1,1,339,278.04201570423595,343.98976172218829,3715.8758494026165,24.89772204421546,-3690.9781273584013,60.957984295764049,4.9897617221882911,-55.968222573575758
Labour,PAYEMS,3,after_week_2,month_end,2023-06,Labour Bridge Ridge,2023-06-14,2023-06-30,734ba86a6992f197f3ad1bf69bd17c3d9183d762c13d6d479bb70ac3ab3b0c76,84395dc96d4f2a5c9468cb5755d3d1d33991b8259cb83f65753aa4f99fc85048,1,1,209,370.16962309524195,347.88506706093887,25975.647408662346,19289.061852521485,-6686.5855561408607,161.16962309524195,138.88506706093887,-22.28455603430308
Labour,PAYEMS,3,after_week_2,month_end,2023-07,Labour Bridge Ridge,2023-07-14,2023-07-31,e4811844862e309cfc8322d765ffa7a257731b6fe4cf0af7302c064d6f2e7608,fbc319d6b5ac0fd2775cd9c76bd4dcd8de1f4360e65a63d4718ace7671787554,1,1,187,-137.41339874487664,-126.4036650911916,105244.05328520233,98221.857292591798,-7022.1959926105337,324.41339874487664,313.40366509119161,-11.009733653685032
Labour,PAYEMS,3,after_week_2,month_end,2023-08,Labour Bridge Ridge,2023-08-14,2023-08-31,ded400bd99d0525f109e312456fba5df514a4d773b390ecc853d70110c30193b,98f13c26d07eaf0eb0e880cd715440adc3fbae7968b44b9231773834cccf4443,1,1,187,444.94389519141419,417.67699877891579,66535.053066519264,53211.877765647914,-13323.175300871349,257.94389519141419,230.67699877891579,-27.266896412498397
Labour,PAYEMS,3,after_week_2,month_end,2023-09,Labour Bridge Ridge,2023-09-14,2023-09-30,b92020924c9b8daef618fd1bf659b4548d6867910f86e626465a464ba71cce2d,67078a8f26e3a5e1d4f32ab4069129481cef2e548278a60daddb0f9108f5e2ed,1,1,336,271.98870359358449,291.26670852895109,4097.4460676299832,2001.0673658338176,-2096.3787017961658,64.011296406415511,44.733291471048915,-19.278004935366596
Labour,PAYEMS,3,after_week_2,month_end,2023-10,Labour Bridge Ridge,2023-10-14,2023-10-31,c8bb26bc6ccd1e562376422f23b273f0897968f271d71fef3c2c57267c55258c,dafc9e6a287c630203f0500d569d359231ed7e0bc3cadecea74f0289ddd91749,1,1,150,542.04591854471892,405.56635425741513,153700.00224757238,65314.161428426611,-88385.840819145771,392.04591854471892,255.56635425741513,-136.47956428730379
Labour,PAYEMS,3,after_week_2,month_end,2023-11,Labour Bridge Ridge,2023-11-14,2023-11-30,f5c0f612dc58e9016dc44763f1e1b02ededc60d3770a17e50bdb3572bb610a1c,699604e989d8b352ecf5a2746628df7956010c4a22358acf6525a9a470e4964b,1,1,199,57.535318214555929,90.979432503016113,20012.256192656951,11668.443002370452,-8343.8131902864989,141.46468178544407,108.02056749698389,-33.444114288460185
Labour,PAYEMS,3,after_week_2,month_end,2023-12,Labour Bridge Ridge,2023-12-14,2023-12-31,aff022967a092f45ea0cc83de606b7add419d69251ad673c8850e401433d4a81,276f8d1dd873542255063c66d57a96bd3f3eb179ef1c67bd1b2b9304a8d82da6,1,1,216,351.24762643882758,371.69853692171483,18291.920457336651,24242.034399562595,5950.1139422259439,135.24762643882758,155.69853692171483,20.450910482887252
Labour,PAYEMS,3,after_week_2,month_end,2024-01,Labour Bridge Ridge,2024-01-14,2024-01-31,4137aca638b70cbdb714544313f398ba6149872c41a12595f85b84fec079499b,8b7ca7ee27539c100809fb99a89db4363c964d7ce55b3e34fa72dabf6ba8438d,1,1,353,322.895292300189,346.70160527758821,906.29342569105984,39.669776079304633,-866.62364961175524,30.104707699811001,6.2983947224117856,-23.806312977399216
Labour,PAYEMS,3,after_week_2,month_end,2024-02,Labour Bridge Ridge,2024-02-14,2024-02-29,e66a3d829626762dc37bc2abaef61abbae0b316e83b458eb9e862f6e10aab1d2,04841ef40dafcdc536a79240e7a22a4ea8336419419f1ec8074618f2a3963450,1,1,275,393.84084779253914,332.6551397617925,14123.147104049454,3324.1151409518261,-10799.031963097628,118.84084779253914,57.655139761792498,-61.185708030746639
Labour,PAYEMS,3,after_week_2,month_end,2024-03,Labour Bridge Ridge,2024-03-14,2024-03-31,6082a0e5af4d013b8a575a7e0c2f72c977bf815d00f07e82c024da13b8dbdd8c,d8f9cec934588cef4f635943e0a3012b5d783790202aef237ba7b866779390e9,1,1,303,206.00456144166702,207.38401238212663,9408.1151011233487,9142.4170881413138,-265.69801298203492,96.995438558332978,95.615987617873373,-1.3794509404596056
Labour,PAYEMS,3,after_week_2,month_end,2024-04,Labour Bridge Ridge,2024-04-14,2024-04-30,f361a111d81ddea7281c1841c3e7377ead6751e7738e314e5c5a783bd67b93a7,c8a398c207425212c887b26d5dbe108904be6744256a227a3bf1b8630afe050c,1,1,175,252.76515923251239,272.59287393326321,6047.4199904580064,9524.3690425538043,3476.9490520957979,77.765159232512389,97.592873933263206,19.827714700750818
Labour,PAYEMS,3,after_week_2,month_end,2024-05,Labour Bridge Ridge,2024-05-14,2024-05-31,8aaa812faa2efa57d1e16617bd809a906549a3d52532e4eb2aa5a91bf3174426,4c4446c658be80fb35aa570dec5ca427851a31b7ddfe358ae6a03c9b0edc48ec,1,1,272,321.21806716776848,286.33791392704802,2422.4181357309699,205.57577577943761,-2216.8423599515322,49.218067167768481,14.337913927048021,-34.88015324072046
Labour,PAYEMS,3,after_week_2,month_end,2024-06,Labour Bridge Ridge,2024-06-14,2024-06-30,5b118d1a38fdc61e0354d414940750989584533b032f3ebc5108ce5237a83dda,66b68196eefe79db940752639d613747ca2ba48e5ea9ffb2463ea72cace78419,1,1,206,85.512344800214336,86.268820085421254,14517.275055542437,14335.555443737225,-181.71961180521248,120.48765519978566,119.73117991457875,-0.75647528520691765
Labour,PAYEMS,3,after_week_2,month_end,2024-07,Labour Bridge Ridge,2024-07-14,2024-07-31,b9d9d06b76243fbeb3e3c4f0ee993d001c65ada355bcca8b593fcb3afbe8683b,c3a0cfd07a89a9461ffab86252ae088529cb2362cc99b544dee29cdc48adf2f6,1,1,114,-120.16226080851547,-45.260584701137972,54831.964386955216,25363.933839348349,-29468.030547606868,234.16226080851547,159.26058470113799,-74.901676107377483
Labour,PAYEMS,3,after_week_2,month_end,2024-08,Labour Bridge Ridge,2024-08-14,2024-08-31,68ab36fad37d8d08cf9611ee2be678ce8b335aca49799811a4838a7bdc8c0a82,732c63f7ec21aca5181fcbf6a7ce6e57eecc05a6e05ae98f806fe33824c84b98,1,1,142,171.34514572122021,199.61239401290402,861.13757739964853,3319.1879438980991,2458.0503664984508,29.345145721220206,57.612394012904019,28.267248291683813
Labour,PAYEMS,3,after_week_2,month_end,2024-09,Labour Bridge Ridge,2024-09-14,2024-09-30,814ee909d35ffc640fcbea52b33bfdb18fdaecd4e09d342999f2426fec159eec,01cfebddb7a8f5d4de9b24b54aa2c3119e470edbe7ad3c651429945bc92b3825,1,1,254,178.23005798174566,213.67031545924991,5741.084113449625,1626.4834551564172,-4114.6006582932077,75.769942018254341,40.329684540750094,-35.440257477504247
Labour,PAYEMS,3,after_week_2,month_end,2024-10,Labour Bridge Ridge,2024-10-14,2024-10-31,61b8d5b40194c98196c5f929ef9c999e7e018da38356e02462e8016b1c5c8cb9,bb84d013a9a2a7b27d5fe0aa8e8d9395b3a3d825ace33a5cbb55efc1207025e5,1,1,12,276.16789771092652,173.57913250507511,69784.678181010546,26107.816061092621,-43676.862119917925,264.16789771092652,161.57913250507511,-102.58876520585142
Labour,PAYEMS,3,after_week_2,month_end,2024-11,Labour Bridge Ridge,2024-11-14,2024-11-30,215c1be6722346fedf96008e93374abccf3a01c6c1ba6059675edd4b9ce324ea,47f401181e8f074bd710761ba1e46076c3e0995fa29431b0fde81a166a48cb18,1,1,227,-94.312714381421188,-113.84891417152048,103241.86042315674,116177.98229190455,12936.12186874781,321.31271438142119,340.84891417152051,19.536199790099317
Labour,PAYEMS,3,after_week_2,month_end,2024-12,Labour Bridge Ridge,2024-12-14,2024-12-31,d3c3c0e7405a14727e41d886ce321ba0ab55bd204b29cf9a0eeaca5c20ea4ea8,761459f7a6b227c41ed280a4a05d2437356630df52b11dc143100317fe789afd,1,1,256,321.55988272151563,331.54470502256078,4298.0982224588843,5707.0024569457191,1408.9042344868349,65.559882721515635,75.544705022560777,9.984822301045142
Labour,PAYEMS,3,after_week_2,month_end,2025-01,Labour Bridge Ridge,2025-01-14,2025-01-31,4b93e5cdf0425cd1cc7f61e84aa17c7dca1aaf5c8808b9ff6e9e159f8e2eb790,bc182377d8909f138a980f0f2af1a3b5342236e8fb97dc046d48ba4782727463,1,1,143,308.12702991547701,291.41073908492024,27266.936008706838,22025.747475732271,-5241.1885329745674,165.12702991547701,148.41073908492024,-16.716290830556773
Labour,PAYEMS,3,after_week_2,month_end,2025-02,Labour Bridge Ridge,2025-02-14,2025-02-28,22b8da27f748fc8795008423c52ac6d06223d40a9b614318c2cdfde7d1a7f7e4,008dc5003c888083c121f90abe86553ff4e5ca7037c97c44fa1bdda536129088,1,1,151,353.04918353667972,345.89650321701038,40823.872567838887,37984.646966218133,-2839.2256016207539,202.04918353667972,194.89650321701038,-7.1526803196693436
Labour,PAYEMS,3,after_week_2,month_end,2025-03,Labour Bridge Ridge,2025-03-14,2025-03-31,9cf450f9b31e54e708500e903cf3587e84972f39f67c485e2e322be211f2980e,bc04457d4517591c1730c971e9ba798296295a2942edca566dc5fb768e1ee180,1,1,228,-13.997459808896892,-23.002503040640917,58562.770553958675,63002.256532666957,4439.4859787082823,241.99745980889691,251.00250304064093,9.0050432317440254
Labour,PAYEMS,3,after_week_2,month_end,2025-04,Labour Bridge Ridge,2025-04-14,2025-04-30,9a23e979555fdbc6d14c6e1f43c1d3c6518de5890fe29d3f9aa359c8ccdec8a4,6dcf1b1fbb1683899ae0571023bb9a23c38b5900f187f0d317ccba88c6a32075,1,1,177,255.43550632610487,249.48552937902153,6152.1286526324375,5254.1519693569935,-897.97668327544397,78.435506326104871,72.485529379021528,-5.9499769470833428
Labour,PAYEMS,3,after_week_2,month_end,2025-05,Labour Bridge Ridge,2025-05-14,2025-05-31,213c183aeee6eec37fe9f7d97708b57570c27ee87cfb24ea035a6736a5562a7f,8814e19f98ccf79260e2df771557f49f21b55de93e6451e4f28fc8adfb2e4008,1,1,139,202.72544018354387,188.16837339056192,4060.9317265864274,2417.5289418737179,-1643.4027847127095,63.725440183543867,49.168373390561925,-14.557066792981942
Labour,PAYEMS,3,after_week_2,month_end,2025-06,Labour Bridge Ridge,2025-06-14,2025-06-30,2564788b5d1c10d7b86de0010b313903faea9132d4a494b277bcf0770590cc5b,7b456dd2caa6006bbe768b4f8f087f1aeecd143f3c5cc3fa1bebc2b73e5c09d3,1,1,147,80.537918859606393,62.270688388203311,4417.2082295122636,7179.0562462089456,2761.848016696682,66.462081140393607,84.729311611796689,18.267230471403082
Labour,PAYEMS,3,after_week_2,month_end,2025-07,Labour Bridge Ridge,2025-07-14,2025-07-31,1d642d82148daeb467d53ad4ca7cb5a0683458f104637af0db56793bf314b3b7,4d961af8bf48247227b9886247f41c6245bc2a7c214e9b6a5e509260eb549c2a,1,1,73,-5.7600125607919921,105.32402562631216,6203.1395785761124,1044.8426326904855,-5158.2969458856269,78.760012560791992,32.324025626312164,-46.435986934479828
Labour,PAYEMS,3,after_week_2,month_end,2025-08,Labour Bridge Ridge,2025-08-14,2025-08-31,c3f066641b9fa527f7df4b280e9f7960a407b74c79d35fc133459acfda7eae9c,6c62b6995120e86b0d022a54a9fe4b3b17a236c6a063d185b725ab3453847f74,1,1,22,318.35139483556088,318.48666623755435,87824.149220982494,87904.343256658947,80.194035676453495,296.35139483556088,296.48666623755435,0.13527140199346377
Labour,PAYEMS,3,after_week_2,month_end,2025-09,Labour Bridge Ridge,2025-09-14,2025-09-30,fb1375351bcb66a8ebe84262496380f7546d5de53dce37c8bb491382c2e5a504,8370e6bddaf1ac9bdd5f8039854e4d3bf31c27979ed1408ff01f7f76beffc2e6,1,1,119,64.887626694057019,92.931132931112614,2928.1489448017305,679.58583025532118,-2248.5631145464095,54.112373305942981,26.068867068887386,-28.043506237055595
Labour,PAYEMS,3,after_week_2,month_end,2025-10,Labour Bridge Ridge,2025-10-14,2025-10-31,fb99f5e2d83988b21675b8e517a9d2ad3e1e5dbf58c99242db9372de579fc9de,9de3aa1627a6c212eec7e285c9949b1a9f5f06e5b9d4a1f7141ab72ba522eb0a,1,1,-105,95.773044196184742,95.773044196184742,40309.81527580315,40309.81527580315,0,200.77304419618474,200.77304419618474,0
Labour,PAYEMS,3,after_week_2,month_end,2025-11,Labour Bridge Ridge,2025-11-14,2025-11-30,fce261c232d8f7fc7176fbc41f5bc9f760fd4c375ab1f47f68118cb00ac9f65f,0c896a2302e5e5210650a5bcc02de10294e49638d0e25e558104a6669ae65edd,1,1,64,86.990651803379407,255.89984173660741,528.57007034423282,36825.549258534971,36296.979188190737,22.990651803379407,191.89984173660741,168.90918993322799
Labour,PAYEMS,3,after_week_2,month_end,2025-12,Labour Bridge Ridge,2025-12-14,2025-12-31,75d0ef6ecaab0a4dcc8eca7c1982f999d0fde8656a1445135f3843c530e18e15,17f9c04874b999f3808b7961e7affc0f1aac0cbea808e40e38082edb0d6d1831,1,1,50,384.00075220607039,386.59151044643096,111556.50247422083,113293.84490460984,1737.342430389006,334.00075220607039,336.59151044643096,2.5907582403605716
Labour,PAYEMS,3,after_week_2,month_end,2026-01,Labour Bridge Ridge,2026-01-14,2026-01-31,f5b2998c2021fe2be01a4d559269087f59f319630d1c9c4e67dbf8d0e0073a04,5be923ed610a63b5e8d0127b7176fb220b55dd1a9efc221ebe5f38b499ee9a2d,1,1,130,112.76719549556319,111.73937408037909,296.96955108813773,333.45045897633088,36.480907888193144,17.232804504436814,18.260625919620907,1.0278214151840928
Labour,PAYEMS,3,after_week_2,month_end,2026-02,Labour Bridge Ridge,2026-02-14,2026-02-28,80041a019a51c1f914d20ffc21c55e1aa914c77955be7e9ec773633233791864,da7fe850311202997c3df1f480d1ecd82e7a36fa5c90ab9bc02c6f4e527081cf,1,1,-92,354.01804941190096,315.37201352427599,198932.10040119692,165951.95740282288,-32980.142998374038,446.01804941190096,407.37201352427599,-38.646035887624976
Labour,PAYEMS,3,after_week_2,month_end,2026-03,Labour Bridge Ridge,2026-03-14,2026-03-31,80f673451026065a08158f9ad45264f9545624108dcbb152c0a0a194392e4665,0b3941461f2aa9c93166e499ca454e286199ed8cb9170c88f5a48c886b779fc5,1,1,178,11.662133585337955,38.49290607808522,27668.285803381954,19462.229254537953,-8206.0565488440006,166.33786641466205,139.50709392191479,-26.830772492747258
Labour,PAYEMS,3,after_week_2,month_end,2026-04,Labour Bridge Ridge,2026-04-14,2026-04-30,8629ac2b41f90c9aeeb10f8c512b4f6fab7ad55f787730548b9a49b370b1d2da,e9b2931657ea7e2c64fdec1868969d68b6fa4f0098307b891f6492385ff27cfe,1,1,115,337.83918002190586,318.35547837128274,49657.300152835371,41353.450583613245,-8303.8495692221259,222.83918002190586,203.35547837128274,-19.483701650623118
Labour,PAYEMS,3,after_week_2,month_end,2026-05,Labour Bridge Ridge,2026-05-14,2026-05-31,0caf7bc06b0509c09b64ca8b897e8f5a13585e8a2ebddb51be170b64ab40ea7f,1a433339712659ccc8304b58487b1d8576405e57dfadf386daff065d937734e8,1,1,172,124.02556623917791,123.06461362352366,2301.546294671507,2394.6720398150264,93.125745143519453,47.974433760822095,48.935386376476345,0.96095261565425005
Labour,PAYEMS,3,after_week_2,month_end,2026-06,Labour Bridge Ridge,2026-06-14,2026-06-30,3e5fe4178128c4c9c691c210afb5c33042b4f830dfae2cf299efd5ce99376254,cfc5d3f5304c510ad3b5c71a0b1da69b55da82e144777d9838460b3ef80935bd,1,1,57,163.20514083372294,95.051002285650711,11279.531939510924,1447.8787749425956,-9831.6531645683281,106.20514083372294,38.051002285650711,-68.154138548072225
Labour,PAYEMS,4,month_end,pre_employment_report,2023-02,Labour Bridge Ridge,2023-02-28,2023-03-09,6279ba25f52d576567d18e8c8d0c041afe74443b1991c4639a039fa121bde214,ea1953db71ea93329228e0be21b528f4229ee4087001f532d032e7c08430992a,1,1,311,665.6478479893218,675.17675287516965,125775.0960834571,132624.7073347024,6849.6112512452964,354.6478479893218,364.17675287516965,9.5289048858478509
Labour,PAYEMS,4,month_end,pre_employment_report,2023-03,Labour Bridge Ridge,2023-03-31,2023-04-06,97c2667ce008751c1b7129bd44acbe9aa35adf09d5459c5a81e6a34249711428,c56eac5a7e701385dda0a1d390a232e05d0df7e0b23351958797c02c8a6db216,1,1,236,244.41862044385573,28.464423121693443,70.873170177705646,43071.015670211491,43000.142500033784,8.4186204438557297,207.53557687830656,199.11695643445083
Labour,PAYEMS,4,month_end,pre_employment_report,2023-04,Labour Bridge Ridge,2023-04-30,2023-05-04,e811f526b64f8e7326cd3d36e4d2062d605e0421fec2fb11ecf8d12b27b2c893,a45b23477f7ad3211864f8b90308b33a3f4a5dcbe3bc716e61bd4072869944fa,1,1,253,-40.968750147817545,26.8263640089272,86417.626063469987,51154.513617422293,-35263.112446047693,293.96875014781756,226.17363599107279,-67.795114156744773
Labour,PAYEMS,4,month_end,pre_employment_report,2023-05,Labour Bridge Ridge,2023-05-31,2023-06-01,47a3ec2530f58d9c3b9b533370d871a212d295cc2d8510e172b9cf67c635cc4e,780a896b5ae77b003c614f12ec4890201f28be64859fea0aac6731484376ca2e,1,1,339,343.98976172218829,346.75816835198918,24.89772204421546,60.189176177806573,35.291454133591117,4.9897617221882911,7.758168351989184,2.7684066298008929
Labour,PAYEMS,4,month_end,pre_employment_report,2023-06,Labour Bridge Ridge,2023-06-30,2023-07-06,84395dc96d4f2a5c9468cb5755d3d1d33991b8259cb83f65753aa4f99fc85048,bf8f19819a871ad1c1d1cd6fc4b976ae7385ba2db41b40831f7e51fb5f1e5a12,1,1,209,347.88506706093887,304.85725399823883,19289.061852521485,9188.613144082874,-10100.448708438611,138.88506706093887,95.857253998238832,-43.027813062700034
Labour,PAYEMS,4,month_end,pre_employment_report,2023-07,Labour Bridge Ridge,2023-07-31,2023-08-03,fbc319d6b5ac0fd2775cd9c76bd4dcd8de1f4360e65a63d4718ace7671787554,1fbb51fcff7e9a26b23c58e68f7f791da8a62fbf6323c2c5f244c8a399327bee,1,1,187,-126.4036650911916,-43.962494337400628,98221.857292591798,53343.673790553825,-44878.183502037973,313.40366509119161,230.96249433740064,-82.441170753790971
Labour,PAYEMS,4,month_end,pre_employment_report,2023-08,Labour Bridge Ridge,2023-08-31,2023-08-31,98f13c26d07eaf0eb0e880cd715440adc3fbae7968b44b9231773834cccf4443,98f13c26d07eaf0eb0e880cd715440adc3fbae7968b44b9231773834cccf4443,0,0,187,417.67699877891579,417.67699877891579,53211.877765647914,53211.877765647914,0,230.67699877891579,230.67699877891579,0
Labour,PAYEMS,4,month_end,pre_employment_report,2023-09,Labour Bridge Ridge,2023-09-30,2023-10-05,67078a8f26e3a5e1d4f32ab4069129481cef2e548278a60daddb0f9108f5e2ed,28723410f143be952a4248168e4ee6e9eacf07eb0d4d374ff5b2e1472ee4ed0b,1,1,336,291.26670852895109,237.44347812566053,2001.0673658338176,9713.3880039671531,7712.3206381333357,44.733291471048915,98.556521874339467,53.823230403290552
Labour,PAYEMS,4,month_end,pre_employment_report,2023-10,Labour Bridge Ridge,2023-10-31,2023-11-02,dafc9e6a287c630203f0500d569d359231ed7e0bc3cadecea74f0289ddd91749,d4fe0e651754d4e46172c21d3bfe0cc37f332928bbeddc93a54c9d86da74dfec,1,1,150,405.56635425741513,400.06061437240362,65314.161428426611,62530.310860303951,-2783.8505681226598,255.56635425741513,250.06061437240362,-5.5057398850115078
Labour,PAYEMS,4,month_end,pre_employment_report,2023-11,Labour Bridge Ridge,2023-11-30,2023-12-07,699604e989d8b352ecf5a2746628df7956010c4a22358acf6525a9a470e4964b,48c8b1e298d62e2347ce60adc394dbf07031c5fc7ede397c06bc43220de5f2cf,1,1,199,90.979432503016113,113.3664004525794,11668.443002370452,7333.1133714479938,-4335.3296309224579,108.02056749698389,85.633599547420602,-22.386967949563285
Labour,PAYEMS,4,month_end,pre_employment_report,2023-12,Labour Bridge Ridge,2023-12-31,2024-01-04,276f8d1dd873542255063c66d57a96bd3f3eb179ef1c67bd1b2b9304a8d82da6,c5e56cffe44735191f46e496aa0b24ddf4cd493263fa7c72f17608600b8da4fa,1,1,216,371.69853692171483,370.49769629982154,24242.034399562595,23869.538161951892,-372.49623761070325,155.69853692171483,154.49769629982154,-1.2008406218932919
Labour,PAYEMS,4,month_end,pre_employment_report,2024-01,Labour Bridge Ridge,2024-01-31,2024-02-01,8b7ca7ee27539c100809fb99a89db4363c964d7ce55b3e34fa72dabf6ba8438d,3701b2b60e17f3a387ae6dd4e9bc665cc172f5749b445cec879e69b5b005416e,1,1,353,346.70160527758821,317.29008415101873,39.669776079304633,1275.1980899413236,1235.5283138620189,6.2983947224117856,35.709915848981268,29.411521126569482
Labour,PAYEMS,4,month_end,pre_employment_report,2024-02,Labour Bridge Ridge,2024-02-29,2024-03-07,04841ef40dafcdc536a79240e7a22a4ea8336419419f1ec8074618f2a3963450,a8ee776c9f04382a27263870e48955c258b313cab6154421801a9a3c9d2d95cf,1,1,275,332.6551397617925,351.58515003589872,3324.1151409518261,5865.285206021118,2541.1700650692919,57.655139761792498,76.585150035898721,18.930010274106223
Labour,PAYEMS,4,month_end,pre_employment_report,2024-03,Labour Bridge Ridge,2024-03-31,2024-04-04,d8f9cec934588cef4f635943e0a3012b5d783790202aef237ba7b866779390e9,3c614a922141ff47ddcbb53904e11bec16d45036125079e935570cd818d20308,1,1,303,207.38401238212663,173.98825375885303,9142.4170881413138,16644.030668190098,7501.6135800487846,95.615987617873373,129.01174624114697,33.395758623273593
Labour,PAYEMS,4,month_end,pre_employment_report,2024-04,Labour Bridge Ridge,2024-04-30,2024-05-02,c8a398c207425212c887b26d5dbe108904be6744256a227a3bf1b8630afe050c,c19c383bf66ea97e8440e09bbf68fb6cae777bb3d7dda974dc99d85629750969,1,1,175,272.59287393326321,302.30656092305941,9524.3690425538043,16206.960454056636,6682.5914115028318,97.592873933263206,127.30656092305941,29.713686989796201
Labour,PAYEMS,4,month_end,pre_employment_report,2024-05,Labour Bridge Ridge,2024-05-31,2024-06-06,4c4446c658be80fb35aa570dec5ca427851a31b7ddfe358ae6a03c9b0edc48ec,e5739ff7426bc2d03e33812e3dc053aafe2e99bdd80ee86b4d90b7ea686d5a11,1,1,272,286.33791392704802,236.86563555939847,205.57577577943761,1234.4235646450052,1028.8477888655675,14.337913927048021,35.13436444060153,20.796450513553509
Labour,PAYEMS,4,month_end,pre_employment_report,2024-06,Labour Bridge Ridge,2024-06-30,2024-07-04,66b68196eefe79db940752639d613747ca2ba48e5ea9ffb2463ea72cace78419,6497673dc139911c57af9fc6a34db5905086eb186e0aca8fadc5040ec52000fe,1,1,206,86.268820085421254,84.527174057882917,14335.555443737225,14755.647442363874,420.091998626649,119.73117991457875,121.47282594211708,1.7416460275383372
Labour,PAYEMS,4,month_end,pre_employment_report,2024-07,Labour Bridge Ridge,2024-07-31,2024-08-01,c3a0cfd07a89a9461ffab86252ae088529cb2362cc99b544dee29cdc48adf2f6,1cb149f34c3a59f532e4c49889de041b32bf26f923648d832d4fb47e89fccca4,1,1,114,-45.260584701137972,-50.688757606608405,25363.933839348349,27122.386882008221,1758.4530426598722,159.26058470113799,164.68875760660842,5.4281729054704329
Labour,PAYEMS,4,month_end,pre_employment_report,2024-08,Labour Bridge Ridge,2024-08-31,2024-09-05,732c63f7ec21aca5181fcbf6a7ce6e57eecc05a6e05ae98f806fe33824c84b98,24a267aaceb23a104c9ca97b400f9fb58668961c2456c19611e82d7266e00b5e,1,1,142,199.61239401290402,220.69524085918187,3319.1879438980991,6192.9409338846472,2873.7529899865481,57.612394012904019,78.695240859181865,21.082846846277846
Labour,PAYEMS,4,month_end,pre_employment_report,2024-09,Labour Bridge Ridge,2024-09-30,2024-10-03,01cfebddb7a8f5d4de9b24b54aa2c3119e470edbe7ad3c651429945bc92b3825,85384614c03de2ae9110b37baa3cac585f55f2fcf76aaaa0322fc5ef4b037c14,1,1,254,213.67031545924991,298.8884839997815,1626.4834551564172,2014.9759957986396,388.49254064222237,40.329684540750094,44.888483999781499,4.5587994590314054
Labour,PAYEMS,4,month_end,pre_employment_report,2024-10,Labour Bridge Ridge,2024-10-31,2024-10-31,bb84d013a9a2a7b27d5fe0aa8e8d9395b3a3d825ace33a5cbb55efc1207025e5,bb84d013a9a2a7b27d5fe0aa8e8d9395b3a3d825ace33a5cbb55efc1207025e5,0,0,12,173.57913250507511,173.57913250507511,26107.816061092621,26107.816061092621,0,161.57913250507511,161.57913250507511,0
Labour,PAYEMS,4,month_end,pre_employment_report,2024-11,Labour Bridge Ridge,2024-11-30,2024-12-05,47f401181e8f074bd710761ba1e46076c3e0995fa29431b0fde81a166a48cb18,8508c1e46daa20337ca3613a5e44f3d99c40f85a4a8627509a10a97d7b3f22b7,1,1,227,-113.84891417152048,-167.64851877955761,116177.98229190455,155747.45337489882,39569.471082994263,340.84891417152051,394.64851877955761,53.7996046080371
Labour,PAYEMS,4,month_end,pre_employment_report,2024-12,Labour Bridge Ridge,2024-12-31,2025-01-09,761459f7a6b227c41ed280a4a05d2437356630df52b11dc143100317fe789afd,a9d997314e99be04688b87f0fa8abb96895adeb156522b3fd9b3bf5733a710ce,1,1,256,331.54470502256078,448.6194631163699,5707.0024569457191,37102.257571238588,31395.255114292868,75.544705022560777,192.6194631163699,117.07475809380912
Labour,PAYEMS,4,month_end,pre_employment_report,2025-01,Labour Bridge Ridge,2025-01-31,2025-02-06,bc182377d8909f138a980f0f2af1a3b5342236e8fb97dc046d48ba4782727463,d7a1933298a6c1eafdc265f1fcaef2b01689992bda7854961bda82dd6f236d48,1,1,143,291.41073908492024,203.62715379779385,22025.747475732271,3675.6517776213495,-18350.095698110919,148.41073908492024,60.627153797793852,-87.783585287126385
Labour,PAYEMS,4,month_end,pre_employment_report,2025-02,Labour Bridge Ridge,2025-02-28,2025-03-06,008dc5003c888083c121f90abe86553ff4e5ca7037c97c44fa1bdda536129088,9ffd3f9202ace8cf1da7b1c03d131c29c1c9dd1d8971d2ee9f2081b84239a5a3,1,1,151,345.89650321701038,336.92306178534875,37984.646966218133,34567.384903638609,-3417.2620625795244,194.89650321701038,185.92306178534875,-8.9734414316616267
Labour,PAYEMS,4,month_end,pre_employment_report,2025-03,Labour Bridge Ridge,2025-03-31,2025-04-03,bc04457d4517591c1730c971e9ba798296295a2942edca566dc5fb768e1ee180,31ea4c9aa3e553fd66fc90d0dd85528f33587c204bc8248b227aca4b2e36df5d,1,1,228,-23.002503040640917,40.165751813369162,63002.256532666957,35281.704791836833,-27720.551740830124,251.00250304064093,187.83424818663084,-63.168254854010087
Labour,PAYEMS,4,month_end,pre_employment_report,2025-04,Labour Bridge Ridge,2025-04-30,2025-05-01,6dcf1b1fbb1683899ae0571023bb9a23c38b5900f187f0d317ccba88c6a32075,75104d601135eddf8c1e3b6c360c34a122a3c061b69b7fae10f981935160c092,1,1,177,249.48552937902153,232.54145993671855,5254.1519693569935,3084.8537719021119,-2169.2981974548816,72.485529379021528,55.541459936718553,-16.944069442302975
Labour,PAYEMS,4,month_end,pre_employment_report,2025-05,Labour Bridge Ridge,2025-05-31,2025-06-05,8814e19f98ccf79260e2df771557f49f21b55de93e6451e4f28fc8adfb2e4008,67b0243a3d7a58d67ae63e1e4f7c7e9ac44ec4b6923aa2f940a86dde6890a140,1,1,139,188.16837339056192,234.46400800548355,2417.5289418737179,9113.3768244710263,6695.8478825973089,49.168373390561925,95.464008005483549,46.295634614921624
Labour,PAYEMS,4,month_end,pre_employment_report,2025-06,Labour Bridge Ridge,2025-06-30,2025-07-02,7b456dd2caa6006bbe768b4f8f087f1aeecd143f3c5cc3fa1bebc2b73e5c09d3,78d55cfdf9cd0d23d2462d64acbbde0fa06facc98833bfd6d481ac34ca86290b,1,1,147,62.270688388203311,21.283617044294161,7179.0562462089456,15804.608943465686,8625.5526972567404,84.729311611796689,125.71638295570584,40.98707134390915
Labour,PAYEMS,4,month_end,pre_employment_report,2025-07,Labour Bridge Ridge,2025-07-31,2025-07-31,4d961af8bf48247227b9886247f41c6245bc2a7c214e9b6a5e509260eb549c2a,4d961af8bf48247227b9886247f41c6245bc2a7c214e9b6a5e509260eb549c2a,0,0,73,105.32402562631216,105.32402562631216,1044.8426326904855,1044.8426326904855,0,32.324025626312164,32.324025626312164,0
Labour,PAYEMS,4,month_end,pre_employment_report,2025-08,Labour Bridge Ridge,2025-08-31,2025-09-04,6c62b6995120e86b0d022a54a9fe4b3b17a236c6a063d185b725ab3453847f74,bc9a81409939e0bfa9d677aeb16622edab37721b5b13a6522d9bb51234d21353,1,1,22,318.48666623755435,327.90283703511193,87904.343256658947,93576.545706130244,5672.2024494712969,296.48666623755435,305.90283703511193,9.4161707975575837
Labour,PAYEMS,4,month_end,pre_employment_report,2025-09,Labour Bridge Ridge,2025-09-30,2025-11-19,8370e6bddaf1ac9bdd5f8039854e4d3bf31c27979ed1408ff01f7f76beffc2e6,5a7cfc6a74b6b09b4fa07ebbd9b0e05841092b974ddb2f28af3796f79fcda4f3,1,1,119,92.931132931112614,92.931132931112614,679.58583025532118,679.58583025532118,0,26.068867068887386,26.068867068887386,0
Labour,PAYEMS,4,month_end,pre_employment_report,2025-10,Labour Bridge Ridge,2025-10-31,2025-12-15,9de3aa1627a6c212eec7e285c9949b1a9f5f06e5b9d4a1f7141ab72ba522eb0a,f98a1afbb63fe46a326528c231b267a54ab54163e5726a6c2ac0f36fad7972c3,1,1,-105,95.773044196184742,101.53886600268322,40309.81527580315,42658.303169674335,2348.4878938711845,200.77304419618474,206.53886600268322,5.7658218064984794
Labour,PAYEMS,4,month_end,pre_employment_report,2025-11,Labour Bridge Ridge,2025-11-30,2025-12-15,0c896a2302e5e5210650a5bcc02de10294e49638d0e25e558104a6669ae65edd,f98a1afbb63fe46a326528c231b267a54ab54163e5726a6c2ac0f36fad7972c3,1,1,64,255.89984173660741,240.06155712050705,36825.549258534971,30997.671895697564,-5827.8773628374074,191.89984173660741,176.06155712050705,-15.838284616100367
Labour,PAYEMS,4,month_end,pre_employment_report,2025-12,Labour Bridge Ridge,2025-12-31,2026-01-08,17f9c04874b999f3808b7961e7affc0f1aac0cbea808e40e38082edb0d6d1831,7f2574b0e02739ebd85c44cb6e8a029224cac4418bcd3f9b7fd238cef0330635,1,1,50,386.59151044643096,264.94517011732171,113293.84490460984,46201.42615676437,-67092.41874784547,336.59151044643096,214.94517011732171,-121.64634032910925
Labour,PAYEMS,4,month_end,pre_employment_report,2026-01,Labour Bridge Ridge,2026-01-31,2026-02-10,5be923ed610a63b5e8d0127b7176fb220b55dd1a9efc221ebe5f38b499ee9a2d,fee22f4da32cbfc3f29b149dfc127e9e54c4e3051c2cf9b3852d4873286d2847,1,1,130,111.73937408037909,150.09934233049984,333.45045897633088,403.98356211862261,70.533103142291736,18.260625919620907,20.099342330499837,1.8387164108789307
Labour,PAYEMS,4,month_end,pre_employment_report,2026-02,Labour Bridge Ridge,2026-02-28,2026-03-05,da7fe850311202997c3df1f480d1ecd82e7a36fa5c90ab9bc02c6f4e527081cf,36b785424159da4fdf5b6c9479a7b2a92ea365c14a7224f96e2d6728a732524f,1,1,-92,315.37201352427599,312.22637926302343,165951.95740282288,163398.96569209365,-2552.9917107292276,407.37201352427599,404.22637926302343,-3.1456342612525532
Labour,PAYEMS,4,month_end,pre_employment_report,2026-03,Labour Bridge Ridge,2026-03-31,2026-04-02,0b3941461f2aa9c93166e499ca454e286199ed8cb9170c88f5a48c886b779fc5,45a17d7fe6bdfd8cff1f18fa59146367abf91a4f48b35e20fdf663b9168460ab,1,1,178,38.49290607808522,37.150291095170026,19462.229254537953,19838.640498575343,376.41124403739013,139.50709392191479,140.84970890482998,1.3426149829151939
Labour,PAYEMS,4,month_end,pre_employment_report,2026-04,Labour Bridge Ridge,2026-04-30,2026-05-07,e9b2931657ea7e2c64fdec1868969d68b6fa4f0098307b891f6492385ff27cfe,c1a70b31504609df70e57a8900964825b53d74c5d0f5fd5f3c774df3b96ba5b0,1,1,115,318.35547837128274,286.37506104204999,41353.450583613245,29369.411547166361,-11984.039036446884,203.35547837128274,171.37506104204999,-31.98041732923275
Labour,PAYEMS,4,month_end,pre_employment_report,2026-05,Labour Bridge Ridge,2026-05-31,2026-06-04,1a433339712659ccc8304b58487b1d8576405e57dfadf386daff065d937734e8,92a663192feec587f3176af523495241328ecabc278f467430e3efe81b876abe,1,1,172,123.06461362352366,157.0282960838783,2394.6720398150264,224.15191815201376,-2170.5201216630126,48.935386376476345,14.971703916121697,-33.963682460354647
Labour,PAYEMS,4,month_end,pre_employment_report,2026-06,Labour Bridge Ridge,2026-06-30,2026-07-01,cfc5d3f5304c510ad3b5c71a0b1da69b55da82e144777d9838460b3ef80935bd,4ddd519170c9cffa44842a12fe5193c70298c5681d7a3335155c60f1a9b10bf1,1,1,57,95.051002285650711,95.051002285650711,1447.8787749425956,1447.8787749425956,0,38.051002285650711,38.051002285650711,0
Labour,UNRATE,1,month_open,after_week_1,2023-02,Labour Equal-Weight Ensemble,2023-02-01,2023-02-07,a625e8022d1833e223ee211a4d0dc372e5fd183c04740ebbcd8913bb57033a61,bb41d6dfe98a395523c37c474f213db161202a21d6b68c213d32b3cd9487d8ff,1,1,3.6000000000000001,3.4471761139493799,3.236093340106406,0.023355140147612929,0.13242805711491193,0.109072916967299,0.15282388605062014,0.36390665989359405,0.21108277384297391
Labour,UNRATE,1,month_open,after_week_1,2023-03,Labour Equal-Weight Ensemble,2023-03-01,2023-03-07,9c677fcb35ec200fbad5da0c1d6f9f47034a0a3b1ada1b288239b7872f68ac41,04d542ce609f6ce78f4fb75c8c7f297a3a3521c22fa3383998fa70977d5761ee,1,1,3.5,3.2197495038641399,3.2163519754465848,0.078540340584395713,0.080456201833054838,0.0019158612486591259,0.28025049613586006,0.2836480245534152,0.0033975284175551401
Labour,UNRATE,1,month_open,after_week_1,2023-04,Labour Equal-Weight Ensemble,2023-04-01,2023-04-07,de14489ce738d0aa9d434beb29ac87c6b1c1045ae0496fb5e29591065aea364b,d6291ecb4244544f0603af35576d597cf0ad0e6af414b0dd4da59e14033b9d8b,1,1,3.3999999999999999,3.3575759855549028,3.4831865672503177,0.0017997970016378104,0.0069200049708916479,0.0051202079692538377,0.042424014445097136,0.083186567250317811,0.040762552805220675
Labour,UNRATE,1,month_open,after_week_1,2023-05,Labour Equal-Weight Ensemble,2023-05-01,2023-05-07,7f83bf8482e2c2930f8ac46371522cd54958a30311b96105be2e9af7368463e5,534bcacc239f9d9bc0ce2ecfc6f4243a4cb1d4205daaf6b49325cb9c542ba6dc,1,1,3.7000000000000002,3.4208919413586529,3.4126225218134358,0.07790130839854173,0.082585814968869256,0.0046845065703275263,0.27910805864134725,0.28737747818656434,0.0082694195452170938
Labour,UNRATE,1,month_open,after_week_1,2023-06,Labour Equal-Weight Ensemble,2023-06-01,2023-06-07,780a896b5ae77b003c614f12ec4890201f28be64859fea0aac6731484376ca2e,6e46d3399a89fbed7a12c75408ae6f4c803fdbf2f2b618c06662410c19837114,1,1,3.6000000000000001,3.3050409308293407,3.312727898826799,0.087000852486021837,0.082525260112465901,-0.0044755923735559366,0.29495906917065939,0.28727210117320112,-0.0076869679974582716
Labour,UNRATE,1,month_open,after_week_1,2023-07,Labour Equal-Weight Ensemble,2023-07-01,2023-07-07,3a4c14b4be18f6ceb889d4b76f185b7118870ecdf457828c530aa21dd96674ed,77ba7fefe2849cfab833dadd8c869b78456ad996c7411b1a46556d234973fb79,1,1,3.5,3.3447150593719326,3.433337893579687,0.024113412785862421,0.0044438364323931365,-0.019669576353469283,0.15528494062806741,0.066662106420313005,-0.088622834207754408
Labour,UNRATE,1,month_open,after_week_1,2023-08,Labour Equal-Weight Ensemble,2023-08-01,2023-08-07,ccb96bbce2db9e933322c92059d3ac77bd10deef41331c2b428204b788a4a218,b12d207d247e6299aa4c05ccfc0651dad64482d8216ff838262719b475fe8bc0,1,1,3.7999999999999998,3.4318641482229242,3.4105728092749228,0.13552400536363302,0.15165353687602554,0.01612953151239252,0.36813585177707564,0.38942719072507703,0.021291338948001393
Labour,UNRATE,1,month_open,after_week_1,2023-09,Labour Equal-Weight Ensemble,2023-09-01,2023-09-07,34d4cc0b568fa2fe0432876aee9da9fcd5b749809db5f1eb09648c661964643c,5dfa949842e927b33ada7d19d99bd4787428f2e189df197e651ba3958f39b74d,1,1,3.7999999999999998,3.3623780990025813,3.3708041882031679,0.19151292823259436,0.1842090448639416,-0.0073038833686527582,0.43762190099741849,0.42919581179683197,-0.0084260892005865173
Labour,UNRATE,1,month_open,after_week_1,2023-10,Labour Equal-Weight Ensemble,2023-10-01,2023-10-07,2501f3ee713082b68040e08e0c96faa39b1d30ed992d5a5e135d82f85e635122,d9d493e5ffc80c8624d08be9014bd596d65351a375f0f2610c0f89f612f96dda,1,1,3.8999999999999999,3.3490818717893212,3.4301008278390932,0.30351078399115788,0.22080523199750543,-0.082705551993652454,0.55091812821067876,0.46989917216090671,-0.081018956049772051
Labour,UNRATE,1,month_open,after_week_1,2023-11,Labour Equal-Weight Ensemble,2023-11-01,2023-11-07,a54cb0106a3f48fc14619cacce2ee2c6a7574aa8f68f547408b64fcb04c16cfa,92bf152df1d49ecadde4f53d12cfe935f7739382310fdbaa04dac35fc39a3ece,1,1,3.7000000000000002,3.5242896188736386,3.6543985249775517,0.030874138035571257,0.0020794945242229934,-0.028794643511348264,0.17571038112636161,0.04560147502244849,-0.13010890610391312
Labour,UNRATE,1,month_open,after_week_1,2023-12,Labour Equal-Weight Ensemble,2023-12-01,2023-12-07,c2c85a0812bf8a07ee4c04256da709a5e1b62f787e0859b5c27c65ff95fde2e3,48c8b1e298d62e2347ce60adc394dbf07031c5fc7ede397c06bc43220de5f2cf,1,1,3.7000000000000002,3.7030549001377273,3.73354655409578,9.3324148514852647e-06,0.0011253712917010791,0.0011160388768495938,0.0030549001377271345,0.033546554095779779,0.030491653958052645
Labour,UNRATE,1,month_open,after_week_1,2024-01,Labour Equal-Weight Ensemble,2024-01-01,2024-01-07,3519333accd53327f1080036a15493a48742a0a34f4f87436c06d7119d3e3764,a252c50a87f26aba33a12acedf7870a0a48f124684b844c1ad2f0650d5369cd4,1,1,3.7000000000000002,3.4850183619698591,3.5376978079945496,0.046217104690122579,0.026342001529774152,-0.019875103160348427,0.21498163803014103,0.1623021920054506,-0.052679446024690435
Labour,UNRATE,1,month_open,after_week_1,2024-02,Labour Equal-Weight Ensemble,2024-02-01,2024-02-07,3701b2b60e17f3a387ae6dd4e9bc665cc172f5749b445cec879e69b5b005416e,a4241ad2fc581d1496b94a0b1bec695555a3d43881a153582fa6b660ae64a15d,1,1,3.8999999999999999,3.5346265452620309,3.4761160994324811,0.13349776142715869,0.17967756116033415,0.046179799733175458,0.36537345473796901,0.42388390056751879,0.058510445829549784
Labour,UNRATE,1,month_open,after_week_1,2024-03,Labour Equal-Weight Ensemble,2024-03-01,2024-03-07,77548f2852b75aef580efa27cc6c20479ec5dc3089e524f4893a7b89b3ff0f3c,a8ee776c9f04382a27263870e48955c258b313cab6154421801a9a3c9d2d95cf,1,1,3.7999999999999998,3.5175083303227397,3.5279182459855041,0.079801543437046249,0.074028480867604579,-0.0057730625694416698,0.28249166967726014,0.27208175401449575,-0.010409915662764391
Labour,UNRATE,1,month_open,after_week_1,2024-04,Labour Equal-Weight Ensemble,2024-04-01,2024-04-07,f3e7ab5cea5b82b2ff68483aefae2427714a7b2b3172e6acc5bdef31debf210b,ca78175c4d5921f128c9ea62d66a38c43edce9fd95b11492bfdef46efef9422e,1,1,3.8999999999999999,3.5707001990270162,3.5862669832688696,0.10843835892084669,0.098428405787215678,-0.010009953133631011,0.32929980097298372,0.3137330167311303,-0.015566784241853426
Labour,UNRATE,1,month_open,after_week_1,2024-05,Labour Equal-Weight Ensemble,2024-05-01,2024-05-07,54bb7e70ea519f9b1d13ed3660f1d855156a427c1a91f45267677ad5bbe663f2,ba741d1b161e87db6a8511e63833a6c04f0fcbf08a7534893c60302232e6ab6f,1,1,4,3.5481748882192434,3.5922464591515699,0.20414593163569317,0.16626295007443234,-0.037882981561260826,0.45182511178075657,0.40775354084843007,-0.044071570932326498
Labour,UNRATE,1,month_open,after_week_1,2024-06,Labour Equal-Weight Ensemble,2024-06-01,2024-06-07,1a29a50fce25676ba4df60dc2a227497d5912955dfc3391913627a002c9252a3,a169daa65ea8b174d1c6c12af99fac4c2c993e382e163b9b729280e5bda003f2,1,1,4.0999999999999996,3.6192191534880966,3.6627730493838597,0.23115022237270202,0.19116740634508847,-0.039982816027613555,0.480780846511903,0.43722695061613992,-0.043553895895763084
Labour,UNRATE,1,month_open,after_week_1,2024-07,Labour Equal-Weight Ensemble,2024-07-01,2024-07-07,4c87aae8629352590fc1e432e4813cbaff4f6e9f6b181cea657a60ee780a4e0c,59d76c06705e6428cb53e639d275bd1c60f4cd814f4e38381f010eb1fbfb991c,1,1,4.2999999999999998,3.684893381648624,3.8220608368385207,0.3783561519396651,0.22842584368349494,-0.14993030825617015,0.61510661835137581,0.47793916316147911,-0.1371674551898967
Labour,UNRATE,1,month_open,after_week_1,2024-08,Labour Equal-Weight Ensemble,2024-08-01,2024-08-07,1cb149f34c3a59f532e4c49889de041b32bf26f923648d832d4fb47e89fccca4,e42c04762dad2df063bb0350438ac0035341666051ecdfb9e487763adb761ed9,1,1,4.2000000000000002,3.8787449495396378,3.8833706745016534,0.10320480744628999,0.10025412976553803,-0.0029506776807519536,0.3212550504603624,0.31662932549834677,-0.0046257249620156315
Labour,UNRATE,1,month_open,after_week_1,2024-09,Labour Equal-Weight Ensemble,2024-09-01,2024-09-07,5fdfc5666824fdc0b1b10afc856fa2d9825c20b59931314ccf7bd7e9db343ae9,6630db4ba0d712d7c49345b6885e146b8167fbe90b0cd4a7afdcd4f8399bcfb9,1,1,4.0999999999999996,3.8728468429095027,3.9551828417963613,0.051598556776180006,0.02097200931017763,-0.030626547466002376,0.22715315709049699,0.14481715820363839,-0.082335998886858608
Labour,UNRATE,1,month_open,after_week_1,2024-10,Labour Equal-Weight Ensemble,2024-10-01,2024-10-07,f7b88be0eee7738e05aa6fee1d30c15c4a80e51c0331616978de0f0bbf3cedcb,db7b7696e6aae99e7694dd5e1c58c95683a8d4964287ec1a555371478da90ebc,1,1,4.0999999999999996,3.95973375314647,3.8789887984782996,0.019674620006375307,0.048845951198065514,0.029171331191690207,0.14026624685352962,0.22101120152170006,0.080744954668170443
Labour,UNRATE,1,month_open,after_week_1,2024-11,Labour Equal-Weight Ensemble,2024-11-01,2024-11-07,48f5e811c5e66226b53eaec64496c7be903b86ac794ef9d8d90efc169a49a304,96e1ec0cf077d79a876d72878c52811dd67fc548936fe8bc4d7a31f5c16a0d3d,1,1,4.2000000000000002,3.9555592187329656,3.9740200921971649,0.059751295546438259,0.051066918730577934,-0.0086843768158603243,0.24444078126703461,0.22597990780283528,-0.018460873464199334
Labour,UNRATE,1,month_open,after_week_1,2024-12,Labour Equal-Weight Ensemble,2024-12-01,2024-12-07,65bb2277f867bc39d04bd21dd903761138ec9b7b1607aa99aeb44ec8f6e16bc3,b12f8d34692d44fd7280401e60abc407818c59de8c6522a02b37f0100be55cdb,1,1,4.0999999999999996,3.9509243034679824,3.8435978157561674,0.022223563296506099,0.065742080085008078,0.043518516788501979,0.14907569653201724,0.25640218424383221,0.10732648771181497
Labour,UNRATE,1,month_open,after_week_1,2025-01,Labour Equal-Weight Ensemble,2025-01-01,2025-01-07,232704b0d42e2a1666e5093bd494eef549eea6361b508fa98d4163161219c108,4922dff46c56aee99cc2df4e0191b2d1b1854b99292fc5080c21169b2a227bbe,1,1,4,3.8539178090234878,3.9014734888600806,0.021340006520498184,0.0097074733974046607,-0.011632533123093524,0.14608219097651221,0.098526511139919393,-0.047555679836592812
Labour,UNRATE,1,month_open,after_week_1,2025-02,Labour Equal-Weight Ensemble,2025-02-01,2025-02-07,54d87f057dbe572aa4d6800f9f043c021a1b5f0621ff2e5cb1ad699b26014af8,93edd098120094468c12061d68adb07729e2994766c3600755c23d0b76750c61,1,1,4.0999999999999996,3.9040546772611671,3.8506140167273464,0.038394569503225263,0.062193368652868092,0.023798799149642828,0.19594532273883258,0.24938598327265327,0.053440660533820683
Labour,UNRATE,1,month_open,after_week_1,2025-03,Labour Equal-Weight Ensemble,2025-03-01,2025-03-07,1bc4c18efc619ff94240cac4cabc8566a6add3141589d781de955ac10217975e,054bd2f0a117ba037ef1e61ffa5443e5c43f4a7ac0859433ffb20157ae45a464,1,1,4.2000000000000002,3.8368488198140995,3.8225514835374548,0.13187877967041248,0.1424673825797764,0.01058860290936392,0.36315118018590065,0.3774485164625454,0.014297336276644756
Labour,UNRATE,1,month_open,after_week_1,2025-04,Labour Equal-Weight Ensemble,2025-04-01,2025-04-07,79549f7da5fac61d28805e92085456fd205ab626655c43ab48524b9d93b3ead2,38f9c3fd6b2e04c3e040adaa16477edc05783a6cc9be160a94499d836679f8b9,1,1,4.2000000000000002,3.8572168062654284,3.869853379886953,0.11750031790687297,0.1089967907720687,-0.0085035271348042757,0.34278319373457178,0.33014662011304718,-0.012636573621524594
Labour,UNRATE,1,month_open,after_week_1,2025-05,Labour Equal-Weight Ensemble,2025-05-01,2025-05-07,75104d601135eddf8c1e3b6c360c34a122a3c061b69b7fae10f981935160c092,1277a270d8450380abcfaaad3ec190cb54f3a176d3573292c5ab982d2593bc8e,1,1,4.2000000000000002,3.9181596474201696,3.8957634420143101,0.079433984342323183,0.09255988321498014,0.013125898872656958,0.28184035257983053,0.30423655798569005,0.022396205405859515
Labour,UNRATE,1,month_open,after_week_1,2025-06,Labour Equal-Weight Ensemble,2025-06-01,2025-06-07,02b6774eb3f19b903187739584a159e96a8d8e7537de832aabd525a17ab6b6b0,83beda7e8df1fea8713ab210f3e177bf0993ab54a8305a67d5576a637bd589a8,1,1,4.0999999999999996,3.9219413047314049,4.0485789819234386,0.031704898960754284,0.0026441211000300209,-0.029060777860724262,0.17805869526859475,0.051421018076561076,-0.12663767719203367
Labour,UNRATE,1,month_open,after_week_1,2025-07,Labour Equal-Weight Ensemble,2025-07-01,2025-07-07,b6b9c06c653e60e89f358828ec8730bc4e680f2fe36784bafa9d410e93efd003,fcaf5bc138fe2f3332d5d1509669235199f952e3a2960a20504ac231e8463b50,1,1,4.2000000000000002,4.0671966060460729,4.0321954306201286,0.017636741445682003,0.02815837350476412,0.010521632059082117,0.13280339395392726,0.16780456937987154,0.035001175425944275
Labour,UNRATE,1,month_open,after_week_1,2025-08,Labour Equal-Weight Ensemble,2025-08-01,2025-08-07,2fcac741c98a87ac4181a30967023a1886f8e59147a4827b2b0a1f5ab8858d18,e96b583c044cdd4e56c565cfe33c2b2a448d1affd9b2a1d4f123434714f8f419,1,1,4.2999999999999998,3.9399154811440873,3.9271893949229475,0.12966086071969402,0.13898774725791788,0.0093268865382238608,0.36008451885591253,0.37281060507705233,0.012726086221139798
Labour,UNRATE,1,month_open,after_week_1,2025-09,Labour Equal-Weight Ensemble,2025-09-01,2025-09-07,56a43cb6d4a83f7018a9e5c08194f26e20ec8059795f73a8315391ae48e158a9,de2edea823cb93c6737bf52e436d82048db9488695b8cfe07863468096cba4a0,1,1,4.4000000000000004,3.920080669646985,3.9816185211341186,0.23032256364648671,0.17504306185800225,-0.055279501788484453,0.47991933035301537,0.41838147886588173,-0.061537851487133644
Labour,UNRATE,1,month_open,after_week_1,2025-11,Labour Equal-Weight Ensemble,2025-11-01,2025-11-07,977a5c002ed197043d5d39ecac45bdef20d03cbe8aaa4e545052854d2b848f65,ca8b81a0095c12210660a4fb6cc9660677d5e71f1aec8d56d540e31fa3056ad8,1,1,4.5999999999999996,4.0744599735542044,4.0744599735542044,0.27619231939664712,0.27619231939664712,0,0.52554002644579523,0.52554002644579523,0
Labour,UNRATE,1,month_open,after_week_1,2025-12,Labour Equal-Weight Ensemble,2025-12-01,2025-12-07,58c0cb4c638b2295a728f26941de0aa0d421dc6d67fc92e942c0ebb0e8d4d96f,3e12e701e5a2d64154efe9bea276c8029ad622a52886daabaede35dd87e07236,1,1,4.4000000000000004,4.0669359093548811,4.0594343841670915,0.11093168847726019,0.11598493868764849,0.0050532502103882992,0.33306409064511922,0.3405656158329089,0.0075015251877896816
Labour,UNRATE,1,month_open,after_week_1,2026-01,Labour Equal-Weight Ensemble,2026-01-01,2026-01-07,fac6f29d2b652c12cdf69a6e5efa5ffde4c492936a9adc66a209dc433e7273d7,d43da6537ff4bcad48bd47092b820d596fcb9c64db7fa6c95a58451e5a56770d,1,1,4.2999999999999998,4.1512128670585673,4.1392652758271993,0.022137610928931517,0.025835651554906271,0.0036980406259747543,0.14878713294143253,0.16073472417280055,0.011947591231368015
Labour,UNRATE,1,month_open,after_week_1,2026-02,Labour Equal-Weight Ensemble,2026-02-01,2026-02-07,e5cdc81382c78fb1f258be68d762c3f7d2cdd962727c129f638e8a8db7f98c73,37c69c231cbac476995f7ae8103aef740098628d299161150c826005831eadd2,1,1,4.4000000000000004,4.0978078964317959,4.0921197121601791,0.091320067458976417,0.094790271640331186,0.003470204181354769,0.30219210356820447,0.30788028783982124,0.0056881842716167696
Labour,UNRATE,1,month_open,after_week_1,2026-03,Labour Equal-Weight Ensemble,2026-03-01,2026-03-07,16b1a548967fdcffc384c08ec2ab49737230674e04f3d332ba7f12961213b0d7,f7b758ab5cd15f34035c7f85593761ad6610b9cf39f92cf30fe1302005238127,1,1,4.2999999999999998,4.0608989483152325,4.156506033427334,0.057169312916761791,0.020590518442757322,-0.036578794474004472,0.23910105168476736,0.14349396657266578,-0.095607085112101586
Labour,UNRATE,1,month_open,after_week_1,2026-04,Labour Equal-Weight Ensemble,2026-04-01,2026-04-07,9df61ce80c86f71100d8b13eb9ef4d8b48d49deb3b3e5e9ce0cac90ff6c6844d,756f7615f928dae9df0542acd7dbc63ca7013dc60608c838446f6205be7d8080,1,1,4.2999999999999998,4.1670794079826088,4.0816369755955657,0.017667883782253719,0.047682410427051486,0.030014526644797767,0.13292059201739104,0.21836302440443411,0.085442432387043077
Labour,UNRATE,1,month_open,after_week_1,2026-05,Labour Equal-Weight Ensemble,2026-05-01,2026-05-07,6c034c922c5f56744e61d8c891e2a7b7f4a87342629911312ea4e92ca7e1ad5a,c1a70b31504609df70e57a8900964825b53d74c5d0f5fd5f3c774df3b96ba5b0,1,1,4.2999999999999998,4.075721021436574,4.0639724401681585,0.050301060225453623,0.055709009000173434,0.0054079487747198118,0.22427897856342582,0.23602755983184132,0.011748581268415492
Labour,UNRATE,1,month_open,after_week_1,2026-06,Labour Equal-Weight Ensemble,2026-06-01,2026-06-07,2a9dcc995e4322da4a57b74e2df32835f188a11d6f41b195fdcafd7580cb2d98,8784239341aa001ab1647806c07a3f0361b1419a04dfa39baa7e045cd22234ad,1,1,4.2000000000000002,4.0867891907832288,4.1038345797934959,0.012816687323516212,0.0092477880434935489,-0.0035688992800226634,0.1132108092167714,0.096165420206504315,-0.017045389010267087
Labour,UNRATE,2,after_week_1,after_week_2,2023-02,Labour Equal-Weight Ensemble,2023-02-07,2023-02-14,bb41d6dfe98a395523c37c474f213db161202a21d6b68c213d32b3cd9487d8ff,8493c3522808cec4223f6f3d60cef7f8cb31652eb221cdb7aeb18631eac2e8ad,1,1,3.6000000000000001,3.236093340106406,3.2233251218175236,0.13242805711491193,0.14188396385378349,0.0094559067388715612,0.36390665989359405,0.37667487818247647,0.012768218288882416
Labour,UNRATE,2,after_week_1,after_week_2,2023-03,Labour Equal-Weight Ensemble,2023-03-07,2023-03-14,04d542ce609f6ce78f4fb75c8c7f297a3a3521c22fa3383998fa70977d5761ee,20c40afbcca5c648db06a4273bcffc60ee94d000b3934a3793b1cb51918278bb,1,1,3.5,3.2163519754465848,3.2862374532775624,0.080456201833054838,0.045694426381262296,-0.034761775451792543,0.2836480245534152,0.21376254672243755,-0.069885477830977649
Labour,UNRATE,2,after_week_1,after_week_2,2023-04,Labour Equal-Weight Ensemble,2023-04-07,2023-04-14,d6291ecb4244544f0603af35576d597cf0ad0e6af414b0dd4da59e14033b9d8b,67ee23bbaa58d22cbf3c8878e5129f497073227cf66af8559e3990e7ed85be3f,1,1,3.3999999999999999,3.4831865672503177,3.456114945909357,0.0069200049708916479,0.0031488871544100689,-0.003771117816481579,0.083186567250317811,0.056114945909357061,-0.02707162134096075
Labour,UNRATE,2,after_week_1,after_week_2,2023-05,Labour Equal-Weight Ensemble,2023-05-07,2023-05-14,534bcacc239f9d9bc0ce2ecfc6f4243a4cb1d4205daaf6b49325cb9c542ba6dc,b003a900f1a4b4c48d303b15f513372ec6de625c0248d6c2eaa4985d38abb73e,1,1,3.7000000000000002,3.4126225218134358,3.3949735468051085,0.082585814968869256,0.093041137148655417,0.010455322179786161,0.28737747818656434,0.30502645319489163,0.017648975008327294
Labour,UNRATE,2,after_week_1,after_week_2,2023-06,Labour Equal-Weight Ensemble,2023-06-07,2023-06-14,6e46d3399a89fbed7a12c75408ae6f4c803fdbf2f2b618c06662410c19837114,734ba86a6992f197f3ad1bf69bd17c3d9183d762c13d6d479bb70ac3ab3b0c76,1,1,3.6000000000000001,3.312727898826799,3.288217125138317,0.082525260112465901,0.097208561057015946,0.014683300944550046,0.28727210117320112,0.3117828748616831,0.024510773688481979
Labour,UNRATE,2,after_week_1,after_week_2,2023-07,Labour Equal-Weight Ensemble,2023-07-07,2023-07-14,77ba7fefe2849cfab833dadd8c869b78456ad996c7411b1a46556d234973fb79,e4811844862e309cfc8322d765ffa7a257731b6fe4cf0af7302c064d6f2e7608,1,1,3.5,3.433337893579687,3.4432597047873372,0.0044438364323931365,0.0032194611008201221,-0.0012243753315730145,0.066662106420313005,0.056740295212662772,-0.0099218112076502329
Labour,UNRATE,2,after_week_1,after_week_2,2023-08,Labour Equal-Weight Ensemble,2023-08-07,2023-08-14,b12d207d247e6299aa4c05ccfc0651dad64482d8216ff838262719b475fe8bc0,ded400bd99d0525f109e312456fba5df514a4d773b390ecc853d70110c30193b,1,1,3.7999999999999998,3.4105728092749228,3.3862976325671839,0.15165353687602554,0.17114964881951666,0.019496111943491129,0.38942719072507703,0.41370236743281597,0.024275176707738932
Labour,UNRATE,2,after_week_1,after_week_2,2023-09,Labour Equal-Weight Ensemble,2023-09-07,2023-09-14,5dfa949842e927b33ada7d19d99bd4787428f2e189df197e651ba3958f39b74d,b92020924c9b8daef618fd1bf659b4548d6867910f86e626465a464ba71cce2d,1,1,3.7999999999999998,3.3708041882031679,3.3654341817042472,0.1842090448639416,0.18884745043105705,0.00463840556711545,0.42919581179683197,0.43456581829575258,0.0053700064989206098
Labour,UNRATE,2,after_week_1,after_week_2,2023-10,Labour Equal-Weight Ensemble,2023-10-07,2023-10-14,d9d493e5ffc80c8624d08be9014bd596d65351a375f0f2610c0f89f612f96dda,c8bb26bc6ccd1e562376422f23b273f0897968f271d71fef3c2c57267c55258c,1,1,3.8999999999999999,3.4301008278390932,3.4226478246324952,0.22080523199750543,0.22786509932808899,0.007059867330583558,0.46989917216090671,0.47735217536750474,0.0074530032065980301
Labour,UNRATE,2,after_week_1,after_week_2,2023-11,Labour Equal-Weight Ensemble,2023-11-07,2023-11-14,92bf152df1d49ecadde4f53d12cfe935f7739382310fdbaa04dac35fc39a3ece,f5c0f612dc58e9016dc44763f1e1b02ededc60d3770a17e50bdb3572bb610a1c,1,1,3.7000000000000002,3.6543985249775517,3.6593013156403522,0.0020794945242229934,0.0016563829086062537,-0.00042311161561673976,0.04560147502244849,0.040698684359647963,-0.0049027906628005269
Labour,UNRATE,2,after_week_1,after_week_2,2023-12,Labour Equal-Weight Ensemble,2023-12-07,2023-12-14,48c8b1e298d62e2347ce60adc394dbf07031c5fc7ede397c06bc43220de5f2cf,aff022967a092f45ea0cc83de606b7add419d69251ad673c8850e401433d4a81,1,1,3.7000000000000002,3.73354655409578,3.5696787101421692,0.0011253712917010791,0.016983638590208801,0.015858267298507721,0.033546554095779779,0.13032128985783098,0.096774735762051201
Labour,UNRATE,2,after_week_1,after_week_2,2024-01,Labour Equal-Weight Ensemble,2024-01-07,2024-01-14,a252c50a87f26aba33a12acedf7870a0a48f124684b844c1ad2f0650d5369cd4,4137aca638b70cbdb714544313f398ba6149872c41a12595f85b84fec079499b,1,1,3.7000000000000002,3.5376978079945496,3.5342444701457389,0.026342001529774152,0.027474895677266888,0.0011328941474927356,0.1623021920054506,0.16575552985426123,0.0034533378488106337
Labour,UNRATE,2,after_week_1,after_week_2,2024-02,Labour Equal-Weight Ensemble,2024-02-07,2024-02-14,a4241ad2fc581d1496b94a0b1bec695555a3d43881a153582fa6b660ae64a15d,e66a3d829626762dc37bc2abaef61abbae0b316e83b458eb9e862f6e10aab1d2,1,1,3.8999999999999999,3.4761160994324811,3.4732288100058462,0.17967756116033415,0.18213364860902609,0.0024560874486919404,0.42388390056751879,0.42677118999415375,0.0028872894266349647
Labour,UNRATE,2,after_week_1,after_week_2,2024-03,Labour Equal-Weight Ensemble,2024-03-07,2024-03-14,a8ee776c9f04382a27263870e48955c258b313cab6154421801a9a3c9d2d95cf,6082a0e5af4d013b8a575a7e0c2f72c977bf815d00f07e82c024da13b8dbdd8c,1,1,3.7999999999999998,3.5279182459855041,3.524887422093586,0.074028480867604579,0.075686930522312637,0.0016584496547080579,0.27208175401449575,0.27511257790641386,0.0030308238919181107
Labour,UNRATE,2,after_week_1,after_week_2,2024-04,Labour Equal-Weight Ensemble,2024-04-07,2024-04-14,ca78175c4d5921f128c9ea62d66a38c43edce9fd95b11492bfdef46efef9422e,f361a111d81ddea7281c1841c3e7377ead6751e7738e314e5c5a783bd67b93a7,1,1,3.8999999999999999,3.5862669832688696,3.5925628823045099,0.098428405787215678,0.094517581336910558,-0.0039108244503051198,0.3137330167311303,0.30743711769548998,-0.0062958990356403177
Labour,UNRATE,2,after_week_1,after_week_2,2024-05,Labour Equal-Weight Ensemble,2024-05-07,2024-05-14,ba741d1b161e87db6a8511e63833a6c04f0fcbf08a7534893c60302232e6ab6f,8aaa812faa2efa57d1e16617bd809a906549a3d52532e4eb2aa5a91bf3174426,1,1,4,3.5922464591515699,3.5774190303077802,0.16626295007443234,0.17857467594601681,0.012311725871584467,0.40775354084843007,0.42258096969221981,0.014827428843789736
Labour,UNRATE,2,after_week_1,after_week_2,2024-06,Labour Equal-Weight Ensemble,2024-06-07,2024-06-14,a169daa65ea8b174d1c6c12af99fac4c2c993e382e163b9b729280e5bda003f2,5b118d1a38fdc61e0354d414940750989584533b032f3ebc5108ce5237a83dda,1,1,4.0999999999999996,3.6627730493838597,3.6673883365541666,0.19116740634508847,0.18715285134937071,-0.0040145549957177618,0.43722695061613992,0.43261166344583302,-0.0046152871703069032
Labour,UNRATE,2,after_week_1,after_week_2,2024-07,Labour Equal-Weight Ensemble,2024-07-07,2024-07-14,59d76c06705e6428cb53e639d275bd1c60f4cd814f4e38381f010eb1fbfb991c,b9d9d06b76243fbeb3e3c4f0ee993d001c65ada355bcca8b593fcb3afbe8683b,1,1,4.2999999999999998,3.8220608368385207,3.8406308728978948,0.22842584368349494,0.21101999493454987,-0.017405848748945074,0.47793916316147911,0.45936912710210498,-0.018570036059374129
Labour,UNRATE,2,after_week_1,after_week_2,2024-08,Labour Equal-Weight Ensemble,2024-08-07,2024-08-14,e42c04762dad2df063bb0350438ac0035341666051ecdfb9e487763adb761ed9,68ab36fad37d8d08cf9611ee2be678ce8b335aca49799811a4838a7bdc8c0a82,1,1,4.2000000000000002,3.8833706745016534,3.888253088755846,0.10025412976553803,0.097186136670270568,-0.0030679930952674656,0.31662932549834677,0.31174691124415421,-0.0048824142541925575
Labour,UNRATE,2,after_week_1,after_week_2,2024-09,Labour Equal-Weight Ensemble,2024-09-07,2024-09-14,6630db4ba0d712d7c49345b6885e146b8167fbe90b0cd4a7afdcd4f8399bcfb9,814ee909d35ffc640fcbea52b33bfdb18fdaecd4e09d342999f2426fec159eec,1,1,4.0999999999999996,3.9551828417963613,3.9523210080902493,0.02097200931017763,0.021809084651480098,0.00083707534130246855,0.14481715820363839,0.14767899190975031,0.002861833706111927
Labour,UNRATE,2,after_week_1,after_week_2,2024-10,Labour Equal-Weight Ensemble,2024-10-07,2024-10-14,db7b7696e6aae99e7694dd5e1c58c95683a8d4964287ec1a555371478da90ebc,61b8d5b40194c98196c5f929ef9c999e7e018da38356e02462e8016b1c5c8cb9,1,1,4.0999999999999996,3.8789887984782996,3.8608951058978174,0.048845951198065514,0.057171150383615803,0.0083251991855502888,0.22101120152170006,0.23910489410218227,0.018093692580482212
Labour,UNRATE,2,after_week_1,after_week_2,2024-11,Labour Equal-Weight Ensemble,2024-11-07,2024-11-14,96e1ec0cf077d79a876d72878c52811dd67fc548936fe8bc4d7a31f5c16a0d3d,215c1be6722346fedf96008e93374abccf3a01c6c1ba6059675edd4b9ce324ea,1,1,4.2000000000000002,3.9740200921971649,3.9587108045585246,0.051066918730577934,0.058220475836794579,0.0071535571062166445,0.22597990780283528,0.24128919544147553,0.015309287638640257
Labour,UNRATE,2,after_week_1,after_week_2,2024-12,Labour Equal-Weight Ensemble,2024-12-07,2024-12-14,b12f8d34692d44fd7280401e60abc407818c59de8c6522a02b37f0100be55cdb,d3c3c0e7405a14727e41d886ce321ba0ab55bd204b29cf9a0eeaca5c20ea4ea8,1,1,4.0999999999999996,3.8435978157561674,3.8196619273953059,0.065742080085008078,0.078589434951714568,0.01284735486670649,0.25640218424383221,0.28033807260469379,0.023935888360861579
Labour,UNRATE,2,after_week_1,after_week_2,2025-01,Labour Equal-Weight Ensemble,2025-01-07,2025-01-14,4922dff46c56aee99cc2df4e0191b2d1b1854b99292fc5080c21169b2a227bbe,4b93e5cdf0425cd1cc7f61e84aa17c7dca1aaf5c8808b9ff6e9e159f8e2eb790,1,1,4,3.9014734888600806,3.8923046775171808,0.0097074733974046607,0.011598282484678426,0.0018908090872737648,0.098526511139919393,0.10769532248281921,0.0091688113428998186
Labour,UNRATE,2,after_week_1,after_week_2,2025-02,Labour Equal-Weight Ensemble,2025-02-07,2025-02-14,93edd098120094468c12061d68adb07729e2994766c3600755c23d0b76750c61,22b8da27f748fc8795008423c52ac6d06223d40a9b614318c2cdfde7d1a7f7e4,1,1,4.0999999999999996,3.8506140167273464,3.8455036121749884,0.062193368652868092,0.064768411415978541,0.0025750427631104494,0.24938598327265327,0.25449638782501127,0.0051104045523580055
Labour,UNRATE,2,after_week_1,after_week_2,2025-03,Labour Equal-Weight Ensemble,2025-03-07,2025-03-14,054bd2f0a117ba037ef1e61ffa5443e5c43f4a7ac0859433ffb20157ae45a464,9cf450f9b31e54e708500e903cf3587e84972f39f67c485e2e322be211f2980e,1,1,4.2000000000000002,3.8225514835374548,3.8266965059966083,0.1424673825797764,0.13935549863514046,-0.0031118839446359348,0.3774485164625454,0.37330349400339191,-0.0041450224591534912
Labour,UNRATE,2,after_week_1,after_week_2,2025-04,Labour Equal-Weight Ensemble,2025-04-07,2025-04-14,38f9c3fd6b2e04c3e040adaa16477edc05783a6cc9be160a94499d836679f8b9,9a23e979555fdbc6d14c6e1f43c1d3c6518de5890fe29d3f9aa359c8ccdec8a4,1,1,4.2000000000000002,3.869853379886953,3.8646617662816891,0.1089967907720687,0.11245173099331661,0.0034549402212479124,0.33014662011304718,0.33533823371831106,0.0051916136052638784
Labour,UNRATE,2,after_week_1,after_week_2,2025-05,Labour Equal-Weight Ensemble,2025-05-07,2025-05-14,1277a270d8450380abcfaaad3ec190cb54f3a176d3573292c5ab982d2593bc8e,213c183aeee6eec37fe9f7d97708b57570c27ee87cfb24ea035a6736a5562a7f,1,1,4.2000000000000002,3.8957634420143101,3.8955836559679295,0.09255988321498014,0.09266931051385198,0.00010942729887183922,0.30423655798569005,0.30441634403207063,0.00017978604638058115
Labour,UNRATE,2,after_week_1,after_week_2,2025-06,Labour Equal-Weight Ensemble,2025-06-07,2025-06-14,83beda7e8df1fea8713ab210f3e177bf0993ab54a8305a67d5576a637bd589a8,2564788b5d1c10d7b86de0010b313903faea9132d4a494b277bcf0770590cc5b,1,1,4.0999999999999996,4.0485789819234386,4.0522971829495971,0.0026441211000300209,0.0022755587545441789,-0.00036856234548584199,0.051421018076561076,0.047702817050402579,-0.0037182010261584963
Labour,UNRATE,2,after_week_1,after_week_2,2025-07,Labour Equal-Weight Ensemble,2025-07-07,2025-07-14,fcaf5bc138fe2f3332d5d1509669235199f952e3a2960a20504ac231e8463b50,1d642d82148daeb467d53ad4ca7cb5a0683458f104637af0db56793bf314b3b7,1,1,4.2000000000000002,4.0321954306201286,4.0450071115502135,0.02815837350476412,0.024022795470008008,-0.004135578034756112,0.16780456937987154,0.15499288844978665,-0.01281168093008489
Labour,UNRATE,2,after_week_1,after_week_2,2025-08,Labour Equal-Weight Ensemble,2025-08-07,2025-08-14,e96b583c044cdd4e56c565cfe33c2b2a448d1affd9b2a1d4f123434714f8f419,c3f066641b9fa527f7df4b280e9f7960a407b74c79d35fc133459acfda7eae9c,1,1,4.2999999999999998,3.9271893949229475,3.9283623908376857,0.13898774725791788,0.13811451254388096,-0.00087323471403691344,0.37281060507705233,0.37163760916231414,-0.0011729959147381841
Labour,UNRATE,2,after_week_1,after_week_2,2025-09,Labour Equal-Weight Ensemble,2025-09-07,2025-09-14,de2edea823cb93c6737bf52e436d82048db9488695b8cfe07863468096cba4a0,fb1375351bcb66a8ebe84262496380f7546d5de53dce37c8bb491382c2e5a504,1,1,4.4000000000000004,3.9816185211341186,3.9670501695458817,0.17504306185800225,0.18744555569025007,0.012402493832247813,0.41838147886588173,0.43294983045411861,0.014568351588236883
Labour,UNRATE,2,after_week_1,after_week_2,2025-11,Labour Equal-Weight Ensemble,2025-11-07,2025-11-14,ca8b81a0095c12210660a4fb6cc9660677d5e71f1aec8d56d540e31fa3056ad8,fce261c232d8f7fc7176fbc41f5bc9f760fd4c375ab1f47f68118cb00ac9f65f,1,1,4.5999999999999996,4.0744599735542044,4.0744599735542044,0.27619231939664712,0.27619231939664712,0,0.52554002644579523,0.52554002644579523,0
Labour,UNRATE,2,after_week_1,after_week_2,2025-12,Labour Equal-Weight Ensemble,2025-12-07,2025-12-14,3e12e701e5a2d64154efe9bea276c8029ad622a52886daabaede35dd87e07236,75d0ef6ecaab0a4dcc8eca7c1982f999d0fde8656a1445135f3843c530e18e15,1,1,4.4000000000000004,4.0594343841670915,4.065105308173588,0.11598493868764849,0.11215445461350773,-0.0038304840741407581,0.3405656158329089,0.33489469182641241,-0.0056709240064964916
Labour,UNRATE,2,after_week_1,after_week_2,2026-01,Labour Equal-Weight Ensemble,2026-01-07,2026-01-14,d43da6537ff4bcad48bd47092b820d596fcb9c64db7fa6c95a58451e5a56770d,f5b2998c2021fe2be01a4d559269087f59f319630d1c9c4e67dbf8d0e0073a04,1,1,4.2999999999999998,4.1392652758271993,4.1153655917983381,0.025835651554906271,0.034089864691977868,0.008254213137071597,0.16073472417280055,0.18463440820166177,0.023899684028861223
Labour,UNRATE,2,after_week_1,after_week_2,2026-02,Labour Equal-Weight Ensemble,2026-02-07,2026-02-14,37c69c231cbac476995f7ae8103aef740098628d299161150c826005831eadd2,80041a019a51c1f914d20ffc21c55e1aa914c77955be7e9ec773633233791864,1,1,4.4000000000000004,4.0921197121601791,4.0509415984110264,0.094790271640331186,0.12184176771984941,0.02705149607951822,0.30788028783982124,0.34905840158897394,0.041178113749152701
Labour,UNRATE,2,after_week_1,after_week_2,2026-03,Labour Equal-Weight Ensemble,2026-03-07,2026-03-14,f7b758ab5cd15f34035c7f85593761ad6610b9cf39f92cf30fe1302005238127,80f673451026065a08158f9ad45264f9545624108dcbb152c0a0a194392e4665,1,1,4.2999999999999998,4.156506033427334,4.2069910948342706,0.020590518442757322,0.0086506564401276145,-0.011939862002629708,0.14349396657266578,0.093008905165729239,-0.050485061406936538
Labour,UNRATE,2,after_week_1,after_week_2,2026-04,Labour Equal-Weight Ensemble,2026-04-07,2026-04-14,756f7615f928dae9df0542acd7dbc63ca7013dc60608c838446f6205be7d8080,8629ac2b41f90c9aeeb10f8c512b4f6fab7ad55f787730548b9a49b370b1d2da,1,1,4.2999999999999998,4.0816369755955657,4.0616335939538599,0.047682410427051486,0.056818543531353238,0.0091361331043017524,0.21836302440443411,0.2383664060461399,0.020003381641705786
Labour,UNRATE,2,after_week_1,after_week_2,2026-05,Labour Equal-Weight Ensemble,2026-05-07,2026-05-14,c1a70b31504609df70e57a8900964825b53d74c5d0f5fd5f3c774df3b96ba5b0,0caf7bc06b0509c09b64ca8b897e8f5a13585e8a2ebddb51be170b64ab40ea7f,1,1,4.2999999999999998,4.0639724401681585,4.087171850761389,0.055709009000173434,0.045295821108332399,-0.010413187891841036,0.23602755983184132,0.21282814923861082,-0.023199410593230496
Labour,UNRATE,2,after_week_1,after_week_2,2026-06,Labour Equal-Weight Ensemble,2026-06-07,2026-06-14,8784239341aa001ab1647806c07a3f0361b1419a04dfa39baa7e045cd22234ad,3e5fe4178128c4c9c691c210afb5c33042b4f830dfae2cf299efd5ce99376254,1,1,4.2000000000000002,4.1038345797934959,4.0966873724390531,0.0092477880434935489,0.010673499013546958,0.0014257109700534093,0.096165420206504315,0.10331262756094706,0.0071472073544427417
Labour,UNRATE,3,after_week_2,month_end,2023-02,Labour Equal-Weight Ensemble,2023-02-14,2023-02-28,8493c3522808cec4223f6f3d60cef7f8cb31652eb221cdb7aeb18631eac2e8ad,6279ba25f52d576567d18e8c8d0c041afe74443b1991c4639a039fa121bde214,1,1,3.6000000000000001,3.2233251218175236,3.2225025094619753,0.14188396385378349,0.14250435536250616,0.00062039150872267301,0.37667487818247647,0.37749749053802484,0.00082261235554836887
Labour,UNRATE,3,after_week_2,month_end,2023-03,Labour Equal-Weight Ensemble,2023-03-14,2023-03-31,20c40afbcca5c648db06a4273bcffc60ee94d000b3934a3793b1cb51918278bb,97c2667ce008751c1b7129bd44acbe9aa35adf09d5459c5a81e6a34249711428,1,1,3.5,3.2862374532775624,3.2931890327518691,0.045694426381262296,0.042770776174107454,-0.0029236502071548418,0.21376254672243755,0.20681096724813086,-0.0069515794743066905
Labour,UNRATE,3,after_week_2,month_end,2023-04,Labour Equal-Weight Ensemble,2023-04-14,2023-04-30,67ee23bbaa58d22cbf3c8878e5129f497073227cf66af8559e3990e7ed85be3f,e811f526b64f8e7326cd3d36e4d2062d605e0421fec2fb11ecf8d12b27b2c893,1,1,3.3999999999999999,3.456114945909357,3.4659727615391875,0.0031488871544100689,0.0043524052651065142,0.0012035181106964453,0.056114945909357061,0.06597276153918763,0.0098578156298305686
Labour,UNRATE,3,after_week_2,month_end,2023-05,Labour Equal-Weight Ensemble,2023-05-14,2023-05-31,b003a900f1a4b4c48d303b15f513372ec6de625c0248d6c2eaa4985d38abb73e,47a3ec2530f58d9c3b9b533370d871a212d295cc2d8510e172b9cf67c635cc4e,1,1,3.7000000000000002,3.3949735468051085,3.3674074681147022,0.093041137148655417,0.11061779226587298,0.017576655117217566,0.30502645319489163,0.33259253188529803,0.027566078690406393
Labour,UNRATE,3,after_week_2,month_end,2023-06,Labour Equal-Weight Ensemble,2023-06-14,2023-06-30,734ba86a6992f197f3ad1bf69bd17c3d9183d762c13d6d479bb70ac3ab3b0c76,84395dc96d4f2a5c9468cb5755d3d1d33991b8259cb83f65753aa4f99fc85048,1,1,3.6000000000000001,3.288217125138317,3.2997956268785846,0.097208561057015946,0.090122665641222038,-0.007085895415793908,0.3117828748616831,0.30020437312141546,-0.011578501740267644
Labour,UNRATE,3,after_week_2,month_end,2023-07,Labour Equal-Weight Ensemble,2023-07-14,2023-07-31,e4811844862e309cfc8322d765ffa7a257731b6fe4cf0af7302c064d6f2e7608,fbc319d6b5ac0fd2775cd9c76bd4dcd8de1f4360e65a63d4718ace7671787554,1,1,3.5,3.4432597047873372,3.4446005367391663,0.0032194611008201221,0.0030691005295884594,-0.00015036057123166266,0.056740295212662772,0.05539946326083367,-0.0013408319518291023
Labour,UNRATE,3,after_week_2,month_end,2023-08,Labour Equal-Weight Ensemble,2023-08-14,2023-08-31,ded400bd99d0525f109e312456fba5df514a4d773b390ecc853d70110c30193b,98f13c26d07eaf0eb0e880cd715440adc3fbae7968b44b9231773834cccf4443,1,1,3.7999999999999998,3.3862976325671839,3.3509625016512161,0.17114964881951666,0.20163467492333392,0.030485026103817259,0.41370236743281597,0.4490374983487837,0.035335130915967738
Labour,UNRATE,3,after_week_2,month_end,2023-09,Labour Equal-Weight Ensemble,2023-09-14,2023-09-30,b92020924c9b8daef618fd1bf659b4548d6867910f86e626465a464ba71cce2d,67078a8f26e3a5e1d4f32ab4069129481cef2e548278a60daddb0f9108f5e2ed,1,1,3.7999999999999998,3.3654341817042472,3.3649341359994813,0.18884745043105705,0.18928230601851767,0.0004348555874606197,0.43456581829575258,0.4350658640005185,0.00050004570476591681
Labour,UNRATE,3,after_week_2,month_end,2023-10,Labour Equal-Weight Ensemble,2023-10-14,2023-10-31,c8bb26bc6ccd1e562376422f23b273f0897968f271d71fef3c2c57267c55258c,dafc9e6a287c630203f0500d569d359231ed7e0bc3cadecea74f0289ddd91749,1,1,3.8999999999999999,3.4226478246324952,3.4624730970731559,0.22786509932808899,0.191429790784756,-0.036435308543332989,0.47735217536750474,0.43752690292684404,-0.039825272440660697
Labour,UNRATE,3,after_week_2,month_end,2023-11,Labour Equal-Weight Ensemble,2023-11-14,2023-11-30,f5c0f612dc58e9016dc44763f1e1b02ededc60d3770a17e50bdb3572bb610a1c,699604e989d8b352ecf5a2746628df7956010c4a22358acf6525a9a470e4964b,1,1,3.7000000000000002,3.6593013156403522,3.6505238357822378,0.0016563829086062537,0.0024478908257029876,0.00079150791709673395,0.040698684359647963,0.049476164217762353,0.0087774798581143898
Labour,UNRATE,3,after_week_2,month_end,2023-12,Labour Equal-Weight Ensemble,2023-12-14,2023-12-31,aff022967a092f45ea0cc83de606b7add419d69251ad673c8850e401433d4a81,276f8d1dd873542255063c66d57a96bd3f3eb179ef1c67bd1b2b9304a8d82da6,1,1,3.7000000000000002,3.5696787101421692,3.5569119933807762,0.016983638590208801,0.020474177638263074,0.0034905390480542732,0.13032128985783098,0.14308800661922394,0.01276671676139296
Labour,UNRATE,3,after_week_2,month_end,2024-01,Labour Equal-Weight Ensemble,2024-01-14,2024-01-31,4137aca638b70cbdb714544313f398ba6149872c41a12595f85b84fec079499b,8b7ca7ee27539c100809fb99a89db4363c964d7ce55b3e34fa72dabf6ba8438d,1,1,3.7000000000000002,3.5342444701457389,3.5192178776339857,0.027474895677266888,0.032682175767160614,0.005207280089893726,0.16575552985426123,0.18078212236601443,0.015026592511753201
Labour,UNRATE,3,after_week_2,month_end,2024-02,Labour Equal-Weight Ensemble,2024-02-14,2024-02-29,e66a3d829626762dc37bc2abaef61abbae0b316e83b458eb9e862f6e10aab1d2,04841ef40dafcdc536a79240e7a22a4ea8336419419f1ec8074618f2a3963450,1,1,3.8999999999999999,3.4732288100058462,3.4938753557763413,0.18213364860902609,0.16493722664579324,-0.017196421963232844,0.42677118999415375,0.40612464422365857,-0.020646545770495184
Labour,UNRATE,3,after_week_2,month_end,2024-03,Labour Equal-Weight Ensemble,2024-03-14,2024-03-31,6082a0e5af4d013b8a575a7e0c2f72c977bf815d00f07e82c024da13b8dbdd8c,d8f9cec934588cef4f635943e0a3012b5d783790202aef237ba7b866779390e9,1,1,3.7999999999999998,3.524887422093586,3.5355922113387788,0.075686930522312637,0.069911478704716937,-0.0057754518175957004,0.27511257790641386,0.26440778866122105,-0.010704789245192803
Labour,UNRATE,3,after_week_2,month_end,2024-04,Labour Equal-Weight Ensemble,2024-04-14,2024-04-30,f361a111d81ddea7281c1841c3e7377ead6751e7738e314e5c5a783bd67b93a7,c8a398c207425212c887b26d5dbe108904be6744256a227a3bf1b8630afe050c,1,1,3.8999999999999999,3.5925628823045099,3.5880050736437714,0.094517581336910558,0.09734083407202844,0.0028232527351178816,0.30743711769548998,0.3119949263562285,0.004557808660738516
Labour,UNRATE,3,after_week_2,month_end,2024-05,Labour Equal-Weight Ensemble,2024-05-14,2024-05-31,8aaa812faa2efa57d1e16617bd809a906549a3d52532e4eb2aa5a91bf3174426,4c4446c658be80fb35aa570dec5ca427851a31b7ddfe358ae6a03c9b0edc48ec,1,1,4,3.5774190303077802,3.5917522800460162,0.17857467594601681,0.16666620084762637,-0.011908475098390436,0.42258096969221981,0.40824771995398379,-0.01433324973823602
Labour,UNRATE,3,after_week_2,month_end,2024-06,Labour Equal-Weight Ensemble,2024-06-14,2024-06-30,5b118d1a38fdc61e0354d414940750989584533b032f3ebc5108ce5237a83dda,66b68196eefe79db940752639d613747ca2ba48e5ea9ffb2463ea72cace78419,1,1,4.0999999999999996,3.6673883365541666,3.6655048139234183,0.18715285134937071,0.18878606672372303,0.0016332153743523203,0.43261166344583302,0.43449518607658133,0.0018835226307483133
Labour,UNRATE,3,after_week_2,month_end,2024-07,Labour Equal-Weight Ensemble,2024-07-14,2024-07-31,b9d9d06b76243fbeb3e3c4f0ee993d001c65ada355bcca8b593fcb3afbe8683b,c3a0cfd07a89a9461ffab86252ae088529cb2362cc99b544dee29cdc48adf2f6,1,1,4.2999999999999998,3.8406308728978948,3.8582351600499378,0.21101999493454987,0.1951561738161039,-0.015863821118445975,0.45936912710210498,0.44176483995006199,-0.017604287152042986
Labour,UNRATE,3,after_week_2,month_end,2024-08,Labour Equal-Weight Ensemble,2024-08-14,2024-08-31,68ab36fad37d8d08cf9611ee2be678ce8b335aca49799811a4838a7bdc8c0a82,732c63f7ec21aca5181fcbf6a7ce6e57eecc05a6e05ae98f806fe33824c84b98,1,1,4.2000000000000002,3.888253088755846,3.879478541610657,0.097186136670270568,0.10273400528803146,0.0055478686177608955,0.31174691124415421,0.32052145838934321,0.0087745471451889934
Labour,UNRATE,3,after_week_2,month_end,2024-09,Labour Equal-Weight Ensemble,2024-09-14,2024-09-30,814ee909d35ffc640fcbea52b33bfdb18fdaecd4e09d342999f2426fec159eec,01cfebddb7a8f5d4de9b24b54aa2c3119e470edbe7ad3c651429945bc92b3825,1,1,4.0999999999999996,3.9523210080902493,3.9402602681638541,0.021809084651480098,0.02551678192708369,0.0037076972756035914,0.14767899190975031,0.15973973183614554,0.012060739926395225
Labour,UNRATE,3,after_week_2,month_end,2024-10,Labour Equal-Weight Ensemble,2024-10-14,2024-10-31,61b8d5b40194c98196c5f929ef9c999e7e018da38356e02462e8016b1c5c8cb9,bb84d013a9a2a7b27d5fe0aa8e8d9395b3a3d825ace33a5cbb55efc1207025e5,1,1,4.0999999999999996,3.8608951058978174,3.8394559484500825,0.057171150383615803,0.067883202798045869,0.010712052414430066,0.23910489410218227,0.26054405154991711,0.021439157447734836
Labour,UNRATE,3,after_week_2,month_end,2024-11,Labour Equal-Weight Ensemble,2024-11-14,2024-11-30,215c1be6722346fedf96008e93374abccf3a01c6c1ba6059675edd4b9ce324ea,47f401181e8f074bd710761ba1e46076c3e0995fa29431b0fde81a166a48cb18,1,1,4.2000000000000002,3.9587108045585246,3.9645073212562529,0.058220475836794579,0.055456801741905745,-0.0027636740948888336,0.24128919544147553,0.23549267874374724,-0.0057965166977282934
Labour,UNRATE,3,after_week_2,month_end,2024-12,Labour Equal-Weight Ensemble,2024-12-14,2024-12-31,d3c3c0e7405a14727e41d886ce321ba0ab55bd204b29cf9a0eeaca5c20ea4ea8,761459f7a6b227c41ed280a4a05d2437356630df52b11dc143100317fe789afd,1,1,4.0999999999999996,3.8196619273953059,3.8234157002565854,0.078589434951714568,0.076498874864554825,-0.002090560087159743,0.28033807260469379,0.27658429974341425,-0.0037537728612795362
Labour,UNRATE,3,after_week_2,month_end,2025-01,Labour Equal-Weight Ensemble,2025-01-14,2025-01-31,4b93e5cdf0425cd1cc7f61e84aa17c7dca1aaf5c8808b9ff6e9e159f8e2eb790,bc182377d8909f138a980f0f2af1a3b5342236e8fb97dc046d48ba4782727463,1,1,4,3.8923046775171808,3.8895466661463529,0.011598282484678426,0.012199938959385221,0.00060165647470679547,0.10769532248281921,0.11045333385364708,0.0027580113708278731
Labour,UNRATE,3,after_week_2,month_end,2025-02,Labour Equal-Weight Ensemble,2025-02-14,2025-02-28,22b8da27f748fc8795008423c52ac6d06223d40a9b614318c2cdfde7d1a7f7e4,008dc5003c888083c121f90abe86553ff4e5ca7037c97c44fa1bdda536129088,1,1,4.0999999999999996,3.8455036121749884,3.8435718855384344,0.064768411415978541,0.065755377886313596,0.00098696647033505447,0.25449638782501127,0.25642811446156522,0.0019317266365539432
Labour,UNRATE,3,after_week_2,month_end,2025-03,Labour Equal-Weight Ensemble,2025-03-14,2025-03-31,9cf450f9b31e54e708500e903cf3587e84972f39f67c485e2e322be211f2980e,bc04457d4517591c1730c971e9ba798296295a2942edca566dc5fb768e1ee180,1,1,4.2000000000000002,3.8266965059966083,3.8254413546429582,0.13935549863514046,0.14029417881170234,0.00093868017656187352,0.37330349400339191,0.37455864535704197,0.0012551513536500636
Labour,UNRATE,3,after_week_2,month_end,2025-04,Labour Equal-Weight Ensemble,2025-04-14,2025-04-30,9a23e979555fdbc6d14c6e1f43c1d3c6518de5890fe29d3f9aa359c8ccdec8a4,6dcf1b1fbb1683899ae0571023bb9a23c38b5900f187f0d317ccba88c6a32075,1,1,4.2000000000000002,3.8646617662816891,3.8999455311177047,0.11245173099331661,0.090032684296236426,-0.022419046697080183,0.33533823371831106,0.30005446888229548,-0.035283764836015585
Labour,UNRATE,3,after_week_2,month_end,2025-05,Labour Equal-Weight Ensemble,2025-05-14,2025-05-31,213c183aeee6eec37fe9f7d97708b57570c27ee87cfb24ea035a6736a5562a7f,8814e19f98ccf79260e2df771557f49f21b55de93e6451e4f28fc8adfb2e4008,1,1,4.2000000000000002,3.8955836559679295,3.8967891254789233,0.09266931051385198,0.09193683442783622,-0.00073247608601575975,0.30441634403207063,0.30321087452107687,-0.0012054695109937619
Labour,UNRATE,3,after_week_2,month_end,2025-06,Labour Equal-Weight Ensemble,2025-06-14,2025-06-30,2564788b5d1c10d7b86de0010b313903faea9132d4a494b277bcf0770590cc5b,7b456dd2caa6006bbe768b4f8f087f1aeecd143f3c5cc3fa1bebc2b73e5c09d3,1,1,4.0999999999999996,4.0522971829495971,4.0609555910175539,0.0022755587545441789,0.0015244658727884917,-0.00075109288175568721,0.047702817050402579,0.039044408982445766,-0.0086584080679568132
Labour,UNRATE,3,after_week_2,month_end,2025-07,Labour Equal-Weight Ensemble,2025-07-14,2025-07-31,1d642d82148daeb467d53ad4ca7cb5a0683458f104637af0db56793bf314b3b7,4d961af8bf48247227b9886247f41c6245bc2a7c214e9b6a5e509260eb549c2a,1,1,4.2000000000000002,4.0450071115502135,3.9721348043298073,0.024022795470008008,0.051922547397815308,0.0278997519278073,0.15499288844978665,0.22786519567019292,0.072872307220406274
Labour,UNRATE,3,after_week_2,month_end,2025-08,Labour Equal-Weight Ensemble,2025-08-14,2025-08-31,c3f066641b9fa527f7df4b280e9f7960a407b74c79d35fc133459acfda7eae9c,6c62b6995120e86b0d022a54a9fe4b3b17a236c6a063d185b725ab3453847f74,1,1,4.2999999999999998,3.9283623908376857,3.9287296322501173,0.13811451254388096,0.13784168596913302,-0.00027282657474794747,0.37163760916231414,0.37127036774988253,-0.00036724141243160702
Labour,UNRATE,3,after_week_2,month_end,2025-09,Labour Equal-Weight Ensemble,2025-09-14,2025-09-30,fb1375351bcb66a8ebe84262496380f7546d5de53dce37c8bb491382c2e5a504,8370e6bddaf1ac9bdd5f8039854e4d3bf31c27979ed1408ff01f7f76beffc2e6,1,1,4.4000000000000004,3.9670501695458817,4.0200965889588591,0.18744555569025007,0.14432660172069431,-0.043118953969555757,0.43294983045411861,0.37990341104114123,-0.053046419412977386
Labour,UNRATE,3,after_week_2,month_end,2025-11,Labour Equal-Weight Ensemble,2025-11-14,2025-11-30,fce261c232d8f7fc7176fbc41f5bc9f760fd4c375ab1f47f68118cb00ac9f65f,0c896a2302e5e5210650a5bcc02de10294e49638d0e25e558104a6669ae65edd,1,1,4.5999999999999996,4.0744599735542044,4.0718289599448632,0.27619231939664712,0.27896464755292461,0.0027723281562774815,0.52554002644579523,0.52817104005513649,0.0026310136093412595
Labour,UNRATE,3,after_week_2,month_end,2025-12,Labour Equal-Weight Ensemble,2025-12-14,2025-12-31,75d0ef6ecaab0a4dcc8eca7c1982f999d0fde8656a1445135f3843c530e18e15,17f9c04874b999f3808b7961e7affc0f1aac0cbea808e40e38082edb0d6d1831,1,1,4.4000000000000004,4.065105308173588,4.0957019505918186,0.11215445461350773,0.092597302873624207,-0.019557151739883524,0.33489469182641241,0.30429804940818173,-0.03059664241823068
Labour,UNRATE,3,after_week_2,month_end,2026-01,Labour Equal-Weight Ensemble,2026-01-14,2026-01-31,f5b2998c2021fe2be01a4d559269087f59f319630d1c9c4e67dbf8d0e0073a04,5be923ed610a63b5e8d0127b7176fb220b55dd1a9efc221ebe5f38b499ee9a2d,1,1,4.2999999999999998,4.1153655917983381,4.1155110840212332,0.034089864691977868,0.034036160119020401,-5.3704572957467833e-05,0.18463440820166177,0.1844889159787666,-0.00014549222289517161
Labour,UNRATE,3,after_week_2,month_end,2026-02,Labour Equal-Weight Ensemble,2026-02-14,2026-02-28,80041a019a51c1f914d20ffc21c55e1aa914c77955be7e9ec773633233791864,da7fe850311202997c3df1f480d1ecd82e7a36fa5c90ab9bc02c6f4e527081cf,1,1,4.4000000000000004,4.0509415984110264,4.0663031982210205,0.12184176771984941,0.11135355551751978,-0.010488212202329622,0.34905840158897394,0.33369680177897987,-0.015361599809994075
Labour,UNRATE,3,after_week_2,month_end,2026-03,Labour Equal-Weight Ensemble,2026-03-14,2026-03-31,80f673451026065a08158f9ad45264f9545624108dcbb152c0a0a194392e4665,0b3941461f2aa9c93166e499ca454e286199ed8cb9170c88f5a48c886b779fc5,1,1,4.2999999999999998,4.2069910948342706,4.1804359441727996,0.0086506564401276145,0.014295563445849846,0.0056449070057222311,0.093008905165729239,0.1195640558272002,0.026555150661470961
Labour,UNRATE,3,after_week_2,month_end,2026-04,Labour Equal-Weight Ensemble,2026-04-14,2026-04-30,8629ac2b41f90c9aeeb10f8c512b4f6fab7ad55f787730548b9a49b370b1d2da,e9b2931657ea7e2c64fdec1868969d68b6fa4f0098307b891f6492385ff27cfe,1,1,4.2999999999999998,4.0616335939538599,4.0805389596237411,0.056818543531353238,0.048163148243029849,-0.0086553952883233892,0.2383664060461399,0.21946104037625869,-0.018905365669881213
Labour,UNRATE,3,after_week_2,month_end,2026-05,Labour Equal-Weight Ensemble,2026-05-14,2026-05-31,0caf7bc06b0509c09b64ca8b897e8f5a13585e8a2ebddb51be170b64ab40ea7f,1a433339712659ccc8304b58487b1d8576405e57dfadf386daff065d937734e8,1,1,4.2999999999999998,4.087171850761389,4.0790027609995567,0.045295821108332399,0.048839779645818968,0.003543958537486569,0.21282814923861082,0.2209972390004431,0.0081690897618322822
Labour,UNRATE,3,after_week_2,month_end,2026-06,Labour Equal-Weight Ensemble,2026-06-14,2026-06-30,3e5fe4178128c4c9c691c210afb5c33042b4f830dfae2cf299efd5ce99376254,cfc5d3f5304c510ad3b5c71a0b1da69b55da82e144777d9838460b3ef80935bd,1,1,4.2000000000000002,4.0966873724390531,4.0888858858658228,0.010673499013546958,0.012346346359822997,0.001672847346276039,0.10331262756094706,0.11111411413417738,0.0078014865732303207
Labour,UNRATE,4,month_end,pre_employment_report,2023-02,Labour Equal-Weight Ensemble,2023-02-28,2023-03-09,6279ba25f52d576567d18e8c8d0c041afe74443b1991c4639a039fa121bde214,ea1953db71ea93329228e0be21b528f4229ee4087001f532d032e7c08430992a,1,1,3.6000000000000001,3.2225025094619753,3.1855427469840181,0.14250435536250616,0.17177481457755372,0.029270459215047562,0.37749749053802484,0.41445725301598202,0.036959762477957181
Labour,UNRATE,4,month_end,pre_employment_report,2023-03,Labour Equal-Weight Ensemble,2023-03-31,2023-04-06,97c2667ce008751c1b7129bd44acbe9aa35adf09d5459c5a81e6a34249711428,c56eac5a7e701385dda0a1d390a232e05d0df7e0b23351958797c02c8a6db216,1,1,3.5,3.2931890327518691,3.4105830531737955,0.042770776174107454,0.007995390379720281,-0.034775385794387173,0.20681096724813086,0.089416946826204491,-0.11739402042192637
Labour,UNRATE,4,month_end,pre_employment_report,2023-04,Labour Equal-Weight Ensemble,2023-04-30,2023-05-04,e811f526b64f8e7326cd3d36e4d2062d605e0421fec2fb11ecf8d12b27b2c893,a45b23477f7ad3211864f8b90308b33a3f4a5dcbe3bc716e61bd4072869944fa,1,1,3.3999999999999999,3.4659727615391875,3.4515210014350743,0.0043524052651065142,0.0026544135888729417,-0.0016979916762335724,0.06597276153918763,0.051521001435074432,-0.014451760104113198
Labour,UNRATE,4,month_end,pre_employment_report,2023-05,Labour Equal-Weight Ensemble,2023-05-31,2023-06-01,47a3ec2530f58d9c3b9b533370d871a212d295cc2d8510e172b9cf67c635cc4e,780a896b5ae77b003c614f12ec4890201f28be64859fea0aac6731484376ca2e,1,1,3.7000000000000002,3.3674074681147022,3.3660028766968604,0.11061779226587298,0.11155407837477277,0.00093628610889978647,0.33259253188529803,0.3339971233031398,0.0014045914178417718
Labour,UNRATE,4,month_end,pre_employment_report,2023-06,Labour Equal-Weight Ensemble,2023-06-30,2023-07-06,84395dc96d4f2a5c9468cb5755d3d1d33991b8259cb83f65753aa4f99fc85048,bf8f19819a871ad1c1d1cd6fc4b976ae7385ba2db41b40831f7e51fb5f1e5a12,1,1,3.6000000000000001,3.2997956268785846,3.3635682804879443,0.090122665641222038,0.055899957991427413,-0.034222707649794626,0.30020437312141546,0.23643171951205577,-0.063772653609359686
Labour,UNRATE,4,month_end,pre_employment_report,2023-07,Labour Equal-Weight Ensemble,2023-07-31,2023-08-03,fbc319d6b5ac0fd2775cd9c76bd4dcd8de1f4360e65a63d4718ace7671787554,1fbb51fcff7e9a26b23c58e68f7f791da8a62fbf6323c2c5f244c8a399327bee,1,1,3.5,3.4446005367391663,3.4534211532546202,0.0030691005295884594,0.0021695889641295805,-0.00089951156545887891,0.05539946326083367,0.046578846745379821,-0.0088206165154538496
Labour,UNRATE,4,month_end,pre_employment_report,2023-08,Labour Equal-Weight Ensemble,2023-08-31,2023-08-31,98f13c26d07eaf0eb0e880cd715440adc3fbae7968b44b9231773834cccf4443,98f13c26d07eaf0eb0e880cd715440adc3fbae7968b44b9231773834cccf4443,0,0,3.7999999999999998,3.3509625016512161,3.3509625016512161,0.20163467492333392,0.20163467492333392,0,0.4490374983487837,0.4490374983487837,0
Labour,UNRATE,4,month_end,pre_employment_report,2023-09,Labour Equal-Weight Ensemble,2023-09-30,2023-10-05,67078a8f26e3a5e1d4f32ab4069129481cef2e548278a60daddb0f9108f5e2ed,28723410f143be952a4248168e4ee6e9eacf07eb0d4d374ff5b2e1472ee4ed0b,1,1,3.7999999999999998,3.3649341359994813,3.4835211917816178,0.18928230601851767,0.10015883605132743,-0.089123469967190241,0.4350658640005185,0.31647880821838204,-0.11858705578213646
Labour,UNRATE,4,month_end,pre_employment_report,2023-10,Labour Equal-Weight Ensemble,2023-10-31,2023-11-02,dafc9e6a287c630203f0500d569d359231ed7e0bc3cadecea74f0289ddd91749,d4fe0e651754d4e46172c21d3bfe0cc37f332928bbeddc93a54c9d86da74dfec,1,1,3.8999999999999999,3.4624730970731559,3.4642618449885982,0.191429790784756,0.18986773973274032,-0.0015620510520156783,0.43752690292684404,0.43573815501140167,-0.001788747915442368
Labour,UNRATE,4,month_end,pre_employment_report,2023-11,Labour Equal-Weight Ensemble,2023-11-30,2023-12-07,699604e989d8b352ecf5a2746628df7956010c4a22358acf6525a9a470e4964b,48c8b1e298d62e2347ce60adc394dbf07031c5fc7ede397c06bc43220de5f2cf,1,1,3.7000000000000002,3.6505238357822378,3.6747481440239729,0.0024478908257029876,0.00063765623023402586,-0.0018102345954689619,0.049476164217762353,0.025251855976027304,-0.024224308241735049
Labour,UNRATE,4,month_end,pre_employment_report,2023-12,Labour Equal-Weight Ensemble,2023-12-31,2024-01-04,276f8d1dd873542255063c66d57a96bd3f3eb179ef1c67bd1b2b9304a8d82da6,c5e56cffe44735191f46e496aa0b24ddf4cd493263fa7c72f17608600b8da4fa,1,1,3.7000000000000002,3.5569119933807762,3.5161215664386383,0.020474177638263074,0.033811278328980184,0.01333710069071711,0.14308800661922394,0.18387843356136191,0.040790426942137969
Labour,UNRATE,4,month_end,pre_employment_report,2024-01,Labour Equal-Weight Ensemble,2024-01-31,2024-02-01,8b7ca7ee27539c100809fb99a89db4363c964d7ce55b3e34fa72dabf6ba8438d,3701b2b60e17f3a387ae6dd4e9bc665cc172f5749b445cec879e69b5b005416e,1,1,3.7000000000000002,3.5192178776339857,3.5246614251757085,0.032682175767160614,0.030743615821413744,-0.0019385599457468691,0.18078212236601443,0.17533857482429172,-0.0054435475417227153
Labour,UNRATE,4,month_end,pre_employment_report,2024-02,Labour Equal-Weight Ensemble,2024-02-29,2024-03-07,04841ef40dafcdc536a79240e7a22a4ea8336419419f1ec8074618f2a3963450,a8ee776c9f04382a27263870e48955c258b313cab6154421801a9a3c9d2d95cf,1,1,3.8999999999999999,3.4938753557763413,3.5011826709528044,0.16493722664579324,0.15905526194833899,-0.0058819646974542505,0.40612464422365857,0.39881732904719547,-0.0073073151764631028
Labour,UNRATE,4,month_end,pre_employment_report,2024-03,Labour Equal-Weight Ensemble,2024-03-31,2024-04-04,d8f9cec934588cef4f635943e0a3012b5d783790202aef237ba7b866779390e9,3c614a922141ff47ddcbb53904e11bec16d45036125079e935570cd818d20308,1,1,3.7999999999999998,3.5355922113387788,3.5953513741447645,0.069911478704716937,0.041881060064436107,-0.02803041864028083,0.26440778866122105,0.20464862585523536,-0.059759162805985699
Labour,UNRATE,4,month_end,pre_employment_report,2024-04,Labour Equal-Weight Ensemble,2024-04-30,2024-05-02,c8a398c207425212c887b26d5dbe108904be6744256a227a3bf1b8630afe050c,c19c383bf66ea97e8440e09bbf68fb6cae777bb3d7dda974dc99d85629750969,1,1,3.8999999999999999,3.5880050736437714,3.557353804310186,0.09734083407202844,0.11740641542070225,0.020065581348673811,0.3119949263562285,0.34264619568981391,0.030651269333585418
Labour,UNRATE,4,month_end,pre_employment_report,2024-05,Labour Equal-Weight Ensemble,2024-05-31,2024-06-06,4c4446c658be80fb35aa570dec5ca427851a31b7ddfe358ae6a03c9b0edc48ec,e5739ff7426bc2d03e33812e3dc053aafe2e99bdd80ee86b4d90b7ea686d5a11,1,1,4,3.5917522800460162,3.6248668879474817,0.16666620084762637,0.14072485175820726,-0.025941349089419113,0.40824771995398379,0.37513311205251831,-0.033114607901465476
Labour,UNRATE,4,month_end,pre_employment_report,2024-06,Labour Equal-Weight Ensemble,2024-06-30,2024-07-04,66b68196eefe79db940752639d613747ca2ba48e5ea9ffb2463ea72cace78419,6497673dc139911c57af9fc6a34db5905086eb186e0aca8fadc5040ec52000fe,1,1,4.0999999999999996,3.6655048139234183,3.7231568681143519,0.18878606672372303,0.14201074604938371,-0.046775320674339316,0.43449518607658133,0.37684313188564778,-0.057652054190933555
Labour,UNRATE,4,month_end,pre_employment_report,2024-07,Labour Equal-Weight Ensemble,2024-07-31,2024-08-01,c3a0cfd07a89a9461ffab86252ae088529cb2362cc99b544dee29cdc48adf2f6,1cb149f34c3a59f532e4c49889de041b32bf26f923648d832d4fb47e89fccca4,1,1,4.2999999999999998,3.8582351600499378,3.8579346030451176,0.1951561738161039,0.19542181518487758,0.00026564136877368916,0.44176483995006199,0.44206539695488223,0.0003005570048202344
Labour,UNRATE,4,month_end,pre_employment_report,2024-08,Labour Equal-Weight Ensemble,2024-08-31,2024-09-05,732c63f7ec21aca5181fcbf6a7ce6e57eecc05a6e05ae98f806fe33824c84b98,24a267aaceb23a104c9ca97b400f9fb58668961c2456c19611e82d7266e00b5e,1,1,4.2000000000000002,3.879478541610657,3.9414452074123223,0.10273400528803146,0.066850580770057136,-0.035883424517974327,0.32052145838934321,0.25855479258767788,-0.061966665801665322
Labour,UNRATE,4,month_end,pre_employment_report,2024-09,Labour Equal-Weight Ensemble,2024-09-30,2024-10-03,01cfebddb7a8f5d4de9b24b54aa2c3119e470edbe7ad3c651429945bc92b3825,85384614c03de2ae9110b37baa3cac585f55f2fcf76aaaa0322fc5ef4b037c14,1,1,4.0999999999999996,3.9402602681638541,3.941688115035566,0.02551678192708369,0.025062652920992058,-0.0004541290060916317,0.15973973183614554,0.1583118849644336,-0.0014278468717119353
Labour,UNRATE,4,month_end,pre_employment_report,2024-10,Labour Equal-Weight Ensemble,2024-10-31,2024-10-31,bb84d013a9a2a7b27d5fe0aa8e8d9395b3a3d825ace33a5cbb55efc1207025e5,bb84d013a9a2a7b27d5fe0aa8e8d9395b3a3d825ace33a5cbb55efc1207025e5,0,0,4.0999999999999996,3.8394559484500825,3.8394559484500825,0.067883202798045869,0.067883202798045869,0,0.26054405154991711,0.26054405154991711,0
Labour,UNRATE,4,month_end,pre_employment_report,2024-11,Labour Equal-Weight Ensemble,2024-11-30,2024-12-05,47f401181e8f074bd710761ba1e46076c3e0995fa29431b0fde81a166a48cb18,8508c1e46daa20337ca3613a5e44f3d99c40f85a4a8627509a10a97d7b3f22b7,1,1,4.2000000000000002,3.9645073212562529,3.9721990059386769,0.055456801741905745,0.051893292895327035,-0.0035635088465787099,0.23549267874374724,0.22780099406132326,-0.0076916846824239826
Labour,UNRATE,4,month_end,pre_employment_report,2024-12,Labour Equal-Weight Ensemble,2024-12-31,2025-01-09,761459f7a6b227c41ed280a4a05d2437356630df52b11dc143100317fe789afd,a9d997314e99be04688b87f0fa8abb96895adeb156522b3fd9b3bf5733a710ce,1,1,4.0999999999999996,3.8234157002565854,3.8758136412525555,0.076498874864554825,0.050259523448437746,-0.026239351416117079,0.27658429974341425,0.22418635874744419,-0.05239794099597006
Labour,UNRATE,4,month_end,pre_employment_report,2025-01,Labour Equal-Weight Ensemble,2025-01-31,2025-02-06,bc182377d8909f138a980f0f2af1a3b5342236e8fb97dc046d48ba4782727463,d7a1933298a6c1eafdc265f1fcaef2b01689992bda7854961bda82dd6f236d48,1,1,4,3.8895466661463529,3.8252773517314558,0.012199938959385221,0.03052800381797342,0.018328064858588199,0.11045333385364708,0.17472264826854422,0.064269314414897138
Labour,UNRATE,4,month_end,pre_employment_report,2025-02,Labour Equal-Weight Ensemble,2025-02-28,2025-03-06,008dc5003c888083c121f90abe86553ff4e5ca7037c97c44fa1bdda536129088,9ffd3f9202ace8cf1da7b1c03d131c29c1c9dd1d8971d2ee9f2081b84239a5a3,1,1,4.0999999999999996,3.8435718855384344,3.8463048739351957,0.065755377886313596,0.064361216989036754,-0.0013941608972768416,0.25642811446156522,0.25369512606480393,-0.0027329883967612822
Labour,UNRATE,4,month_end,pre_employment_report,2025-03,Labour Equal-Weight Ensemble,2025-03-31,2025-04-03,bc04457d4517591c1730c971e9ba798296295a2942edca566dc5fb768e1ee180,31ea4c9aa3e553fd66fc90d0dd85528f33587c204bc8248b227aca4b2e36df5d,1,1,4.2000000000000002,3.8254413546429582,3.8564368840004861,0.14029417881170234,0.11803561467529555,-0.022258564136406783,0.37455864535704197,0.34356311599951406,-0.030995529357527918
Labour,UNRATE,4,month_end,pre_employment_report,2025-04,Labour Equal-Weight Ensemble,2025-04-30,2025-05-01,6dcf1b1fbb1683899ae0571023bb9a23c38b5900f187f0d317ccba88c6a32075,75104d601135eddf8c1e3b6c360c34a122a3c061b69b7fae10f981935160c092,1,1,4.2000000000000002,3.8999455311177047,3.9021265171826336,0.090032684296236426,0.088728611765747992,-0.0013040725304884343,0.30005446888229548,0.29787348281736659,-0.0021809860649288915
Labour,UNRATE,4,month_end,pre_employment_report,2025-05,Labour Equal-Weight Ensemble,2025-05-31,2025-06-05,8814e19f98ccf79260e2df771557f49f21b55de93e6451e4f28fc8adfb2e4008,67b0243a3d7a58d67ae63e1e4f7c7e9ac44ec4b6923aa2f940a86dde6890a140,1,1,4.2000000000000002,3.8967891254789233,3.9285502522475313,0.09193683442783622,0.073684965554878981,-0.018251868872957239,0.30321087452107687,0.27144974775246888,-0.031761126768607983
Labour,UNRATE,4,month_end,pre_employment_report,2025-06,Labour Equal-Weight Ensemble,2025-06-30,2025-07-02,7b456dd2caa6006bbe768b4f8f087f1aeecd143f3c5cc3fa1bebc2b73e5c09d3,78d55cfdf9cd0d23d2462d64acbbde0fa06facc98833bfd6d481ac34ca86290b,1,1,4.0999999999999996,4.0609555910175539,4.0663943025692655,0.0015244658727884917,0.0011293428998060526,-0.00039512297298243911,0.039044408982445766,0.03360569743073416,-0.0054387115517116058
Labour,UNRATE,4,month_end,pre_employment_report,2025-07,Labour Equal-Weight Ensemble,2025-07-31,2025-07-31,4d961af8bf48247227b9886247f41c6245bc2a7c214e9b6a5e509260eb549c2a,4d961af8bf48247227b9886247f41c6245bc2a7c214e9b6a5e509260eb549c2a,0,0,4.2000000000000002,3.9721348043298073,3.9721348043298073,0.051922547397815308,0.051922547397815308,0,0.22786519567019292,0.22786519567019292,0
Labour,UNRATE,4,month_end,pre_employment_report,2025-08,Labour Equal-Weight Ensemble,2025-08-31,2025-09-04,6c62b6995120e86b0d022a54a9fe4b3b17a236c6a063d185b725ab3453847f74,bc9a81409939e0bfa9d677aeb16622edab37721b5b13a6522d9bb51234d21353,1,1,4.2999999999999998,3.9287296322501173,3.9634265170268534,0.13784168596913302,0.11328170944067485,-0.024559976528458163,0.37127036774988253,0.33657348297314638,-0.034696884776736159
Labour,UNRATE,4,month_end,pre_employment_report,2025-09,Labour Equal-Weight Ensemble,2025-09-30,2025-11-19,8370e6bddaf1ac9bdd5f8039854e4d3bf31c27979ed1408ff01f7f76beffc2e6,5a7cfc6a74b6b09b4fa07ebbd9b0e05841092b974ddb2f28af3796f79fcda4f3,1,1,4.4000000000000004,4.0200965889588591,4.0200965889588591,0.14432660172069431,0.14432660172069431,0,0.37990341104114123,0.37990341104114123,0
Labour,UNRATE,4,month_end,pre_employment_report,2025-11,Labour Equal-Weight Ensemble,2025-11-30,2025-12-15,0c896a2302e5e5210650a5bcc02de10294e49638d0e25e558104a6669ae65edd,f98a1afbb63fe46a326528c231b267a54ab54163e5726a6c2ac0f36fad7972c3,1,1,4.5999999999999996,4.0718289599448632,4.1126282413702278,0.27896464755292461,0.23753123110987662,-0.041433416443047988,0.52817104005513649,0.48737175862977189,-0.040799281425364597
Labour,UNRATE,4,month_end,pre_employment_report,2025-12,Labour Equal-Weight Ensemble,2025-12-31,2026-01-08,17f9c04874b999f3808b7961e7affc0f1aac0cbea808e40e38082edb0d6d1831,7f2574b0e02739ebd85c44cb6e8a029224cac4418bcd3f9b7fd238cef0330635,1,1,4.4000000000000004,4.0957019505918186,4.0810269907169028,0.092597302873624207,0.10174378065111506,0.0091464777774908496,0.30429804940818173,0.31897300928309757,0.014674959874915849
Labour,UNRATE,4,month_end,pre_employment_report,2026-01,Labour Equal-Weight Ensemble,2026-01-31,2026-02-10,5be923ed610a63b5e8d0127b7176fb220b55dd1a9efc221ebe5f38b499ee9a2d,fee22f4da32cbfc3f29b149dfc127e9e54c4e3051c2cf9b3852d4873286d2847,1,1,4.2999999999999998,4.1155110840212332,4.105591758030263,0.034036160119020401,0.037794564545763742,0.003758404426743342,0.1844889159787666,0.19440824196973683,0.0099193259909702292
Labour,UNRATE,4,month_end,pre_employment_report,2026-02,Labour Equal-Weight Ensemble,2026-02-28,2026-03-05,da7fe850311202997c3df1f480d1ecd82e7a36fa5c90ab9bc02c6f4e527081cf,36b785424159da4fdf5b6c9479a7b2a92ea365c14a7224f96e2d6728a732524f,1,1,4.4000000000000004,4.0663031982210205,4.0676463609915823,0.11135355551751978,0.11045894136213788,-0.0008946141553819037,0.33369680177897987,0.33235363900841808,-0.0013431627705617899
Labour,UNRATE,4,month_end,pre_employment_report,2026-03,Labour Equal-Weight Ensemble,2026-03-31,2026-04-02,0b3941461f2aa9c93166e499ca454e286199ed8cb9170c88f5a48c886b779fc5,45a17d7fe6bdfd8cff1f18fa59146367abf91a4f48b35e20fdf663b9168460ab,1,1,4.2999999999999998,4.1804359441727996,4.1818501720944923,0.014295563445849846,0.013959381834101049,-0.00033618161174879709,0.1195640558272002,0.11814982790550754,-0.0014142279216926568
Labour,UNRATE,4,month_end,pre_employment_report,2026-04,Labour Equal-Weight Ensemble,2026-04-30,2026-05-07,e9b2931657ea7e2c64fdec1868969d68b6fa4f0098307b891f6492385ff27cfe,c1a70b31504609df70e57a8900964825b53d74c5d0f5fd5f3c774df3b96ba5b0,1,1,4.2999999999999998,4.0805389596237411,4.0584461648275871,0.048163148243029849,0.058348255286501116,0.010185107043471267,0.21946104037625869,0.24155383517241269,0.022092794796154003
Labour,UNRATE,4,month_end,pre_employment_report,2026-05,Labour Equal-Weight Ensemble,2026-05-31,2026-06-04,1a433339712659ccc8304b58487b1d8576405e57dfadf386daff065d937734e8,92a663192feec587f3176af523495241328ecabc278f467430e3efe81b876abe,1,1,4.2999999999999998,4.0790027609995567,4.1167170308630121,0.048839779645818968,0.03359264677566999,-0.015247132870148977,0.2209972390004431,0.18328296913698772,-0.037714269863455385
Labour,UNRATE,4,month_end,pre_employment_report,2026-06,Labour Equal-Weight Ensemble,2026-06-30,2026-07-01,cfc5d3f5304c510ad3b5c71a0b1da69b55da82e144777d9838460b3ef80935bd,4ddd519170c9cffa44842a12fe5193c70298c5681d7a3335155c60f1a9b10bf1,1,1,4.2000000000000002,4.0888858858658228,4.0888858858658228,0.012346346359822997,0.012346346359822997,0,0.11111411413417738,0.11111411413417738,0
