domain_name,target_series,stage_order,forecast_stage,target_period,stage_policy_model,fixed_model,forecast_date,information_set_hash,actual,stage_policy_point_forecast,fixed_point_forecast,stage_policy_squared_error,fixed_squared_error,delta_squared_error,stage_policy_abs_error,fixed_abs_error,delta_abs_error
GDP,GDPC1,1,early_quarter,2023Q2,Dynamic Factor Model,Dynamic Factor Model,2023-04-15,97052d29d1e71671d498ad806edcade585a14f270027abf402e131ee4ec301c2,2.3856035174837587,2.4868470617010976,2.4868470617010976,0.010250255245688266,0.010250255245688266,0,0.10124354421733894,0.10124354421733894,0
GDP,GDPC1,1,early_quarter,2023Q3,Dynamic Factor Model,Dynamic Factor Model,2023-07-15,20be4290c6d3a959e03d9a290768095bb7a2e61d71db805608c0c690b2997f81,4.7627638591336563,2.4301648462742493,2.4301648462742493,5.4410181547926797,5.4410181547926797,0,2.332599012859407,2.332599012859407,0
GDP,GDPC1,1,early_quarter,2023Q4,Dynamic Factor Model,Dynamic Factor Model,2023-10-15,1368f9461847c0ef28f0e4e40e524224a5e0c8fb7526118cbb369e5c3a602ad3,3.2268142583689041,2.4567534688899682,2.4567534688899682,0.59299361949292217,0.59299361949292217,0,0.77006078947893597,0.77006078947893597,0
GDP,GDPC1,1,early_quarter,2024Q1,Dynamic Factor Model,Dynamic Factor Model,2024-01-15,041eb1a4b5d8f71022febf79d70887a3dcc2db791732ad2dc8705dd7ee914e9d,1.5773785873641089,2.6107423850476468,2.6107423850476468,1.0678407383629438,1.0678407383629438,0,1.0333637976835379,1.0333637976835379,0
GDP,GDPC1,1,early_quarter,2024Q2,Dynamic Factor Model,Dynamic Factor Model,2024-04-15,3a266ef691028333a442e543c5d94fccb20fefd818814709090889719d0ed566,2.8020392666775251,2.7778115888870167,2.7778115888870167,0.00058698037112069317,0.00058698037112069317,0,0.024227677790508384,0.024227677790508384,0
GDP,GDPC1,1,early_quarter,2024Q3,Dynamic Factor Model,Dynamic Factor Model,2024-07-15,7ffbaa741c865f35fb13e25dc70894cb9828f7c1775f55d4563711a3d26e977b,2.7863912480171393,2.4147085887846713,2.4147085887846713,0.13814799917411894,0.13814799917411894,0,0.37168265923246802,0.37168265923246802,0
GDP,GDPC1,1,early_quarter,2024Q4,Dynamic Factor Model,Dynamic Factor Model,2024-10-15,6a572e1a901bff826331902980c13708a43416331b4fa9900e9319a3c5b15652,2.2264988560046106,2.8399705638099797,2.8399705638099797,0.37634753627763612,0.37634753627763612,0,0.61347170780536908,0.61347170780536908,0
GDP,GDPC1,1,early_quarter,2025Q1,Dynamic Factor Model,Dynamic Factor Model,2025-01-15,cc7868bcd9e04a1bf4a1285ec98493ebbf57727b571aa9257e329f1a33364d28,-0.27643155746019943,2.7735007573044714,2.7735007573044714,9.3020871246457837,9.3020871246457837,0,3.0499323147646709,3.0499323147646709,0
GDP,GDPC1,1,early_quarter,2025Q2,Dynamic Factor Model,Dynamic Factor Model,2025-04-15,1c87ea7d59c641078cc22ac2e429e3be781cbe5abd2806ad1beea4cca5672f2f,2.9250519832658028,2.4835642539617417,2.4835642539617417,0.19491141512605595,0.19491141512605595,0,0.44148772930406111,0.44148772930406111,0
GDP,GDPC1,1,early_quarter,2025Q3,Dynamic Factor Model,Dynamic Factor Model,2025-07-15,e7def4e38af92f8fb4d68f55a1228107df651ddf5274c0e66d46d31a2deaa559,4.2511297453771135,2.5451584654074622,2.5451584654074622,2.9103380080812906,2.9103380080812906,0,1.7059712799696514,1.7059712799696514,0
GDP,GDPC1,1,early_quarter,2025Q4,Dynamic Factor Model,Dynamic Factor Model,2025-10-15,c6b9ec2eea097207dac72c9b562a122174f53e5cb4dc21529723525b8ce897f0,1.4125209345351664,1.962860695264586,1.962860695264586,0.3028738522397148,0.3028738522397148,0,0.55033976072941959,0.55033976072941959,0
GDP,GDPC1,1,early_quarter,2026Q1,Dynamic Factor Model,Dynamic Factor Model,2026-01-15,45dd404584619b54df9d08325bcd88c3d45398a3edf347e5cf76632d58e5c22a,1.9701855346021091,2.5193798658793018,2.5193798658793018,0.30161441350700291,0.30161441350700291,0,0.54919433127719275,0.54919433127719275,0
GDP,GDPC1,2,after_month_1,2023Q2,Dynamic Factor Model,Dynamic Factor Model,2023-05-15,185a96db51d8310aa003fdfdec1f331b1816bfd346f47452689cc7165421d7c1,2.3856035174837587,2.4992570090371475,2.4992570090371475,0.012917116142276239,0.012917116142276239,0,0.11365349155338889,0.11365349155338889,0
GDP,GDPC1,2,after_month_1,2023Q3,Dynamic Factor Model,Dynamic Factor Model,2023-08-15,d00cd325dcaa84eb781ca545a2809a877d07bacbc040dc8619d55246a0a18475,4.7627638591336563,2.5481136604813108,2.5481136604813108,4.904675502390873,4.904675502390873,0,2.2146501986523455,2.2146501986523455,0
GDP,GDPC1,2,after_month_1,2023Q4,Dynamic Factor Model,Dynamic Factor Model,2023-11-15,366dd9422899a40caf9ef5f980ce77b11eb61dde525b3b589a79ef565270c9a9,3.2268142583689041,2.5015111157239915,2.5015111157239915,0.52606464873058645,0.52606464873058645,0,0.72530314264491258,0.72530314264491258,0
GDP,GDPC1,2,after_month_1,2024Q1,Dynamic Factor Model,Dynamic Factor Model,2024-02-15,1d74feacf71dfe3def2d98a1df8e2bf95dbbfaa08a07fdb8665700b2a09cf77f,1.5773785873641089,2.7168169218981379,2.7168169218981379,1.298319718205682,1.298319718205682,0,1.1394383345340291,1.1394383345340291,0
GDP,GDPC1,2,after_month_1,2024Q2,Dynamic Factor Model,Dynamic Factor Model,2024-05-15,ac5de9680f939aaeb08cf5a58836fa7de7e2be76e0e5d75777e9e8b861ba916d,2.8020392666775251,2.4160073852916923,2.4160073852916923,0.14902061344628567,0.14902061344628567,0,0.38603188138583278,0.38603188138583278,0
GDP,GDPC1,2,after_month_1,2024Q3,Dynamic Factor Model,Dynamic Factor Model,2024-08-15,6e416ee46bf91520c991264b75452e514fbbe61251ee64c8134199f04e191c88,2.7863912480171393,1.8813085519709605,1.8813085519709605,0.81917468668221982,0.81917468668221982,0,0.90508269604617886,0.90508269604617886,0
GDP,GDPC1,2,after_month_1,2024Q4,Dynamic Factor Model,Dynamic Factor Model,2024-11-15,b10b79740792bdcb1f2e1b2f5645e961bebdddc1ae20402b24c0914574a1943a,2.2264988560046106,2.4958852419776352,2.4958852419776352,0.072569024947607363,0.072569024947607363,0,0.26938638597302456,0.26938638597302456,0
GDP,GDPC1,2,after_month_1,2025Q1,Dynamic Factor Model,Dynamic Factor Model,2025-02-15,a68a4e42d0695d51d102bcfedd1d199609fa61a40ea27d6cb344a0ad86eb7eb7,-0.27643155746019943,2.9832929871803047,2.9832929871803047,10.625804106931742,10.625804106931742,0,3.2597245446405041,3.2597245446405041,0
GDP,GDPC1,2,after_month_1,2025Q2,Dynamic Factor Model,Dynamic Factor Model,2025-05-15,32e7550c5daeedf8df46042cb189f2347ca73e543d1ffd90be17b021a34560f8,2.9250519832658028,2.0034269768871531,2.0034269768871531,0.84939265238244621,0.84939265238244621,0,0.92162500637864975,0.92162500637864975,0
GDP,GDPC1,2,after_month_1,2025Q3,Dynamic Factor Model,Dynamic Factor Model,2025-08-15,7b3e95f884b36b09d4745877772cd041eecd5a47112306e3327bbb71664e70a5,4.2511297453771135,2.256528272269362,2.256528272269362,3.9784350365236123,3.9784350365236123,0,1.9946014731077515,1.9946014731077515,0
GDP,GDPC1,2,after_month_1,2025Q4,Dynamic Factor Model,Dynamic Factor Model,2025-11-15,d89e7f2e0a2512a63cc9fa6b1c53604130ef4671ddc2337e6841aaada1eb9de2,1.4125209345351664,1.7365958319597818,1.7365958319597818,0.10502453914077504,0.10502453914077504,0,0.32407489742461548,0.32407489742461548,0
GDP,GDPC1,2,after_month_1,2026Q1,Dynamic Factor Model,Dynamic Factor Model,2026-02-15,7e4bb5ccffc875ee05bb59f8f24bd7da52e50f2d62c6d5c5056684a5448317ca,1.9701855346021091,2.8159737333676316,2.8159737333676316,0.71535767717102694,0.71535767717102694,0,0.84578819876552247,0.84578819876552247,0
GDP,GDPC1,3,after_month_2,2023Q2,Bridge–DFM Ensemble,Dynamic Factor Model,2023-06-15,a8b961264008cc1541772e36da84e1d842149200fb47a562a9ea314c5d761d45,2.3856035174837587,2.3459478743075555,2.3600895468070138,0.0015725700357183498,0.00065096269969379752,0.00092160733602455233,0.039655643176203181,0.025513970676744879,0.014141672499458302
GDP,GDPC1,3,after_month_2,2023Q3,Bridge–DFM Ensemble,Dynamic Factor Model,2023-09-15,68b8f5b6e39dec114be0cd067ff17a64ff5eec9c9dd8adc5d419e681381ebaab,4.7627638591336563,2.1794200406009305,2.2089652788112901,6.6736652847512445,6.5218871888565326,0.15177809589471192,2.5833438185327258,2.5537985803223662,0.029545238210359592
GDP,GDPC1,3,after_month_2,2023Q4,Bridge–DFM Ensemble,Dynamic Factor Model,2023-12-15,5797ab6ad14b2f66c30698acee8cb2b2f26f3342d4c41aeb4f756ac9cfe62be4,3.2268142583689041,2.3825579122736817,2.6256979404842857,0.71276877792205595,0.36134082762716158,0.35142795029489438,0.84425634609522238,0.60111631788461839,0.24314002821060399
GDP,GDPC1,3,after_month_2,2024Q1,Bridge–DFM Ensemble,Dynamic Factor Model,2024-03-15,f9f2bb1d737deb3582e7a3d6289523e6216cbd88764af99b6d7b0812ccf0509f,1.5773785873641089,1.5695699885769705,2.3693532792372904,6.097421501849858e-05,0.62722391256762089,-0.62716293835260239,0.0078085987871383544,0.79197469187318159,-0.78416609308604324
GDP,GDPC1,3,after_month_2,2024Q2,Bridge–DFM Ensemble,Dynamic Factor Model,2024-06-15,1a0463c654a82f156ecd741b2edeeeac379563a27527da814901df90dfe62a91,2.8020392666775251,2.2801762982087608,2.2816295370280471,0.27234095785903051,0.27082628671384285,0.0015146711451876627,0.52186296846876434,0.52040972964947807,0.0014532388192862733
GDP,GDPC1,3,after_month_2,2024Q3,Bridge–DFM Ensemble,Dynamic Factor Model,2024-09-15,f62a0e022c76f08f0ac74560a98cb583e5ba844cf7ab968bd8a0b024f26d88f7,2.7863912480171393,1.1486244347223555,1.9262733342602174,2.6822801347297514,0.73980282556555976,1.9424773091641916,1.6377668132947838,0.86011791375692193,0.77764889953786187
GDP,GDPC1,3,after_month_2,2024Q4,Bridge–DFM Ensemble,Dynamic Factor Model,2024-12-15,3e5df345871aa435469d99befddf11d5c1aa3867733f1e986f9182e8fe0f11eb,2.2264988560046106,1.962646656556656,2.4820627078383493,0.069617983153523202,0.065312882364097116,0.0043051007894260862,0.26385219944795457,0.25556385183373864,0.0082883476142159296
GDP,GDPC1,3,after_month_2,2025Q1,Bridge–DFM Ensemble,Dynamic Factor Model,2025-03-15,b0f2dc6ca91e754f555e396502fddf5f2284374abdbcb6f03f71efe4ed88cfa1,-0.27643155746019943,2.3145635657787023,2.9085739636448014,6.7132557286477716,10.144260169469337,-3.4310044408215656,2.5909951232389017,3.1850055211050008,-0.5940103978660991
GDP,GDPC1,3,after_month_2,2025Q2,Bridge–DFM Ensemble,Dynamic Factor Model,2025-06-15,6bed1b832b7e14c8c4d7028fadb497806bd86851cd6db358d4fac57f7ed17910,2.9250519832658028,1.990361667207023,1.9169146448282597,0.8736459869340617,1.0163408931519335,-0.14269490621787184,0.93469031605877984,1.0081373384375432,-0.073447022378763327
GDP,GDPC1,3,after_month_2,2025Q3,Bridge–DFM Ensemble,Dynamic Factor Model,2025-09-15,ea82d19c2bb1d0c015dd8baa335cd3370b0b7a1577715386d59ab4c165aa20d6,4.2511297453771135,1.6711641922597553,2.0596476561174404,6.6562222552721559,4.8025937475459424,1.8536285077262136,2.5799655531173582,2.1914820892596731,0.38848346385768506
GDP,GDPC1,3,after_month_2,2025Q4,Bridge–DFM Ensemble,Dynamic Factor Model,2025-12-15,31be881528c069f87a41fd489e0fe6a4007aae61c4e5823e06793bfc2e6dc4d9,1.4125209345351664,1.3434763958319373,1.5540148523459492,0.0047671483247416898,0.020020528777444559,-0.015253380452702869,0.069044538703229019,0.1414939178107828,-0.07244937910755378
GDP,GDPC1,3,after_month_2,2026Q1,Bridge–DFM Ensemble,Dynamic Factor Model,2026-03-15,6edb1c0eca6c4f43375ff90581f955eaa237da3077c0ee9bf8ad48ccf16bebd9,1.9701855346021091,3.3208306644829619,2.4606476079488746,1.8242422668708658,0.24055304539160799,1.5836892214792577,1.3506451298808528,0.4904620733467655,0.86018305653408733
GDP,GDPC1,4,quarter_end,2023Q2,Rolling Bridge–DFM Ensemble,Dynamic Factor Model,2023-06-30,d2a4faf8f2f065dc1fcb8c9fe6b90b47cc74154982e316fc98dbe01a716c5dcd,2.3856035174837587,2.5758594883958725,2.4905470899241857,0.036197334467711124,0.011013153396559163,0.025184181071151959,0.19025597091211388,0.10494357244042707,0.085312398471686812
GDP,GDPC1,4,quarter_end,2023Q3,Rolling Bridge–DFM Ensemble,Dynamic Factor Model,2023-09-30,588e1f94b2938e60a97d99487f041f3d765875319fb8b98c6caad9ac2b5d9a4e,4.7627638591336563,1.9381876977046764,2.2091870619886409,7.9782304917128712,6.5207544589173949,1.4574760327954763,2.8245761614289799,2.5535767971450154,0.27099936428396454
GDP,GDPC1,4,quarter_end,2023Q4,Rolling Bridge–DFM Ensemble,Dynamic Factor Model,2023-12-31,600cd2c28ef4e95515c8b407d5b6ebfd790e007f65aea60ab51321b6705c0649,3.2268142583689041,2.5620464730925132,2.637172568661883,0.44191620834127776,0.34767732224055098,0.094238886100726782,0.66476778527639091,0.58964168970702113,0.075126095569369777
GDP,GDPC1,4,quarter_end,2024Q1,Rolling Bridge–DFM Ensemble,Dynamic Factor Model,2024-03-31,1658fbeddc2752fb8c25c2388ba43bc05d0233164413c39e7a14e97ee2b0a3d0,1.5773785873641089,2.1749332201062299,2.4317414054079749,0.35707153911157119,0.72993582485585617,-0.37286428574428498,0.59755463274212106,0.85436281804386605,-0.25680818530174498
GDP,GDPC1,4,quarter_end,2024Q2,Rolling Bridge–DFM Ensemble,Dynamic Factor Model,2024-06-30,ba0029243e834874f05403d27bc5b3d73696ca03aab348d721cade95fb249ae9,2.8020392666775251,2.1608104972489843,2.2836201143474395,0.41117433474284071,0.26875841750264451,0.1424159172401962,0.64122876942854079,0.51841915233008562,0.12280961709845517
GDP,GDPC1,4,quarter_end,2024Q3,Rolling Bridge–DFM Ensemble,Dynamic Factor Model,2024-09-30,ff82e80036e5da9663853b0954826f1da046f49b1a9b73047a4ac229626f4afc,2.7863912480171393,1.7912006643019205,1.9201507439964098,0.99040429791543805,0.75037261080608753,0.24003168710935052,0.99519058371521885,0.8662405040207295,0.12895007969448935
GDP,GDPC1,4,quarter_end,2024Q4,Rolling Bridge–DFM Ensemble,Dynamic Factor Model,2024-12-31,b901b76f09ab0c3a28a8b155015fe3e15f062329708375a148ce72ea6c7eb60a,2.2264988560046106,2.0331562983931417,2.4511923644063938,0.037381344583744168,0.050487172717902193,-0.013105828134158025,0.1933425576114689,0.22469350840178315,-0.031350950790314247
GDP,GDPC1,4,quarter_end,2025Q1,Rolling Bridge–DFM Ensemble,Dynamic Factor Model,2025-03-31,8c8cd884bf69611dfdc2a3e9b30e5fd689cbfd92d7cd47a0f97c54e88359a7cf,-0.27643155746019943,2.7652363678292318,2.9625422320665162,9.2517437677345136,10.490951209241054,-1.2392074415065402,3.0416679252894312,3.2389737895267157,-0.19730586423728447
GDP,GDPC1,4,quarter_end,2025Q2,Rolling Bridge–DFM Ensemble,Dynamic Factor Model,2025-06-30,a4ea51a64cdb93cacf997cc10427cc83afe4ebb964468cbbe2850b037620ccc6,2.9250519832658028,1.6292375252773108,1.8045198174046218,1.6791351095320095,1.2555923347295495,0.42354277480246005,1.295814457988492,1.1205321658611811,0.17528229212731095
GDP,GDPC1,4,quarter_end,2025Q3,Rolling Bridge–DFM Ensemble,Dynamic Factor Model,2025-09-30,61a2f111cd6d546eb8f42c02e95464e5ab3db2ec0e511c44277d357fd308e9d2,4.2511297453771135,1.4710991975581944,2.1025258619379548,7.7285698468063595,4.6164986479298342,3.1120711988765253,2.7800305478189191,2.1486038834391588,0.63142666437976036
GDP,GDPC1,4,quarter_end,2025Q4,Rolling Bridge–DFM Ensemble,Dynamic Factor Model,2025-12-31,3f921aff67b1bdd9a20c1566e18cd6b802df54416bc8771c71e73ba3dc229693,1.4125209345351664,1.2440376293243163,1.7889503579753649,0.028386624134772463,0.14169911083152031,-0.11331248669674784,0.16848330521085009,0.37642942344019859,-0.2079461182293485
GDP,GDPC1,4,quarter_end,2026Q1,Rolling Bridge–DFM Ensemble,Dynamic Factor Model,2026-03-31,c4a02f0026a9fe88fd4ddd26fd297d3c97936ae5780c3d8d4f793d9d3bdc075d,1.9701855346021091,3.1302605046477519,2.4940361121547241,1.345773936126399,0.27441942760220828,1.0713545085241907,1.1600749700456428,0.52385057755261499,0.63622439249302776
GDP,GDPC1,5,pre_advance_release,2023Q2,Dynamic Factor Model,Dynamic Factor Model,2023-07-26,60c1db290f75d36ad115d1fde40c00acbf1079eaa10fa7c38aa69ca52b51358f,2.3856035174837587,2.3510759369600653,2.3510759369600653,0.0011921538168201257,0.0011921538168201257,0,0.034527580523693313,0.034527580523693313,0
GDP,GDPC1,5,pre_advance_release,2023Q3,Dynamic Factor Model,Dynamic Factor Model,2023-10-25,574ecc1edcd1778087aa997e15cf770f271e63be12540ec8d0f19f49090394cd,4.7627638591336563,2.2665938227062492,2.2665938227062492,6.2308648507580031,6.2308648507580031,0,2.4961700364274071,2.4961700364274071,0
GDP,GDPC1,5,pre_advance_release,2023Q4,Dynamic Factor Model,Dynamic Factor Model,2024-01-24,ec75059ad4fac68c4ae07c5a6549e78083a3c21a41466dfc9cb1fdfd26f455c6,3.2268142583689041,2.578204568898951,2.578204568898951,0.420694529274309,0.420694529274309,0,0.64860968946995312,0.64860968946995312,0
GDP,GDPC1,5,pre_advance_release,2024Q1,Dynamic Factor Model,Dynamic Factor Model,2024-04-24,24c18e676da3696b50110cf87ff544c84243bea1624dc51a9c0b25d429ba1d0c,1.5773785873641089,2.4891613323420634,2.4891613323420634,0.83134777403953364,0.83134777403953364,0,0.91178274497795453,0.91178274497795453,0
GDP,GDPC1,5,pre_advance_release,2024Q2,Dynamic Factor Model,Dynamic Factor Model,2024-07-24,1f383ededc5c247e5a4e6a54cd758cc67ce1505fedd2b239d9a2523bbe9ec6c4,2.8020392666775251,2.2868633831457497,2.2868633831457497,0.26540619097274548,0.26540619097274548,0,0.51517588353177546,0.51517588353177546,0
GDP,GDPC1,5,pre_advance_release,2024Q3,Dynamic Factor Model,Dynamic Factor Model,2024-10-29,c02e18ccb870d5579389b3f837620ae383a0af40ede65123f21d4aa873f3f0f5,2.7863912480171393,2.0176625696966592,2.0176625696966592,0.59094378087235211,0.59094378087235211,0,0.76872867832048009,0.76872867832048009,0
GDP,GDPC1,5,pre_advance_release,2024Q4,Dynamic Factor Model,Dynamic Factor Model,2025-01-29,60ce7e0ddbfa889efd14fb252117431ed6ce95231c4c801be218200d4fb63103,2.2264988560046106,2.4514065363205746,2.4514065363205746,0.050583464665107852,0.050583464665107852,0,0.22490768031596398,0.22490768031596398,0
GDP,GDPC1,5,pre_advance_release,2025Q1,Dynamic Factor Model,Dynamic Factor Model,2025-04-29,d72f63793f30fe37b0ba0f32772380fb66aa0d4b9fb2f400ecb2087b15e3c774,-0.27643155746019943,2.9741429691758174,2.9741429691758174,10.566234753214966,10.566234753214966,0,3.2505745266360169,3.2505745266360169,0
GDP,GDPC1,5,pre_advance_release,2025Q2,Dynamic Factor Model,Dynamic Factor Model,2025-07-29,364f92c145d08ccef85a61d43b6c8716c1ec443c02244c4178f279cdd2485d29,2.9250519832658028,1.8313188729557819,1.8313188729557819,1.1962521165884326,1.1962521165884326,0,1.093733110310021,1.093733110310021,0
GDP,GDPC1,5,pre_advance_release,2025Q3,Dynamic Factor Model,Dynamic Factor Model,2025-12-22,2d04211d093ff7091d66a0b57b8dcef74b2a751b0022415a956b23d332d5a739,4.2511297453771135,2.2561662933363342,2.2561662933363342,3.9798791749784628,3.9798791749784628,0,1.9949634520407793,1.9949634520407793,0
GDP,GDPC1,5,pre_advance_release,2025Q4,Dynamic Factor Model,Dynamic Factor Model,2026-02-19,0278feb160f44b023d860b5053e7c7bbeeeb8db6bf8f4dd0deb3974f35e892f0,1.4125209345351664,1.8005327659206583,1.8005327659206583,0.15055318129512338,0.15055318129512338,0,0.38801183138549189,0.38801183138549189,0
GDP,GDPC1,5,pre_advance_release,2026Q1,Dynamic Factor Model,Dynamic Factor Model,2026-04-29,523f72b5935c3f3c8a9e7760cfcfab5626484cc86bd821e5128197d7e26a8200,1.9701855346021091,2.4233479275160388,2.4233479275160388,0.20535615435147878,0.20535615435147878,0,0.45316239291392968,0.45316239291392968,0
Inflation,CPIAUCSL,1,month_open,2023-02,Inflation Ridge-AR Ensemble,Inflation Bridge Ridge,2023-02-01,30bd2a746b5627992ad31d6598e4a35a8669f48041c568df44c48cf034f7b626,4.4318730380084048,1.8666441852025841,3.1648313408531235,6.5803990672674679,1.6053946623301358,4.9750044049373319,2.5652288528058209,1.2670416971552814,1.2981871556505395
Inflation,CPIAUCSL,1,month_open,2023-03,Inflation Ridge-AR Ensemble,Inflation Bridge Ridge,2023-03-01,db99f1f4d4d3334eaef59b89950f48ee9bb1f8678fcf1d30d0bfaa5b720ee4df,0.63633472696977833,4.6972658040869746,4.745551896762886,16.49116121309623,16.885665748522477,-0.39450453542624686,4.0609310771171963,4.1092171697931077,-0.048286092675911441
Inflation,CPIAUCSL,1,month_open,2023-04,Inflation Ridge-AR Ensemble,Inflation Bridge Ridge,2023-04-01,32673152a99d3263f3f9ed8560cc6ba755c24bb424dae7e956134f442cc46d9a,4.4053058606191797,2.7693402781276886,1.900371973925701,2.676383387096724,6.2746937767052984,-3.5983103896085744,1.6359655824914912,2.5049338866934789,-0.86896830420198778
Inflation,CPIAUCSL,1,month_open,2023-05,Inflation Ridge-AR Ensemble,Inflation Bridge Ridge,2023-05-01,c40dc0e288acf44de093f257dd91ced1a042449c69581796e5c72d64a383200e,1.4885883415676204,2.1349793531768544,2.8206654449785864,0.41782133988920883,1.7744294094317494,-1.3566080695425407,0.64639101160923396,1.332077103410966,-0.68568609180173201
Inflation,CPIAUCSL,1,month_open,2023-06,Inflation Ridge-AR Ensemble,Inflation Bridge Ridge,2023-06-01,7651bf41614253de85a8ccd1403b43ce653e69223fde0edfebb94e51992102ba,2.1622873911194773,3.1834252193096595,2.757104447263675,1.042722464160962,0.35380733028004957,0.68891513388091252,1.0211378281901822,0.59481705614419766,0.42632077204598451
Inflation,CPIAUCSL,1,month_open,2023-07,Inflation Ridge-AR Ensemble,Inflation Bridge Ridge,2023-07-01,772d853be45298023544f2d92b64ba3a8f809b150ffaa189716d3bcf8d0d4e4d,2.0006943267020461,2.4347883462412021,2.9234719119716108,0.1884376177996612,0.85151847187592888,-0.66308085407626771,0.43409401953915605,0.92277758526956477,-0.48868356573040872
Inflation,CPIAUCSL,1,month_open,2023-08,Inflation Ridge-AR Ensemble,Inflation Bridge Ridge,2023-08-01,14e5e80143efbaecbec28ae3af68a385e1236611e647b34a42dcabbed821774f,7.5504206569227961,3.4340780500206596,4.5405355832203274,16.94427645739788,9.0594081568969163,7.8848683005009637,4.1163426069021369,3.0098850737024687,1.1064575331996682
Inflation,CPIAUCSL,1,month_open,2023-09,Inflation Ridge-AR Ensemble,Inflation Bridge Ridge,2023-09-01,b85a328ae132025b941fa72de3c6759b46734f451777c72148c74dfd12a5e3ce,4.7393951626556685,3.7606285144972906,5.2868535004825148,0.95798415154718586,0.29971063165613332,0.65827351989105254,0.97876664815837788,0.54745833782684628,0.43130831033153161
Inflation,CPIAUCSL,1,month_open,2023-10,Inflation Ridge-AR Ensemble,Inflation Bridge Ridge,2023-10-01,3a26df0d3895e07bab51d56556b6001227ed70942d6dda4e93c5ebce84cdeebc,0.53844904171214125,4.8284941639858969,4.266656558017857,18.404487151144842,13.899531284638433,4.5049558665064087,4.2900451222737557,3.7282075163057158,0.56183760596803989
Inflation,CPIAUCSL,1,month_open,2023-11,Inflation Ridge-AR Ensemble,Inflation Bridge Ridge,2023-11-01,a5393d6ec69e1d357cf1f32af81147b0f60146446a8004226b89cc12f838810d,1.1619142598910059,4.39271512093792,4.9848901022206613,10.438074203741481,14.615144291036138,-4.1770700872946573,3.2308008610469141,3.8229758423296554,-0.59217498128274126
Inflation,CPIAUCSL,1,month_open,2023-12,Inflation Ridge-AR Ensemble,Inflation Bridge Ridge,2023-12-01,743e6919713900b76e677717cd1a66869d15bf5ff291e59b557bcbce3da349f9,3.6305472050568,1.6576627430541697,1.8816762483349487,3.8922731004114079,3.0585496232652032,0.83372347714620476,1.9728844620026302,1.7488709567218512,0.22401350528077901
Inflation,CPIAUCSL,1,month_open,2024-01,Inflation Ridge-AR Ensemble,Inflation Bridge Ridge,2024-01-01,1c9d7a507fb5ecf3beece8ebfe371399356d8179c0ea445c88bafdbb78fed0f5,3.6596101950234328,2.6507719044608749,3.5230319839173605,1.017754696505184,0.01865360774893484,0.99910108875624914,1.0088382905625579,0.13657821110607227,0.87226007945648565
Inflation,CPIAUCSL,1,month_open,2024-02,Inflation Ridge-AR Ensemble,Inflation Bridge Ridge,2024-02-01,4acd561b9e983aecffffe0fb830530af2b93463dfc296c45ebca9c5842b184ab,5.2930544512420852,3.1570378397136345,3.1515486161631374,4.5625669647254838,4.5860472416771811,-0.023480276951697299,2.1360166115284507,2.1415058350789478,-0.0054892235504970799
Inflation,CPIAUCSL,1,month_open,2024-03,Inflation Ridge-AR Ensemble,Inflation Bridge Ridge,2024-03-01,f9ba877379756fdb8fb080f7d9c3d4a9398f93a116a9f04c27f138d329ec8492,4.52827819934285,4.4255062642257315,5.6754836588160416,0.01056207064771723,1.3160803662450964,-1.3055182955973792,0.10277193511711857,1.1472054594731915,-1.044433524356073
Inflation,CPIAUCSL,1,month_open,2024-04,Inflation Ridge-AR Ensemble,Inflation Bridge Ridge,2024-04-01,0765f629012b7882da9b07236737a448cea652d24c7d60f9c5500570f2be42f0,3.7490617076503696,3.8415214723765136,3.5911642273954074,0.0085488080932139086,0.024931614270866178,-0.016382806177652268,0.092459764726144034,0.1578974802549622,-0.065437715528818163
Inflation,CPIAUCSL,1,month_open,2024-05,Inflation Ridge-AR Ensemble,Inflation Bridge Ridge,2024-05-01,01c59925fab16ba62b08a4763c2108a3b840145569e7ae080f15c6b5d2a754f9,0.068961994298533114,3.6265154642031567,3.5796114403758725,12.656186691230427,12.32465953324313,0.33152715798729737,3.5575534699046236,3.5106494460773394,0.046904023827284202
Inflation,CPIAUCSL,1,month_open,2024-06,Inflation Ridge-AR Ensemble,Inflation Bridge Ridge,2024-06-01,8df009ea9d2a3f9378f43651fc146c649cbd57f03acc45894e67af75e79ca32e,-0.67446518795364341,3.2497043836814505,3.2563527943725585,15.399106826946756,15.451330010179033,-0.052223183232277037,3.9241695716350939,3.9308179823262019,-0.0066484106911079976
Inflation,CPIAUCSL,1,month_open,2024-07,Inflation Ridge-AR Ensemble,Inflation Bridge Ridge,2024-07-01,51458cda1e8975e0ed110d3f82c5cf2cf16a0d63c40603694e9ed66d3bc9304b,1.8576952015390447,1.475471748151056,1.7565326444915557,0.14609476831983997,0.010233862948386466,0.13586090537145351,0.38222345338798869,0.101162557047489,0.28106089634049969
Inflation,CPIAUCSL,1,month_open,2024-08,Inflation Ridge-AR Ensemble,Inflation Bridge Ridge,2024-08-01,a112ff08058f0ed6b24978daadcc77bb5ae2d8ab5ba3c1e31f65365a8134444f,2.244545826505373,1.8196362199092095,2.8737454575260157,0.18054817377770643,0.39589217567651291,-0.21534400189880648,0.4249096065961635,0.62919963102064269,-0.20429002442447919
Inflation,CPIAUCSL,1,month_open,2024-09,Inflation Ridge-AR Ensemble,Inflation Bridge Ridge,2024-09-01,a4f2ce8b6294e6f997b4fa92a73e47d06c9f8dd431c4c1d7c0d58e46b718aec4,2.1564651235159715,1.3471319256623808,0.51939661222839861,0.65502022514791935,2.6799933106493103,-2.024973085501391,0.8093331978535907,1.6370685112875729,-0.82773531343398221
Inflation,CPIAUCSL,1,month_open,2024-10,Inflation Ridge-AR Ensemble,Inflation Bridge Ridge,2024-10-01,0bde9a780e20438090ae0e0b5c7664c57538f6fb2853ee43e735662b6f0ae5ed,2.9250657197465557,2.9364875057628934,3.4843145438374581,0.00013045719580300738,0.31275924724705706,-0.31262879005125405,0.011421786016337698,0.55924882409090237,-0.54782703807456468
Inflation,CPIAUCSL,1,month_open,2024-11,Inflation Ridge-AR Ensemble,Inflation Bridge Ridge,2024-11-01,8fbc267d6510a2526ff236f920e15de7594349e15a1107540271af3c6f63de6b,3.7487271246416043,3.1143321349001818,3.8899265196103667,0.40245700300901954,0.019937269139544574,0.38251973386947496,0.6343949897414225,0.14119939496876244,0.49319559477266006
Inflation,CPIAUCSL,1,month_open,2024-12,Inflation Ridge-AR Ensemble,Inflation Bridge Ridge,2024-12-01,6f071f53641ab5669bd9c3e9ac58244f7ce194bf4d227b5a47d3306dd9d31e8c,4.7082186032746165,3.2464652934125939,3.7269446928323351,2.136722738892578,0.96289848731468652,1.1738242515778916,1.4617533098620226,0.98127391044228141,0.48047939941974116
Inflation,CPIAUCSL,1,month_open,2025-01,Inflation Ridge-AR Ensemble,Inflation Bridge Ridge,2025-01-01,389b699d6ba53b4ddc2823f5497c49f5c4f63a4d2e4a79feaff2786ceb71e114,5.5901805067371413,2.9472097924397458,2.6683686745675463,6.985294196633685,8.5369843826062457,-1.5516901859725607,2.6429707142973955,2.9218118321695949,-0.27884111787219945
Inflation,CPIAUCSL,1,month_open,2025-02,Inflation Ridge-AR Ensemble,Inflation Bridge Ridge,2025-02-01,520eafa0eb29b1e17eb789a2a666532291471ee0160e11583aac20c80f2780e3,2.58835746917363,3.6949255660253817,3.6238954403781531,1.2244929529701079,1.0723388898063799,0.15215406316372793,1.1065680968517517,1.0355379712045232,0.071030125647228548
Inflation,CPIAUCSL,1,month_open,2025-03,Inflation Ridge-AR Ensemble,Inflation Bridge Ridge,2025-03-01,99002d090aac3c99b6a5e65528af95de7db34a797d8721a66bf57268fba73838,-0.60057243312350295,3.9580185421924252,3.6678016266287115,20.780751680231827,18.219017113965599,2.5617345662662281,4.5585909753159282,4.2683740597522144,0.29021691556371376
Inflation,CPIAUCSL,1,month_open,2025-04,Inflation Ridge-AR Ensemble,Inflation Bridge Ridge,2025-04-01,3fac28a31e3115ea7a05c745cc72d0d68471fb790ec671f5a3fd961496a7d37b,2.6477658507008783,2.8198662764447029,3.0456165569269631,0.029618556541205671,0.15828518444459441,-0.12866662790338873,0.17210042574382456,0.39785070622608476,-0.2257502804822602
Inflation,CPIAUCSL,1,month_open,2025-05,Inflation Ridge-AR Ensemble,Inflation Bridge Ridge,2025-05-01,38513725ec1266da0ac97cd68420c2f9f6030f68252cc43abc3fb2c49d9f5d72,0.96988463715668161,2.5071594387786313,4.1761252135478948,2.3632138157018048,10.279978633697459,-7.916764817995654,1.5372748016219497,3.2062405763912132,-1.6689657747692634
Inflation,CPIAUCSL,1,month_open,2025-06,Inflation Ridge-AR Ensemble,Inflation Bridge Ridge,2025-06-01,8d91cc0728b8c06e53a9622cdfcbcc61efaa18b181eeb87e724f180a66aab16b,3.4388261759264793,4.1227400346073928,5.6270319221317706,0.46773816609581648,4.7882443877258556,-4.3205062216300387,0.68391385868091348,2.1882057462052913,-1.5042918875243778
Inflation,CPIAUCSL,1,month_open,2025-07,Inflation Ridge-AR Ensemble,Inflation Bridge Ridge,2025-07-01,81ecbbe883965eb9bddb6fe8c361df19948898a537ee9f03d17e4588a3db6147,2.3566269040241394,5.2564911607965357,8.8127564334835586,8.4092127077061214,41.681608501157903,-33.272395793451778,2.8998642567723962,6.4561295294594192,-3.556265272687023
Inflation,CPIAUCSL,1,month_open,2025-08,Inflation Ridge-AR Ensemble,Inflation Bridge Ridge,2025-08-01,2868338271635f2e33b6bd4259bb12fd3a8d8bd6015f077624f0fb6c1906a95f,4.5806691138956523,3.8041855695281956,4.5621894382864916,0.60292669467344806,0.00034149841061981075,0.60258519626282825,0.7764835443674567,0.018479675609160751,0.75800386875829595
Inflation,CPIAUCSL,1,month_open,2025-09,Inflation Ridge-AR Ensemble,Inflation Bridge Ridge,2025-09-01,27cf3cc721e01366a148aa02a178f1d65934bbe2524f53b11dc66d2aae8469cf,3.7200600398769268,4.182558109507025,5.9074071962151971,0.21390446441156716,4.784487582341117,-4.5705831179295497,0.46249806963009821,2.1873471563382703,-1.7248490867081721
Inflation,CPIAUCSL,1,month_open,2025-11,Inflation Ridge-AR Ensemble,Inflation Bridge Ridge,2025-11-01,57f8728243173a1dd4bd43995690d4a1595bc35b855470de81b388149c7a8cb7,2.4502664045531475,2.6153379805492465,2.0251482294885155,0.02724862520183589,0.18072546277028312,-0.15347683756844724,0.16507157599609901,0.42511817506463201,-0.260046599068533
Inflation,CPIAUCSL,1,month_open,2025-12,Inflation Ridge-AR Ensemble,Inflation Bridge Ridge,2025-12-01,ee6e91bc7e7cad2988c033393fa68b30e4ffa0373ce5fcb2d141041c4aa65895,3.6826071315459785,3.4522724478756155,3.699017164141253,0.053054066501526199,0.00026928916977797204,0.052784777331748224,0.23033468367036303,0.016410032595274515,0.21392465107508851
Inflation,CPIAUCSL,1,month_open,2026-02,Inflation Ridge-AR Ensemble,Inflation Bridge Ridge,2026-02-01,73baf19b287be04e4e6938422cd5d63c7ea06adda39d5054a35d9a768d3017e9,3.1997670507312392,4.2398283050988113,5.2741288785876455,1.0817274128366474,4.3029769928677704,-3.2212495800311229,1.040061254367572,2.0743618278564062,-1.0343005734888342
Inflation,CPIAUCSL,1,month_open,2026-03,Inflation Ridge-AR Ensemble,Inflation Bridge Ridge,2026-03-01,c4485dd6273eeb7f4e3ae5268017d64f68ec76849aea6bd5ad20ed6987aa5b9b,10.337074927015166,4.1302475580686835,5.1524097033749632,38.524705987903118,26.880753481224119,11.643952506679,6.2068273689464828,5.1846652236402031,1.0221621453062797
Inflation,CPIAUCSL,1,month_open,2026-04,Inflation Ridge-AR Ensemble,Inflation Bridge Ridge,2026-04-01,5607ec8bb9be56ed471fea98ce825532c79d22ff0e9ff105adc5cd7fd0ce8640,7.6559788889596803,5.6505067187716422,8.1929280247808816,4.0219186253987189,0.28831437445913488,3.7336042509395839,2.005472170188038,0.5369491358212013,1.4685230343668367
Inflation,CPIAUCSL,1,month_open,2026-05,Inflation Ridge-AR Ensemble,Inflation Bridge Ridge,2026-05-01,ecce58d78881f1fa52eea024f09cf047c9ca1eea60292d769f6573282836f872,5.6615940286512512,5.5005696601914664,4.1270964552940157,0.025928847237872518,2.3546828026392443,-2.3287539554013716,0.16102436845978474,1.5344975733572355,-1.3734732048974507
Inflation,CPIAUCSL,1,month_open,2026-06,Inflation Ridge-AR Ensemble,Inflation Bridge Ridge,2026-06-01,f0df781ab2f261271b2366f61a81fc49bbdfc7e9b97072503f64ad3b16b226f6,-5.0805195408127446,7.3528206009709756,7.831598336853034,154.58794708129042,166.72278808673622,-12.134841005445793,12.43334014178372,12.912117877665779,-0.47877773588205841
Inflation,CPIAUCSL,2,mid_month,2023-02,Inflation Bridge Ridge,Inflation Bridge Ridge,2023-02-15,8a6aa5b331d2800440fc5070284d13bec46ca8e8cf8f0b64f2d774d7a346d845,4.4318730380084048,3.2228808132249891,3.2228808132249891,1.4616621995867531,1.4616621995867531,0,1.2089922247834157,1.2089922247834157,0
Inflation,CPIAUCSL,2,mid_month,2023-03,Inflation Bridge Ridge,Inflation Bridge Ridge,2023-03-15,c24597678917fa9998f96e86831764202da9a46463c27a4e17b3e2dbde45d766,0.63633472696977833,3.7537713775668817,3.7537713775668817,9.7184112704860866,9.7184112704860866,0,3.1174366505971034,3.1174366505971034,0
Inflation,CPIAUCSL,2,mid_month,2023-04,Inflation Bridge Ridge,Inflation Bridge Ridge,2023-04-15,24f87b813e26fb3b81c056ed9d88901f2c30ae987130cda85ad254b128511a68,4.4053058606191797,-0.42593691255574795,-0.42593691255574795,23.34090673335497,23.34090673335497,0,4.8312427731749281,4.8312427731749281,0
Inflation,CPIAUCSL,2,mid_month,2023-05,Inflation Bridge Ridge,Inflation Bridge Ridge,2023-05-15,5a53e4c54994844b836b9488eadd3536e0c958570641ae4d93cd978d90c91e5c,1.4885883415676204,4.6653386479855783,4.6653386479855783,10.09174250932659,10.09174250932659,0,3.1767503064179579,3.1767503064179579,0
Inflation,CPIAUCSL,2,mid_month,2023-06,Inflation Bridge Ridge,Inflation Bridge Ridge,2023-06-15,1d08b874d7bce4f6418361d7e9e35acbb28fb786e60bda8c15f016e0a267febc,2.1622873911194773,1.7248623542939545,1.7248623542939545,0.19134066284180998,0.19134066284180998,0,0.43742503682552281,0.43742503682552281,0
Inflation,CPIAUCSL,2,mid_month,2023-07,Inflation Bridge Ridge,Inflation Bridge Ridge,2023-07-15,89027fe9e485f8e383ea0d772ef18067f845d85a2ef90610397154b79eacb5e0,2.0006943267020461,2.8068642491670963,2.8068642491670963,0.64990994388730516,0.64990994388730516,0,0.80616992246505026,0.80616992246505026,0
Inflation,CPIAUCSL,2,mid_month,2023-08,Inflation Bridge Ridge,Inflation Bridge Ridge,2023-08-15,9cc2c2745a298698df6c4f34ca2408a44f30fa474f8671fa4f1e4295603404a2,7.5504206569227961,4.8343448155525497,4.8343448155525497,7.3770679760750921,7.3770679760750921,0,2.7160758413702464,2.7160758413702464,0
Inflation,CPIAUCSL,2,mid_month,2023-09,Inflation Bridge Ridge,Inflation Bridge Ridge,2023-09-15,61e5ff22c1712efb73e9d56a561747473a23ba97f849c34eb9865177f289d33f,4.7393951626556685,5.4288142821168464,5.4288142821168464,0.4752987222786258,0.4752987222786258,0,0.68941911946117784,0.68941911946117784,0
Inflation,CPIAUCSL,2,mid_month,2023-10,Inflation Bridge Ridge,Inflation Bridge Ridge,2023-10-15,a424c78a7cd11f5b4ff41db85df2beea0102fc337d3c877f62063e1e9488380d,0.53844904171214125,5.9405372338341405,5.9405372338341405,29.182556835463931,29.182556835463931,0,5.4020881921219992,5.4020881921219992,0
Inflation,CPIAUCSL,2,mid_month,2023-11,Inflation Bridge Ridge,Inflation Bridge Ridge,2023-11-15,e8d35d9b894396dbacce853bbcba41da9c87e799884c4d13d86a672843c9a2f9,1.1619142598910059,2.681796419379685,2.681796419379685,2.3100417787319705,2.3100417787319705,0,1.5198821594886791,1.5198821594886791,0
Inflation,CPIAUCSL,2,mid_month,2023-12,Inflation Bridge Ridge,Inflation Bridge Ridge,2023-12-15,5df490ec980999cf3b758b948dbb6f3f3a4033a284583dd5839079d626dfd73c,3.6305472050568,2.7923017136407724,2.7923017136407724,0.70265550387929754,0.70265550387929754,0,0.83824549141602755,0.83824549141602755,0
Inflation,CPIAUCSL,2,mid_month,2024-01,Inflation Bridge Ridge,Inflation Bridge Ridge,2024-01-15,82d6c3d39139ad4d032d65475f1827d5719054f56653a8b93a2e9cff9dc268d7,3.6596101950234328,3.4890365421259566,3.4890365421259566,0.029095371062788679,0.029095371062788679,0,0.17057365289747617,0.17057365289747617,0
Inflation,CPIAUCSL,2,mid_month,2024-02,Inflation Bridge Ridge,Inflation Bridge Ridge,2024-02-15,ae89d3ae96b6270f5992f8c6f7491518dcf032586320f2b75a3b0fa9c8312b34,5.2930544512420852,3.9870257058296557,3.9870257058296557,1.7057110838435647,1.7057110838435647,0,1.3060287454124295,1.3060287454124295,0
Inflation,CPIAUCSL,2,mid_month,2024-03,Inflation Bridge Ridge,Inflation Bridge Ridge,2024-03-15,579708298d18115ae7a6ec5713142c458e6f1054da00080213fc09c492efe402,4.52827819934285,4.8360658262085012,4.8360658262085012,0.094733223251589338,0.094733223251589338,0,0.3077876268656512,0.3077876268656512,0
Inflation,CPIAUCSL,2,mid_month,2024-04,Inflation Bridge Ridge,Inflation Bridge Ridge,2024-04-15,4d2fb4af32164d7f9a5e2ce4cb4b96b3bb1b170fb3146c81bc70cc545eb356a4,3.7490617076503696,3.3976295108394243,3.3976295108394243,0.12350458895536698,0.12350458895536698,0,0.35143219681094529,0.35143219681094529,0
Inflation,CPIAUCSL,2,mid_month,2024-05,Inflation Bridge Ridge,Inflation Bridge Ridge,2024-05-15,f8524ab49b321d39909136fdc89da4dd16e9e21c7dc4142a838e625a326a841a,0.068961994298533114,3.0703217149271853,3.0703217149271853,9.0081601726121008,9.0081601726121008,0,3.0013597206286522,3.0013597206286522,0
Inflation,CPIAUCSL,2,mid_month,2024-06,Inflation Bridge Ridge,Inflation Bridge Ridge,2024-06-15,8f3e0cacb6f5af3c402bd46a804aa094a4b9e3ff43005992f708204b5d9b79d0,-0.67446518795364341,2.4004994573660055,2.4004994573660055,9.4554075699657947,9.4554075699657947,0,3.0749646453196489,3.0749646453196489,0
Inflation,CPIAUCSL,2,mid_month,2024-07,Inflation Bridge Ridge,Inflation Bridge Ridge,2024-07-15,8b37166569a0120b18ae657209b4910e4e7ef479ae0a46c72bee134c5d001a17,1.8576952015390447,1.9986421176203157,1.9986421176203157,0.019866033152820872,0.019866033152820872,0,0.14094691608127108,0.14094691608127108,0
Inflation,CPIAUCSL,2,mid_month,2024-08,Inflation Bridge Ridge,Inflation Bridge Ridge,2024-08-15,fa9e12b484b7d8bc14896092f0ddc4148dd4794cc6e70e6c1c1a4703b49a12ec,2.244545826505373,3.3980361091665356,3.3980361091665356,1.3305398321937287,1.3305398321937287,0,1.1534902826611626,1.1534902826611626,0
Inflation,CPIAUCSL,2,mid_month,2024-09,Inflation Bridge Ridge,Inflation Bridge Ridge,2024-09-15,9eaddcf55f5ea463c414d7a32478e44de862df2cbe57a61fa8fe6c57c33a23af,2.1564651235159715,1.4465338272942099,1.4465338272942099,0.50400244535511074,0.50400244535511074,0,0.70993129622176165,0.70993129622176165,0
Inflation,CPIAUCSL,2,mid_month,2024-10,Inflation Bridge Ridge,Inflation Bridge Ridge,2024-10-15,281ef6d0ed34ad60e3a6479629efbf14508596ff807cbfede4c02a667a6a9c09,2.9250657197465557,2.2267361403672932,2.2267361403672932,0.48766420143601774,0.48766420143601774,0,0.69832957937926254,0.69832957937926254,0
Inflation,CPIAUCSL,2,mid_month,2024-11,Inflation Bridge Ridge,Inflation Bridge Ridge,2024-11-15,36fd9369adf963255b6d0dc6bfedf8df0cd8f430d322cb6c028fc59762580e69,3.7487271246416043,4.5441170549946204,4.5441170549946204,0.6326451413069758,0.6326451413069758,0,0.79538993035301608,0.79538993035301608,0
Inflation,CPIAUCSL,2,mid_month,2024-12,Inflation Bridge Ridge,Inflation Bridge Ridge,2024-12-15,4925dfcc401cd3311c63ac760762c3439a1d77b3c135b122d2eaf7506fc49e9f,4.7082186032746165,2.6184970813073263,2.6184970813073263,4.3669360393732877,4.3669360393732877,0,2.0897215219672902,2.0897215219672902,0
Inflation,CPIAUCSL,2,mid_month,2025-01,Inflation Bridge Ridge,Inflation Bridge Ridge,2025-01-15,3ff4b4a58df1a34813b2d029a9dc117317582329e8dc28eb4cfba8db95609656,5.5901805067371413,3.2239881873736835,3.2239881873736835,5.5988660922146201,5.5988660922146201,0,2.3661923193634578,2.3661923193634578,0
Inflation,CPIAUCSL,2,mid_month,2025-02,Inflation Bridge Ridge,Inflation Bridge Ridge,2025-02-15,77935a6b7e8590ae56b673746dd11c03e8013a8116de06bcf9e7a2e79722dbab,2.58835746917363,4.8022254275769853,4.8022254275769853,4.9012113372450408,4.9012113372450408,0,2.2138679584033554,2.2138679584033554,0
Inflation,CPIAUCSL,2,mid_month,2025-03,Inflation Bridge Ridge,Inflation Bridge Ridge,2025-03-15,a4596cd791cf25c2e3be094fbed422c8ea71bba5088165fa51c3f55bc98a05b1,-0.60057243312350295,2.6512643889871801,2.6512643889871801,10.574442717634906,10.574442717634906,0,3.251836822110683,3.251836822110683,0
Inflation,CPIAUCSL,2,mid_month,2025-04,Inflation Bridge Ridge,Inflation Bridge Ridge,2025-04-15,fe544582802ce78164d2f9946be70ae8f561acf20ee60340ea51cdc031bfad68,2.6477658507008783,3.0437550069501249,3.0437550069501249,0.15680741186699021,0.15680741186699021,0,0.39598915624924658,0.39598915624924658,0
Inflation,CPIAUCSL,2,mid_month,2025-05,Inflation Bridge Ridge,Inflation Bridge Ridge,2025-05-15,beb2033f3f4408775fdb588cf33aa1c013f251b8121752be6abcc6971daabee5,0.96988463715668161,4.8897224747734462,4.8897224747734462,15.365128673212073,15.365128673212073,0,3.9198378376167646,3.9198378376167646,0
Inflation,CPIAUCSL,2,mid_month,2025-06,Inflation Bridge Ridge,Inflation Bridge Ridge,2025-06-15,1deb686f98f2c1468c9d8e9a93f2d32fd49221c0670748676ff98f18ce5f4847,3.4388261759264793,5.4070421559945334,5.4070421559945334,3.8738741441952507,3.8738741441952507,0,1.9682159800680541,1.9682159800680541,0
Inflation,CPIAUCSL,2,mid_month,2025-07,Inflation Bridge Ridge,Inflation Bridge Ridge,2025-07-15,d5a81ce68e562b1b92e44ba335e058dbb779bc21f2c1956ad31a4af9bcaa6c51,2.3566269040241394,8.5023513103184598,8.5023513103184598,37.769928478121678,37.769928478121678,0,6.1457244062943204,6.1457244062943204,0
Inflation,CPIAUCSL,2,mid_month,2025-08,Inflation Bridge Ridge,Inflation Bridge Ridge,2025-08-15,e47c815a59b47610b59e20d6e220a73ba12cec1a412d75391fea041062127ff1,4.5806691138956523,4.5514333697076754,4.5514333697076754,0.00085472873822482623,0.00085472873822482623,0,0.02923574418797692,0.02923574418797692,0
Inflation,CPIAUCSL,2,mid_month,2025-09,Inflation Bridge Ridge,Inflation Bridge Ridge,2025-09-15,8fa2211d8d49c444f0fa6a3540e6d69708634a565703c8a53134dad86b3cd623,3.7200600398769268,5.2282010006046171,5.2282010006046171,2.2744891574246409,2.2744891574246409,0,1.5081409607276903,1.5081409607276903,0
Inflation,CPIAUCSL,2,mid_month,2025-11,Inflation Bridge Ridge,Inflation Bridge Ridge,2025-11-15,a30b24c3aec0c444516e10ac972a8f39f5ca6f30519ff5671d4d5ed7d8868b9c,2.4502664045531475,2.0608644898857942,2.0608644898857942,0.15163385114660069,0.15163385114660069,0,0.3894019146673533,0.3894019146673533,0
Inflation,CPIAUCSL,2,mid_month,2025-12,Inflation Bridge Ridge,Inflation Bridge Ridge,2025-12-15,3389a3ec5508babdfe1230051c4ba6510ad8f8da1e4dd7149f40c47c5df03f07,3.6826071315459785,3.6414558188575898,3.6414558188575898,0.0016934305359775387,0.0016934305359775387,0,0.041151312688388675,0.041151312688388675,0
Inflation,CPIAUCSL,2,mid_month,2026-01,Inflation Bridge Ridge,Inflation Bridge Ridge,2026-01-15,cfb289d3004dff8b82f1b1283696bf08de8b77938400844f89ea386e5f86fc9f,2.0483625585395515,3.9650540623152768,3.9650540623152768,3.6737063206460512,3.6737063206460512,0,1.9166915037757253,1.9166915037757253,0
Inflation,CPIAUCSL,2,mid_month,2026-02,Inflation Bridge Ridge,Inflation Bridge Ridge,2026-02-15,cd51542895b567294160f02ecc7906eed6b35270ef578fe4677bf606ed4c31e6,3.1997670507312392,4.2978718197903687,4.2978718197903687,1.205834083830404,1.205834083830404,0,1.0981047690591295,1.0981047690591295,0
Inflation,CPIAUCSL,2,mid_month,2026-03,Inflation Bridge Ridge,Inflation Bridge Ridge,2026-03-15,a716019482770d8d4f56e8c48b980d939a63d38b3494709513c425e46466b436,10.337074927015166,5.1826470224366368,5.1826470224366368,26.568127023497812,26.568127023497812,0,5.1544279045785295,5.1544279045785295,0
Inflation,CPIAUCSL,2,mid_month,2026-04,Inflation Bridge Ridge,Inflation Bridge Ridge,2026-04-15,0f309fffb4256000594f4a61b6cf248566025fd62a7ee11ec444b991e5dc2ea8,7.6559788889596803,9.1683410046561011,9.1683410046561011,2.2872391689937541,2.2872391689937541,0,1.5123621156964209,1.5123621156964209,0
Inflation,CPIAUCSL,2,mid_month,2026-05,Inflation Bridge Ridge,Inflation Bridge Ridge,2026-05-15,09c0637b340d3561ff0b0bb18908b61a785ebba2ab34b086e758b763931bda60,5.6615940286512512,6.5370909233916583,6.5370909233916583,0.76649481270009556,0.76649481270009556,0,0.87549689474040715,0.87549689474040715,0
Inflation,CPIAUCSL,2,mid_month,2026-06,Inflation Bridge Ridge,Inflation Bridge Ridge,2026-06-15,f4397e66e5c38a308cf0c52dcc87caad0d2761acffbce156b355b4d1a7eb71b3,-5.0805195408127446,5.0568945567606427,5.0568945567606427,102.76716458567965,102.76716458567965,0,10.137414097573387,10.137414097573387,0
Inflation,CPIAUCSL,3,month_end,2023-02,Inflation Bridge Ridge,Inflation Bridge Ridge,2023-02-28,cb70f1083227814a12434e0b70c1200ca41999978ef528db99612996b9f10dfd,4.4318730380084048,4.1255911250407973,4.1255911250407973,0.093808610211097113,0.093808610211097113,0,0.30628191296760754,0.30628191296760754,0
Inflation,CPIAUCSL,3,month_end,2023-03,Inflation Bridge Ridge,Inflation Bridge Ridge,2023-03-31,dbd9eef0029676b046856fff4475ab9b8493c33323f171e88807ce15d8dfd6c8,0.63633472696977833,3.7537713775668817,3.7537713775668817,9.7184112704860866,9.7184112704860866,0,3.1174366505971034,3.1174366505971034,0
Inflation,CPIAUCSL,3,month_end,2023-04,Inflation Bridge Ridge,Inflation Bridge Ridge,2023-04-30,b21663aae72afaada0e5e4c60247f75fc2908ae0e0a8fac2b14e3eb37a170755,4.4053058606191797,-0.42593691255574795,-0.42593691255574795,23.34090673335497,23.34090673335497,0,4.8312427731749281,4.8312427731749281,0
Inflation,CPIAUCSL,3,month_end,2023-05,Inflation Bridge Ridge,Inflation Bridge Ridge,2023-05-31,d1d37f7b62b103a5c74d2bf435831aaeb9e86c1d4234ce128b98eb56d3f035b8,1.4885883415676204,4.6653386479855783,4.6653386479855783,10.09174250932659,10.09174250932659,0,3.1767503064179579,3.1767503064179579,0
Inflation,CPIAUCSL,3,month_end,2023-06,Inflation Bridge Ridge,Inflation Bridge Ridge,2023-06-30,b92ae93bc8ff4e7485c1447cd9cb23ba00c85f6fed425f139954b509402dc803,2.1622873911194773,1.7248623542939545,1.7248623542939545,0.19134066284180998,0.19134066284180998,0,0.43742503682552281,0.43742503682552281,0
Inflation,CPIAUCSL,3,month_end,2023-07,Inflation Bridge Ridge,Inflation Bridge Ridge,2023-07-31,8abf16ba027a6d7454bffeb54143bf215ce42b236ff9002b8da5a7bc61e1a7e1,2.0006943267020461,2.8068642491670963,2.8068642491670963,0.64990994388730516,0.64990994388730516,0,0.80616992246505026,0.80616992246505026,0
Inflation,CPIAUCSL,3,month_end,2023-08,Inflation Bridge Ridge,Inflation Bridge Ridge,2023-08-31,c299c45efa306601544e041365cc364368d1840074da8d2a35e92e74b808789c,7.5504206569227961,4.8343448155525497,4.8343448155525497,7.3770679760750921,7.3770679760750921,0,2.7160758413702464,2.7160758413702464,0
Inflation,CPIAUCSL,3,month_end,2023-09,Inflation Bridge Ridge,Inflation Bridge Ridge,2023-09-30,a8b9090e854655e2a7df78c3a56653fd01ce034c9dc56dbec062b83091192828,4.7393951626556685,5.434618905422079,5.434618905422079,0.48333605250613615,0.48333605250613615,0,0.69522374276641052,0.69522374276641052,0
Inflation,CPIAUCSL,3,month_end,2023-10,Inflation Bridge Ridge,Inflation Bridge Ridge,2023-10-31,2949285386a43565a033f492f774a76efe02f8f074faff23a4539ac02b94dea7,0.53844904171214125,5.9405372338341405,5.9405372338341405,29.182556835463931,29.182556835463931,0,5.4020881921219992,5.4020881921219992,0
Inflation,CPIAUCSL,3,month_end,2023-11,Inflation Bridge Ridge,Inflation Bridge Ridge,2023-11-30,10b81e01adda2a8d5cfb24c7264c7fc5a0a37d36fb8da475fa1bd9f9b40dd447,1.1619142598910059,2.681796419379685,2.681796419379685,2.3100417787319705,2.3100417787319705,0,1.5198821594886791,1.5198821594886791,0
Inflation,CPIAUCSL,3,month_end,2023-12,Inflation Bridge Ridge,Inflation Bridge Ridge,2023-12-31,f7b61655455882d5c1efa87a7335a050e0b97a1ca437ec972e0b8e402ece3e3e,3.6305472050568,2.7923017136407724,2.7923017136407724,0.70265550387929754,0.70265550387929754,0,0.83824549141602755,0.83824549141602755,0
Inflation,CPIAUCSL,3,month_end,2024-01,Inflation Bridge Ridge,Inflation Bridge Ridge,2024-01-31,bd4850b054c3eb496d5f50f993746b4865bae6c15ef731f72f55168c4d365e20,3.6596101950234328,3.4890365421259566,3.4890365421259566,0.029095371062788679,0.029095371062788679,0,0.17057365289747617,0.17057365289747617,0
Inflation,CPIAUCSL,3,month_end,2024-02,Inflation Bridge Ridge,Inflation Bridge Ridge,2024-02-29,94b0121ab2e59c8cd66e8ebbe56a6b7f55071b97d156e84142e41ce7c1772b2f,5.2930544512420852,4.3175245412419478,4.3175245412419478,0.951658605304876,0.951658605304876,0,0.97552991000013733,0.97552991000013733,0
Inflation,CPIAUCSL,3,month_end,2024-03,Inflation Bridge Ridge,Inflation Bridge Ridge,2024-03-31,2c9265b86c22ac75b6b440afc4255aaaf6e9144c87eb36fe2f27cf8020b2bd66,4.52827819934285,4.8360658262085012,4.8360658262085012,0.094733223251589338,0.094733223251589338,0,0.3077876268656512,0.3077876268656512,0
Inflation,CPIAUCSL,3,month_end,2024-04,Inflation Bridge Ridge,Inflation Bridge Ridge,2024-04-30,2bc305f36c3ba0e98f4ecc69dc238a3f07b3bf0a383760a4532ed7ac5ba82ab7,3.7490617076503696,3.3976295108394243,3.3976295108394243,0.12350458895536698,0.12350458895536698,0,0.35143219681094529,0.35143219681094529,0
Inflation,CPIAUCSL,3,month_end,2024-05,Inflation Bridge Ridge,Inflation Bridge Ridge,2024-05-31,c7e6964b907aa355aff058ac24e3731618d442b832672a50e47f940da5d99bae,0.068961994298533114,3.0703217149271853,3.0703217149271853,9.0081601726121008,9.0081601726121008,0,3.0013597206286522,3.0013597206286522,0
Inflation,CPIAUCSL,3,month_end,2024-06,Inflation Bridge Ridge,Inflation Bridge Ridge,2024-06-30,f61e25d323addbc947aef69d4a6645eee37fe34e04218f81f074d92d6f25fdbc,-0.67446518795364341,2.4004994573660055,2.4004994573660055,9.4554075699657947,9.4554075699657947,0,3.0749646453196489,3.0749646453196489,0
Inflation,CPIAUCSL,3,month_end,2024-07,Inflation Bridge Ridge,Inflation Bridge Ridge,2024-07-31,4444c837b9e1bb7e2369c4e3f7525b22b8b23c68632f7995ae7f6e154980a9b5,1.8576952015390447,1.9986421176203157,1.9986421176203157,0.019866033152820872,0.019866033152820872,0,0.14094691608127108,0.14094691608127108,0
Inflation,CPIAUCSL,3,month_end,2024-08,Inflation Bridge Ridge,Inflation Bridge Ridge,2024-08-31,975f0f7bce29d3578fe95867292a231210d9665e24b282f3c98cd445a4013738,2.244545826505373,3.3980361091665356,3.3980361091665356,1.3305398321937287,1.3305398321937287,0,1.1534902826611626,1.1534902826611626,0
Inflation,CPIAUCSL,3,month_end,2024-09,Inflation Bridge Ridge,Inflation Bridge Ridge,2024-09-30,b6bee9ad676dc47da00976fdab4f72e2dff4dfe25f601d84c903e65ea49d6619,2.1564651235159715,1.4465338272942099,1.4465338272942099,0.50400244535511074,0.50400244535511074,0,0.70993129622176165,0.70993129622176165,0
Inflation,CPIAUCSL,3,month_end,2024-10,Inflation Bridge Ridge,Inflation Bridge Ridge,2024-10-31,315aa6a0e3c63760a0afafac1887fe823da9d7b61d94e35e52efe814a60bb91c,2.9250657197465557,2.2267361403672932,2.2267361403672932,0.48766420143601774,0.48766420143601774,0,0.69832957937926254,0.69832957937926254,0
Inflation,CPIAUCSL,3,month_end,2024-11,Inflation Bridge Ridge,Inflation Bridge Ridge,2024-11-30,f67b4451a859fc166da895fd1d8dccc8037ac41a1e16090faf7e836d82e4ef22,3.7487271246416043,4.5441170549946204,4.5441170549946204,0.6326451413069758,0.6326451413069758,0,0.79538993035301608,0.79538993035301608,0
Inflation,CPIAUCSL,3,month_end,2024-12,Inflation Bridge Ridge,Inflation Bridge Ridge,2024-12-31,8574a194618655b44eb397389c5b4a7bce7898daa54e9edad0c97cb2628ee6d0,4.7082186032746165,2.6184970813073263,2.6184970813073263,4.3669360393732877,4.3669360393732877,0,2.0897215219672902,2.0897215219672902,0
Inflation,CPIAUCSL,3,month_end,2025-01,Inflation Bridge Ridge,Inflation Bridge Ridge,2025-01-31,cf745204f8c9d26b75d81c1780ea4f01273605a5ead0b81dc2e61019860aaf1f,5.5901805067371413,3.2239881873736835,3.2239881873736835,5.5988660922146201,5.5988660922146201,0,2.3661923193634578,2.3661923193634578,0
Inflation,CPIAUCSL,3,month_end,2025-02,Inflation Bridge Ridge,Inflation Bridge Ridge,2025-02-28,e26de1349bb35395a2d76fd9e3b5ca4fc45149090d088cbf20a5d243b236d6a0,2.58835746917363,4.8022254275769853,4.8022254275769853,4.9012113372450408,4.9012113372450408,0,2.2138679584033554,2.2138679584033554,0
Inflation,CPIAUCSL,3,month_end,2025-03,Inflation Bridge Ridge,Inflation Bridge Ridge,2025-03-31,ff1e125c2651ba28a35d3b52ac457f2ffe9b5f311a64fbf6ae36791a2bbc4c93,-0.60057243312350295,2.6512643889871801,2.6512643889871801,10.574442717634906,10.574442717634906,0,3.251836822110683,3.251836822110683,0
Inflation,CPIAUCSL,3,month_end,2025-04,Inflation Bridge Ridge,Inflation Bridge Ridge,2025-04-30,01869ca8e91ca3e95bec284761aedf74b03544d1243f3e2a886db2375c506dae,2.6477658507008783,3.0437550069501249,3.0437550069501249,0.15680741186699021,0.15680741186699021,0,0.39598915624924658,0.39598915624924658,0
Inflation,CPIAUCSL,3,month_end,2025-05,Inflation Bridge Ridge,Inflation Bridge Ridge,2025-05-31,1f607479c05382ea374c7b50f04d5f017c832d7641854a9de18ecb19cdac9ad8,0.96988463715668161,4.8897224747734462,4.8897224747734462,15.365128673212073,15.365128673212073,0,3.9198378376167646,3.9198378376167646,0
Inflation,CPIAUCSL,3,month_end,2025-06,Inflation Bridge Ridge,Inflation Bridge Ridge,2025-06-30,3a596ce8bd19787adfea2353c83c68ff87059b095ef44b36309a152b1ded1535,3.4388261759264793,5.4070421559945334,5.4070421559945334,3.8738741441952507,3.8738741441952507,0,1.9682159800680541,1.9682159800680541,0
Inflation,CPIAUCSL,3,month_end,2025-07,Inflation Bridge Ridge,Inflation Bridge Ridge,2025-07-31,c599993131755f7f523fd9c095d4570ed3be10d315a40a0314e17e5506ec8fbc,2.3566269040241394,8.7806393449302789,8.7806393449302789,41.267935840916856,41.267935840916856,0,6.4240124409061394,6.4240124409061394,0
Inflation,CPIAUCSL,3,month_end,2025-08,Inflation Bridge Ridge,Inflation Bridge Ridge,2025-08-31,b1a9e98e2e3262cc13c5b11665f2077ce68ca878b5a5c06b399ce23652bfce39,4.5806691138956523,4.5514333697076754,4.5514333697076754,0.00085472873822482623,0.00085472873822482623,0,0.02923574418797692,0.02923574418797692,0
Inflation,CPIAUCSL,3,month_end,2025-09,Inflation Bridge Ridge,Inflation Bridge Ridge,2025-09-30,4951a7a0c610a8376679beb26661d0117edd1c1a5c25f1d918cbe313039d1f5a,3.7200600398769268,5.2282010006046171,5.2282010006046171,2.2744891574246409,2.2744891574246409,0,1.5081409607276903,1.5081409607276903,0
Inflation,CPIAUCSL,3,month_end,2025-11,Inflation Bridge Ridge,Inflation Bridge Ridge,2025-11-30,97aef115dc6f92dced31def01056939bfb7aab522f4603e63143a71eb9ae46ff,2.4502664045531475,3.2950541719944346,3.2950541719944346,0.71366637201843419,0.71366637201843419,0,0.84478776744128714,0.84478776744128714,0
Inflation,CPIAUCSL,3,month_end,2025-12,Inflation Bridge Ridge,Inflation Bridge Ridge,2025-12-31,dc60f4cd3bce75ce0efc64f31e6f9de8061443310b9ae870ddf49df14f2cfbde,3.6826071315459785,3.7512282646765924,3.7512282646765924,0.0047088599121294381,0.0047088599121294381,0,0.068621133130613909,0.068621133130613909,0
Inflation,CPIAUCSL,3,month_end,2026-01,Inflation Bridge Ridge,Inflation Bridge Ridge,2026-01-31,0736c15c75330e9d810eac066a22ee0073738685446c386b435a850ed06dd859,2.0483625585395515,4.1834368658581234,4.1834368658581234,4.5585422977718792,4.5585422977718792,0,2.1350743073185718,2.1350743073185718,0
Inflation,CPIAUCSL,3,month_end,2026-02,Inflation Bridge Ridge,Inflation Bridge Ridge,2026-02-28,41bd86fc73bf948e4c3bf08a2672d2e03a1e39f36302592e36cea3ecf9c33843,3.1997670507312392,4.1354703360910445,4.1354703360910445,0.87554063823313322,0.87554063823313322,0,0.93570328535980529,0.93570328535980529,0
Inflation,CPIAUCSL,3,month_end,2026-03,Inflation Bridge Ridge,Inflation Bridge Ridge,2026-03-31,81bd444227eff91c88ecdb6492c29771f11ab96aa5a422e5d09a72f1e610316e,10.337074927015166,5.4510838652181643,5.4510838652181643,23.872908655960195,23.872908655960195,0,4.8859910617970019,4.8859910617970019,0
Inflation,CPIAUCSL,3,month_end,2026-04,Inflation Bridge Ridge,Inflation Bridge Ridge,2026-04-30,d2bcf6a3dd2d72ab4fdfc3aea17e5d3513254a63dba602b2c252f030c6a9ced3,7.6559788889596803,9.1683410046561011,9.1683410046561011,2.2872391689937541,2.2872391689937541,0,1.5123621156964209,1.5123621156964209,0
Inflation,CPIAUCSL,3,month_end,2026-05,Inflation Bridge Ridge,Inflation Bridge Ridge,2026-05-31,553bf3f082f734a2a8963337ee9d14d499e35a41ec8fb28aeac183d8744b1f4c,5.6615940286512512,6.5370909233916583,6.5370909233916583,0.76649481270009556,0.76649481270009556,0,0.87549689474040715,0.87549689474040715,0
Inflation,CPIAUCSL,3,month_end,2026-06,Inflation Bridge Ridge,Inflation Bridge Ridge,2026-06-30,940b4ce22c10e895338bda0a11319316665ac5f2c98f8c30b9ca1a7f95c4cd7c,-5.0805195408127446,5.0568945567606427,5.0568945567606427,102.76716458567965,102.76716458567965,0,10.137414097573387,10.137414097573387,0
Inflation,CPIAUCSL,4,pre_release,2023-02,Inflation Bridge Ridge,Inflation Bridge Ridge,2023-03-13,c91425f67efe5d51fa6c27e95c6daeb7211d5f17f38bbcfc50975816d8e59904,4.4318730380084048,4.0805814745681142,4.0805814745681142,0.12340576254432375,0.12340576254432375,0,0.35129156344029067,0.35129156344029067,0
Inflation,CPIAUCSL,4,pre_release,2023-03,Inflation Bridge Ridge,Inflation Bridge Ridge,2023-04-11,dd6b39c918271d98b4c0205aaf3ae8860e4f295e048987ee9f3eecb5caa2b4e1,0.63633472696977833,3.7645340498841433,3.7645340498841433,9.7856310038818908,9.7856310038818908,0,3.128199322914365,3.128199322914365,0
Inflation,CPIAUCSL,4,pre_release,2023-04,Inflation Bridge Ridge,Inflation Bridge Ridge,2023-05-09,70701eb87515f29a738d6afead804bcdb00ca733c833b7095fc8089cf0302b75,4.4053058606191797,-0.36242735873923015,-0.36242735873923015,22.731280050973712,22.731280050973712,0,4.7677332193584103,4.7677332193584103,0
Inflation,CPIAUCSL,4,pre_release,2023-05,Inflation Bridge Ridge,Inflation Bridge Ridge,2023-06-12,9ce9a11105821e09ff3008847fd55292b5213ee91304d12308ed111816d924ef,1.4885883415676204,4.6066229494516087,4.6066229494516087,9.7221398159622563,9.7221398159622563,0,3.1180346078839882,3.1180346078839882,0
Inflation,CPIAUCSL,4,pre_release,2023-06,Inflation Bridge Ridge,Inflation Bridge Ridge,2023-07-11,2a791de08fcd83b9da63bfc41e2aa43b28f7fa855d6cb2e4109483b71383a620,2.1622873911194773,1.7725588297610395,1.7725588297610395,0.15188835153851762,0.15188835153851762,0,0.38972856135843781,0.38972856135843781,0
Inflation,CPIAUCSL,4,pre_release,2023-07,Inflation Bridge Ridge,Inflation Bridge Ridge,2023-08-09,fbfcd5e1bcab8eba5d5eb6f41cf1dee16231cac9b6fc80ef24dcbc88d6667b6c,2.0006943267020461,2.8313497838680934,2.8313497838680934,0.68998848851973515,0.68998848851973515,0,0.83065545716604738,0.83065545716604738,0
Inflation,CPIAUCSL,4,pre_release,2023-08,Inflation Bridge Ridge,Inflation Bridge Ridge,2023-09-12,25036deadb3b0974afcbd24f1c13ad75fca3516d83838819ad05562fc6cf1f50,7.5504206569227961,4.8343448155525497,4.8343448155525497,7.3770679760750921,7.3770679760750921,0,2.7160758413702464,2.7160758413702464,0
Inflation,CPIAUCSL,4,pre_release,2023-09,Inflation Bridge Ridge,Inflation Bridge Ridge,2023-10-11,21e8f51745d87973df7091e4c63e8d6e289c7b50ac4eaf3a2bf13a70b5955472,4.7393951626556685,5.9245621870887959,5.9245621870887959,1.4046208758036731,1.4046208758036731,0,1.1851670244331274,1.1851670244331274,0
Inflation,CPIAUCSL,4,pre_release,2023-10,Inflation Bridge Ridge,Inflation Bridge Ridge,2023-11-13,508a6fa229a72de922c208cdcf66979fb0652faae6f37031c057f20f41931596,0.53844904171214125,6.0489502111041293,6.0489502111041293,30.365623137870468,30.365623137870468,0,5.5105011693919881,5.5105011693919881,0
Inflation,CPIAUCSL,4,pre_release,2023-11,Inflation Bridge Ridge,Inflation Bridge Ridge,2023-12-11,b1d936cd65211c1b933891530f1a91b5ea36297c7469e408579fb74042f24d0c,1.1619142598910059,2.6044799994600552,2.6044799994600552,2.0809959129783979,2.0809959129783979,0,1.4425657395690492,1.4425657395690492,0
Inflation,CPIAUCSL,4,pre_release,2023-12,Inflation Bridge Ridge,Inflation Bridge Ridge,2024-01-10,593cd9c098e01d09baa005c378be568ef6cd4675bbf4c1ef0a7e03241c3af37a,3.6305472050568,2.925313473547114,2.925313473547114,0.49735461605907577,0.49735461605907577,0,0.70523373150968593,0.70523373150968593,0
Inflation,CPIAUCSL,4,pre_release,2024-01,Inflation Bridge Ridge,Inflation Bridge Ridge,2024-02-12,c67b4c5c714111f4012f45549254a6c32d7eaa433a717cd59ca31b1234a2c4cc,3.6596101950234328,3.1353736257692963,3.1353736257692963,0.27482398054334695,0.27482398054334695,0,0.52423656925413642,0.52423656925413642,0
Inflation,CPIAUCSL,4,pre_release,2024-02,Inflation Bridge Ridge,Inflation Bridge Ridge,2024-03-11,64eb8b3e8e40f520a5bec425ce6d83750dae8082514d7f2907c8ba36a5eaf194,5.2930544512420852,4.2429130651995752,4.2429130651995752,1.102796930679284,1.102796930679284,0,1.05014138604251,1.05014138604251,0
Inflation,CPIAUCSL,4,pre_release,2024-03,Inflation Bridge Ridge,Inflation Bridge Ridge,2024-04-09,81300715ea8c17f006072264728a850f799b2cfe6d33b097c9a2d90df5c84355,4.52827819934285,4.8324480069685274,4.8324480069685274,0.092519271871041572,0.092519271871041572,0,0.30416980762567736,0.30416980762567736,0
Inflation,CPIAUCSL,4,pre_release,2024-04,Inflation Bridge Ridge,Inflation Bridge Ridge,2024-05-14,69b562985c72ea58a6f109f19be17757104184293040c15f86548a388761b6d6,3.7490617076503696,3.24079597998906,3.24079597998906,0.25833404991508058,0.25833404991508058,0,0.50826572766130962,0.50826572766130962,0
Inflation,CPIAUCSL,4,pre_release,2024-05,Inflation Bridge Ridge,Inflation Bridge Ridge,2024-06-11,b0165e42263269201ce12104f2a4007fff14112853d63ff28577dd787a10aa26,0.068961994298533114,3.1179220374840471,3.1179220374840471,9.2961573449418111,9.2961573449418111,0,3.0489600431855139,3.0489600431855139,0
Inflation,CPIAUCSL,4,pre_release,2024-06,Inflation Bridge Ridge,Inflation Bridge Ridge,2024-07-10,feb20eafe417ed2c35ebf583174b5456926d2d5aa7d42713c3f7e5164901e1a8,-0.67446518795364341,2.3591587913050271,2.3591587913050271,9.20287444753321,9.20287444753321,0,3.0336239792586706,3.0336239792586706,0
Inflation,CPIAUCSL,4,pre_release,2024-07,Inflation Bridge Ridge,Inflation Bridge Ridge,2024-08-13,c04c5f081a7c1083c0aaf1c7356c3f3100ca5445c1a8baafca429072dcbeee6f,1.8576952015390447,2.0145940894801755,2.0145940894801755,0.024617261037163527,0.024617261037163527,0,0.15689888794113083,0.15689888794113083,0
Inflation,CPIAUCSL,4,pre_release,2024-08,Inflation Bridge Ridge,Inflation Bridge Ridge,2024-09-10,8325a4c7cdf0b28d25fc412263b269053dadff35986ccac6f3c1431c401d41e3,2.244545826505373,3.3980361091665356,3.3980361091665356,1.3305398321937287,1.3305398321937287,0,1.1534902826611626,1.1534902826611626,0
Inflation,CPIAUCSL,4,pre_release,2024-09,Inflation Bridge Ridge,Inflation Bridge Ridge,2024-10-09,c9401f67e6ad4670ac24bb91c911ccfdea1f98ebee9b1a954d9cd2384b04b3c7,2.1564651235159715,1.4969192081432048,1.4969192081432048,0.4350008144849008,0.4350008144849008,0,0.65954591537276674,0.65954591537276674,0
Inflation,CPIAUCSL,4,pre_release,2024-10,Inflation Bridge Ridge,Inflation Bridge Ridge,2024-11-12,036ca471d19012cf8313570a1011de96afd4f5e3fde14c45b4757c66338d7e7b,2.9250657197465557,2.1467435604628378,2.1467435604628378,0.60578538363206924,0.60578538363206924,0,0.77832215928371795,0.77832215928371795,0
Inflation,CPIAUCSL,4,pre_release,2024-11,Inflation Bridge Ridge,Inflation Bridge Ridge,2024-12-10,c51ca46b65532da316e0321617a851132efebe0d8012805f7b4ddd1c6ac0a449,3.7487271246416043,4.5943501131828404,4.5943501131828404,0.71507823874941145,0.71507823874941145,0,0.84562298854123608,0.84562298854123608,0
Inflation,CPIAUCSL,4,pre_release,2024-12,Inflation Bridge Ridge,Inflation Bridge Ridge,2025-01-14,a43f51314268b7c4f486e9eec75b112cf7838256290a77b402b2982bddd9d714,4.7082186032746165,2.4906309103464661,2.4906309103464661,4.9176951758263963,4.9176951758263963,0,2.2175876929281504,2.2175876929281504,0
Inflation,CPIAUCSL,4,pre_release,2025-01,Inflation Bridge Ridge,Inflation Bridge Ridge,2025-02-11,efb15a76a4f20c96957632b8a1dd2f0fb4eabda20986f8f74b4159785eedca75,5.5901805067371413,3.1674396277840868,3.1674396277840868,5.8696733665502192,5.8696733665502192,0,2.4227408789530545,2.4227408789530545,0
Inflation,CPIAUCSL,4,pre_release,2025-02,Inflation Bridge Ridge,Inflation Bridge Ridge,2025-03-11,13bfc7fbf793c2e38d708d17bfd066c186a8351be81df43aec800ce4733c6dd5,2.58835746917363,4.6661729683441679,4.6661729683441679,4.3173172485933122,4.3173172485933122,0,2.077815499170538,2.077815499170538,0
Inflation,CPIAUCSL,4,pre_release,2025-03,Inflation Bridge Ridge,Inflation Bridge Ridge,2025-04-09,6ee57b25a8f1560c08a912a4e1c781ff4a065f3296cfe2b411e6a85e2c8f9edf,-0.60057243312350295,2.5868269558528314,2.5868269558528314,10.15951486484671,10.15951486484671,0,3.1873993889763343,3.1873993889763343,0
Inflation,CPIAUCSL,4,pre_release,2025-04,Inflation Bridge Ridge,Inflation Bridge Ridge,2025-05-12,cef4370625020bb3e3f95d6999a4ed1addfe150b7a3c12ccecf7c41a4ea97c36,2.6477658507008783,3.0418573007583718,3.0418573007583718,0.15530807100841787,0.15530807100841787,0,0.39409145005749346,0.39409145005749346,0
Inflation,CPIAUCSL,4,pre_release,2025-05,Inflation Bridge Ridge,Inflation Bridge Ridge,2025-06-10,7dcec96e0a8708a06ce4ce778883c605a8413744f037739f26b3893ae87b58c4,0.96988463715668161,4.9892807312578356,4.9892807312578356,16.155544961275613,16.155544961275613,0,4.0193960941011539,4.0193960941011539,0
Inflation,CPIAUCSL,4,pre_release,2025-06,Inflation Bridge Ridge,Inflation Bridge Ridge,2025-07-14,59721ef3b05b09fb4738c0c60e768b9b11f4444fcf6bc6572002a529028c0dea,3.4388261759264793,5.342849368356438,5.342849368356438,3.6253043173111714,3.6253043173111714,0,1.9040231924299587,1.9040231924299587,0
Inflation,CPIAUCSL,4,pre_release,2025-07,Inflation Bridge Ridge,Inflation Bridge Ridge,2025-08-11,6ee08cccf5bf6d92e31cc207c866be6f578c82e87deacb54920f68035ee6929f,2.3566269040241394,8.8484483723666347,8.8484483723666347,42.143745976832513,42.143745976832513,0,6.4918214683424953,6.4918214683424953,0
Inflation,CPIAUCSL,4,pre_release,2025-08,Inflation Bridge Ridge,Inflation Bridge Ridge,2025-09-10,baf934395f0cc498a909e0e54e40c5c6436593944be45f097769a2fde8346241,4.5806691138956523,4.3402959048580003,4.3402959048580003,0.05777927962305876,0.05777927962305876,0,0.24037320903765202,0.24037320903765202,0
Inflation,CPIAUCSL,4,pre_release,2025-09,Inflation Bridge Ridge,Inflation Bridge Ridge,2025-10-23,3497d92bc4f4c05de960b5c11017722f6b9f6e10ccd75825232041b9ae0e9365,3.7200600398769268,5.2282010006046171,5.2282010006046171,2.2744891574246409,2.2744891574246409,0,1.5081409607276903,1.5081409607276903,0
Inflation,CPIAUCSL,4,pre_release,2025-11,Inflation Bridge Ridge,Inflation Bridge Ridge,2025-12-17,090267d51086d80eeb00018aad6ab0058f0a67d4c87176cf13f3a794831a1f48,2.4502664045531475,3.4658743510397305,3.4658743510397305,1.031459500966694,1.031459500966694,0,1.015607946486583,1.015607946486583,0
Inflation,CPIAUCSL,4,pre_release,2025-12,Inflation Bridge Ridge,Inflation Bridge Ridge,2026-01-12,06c6f5cad8ca94360e2b4860fb696c4ccf56d0d88b6d5b2fc71c7d33a027606c,3.6826071315459785,3.9081599393360986,3.9081599393360986,0.050874069102006862,0.050874069102006862,0,0.2255528077901201,0.2255528077901201,0
Inflation,CPIAUCSL,4,pre_release,2026-01,Inflation Bridge Ridge,Inflation Bridge Ridge,2026-02-12,59f01cf051efe0c9bd6b99e7bafe82f1061b26faa2fba8ddc8cd34111e35a06e,2.0483625585395515,4.0674584306313175,4.0674584306313175,4.0767481406980091,4.0767481406980091,0,2.019095872091766,2.019095872091766,0
Inflation,CPIAUCSL,4,pre_release,2026-02,Inflation Bridge Ridge,Inflation Bridge Ridge,2026-03-10,e986dc890a793a3554d53121448ed2d86fb6f45d9163e133f9427d304bf6e548,3.1997670507312392,4.1354703360910445,4.1354703360910445,0.87554063823313322,0.87554063823313322,0,0.93570328535980529,0.93570328535980529,0
Inflation,CPIAUCSL,4,pre_release,2026-03,Inflation Bridge Ridge,Inflation Bridge Ridge,2026-04-09,1d43e6aabd38f4ea3cc2c2a23b661b33fd8503daf4dc9a0701709bec9e62af7b,10.337074927015166,5.3425802759138907,5.3425802759138907,24.944976819879251,24.944976819879251,0,4.9944946511012756,4.9944946511012756,0
Inflation,CPIAUCSL,4,pre_release,2026-04,Inflation Bridge Ridge,Inflation Bridge Ridge,2026-05-11,2d8036b0f3006633ecba032108a6cfc51fc1b9b1ddcaf398b8cc517f0f32d691,7.6559788889596803,9.0591309682754577,9.0591309682754577,1.9688357576881899,1.9688357576881899,0,1.4031520793157775,1.4031520793157775,0
Inflation,CPIAUCSL,4,pre_release,2026-05,Inflation Bridge Ridge,Inflation Bridge Ridge,2026-06-09,4429753f988a428fe54757cdcb1e35a02aad40ed2845ebc6222a4d500633b537,5.6615940286512512,6.5370909233916583,6.5370909233916583,0.76649481270009556,0.76649481270009556,0,0.87549689474040715,0.87549689474040715,0
Inflation,CPIAUCSL,4,pre_release,2026-06,Inflation Bridge Ridge,Inflation Bridge Ridge,2026-07-13,6a79eecb50495e80698ce87648ca902391c45569dae7e021997c036212197499,-5.0805195408127446,4.9929139763518613,4.9929139763518613,101.47406282473528,101.47406282473528,0,10.073433517164606,10.073433517164606,0
Inflation,CPILFESL,1,month_open,2023-02,Inflation 12-Month Mean,Inflation Ridge-AR Ensemble,2023-02-01,30bd2a746b5627992ad31d6598e4a35a8669f48041c568df44c48cf034f7b626,5.4109378199150626,5.5342045369646264,3.4701011415086289,0.015194683532177228,3.7668470122477187,-3.7516523287155414,0.12326671704956382,1.9408366784064337,-1.8175699613568699
Inflation,CPILFESL,1,month_open,2023-03,Inflation 12-Month Mean,Inflation Ridge-AR Ensemble,2023-03-01,db99f1f4d4d3334eaef59b89950f48ee9bb1f8678fcf1d30d0bfaa5b720ee4df,4.6084972365690646,5.3991608874064845,4.9589508535281208,0.62514900875555734,0.12281773763968487,0.5023312711158725,0.79066365083741985,0.35045361695905619,0.44021003387836366
Inflation,CPILFESL,1,month_open,2023-04,Inflation 12-Month Mean,Inflation Ridge-AR Ensemble,2023-04-01,32673152a99d3263f3f9ed8560cc6ba755c24bb424dae7e956134f442cc46d9a,4.9002158887912373,5.3787171473290485,4.3250145658031247,0.22896345442226926,0.33085656196727498,-0.10189310754500572,0.47850125853781122,0.57520132298811255,-0.096700064450301326
Inflation,CPILFESL,1,month_open,2023-05,Inflation 12-Month Mean,Inflation Ridge-AR Ensemble,2023-05-01,c40dc0e288acf44de093f257dd91ced1a042449c69581796e5c72d64a383200e,5.2155904950303977,5.4512507424956169,3.3082660135454214,0.055535752235368344,3.6378866776719341,-3.5823509254365655,0.23566024746521919,1.9073244814849764,-1.6716642340197572
Inflation,CPILFESL,1,month_open,2023-06,Inflation 12-Month Mean,Inflation Ridge-AR Ensemble,2023-06-01,7651bf41614253de85a8ccd1403b43ce653e69223fde0edfebb94e51992102ba,1.8892028838219943,5.3888148042622319,4.1582905160723573,12.247283593687408,5.1487586828315584,7.0985249108558497,3.4996119204402376,2.269087632250363,1.2305242881898746
Inflation,CPILFESL,1,month_open,2023-07,Inflation 12-Month Mean,Inflation Ridge-AR Ensemble,2023-07-01,772d853be45298023544f2d92b64ba3a8f809b150ffaa189716d3bcf8d0d4e4d,1.9134356114534512,5.191516900032056,4.2085030009648055,10.745816934529167,5.2673343223984626,5.478482612130704,3.2780812885786048,2.2950673895113542,0.98301389906725056
Inflation,CPILFESL,1,month_open,2023-08,Inflation 12-Month Mean,Inflation Ridge-AR Ensemble,2023-08-01,14e5e80143efbaecbec28ae3af68a385e1236611e647b34a42dcabbed821774f,3.3373130933370021,4.746493801489482,2.1851832627621031,1.9857902682291246,1.3274031465005456,0.65838712172857905,1.4091807081524799,1.152129830574899,0.25705087757758083
Inflation,CPILFESL,1,month_open,2023-09,Inflation 12-Month Mean,Inflation Ridge-AR Ensemble,2023-09-01,b85a328ae132025b941fa72de3c6759b46734f451777c72148c74dfd12a5e3ce,3.8689617311792546,4.5975969759440183,2.7651414654471447,0.53090931991340717,1.2184191790409058,-0.68750985912749862,0.72863524476476371,1.1038202657321099,-0.37518502096734618
Inflation,CPILFESL,1,month_open,2023-10,Inflation 12-Month Mean,Inflation Ridge-AR Ensemble,2023-10-01,3a26df0d3895e07bab51d56556b6001227ed70942d6dda4e93c5ebce84cdeebc,2.7162863311584573,4.2962239449521711,3.4471939968496397,2.4962028634801743,0.53422601576613327,1.9619768477140411,1.5799376137937138,0.73090766569118237,0.84902994810253141
Inflation,CPILFESL,1,month_open,2023-11,Inflation 12-Month Mean,Inflation Ridge-AR Ensemble,2023-11-01,a5393d6ec69e1d357cf1f32af81147b0f60146446a8004226b89cc12f838810d,3.4097929346401656,4.0471861668014419,4.2245051873031016,0.40627013240499865,0.66375605463911569,-0.25748592223411704,0.6373932321612763,0.81471225266293601,-0.17731902050165971
Inflation,CPILFESL,1,month_open,2023-12,Inflation 12-Month Mean,Inflation Ridge-AR Ensemble,2023-12-01,743e6919713900b76e677717cd1a66869d15bf5ff291e59b557bcbce3da349f9,3.7028361810513388,3.940919140268484,2.6537981346183703,0.056683495469592809,1.1004808228638989,-1.0437973273943062,0.23808295921714517,1.0490380464329685,-0.81095508721582332
Inflation,CPILFESL,1,month_open,2024-01,Inflation 12-Month Mean,Inflation Ridge-AR Ensemble,2024-01-01,1c9d7a507fb5ecf3beece8ebfe371399356d8179c0ea445c88bafdbb78fed0f5,4.6994628665117943,3.9155255137049316,3.2910578036618556,0.6145577731258316,1.9836048210613397,-1.3690470479355081,0.78393735280686272,1.4084050628499387,-0.624467710043076
Inflation,CPILFESL,1,month_open,2024-02,Inflation 12-Month Mean,Inflation Ridge-AR Ensemble,2024-02-01,4acd561b9e983aecffffe0fb830530af2b93463dfc296c45ebca9c5842b184ab,4.293317468662039,3.8255710997768588,3.1723772073777745,0.21878666560527105,1.2565070693680351,-1.0377204037627641,0.46774636888518017,1.1209402612842645,-0.65319389239908432
Inflation,CPILFESL,1,month_open,2024-03,Inflation 12-Month Mean,Inflation Ridge-AR Ensemble,2024-03-01,f9ba877379756fdb8fb080f7d9c3d4a9398f93a116a9f04c27f138d329ec8492,4.3007465415762169,3.8014970397399317,4.3059825694943479,0.24925006508377898,2.741598835944659e-05,0.24922264909541952,0.49924950183628525,0.0052360279181309366,0.49401347391815431
Inflation,CPILFESL,1,month_open,2024-04,Inflation 12-Month Mean,Inflation Ridge-AR Ensemble,2024-04-01,0765f629012b7882da9b07236737a448cea652d24c7d60f9c5500570f2be42f0,3.4960297145268271,3.6929169971996245,3.36217459787993,0.038764602078278039,0.017917192252554427,0.020847409825723612,0.19688728267279743,0.13385511664689709,0.063032166025900338
Inflation,CPILFESL,1,month_open,2024-05,Inflation 12-Month Mean,Inflation Ridge-AR Ensemble,2024-05-01,01c59925fab16ba62b08a4763c2108a3b840145569e7ae080f15c6b5d2a754f9,1.9554491698148269,3.7269716083999427,3.5066055875347901,3.1382917504105556,2.4060862322338292,0.73220551817672641,1.7715224385851158,1.5511564177199633,0.22036602086515256
Inflation,CPILFESL,1,month_open,2024-06,Inflation 12-Month Mean,Inflation Ridge-AR Ensemble,2024-06-01,8df009ea9d2a3f9378f43651fc146c649cbd57f03acc45894e67af75e79ca32e,0.77676495203746754,3.5517006146931429,3.3873036552257689,7.7002679318782921,6.8149123208440585,0.88535561103423355,2.7749356626556754,2.6105387031883014,0.16439695946737398
Inflation,CPILFESL,1,month_open,2024-07,Inflation 12-Month Mean,Inflation Ridge-AR Ensemble,2024-07-01,51458cda1e8975e0ed110d3f82c5cf2cf16a0d63c40603694e9ed66d3bc9304b,1.9811120946506833,3.3541766155985364,2.3785861926608121,1.8853061786857574,0.15798565858896546,1.727320520096792,1.3730645209478531,0.39747409801012878,0.97559042293772436
Inflation,CPILFESL,1,month_open,2024-08,Inflation 12-Month Mean,Inflation Ridge-AR Ensemble,2024-08-01,a112ff08058f0ed6b24978daadcc77bb5ae2d8ab5ba3c1e31f65365a8134444f,3.3671574140669236,3.224392028417622,1.7023502362711627,0.020381955339593822,2.7715829392402864,-2.7512009839006928,0.14276538564930163,1.6648071777957609,-1.5220417921464593
Inflation,CPILFESL,1,month_open,2024-09,Inflation 12-Month Mean,Inflation Ridge-AR Ensemble,2024-09-01,a4f2ce8b6294e6f997b4fa92a73e47d06c9f8dd431c4c1d7c0d58e46b718aec4,3.7431240197996374,3.1626500814945224,2.1939170435141246,0.3369499930514504,2.4000422553717011,-2.0630922623202506,0.58047393830511496,1.5492069762855127,-0.96873303798039778
Inflation,CPILFESL,1,month_open,2024-10,Inflation 12-Month Mean,Inflation Ridge-AR Ensemble,2024-10-01,0bde9a780e20438090ae0e0b5c7664c57538f6fb2853ee43e735662b6f0ae5ed,3.3584847110301297,3.2133728942186579,3.3270995214170265,0.021057439378326145,0.00098503012705044202,0.020072409251275704,0.14511181681147178,0.031385189613103215,0.11372662719836857
Inflation,CPILFESL,1,month_open,2024-11,Inflation 12-Month Mean,Inflation Ridge-AR Ensemble,2024-11-01,8fbc267d6510a2526ff236f920e15de7594349e15a1107540271af3c6f63de6b,3.69131922257111,3.2067440888396526,3.0636123850315125,0.23481306023085988,0.3940158738939627,-0.15920281366310282,0.48457513373145744,0.62770683753959755,-0.14313170380814011
Inflation,CPILFESL,1,month_open,2024-12,Inflation 12-Month Mean,Inflation Ridge-AR Ensemble,2024-12-01,6f071f53641ab5669bd9c3e9ac58244f7ce194bf4d227b5a47d3306dd9d31e8c,2.6970477578299068,3.2467594283499324,3.1037192037641068,0.30218292070591712,0.16538166493821296,0.13680125576770416,0.54971167052002556,0.40667144593420002,0.14304022458582555
Inflation,CPILFESL,1,month_open,2025-01,Inflation 12-Month Mean,Inflation Ridge-AR Ensemble,2025-01-01,389b699d6ba53b4ddc2823f5497c49f5c4f63a4d2e4a79feaff2786ceb71e114,5.3441646267824439,3.2468687084294956,2.7806057439976999,4.3986501691399367,6.5718341455045648,-2.1731839763646281,2.0972959183529483,2.563558882784744,-0.46626296443179571
Inflation,CPILFESL,1,month_open,2025-02,Inflation 12-Month Mean,Inflation Ridge-AR Ensemble,2025-02-01,520eafa0eb29b1e17eb789a2a666532291471ee0160e11583aac20c80f2780e3,2.7166452189845813,3.1966679944231302,2.5997562793265168,0.23042186493972752,0.013663024214386661,0.21675884072534085,0.48002277543854888,0.11688893965806457,0.3631338357804843
Inflation,CPILFESL,1,month_open,2025-03,Inflation 12-Month Mean,Inflation Ridge-AR Ensemble,2025-03-01,99002d090aac3c99b6a5e65528af95de7db34a797d8721a66bf57268fba73838,0.67820143281487333,3.2390710102012221,4.3070929814157282,6.5580529923829367,13.168853871506711,-6.610800879123774,2.5608695773863488,3.6288915486008548,-1.068021971214506
Inflation,CPILFESL,1,month_open,2025-04,Inflation 12-Month Mean,Inflation Ridge-AR Ensemble,2025-04-01,3fac28a31e3115ea7a05c745cc72d0d68471fb790ec671f5a3fd961496a7d37b,2.8376507842686749,3.0952660529359299,2.6749107821755462,0.066365626650501996,0.026484308281271522,0.039881318369230478,0.25761526866725504,0.16274000209312867,0.094875266574126371
Inflation,CPILFESL,1,month_open,2025-05,Inflation 12-Month Mean,Inflation Ridge-AR Ensemble,2025-05-01,38513725ec1266da0ac97cd68420c2f9f6030f68252cc43abc3fb2c49d9f5d72,1.5576688590009269,2.7700118393334527,2.4036440764314229,1.4697755019615513,0.71567406850657489,0.75410143345497638,1.2123429803325259,0.84597521743049597,0.36636776290202988
Inflation,CPILFESL,1,month_open,2025-06,Inflation 12-Month Mean,Inflation Ridge-AR Ensemble,2025-06-01,8d91cc0728b8c06e53a9622cdfcbcc61efaa18b181eeb87e724f180a66aab16b,2.7357167584597164,2.7435395795799344,4.1635411824078306,6.1196530278929398e-05,2.0386825856227642,-2.0386213890924854,0.0078228211202180375,1.4278244239481142,-1.4200016028278961
Inflation,CPILFESL,1,month_open,2025-07,Inflation 12-Month Mean,Inflation Ridge-AR Ensemble,2025-07-01,81ecbbe883965eb9bddb6fe8c361df19948898a537ee9f03d17e4588a3db6147,3.8619108814820891,2.7295552454034144,3.2711279532100654,1.2822292865591398,0.34902446833766698,0.93320481822147283,1.1323556360786746,0.59078292827202361,0.54157270780665101
Inflation,CPILFESL,1,month_open,2025-08,Inflation 12-Month Mean,Inflation Ridge-AR Ensemble,2025-08-01,2868338271635f2e33b6bd4259bb12fd3a8d8bd6015f077624f0fb6c1906a95f,4.1442886423073588,2.8663934135200186,3.0749435584237812,1.6330162157574486,1.1434989084259757,0.48951730733147292,1.2778952287873402,1.0693450838835776,0.20855014490376256
Inflation,CPILFESL,1,month_open,2025-09,Inflation 12-Month Mean,Inflation Ridge-AR Ensemble,2025-09-01,27cf3cc721e01366a148aa02a178f1d65934bbe2524f53b11dc66d2aae8469cf,2.7222557806510395,3.0030561669606826,3.8292223971597754,0.0788488569516448,1.2253750900647988,-1.146526233113154,0.2808003863096431,1.106966616508736,-0.82616623019909285
Inflation,CPILFESL,1,month_open,2025-11,Inflation 12-Month Mean,Inflation Ridge-AR Ensemble,2025-11-01,57f8728243173a1dd4bd43995690d4a1595bc35b855470de81b388149c7a8cb7,1.9080731336838852,2.9806759113750303,2.2436833819651847,1.1504767187107601,0.11263423875143548,1.0378424799593247,1.0726027776911451,0.33561024828129948,0.73699252940984561
Inflation,CPILFESL,1,month_open,2025-12,Inflation 12-Month Mean,Inflation Ridge-AR Ensemble,2025-12-01,ee6e91bc7e7cad2988c033393fa68b30e4ffa0373ce5fcb2d141041c4aa65895,2.8672810687485395,2.9806759113750303,2.7051553402317339,0.012858390334286615,0.026284751847104961,-0.013426361512818346,0.1133948426264908,0.16212572851680562,-0.048730885890314823
Inflation,CPILFESL,1,month_open,2026-02,Inflation 12-Month Mean,Inflation Ridge-AR Ensemble,2026-02-01,73baf19b287be04e4e6938422cd5d63c7ea06adda39d5054a35d9a768d3017e9,2.5898059744083213,2.9806759113750303,3.313582100431983,0.1527793076243591,0.52385188060181942,-0.37107257297746032,0.39086993696670902,0.7237761260236617,-0.33290618905695268
Inflation,CPILFESL,1,month_open,2026-03,Inflation 12-Month Mean,Inflation Ridge-AR Ensemble,2026-03-01,c4485dd6273eeb7f4e3ae5268017d64f68ec76849aea6bd5ad20ed6987aa5b9b,2.3472435020018168,2.9752636133045129,3.2041223063827111,0.39440926020065092,0.73424128539723099,-0.33983202519658007,0.62802011130269619,0.85687880438089437,-0.22885869307819817
Inflation,CPILFESL,1,month_open,2026-04,Inflation 12-Month Mean,Inflation Ridge-AR Ensemble,2026-04-01,5607ec8bb9be56ed471fea98ce825532c79d22ff0e9ff105adc5cd7fd0ce8640,4.5090466859679879,2.9752636133045129,2.9763824858106753,2.3524905139890104,2.3490595504438545,0.0034309635451559295,1.5337830726634749,1.5326642001573125,0.0011188725061623828
Inflation,CPILFESL,1,month_open,2026-05,Inflation 12-Month Mean,Inflation Ridge-AR Ensemble,2026-05-01,ecce58d78881f1fa52eea024f09cf047c9ca1eea60292d769f6573282836f872,2.4945507714519977,2.8598763159886076,2.6601082484021719,0.13346275349097056,0.02740927817410746,0.1060534753168631,0.36532554453660993,0.1655574769501742,0.19976806758643573
Inflation,CPILFESL,1,month_open,2026-06,Inflation 12-Month Mean,Inflation Ridge-AR Ensemble,2026-06-01,f0df781ab2f261271b2366f61a81fc49bbdfc7e9b97072503f64ad3b16b226f6,-0.19994465863675259,2.8598763159886076,4.382343552546712,9.3625043967572896,20.997365250350956,-11.634860853593667,3.0598209746253602,4.5822882111834646,-1.5224672365581045
Inflation,CPILFESL,2,mid_month,2023-02,Inflation Ridge-AR Ensemble,Inflation Ridge-AR Ensemble,2023-02-15,8a6aa5b331d2800440fc5070284d13bec46ca8e8cf8f0b64f2d774d7a346d845,5.4109378199150626,4.2597767031627445,4.2597767031627445,1.3251719167224443,1.3251719167224443,0,1.1511611167523181,1.1511611167523181,0
Inflation,CPILFESL,2,mid_month,2023-03,Inflation Ridge-AR Ensemble,Inflation Ridge-AR Ensemble,2023-03-15,c24597678917fa9998f96e86831764202da9a46463c27a4e17b3e2dbde45d766,4.6084972365690646,4.990866999372912,4.990866999372912,0.14620663550667051,0.14620663550667051,0,0.38236976280384738,0.38236976280384738,0
Inflation,CPILFESL,2,mid_month,2023-04,Inflation Ridge-AR Ensemble,Inflation Ridge-AR Ensemble,2023-04-15,24f87b813e26fb3b81c056ed9d88901f2c30ae987130cda85ad254b128511a68,4.9002158887912373,3.534537903566326,3.534537903566326,1.8650763593279729,1.8650763593279729,0,1.3656779852249112,1.3656779852249112,0
Inflation,CPILFESL,2,mid_month,2023-05,Inflation Ridge-AR Ensemble,Inflation Ridge-AR Ensemble,2023-05-15,5a53e4c54994844b836b9488eadd3536e0c958570641ae4d93cd978d90c91e5c,5.2155904950303977,3.8256857059840823,3.8256857059840823,1.9318353226138827,1.9318353226138827,0,1.3899047890463154,1.3899047890463154,0
Inflation,CPILFESL,2,mid_month,2023-06,Inflation Ridge-AR Ensemble,Inflation Ridge-AR Ensemble,2023-06-15,1d08b874d7bce4f6418361d7e9e35acbb28fb786e60bda8c15f016e0a267febc,1.8892028838219943,4.2916143348777123,4.2916143348777123,5.7715807801636405,5.7715807801636405,0,2.402411451055718,2.402411451055718,0
Inflation,CPILFESL,2,mid_month,2023-07,Inflation Ridge-AR Ensemble,Inflation Ridge-AR Ensemble,2023-07-15,89027fe9e485f8e383ea0d772ef18067f845d85a2ef90610397154b79eacb5e0,1.9134356114534512,1.9683769549409791,1.9683769549409791,0.0030185512242145223,0.0030185512242145223,0,0.054941343487527883,0.054941343487527883,0
Inflation,CPILFESL,2,mid_month,2023-08,Inflation Ridge-AR Ensemble,Inflation Ridge-AR Ensemble,2023-08-15,9cc2c2745a298698df6c4f34ca2408a44f30fa474f8671fa4f1e4295603404a2,3.3373130933370021,2.2759002318066148,2.2759002318066148,1.126597262622125,1.126597262622125,0,1.0614128615303873,1.0614128615303873,0
Inflation,CPILFESL,2,mid_month,2023-09,Inflation Ridge-AR Ensemble,Inflation Ridge-AR Ensemble,2023-09-15,61e5ff22c1712efb73e9d56a561747473a23ba97f849c34eb9865177f289d33f,3.8689617311792546,3.5093873612893232,3.5093873612893232,0.1292937274817412,0.1292937274817412,0,0.35957436988993141,0.35957436988993141,0
Inflation,CPILFESL,2,mid_month,2023-10,Inflation Ridge-AR Ensemble,Inflation Ridge-AR Ensemble,2023-10-15,a424c78a7cd11f5b4ff41db85df2beea0102fc337d3c877f62063e1e9488380d,2.7162863311584573,3.7504245861980898,3.7504245861980898,1.069441930536416,1.069441930536416,0,1.0341382550396325,1.0341382550396325,0
Inflation,CPILFESL,2,mid_month,2023-11,Inflation Ridge-AR Ensemble,Inflation Ridge-AR Ensemble,2023-11-15,e8d35d9b894396dbacce853bbcba41da9c87e799884c4d13d86a672843c9a2f9,3.4097929346401656,3.0642478727311682,3.0642478727311682,0.11940138980969289,0.11940138980969289,0,0.34554506190899748,0.34554506190899748,0
Inflation,CPILFESL,2,mid_month,2023-12,Inflation Ridge-AR Ensemble,Inflation Ridge-AR Ensemble,2023-12-15,5df490ec980999cf3b758b948dbb6f3f3a4033a284583dd5839079d626dfd73c,3.7028361810513388,3.361276502355043,3.361276502355043,0.11666301411111681,0.11666301411111681,0,0.34155967869629578,0.34155967869629578,0
Inflation,CPILFESL,2,mid_month,2024-01,Inflation Ridge-AR Ensemble,Inflation Ridge-AR Ensemble,2024-01-15,82d6c3d39139ad4d032d65475f1827d5719054f56653a8b93a2e9cff9dc268d7,4.6994628665117943,3.4500890862621989,3.4500890862621989,1.5609348427751644,1.5609348427751644,0,1.2493737802495954,1.2493737802495954,0
Inflation,CPILFESL,2,mid_month,2024-02,Inflation Ridge-AR Ensemble,Inflation Ridge-AR Ensemble,2024-02-15,ae89d3ae96b6270f5992f8c6f7491518dcf032586320f2b75a3b0fa9c8312b34,4.293317468662039,3.8332771750763417,3.8332771750763417,0.21163707172241458,0.21163707172241458,0,0.46004029358569731,0.46004029358569731,0
Inflation,CPILFESL,2,mid_month,2024-03,Inflation Ridge-AR Ensemble,Inflation Ridge-AR Ensemble,2024-03-15,579708298d18115ae7a6ec5713142c458e6f1054da00080213fc09c492efe402,4.3007465415762169,3.7261952946963603,3.7261952946963603,0.3301091352911979,0.3301091352911979,0,0.57455124687985659,0.57455124687985659,0
Inflation,CPILFESL,2,mid_month,2024-04,Inflation Ridge-AR Ensemble,Inflation Ridge-AR Ensemble,2024-04-15,4d2fb4af32164d7f9a5e2ce4cb4b96b3bb1b170fb3146c81bc70cc545eb356a4,3.4960297145268271,3.4527889281432902,3.4527889281432902,0.0018697656070666702,0.0018697656070666702,0,0.0432407863835369,0.0432407863835369,0
Inflation,CPILFESL,2,mid_month,2024-05,Inflation Ridge-AR Ensemble,Inflation Ridge-AR Ensemble,2024-05-15,f8524ab49b321d39909136fdc89da4dd16e9e21c7dc4142a838e625a326a841a,1.9554491698148269,3.0784567564805796,3.0784567564805796,1.2611460397088381,1.2611460397088381,0,1.1230075866657527,1.1230075866657527,0
Inflation,CPILFESL,2,mid_month,2024-06,Inflation Ridge-AR Ensemble,Inflation Ridge-AR Ensemble,2024-06-15,8f3e0cacb6f5af3c402bd46a804aa094a4b9e3ff43005992f708204b5d9b79d0,0.77676495203746754,2.3719032959484876,2.3719032959484876,2.5444663362151916,2.5444663362151916,0,1.5951383439110201,1.5951383439110201,0
Inflation,CPILFESL,2,mid_month,2024-07,Inflation Ridge-AR Ensemble,Inflation Ridge-AR Ensemble,2024-07-15,8b37166569a0120b18ae657209b4910e4e7ef479ae0a46c72bee134c5d001a17,1.9811120946506833,1.7923580712176785,1.7923580712176785,0.035628081362147304,0.035628081362147304,0,0.18875402343300474,0.18875402343300474,0
Inflation,CPILFESL,2,mid_month,2024-08,Inflation Ridge-AR Ensemble,Inflation Ridge-AR Ensemble,2024-08-15,fa9e12b484b7d8bc14896092f0ddc4148dd4794cc6e70e6c1c1a4703b49a12ec,3.3671574140669236,2.1451212942563451,2.1451212942563451,1.4933722781216945,1.4933722781216945,0,1.2220361198105785,1.2220361198105785,0
Inflation,CPILFESL,2,mid_month,2024-09,Inflation Ridge-AR Ensemble,Inflation Ridge-AR Ensemble,2024-09-15,9eaddcf55f5ea463c414d7a32478e44de862df2cbe57a61fa8fe6c57c33a23af,3.7431240197996374,3.3786565651980904,3.3786565651980904,0.13283652546373068,0.13283652546373068,0,0.36446745460154695,0.36446745460154695,0
Inflation,CPILFESL,2,mid_month,2024-10,Inflation Ridge-AR Ensemble,Inflation Ridge-AR Ensemble,2024-10-15,281ef6d0ed34ad60e3a6479629efbf14508596ff807cbfede4c02a667a6a9c09,3.3584847110301297,3.3265955260613609,3.3265955260613609,0.0010169201179723501,0.0010169201179723501,0,0.031889184968768802,0.031889184968768802,0
Inflation,CPILFESL,2,mid_month,2024-11,Inflation Ridge-AR Ensemble,Inflation Ridge-AR Ensemble,2024-11-15,36fd9369adf963255b6d0dc6bfedf8df0cd8f430d322cb6c028fc59762580e69,3.69131922257111,2.968039183211916,2.968039183211916,0.52313401533543724,0.52313401533543724,0,0.72328003935919405,0.72328003935919405,0
Inflation,CPILFESL,2,mid_month,2024-12,Inflation Ridge-AR Ensemble,Inflation Ridge-AR Ensemble,2024-12-15,4925dfcc401cd3311c63ac760762c3439a1d77b3c135b122d2eaf7506fc49e9f,2.6970477578299068,3.3115114753206902,3.3115114753206902,0.37756566011259329,0.37756566011259329,0,0.61446371749078343,0.61446371749078343,0
Inflation,CPILFESL,2,mid_month,2025-01,Inflation Ridge-AR Ensemble,Inflation Ridge-AR Ensemble,2025-01-15,3ff4b4a58df1a34813b2d029a9dc117317582329e8dc28eb4cfba8db95609656,5.3441646267824439,2.2341629777139236,2.2341629777139236,9.6721102572089155,9.6721102572089155,0,3.1100016490685203,3.1100016490685203,0
Inflation,CPILFESL,2,mid_month,2025-02,Inflation Ridge-AR Ensemble,Inflation Ridge-AR Ensemble,2025-02-15,77935a6b7e8590ae56b673746dd11c03e8013a8116de06bcf9e7a2e79722dbab,2.7166452189845813,4.3148921090567249,4.3148921090567249,2.5543931216252789,2.5543931216252789,0,1.5982468900721436,1.5982468900721436,0
Inflation,CPILFESL,2,mid_month,2025-03,Inflation Ridge-AR Ensemble,Inflation Ridge-AR Ensemble,2025-03-15,a4596cd791cf25c2e3be094fbed422c8ea71bba5088165fa51c3f55bc98a05b1,0.67820143281487333,2.8685882644265188,2.8685882644265188,4.7977944720977028,4.7977944720977028,0,2.1903868316116455,2.1903868316116455,0
Inflation,CPILFESL,2,mid_month,2025-04,Inflation Ridge-AR Ensemble,Inflation Ridge-AR Ensemble,2025-04-15,fe544582802ce78164d2f9946be70ae8f561acf20ee60340ea51cdc031bfad68,2.8376507842686749,1.5543670679004937,1.5543670679004937,1.6468170966957305,1.6468170966957305,0,1.2832837163681812,1.2832837163681812,0
Inflation,CPILFESL,2,mid_month,2025-05,Inflation Ridge-AR Ensemble,Inflation Ridge-AR Ensemble,2025-05-15,beb2033f3f4408775fdb588cf33aa1c013f251b8121752be6abcc6971daabee5,1.5576688590009269,3.6256741499511906,3.6256741499511906,4.2766458833982854,4.2766458833982854,0,2.0680052909502638,2.0680052909502638,0
Inflation,CPILFESL,2,mid_month,2025-06,Inflation Ridge-AR Ensemble,Inflation Ridge-AR Ensemble,2025-06-15,1deb686f98f2c1468c9d8e9a93f2d32fd49221c0670748676ff98f18ce5f4847,2.7357167584597164,3.3811846956151879,3.3811846956151879,0.41662885789573967,0.41662885789573967,0,0.64546793715547146,0.64546793715547146,0
Inflation,CPILFESL,2,mid_month,2025-07,Inflation Ridge-AR Ensemble,Inflation Ridge-AR Ensemble,2025-07-15,d5a81ce68e562b1b92e44ba335e058dbb779bc21f2c1956ad31a4af9bcaa6c51,3.8619108814820891,3.7038572577172522,3.7038572577172522,0.024980947985196612,0.024980947985196612,0,0.15805362376483689,0.15805362376483689,0
Inflation,CPILFESL,2,mid_month,2025-08,Inflation Ridge-AR Ensemble,Inflation Ridge-AR Ensemble,2025-08-15,e47c815a59b47610b59e20d6e220a73ba12cec1a412d75391fea041062127ff1,4.1442886423073588,3.9141656390867441,3.9141656390867441,0.05295659661127506,0.05295659661127506,0,0.23012300322061474,0.23012300322061474,0
Inflation,CPILFESL,2,mid_month,2025-09,Inflation Ridge-AR Ensemble,Inflation Ridge-AR Ensemble,2025-09-15,8fa2211d8d49c444f0fa6a3540e6d69708634a565703c8a53134dad86b3cd623,2.7222557806510395,3.6765006066388093,3.6765006066388093,0.91058318792442916,0.91058318792442916,0,0.95424482598776983,0.95424482598776983,0
Inflation,CPILFESL,2,mid_month,2025-11,Inflation Ridge-AR Ensemble,Inflation Ridge-AR Ensemble,2025-11-15,a30b24c3aec0c444516e10ac972a8f39f5ca6f30519ff5671d4d5ed7d8868b9c,1.9080731336838852,2.2225369834027928,2.2225369834027928,0.098887512780035713,0.098887512780035713,0,0.31446384971890762,0.31446384971890762,0
Inflation,CPILFESL,2,mid_month,2025-12,Inflation Ridge-AR Ensemble,Inflation Ridge-AR Ensemble,2025-12-15,3389a3ec5508babdfe1230051c4ba6510ad8f8da1e4dd7149f40c47c5df03f07,2.8672810687485395,2.7007659600276539,2.7007659600276539,0.02772728143232835,0.02772728143232835,0,0.1665151087208856,0.1665151087208856,0
Inflation,CPILFESL,2,mid_month,2026-01,Inflation Ridge-AR Ensemble,Inflation Ridge-AR Ensemble,2026-01-15,cfb289d3004dff8b82f1b1283696bf08de8b77938400844f89ea386e5f86fc9f,3.5353249355654981,2.7684663028011336,2.7684663028011336,0.58807216264523043,0.58807216264523043,0,0.7668586327643645,0.7668586327643645,0
Inflation,CPILFESL,2,mid_month,2026-02,Inflation Ridge-AR Ensemble,Inflation Ridge-AR Ensemble,2026-02-15,cd51542895b567294160f02ecc7906eed6b35270ef578fe4677bf606ed4c31e6,2.5898059744083213,3.4310254077582929,3.4310254077582929,0.70765013504564733,0.70765013504564733,0,0.84121943334997162,0.84121943334997162,0
Inflation,CPILFESL,2,mid_month,2026-03,Inflation Ridge-AR Ensemble,Inflation Ridge-AR Ensemble,2026-03-15,a716019482770d8d4f56e8c48b980d939a63d38b3494709513c425e46466b436,2.3472435020018168,3.1463563106658849,3.1463563106658849,0.63858128097097566,0.63858128097097566,0,0.7991128086640682,0.7991128086640682,0
Inflation,CPILFESL,2,mid_month,2026-04,Inflation Ridge-AR Ensemble,Inflation Ridge-AR Ensemble,2026-04-15,0f309fffb4256000594f4a61b6cf248566025fd62a7ee11ec444b991e5dc2ea8,4.5090466859679879,2.7294962047362237,2.7294962047362237,3.1667999152522035,3.1667999152522035,0,1.7795504812317642,1.7795504812317642,0
Inflation,CPILFESL,2,mid_month,2026-05,Inflation Ridge-AR Ensemble,Inflation Ridge-AR Ensemble,2026-05-15,09c0637b340d3561ff0b0bb18908b61a785ebba2ab34b086e758b763931bda60,2.4945507714519977,3.5859107865127502,3.5859107865127502,1.191066682473406,1.191066682473406,0,1.0913600150607525,1.0913600150607525,0
Inflation,CPILFESL,2,mid_month,2026-06,Inflation Ridge-AR Ensemble,Inflation Ridge-AR Ensemble,2026-06-15,f4397e66e5c38a308cf0c52dcc87caad0d2761acffbce156b355b4d1a7eb71b3,-0.19994465863675259,3.6023937986689507,3.6023937986689507,14.457777743905917,14.457777743905917,0,3.8023384573057033,3.8023384573057033,0
Inflation,CPILFESL,3,month_end,2023-02,Inflation Ridge-AR Ensemble,Inflation Ridge-AR Ensemble,2023-02-28,cb70f1083227814a12434e0b70c1200ca41999978ef528db99612996b9f10dfd,5.4109378199150626,4.5299707217486356,4.5299707217486356,0.77610302805177511,0.77610302805177511,0,0.88096709816642704,0.88096709816642704,0
Inflation,CPILFESL,3,month_end,2023-03,Inflation Ridge-AR Ensemble,Inflation Ridge-AR Ensemble,2023-03-31,dbd9eef0029676b046856fff4475ab9b8493c33323f171e88807ce15d8dfd6c8,4.6084972365690646,4.990866999372912,4.990866999372912,0.14620663550667051,0.14620663550667051,0,0.38236976280384738,0.38236976280384738,0
Inflation,CPILFESL,3,month_end,2023-04,Inflation Ridge-AR Ensemble,Inflation Ridge-AR Ensemble,2023-04-30,b21663aae72afaada0e5e4c60247f75fc2908ae0e0a8fac2b14e3eb37a170755,4.9002158887912373,3.534537903566326,3.534537903566326,1.8650763593279729,1.8650763593279729,0,1.3656779852249112,1.3656779852249112,0
Inflation,CPILFESL,3,month_end,2023-05,Inflation Ridge-AR Ensemble,Inflation Ridge-AR Ensemble,2023-05-31,d1d37f7b62b103a5c74d2bf435831aaeb9e86c1d4234ce128b98eb56d3f035b8,5.2155904950303977,3.8256857059840823,3.8256857059840823,1.9318353226138827,1.9318353226138827,0,1.3899047890463154,1.3899047890463154,0
Inflation,CPILFESL,3,month_end,2023-06,Inflation Ridge-AR Ensemble,Inflation Ridge-AR Ensemble,2023-06-30,b92ae93bc8ff4e7485c1447cd9cb23ba00c85f6fed425f139954b509402dc803,1.8892028838219943,4.2916143348777123,4.2916143348777123,5.7715807801636405,5.7715807801636405,0,2.402411451055718,2.402411451055718,0
Inflation,CPILFESL,3,month_end,2023-07,Inflation Ridge-AR Ensemble,Inflation Ridge-AR Ensemble,2023-07-31,8abf16ba027a6d7454bffeb54143bf215ce42b236ff9002b8da5a7bc61e1a7e1,1.9134356114534512,1.9683769549409791,1.9683769549409791,0.0030185512242145223,0.0030185512242145223,0,0.054941343487527883,0.054941343487527883,0
Inflation,CPILFESL,3,month_end,2023-08,Inflation Ridge-AR Ensemble,Inflation Ridge-AR Ensemble,2023-08-31,c299c45efa306601544e041365cc364368d1840074da8d2a35e92e74b808789c,3.3373130933370021,2.2759002318066148,2.2759002318066148,1.126597262622125,1.126597262622125,0,1.0614128615303873,1.0614128615303873,0
Inflation,CPILFESL,3,month_end,2023-09,Inflation Ridge-AR Ensemble,Inflation Ridge-AR Ensemble,2023-09-30,a8b9090e854655e2a7df78c3a56653fd01ce034c9dc56dbec062b83091192828,3.8689617311792546,3.5081151219415201,3.5081151219415201,0.13021027539837024,0.13021027539837024,0,0.36084660923773448,0.36084660923773448,0
Inflation,CPILFESL,3,month_end,2023-10,Inflation Ridge-AR Ensemble,Inflation Ridge-AR Ensemble,2023-10-31,2949285386a43565a033f492f774a76efe02f8f074faff23a4539ac02b94dea7,2.7162863311584573,3.7504245861980898,3.7504245861980898,1.069441930536416,1.069441930536416,0,1.0341382550396325,1.0341382550396325,0
Inflation,CPILFESL,3,month_end,2023-11,Inflation Ridge-AR Ensemble,Inflation Ridge-AR Ensemble,2023-11-30,10b81e01adda2a8d5cfb24c7264c7fc5a0a37d36fb8da475fa1bd9f9b40dd447,3.4097929346401656,3.0642478727311682,3.0642478727311682,0.11940138980969289,0.11940138980969289,0,0.34554506190899748,0.34554506190899748,0
Inflation,CPILFESL,3,month_end,2023-12,Inflation Ridge-AR Ensemble,Inflation Ridge-AR Ensemble,2023-12-31,f7b61655455882d5c1efa87a7335a050e0b97a1ca437ec972e0b8e402ece3e3e,3.7028361810513388,3.361276502355043,3.361276502355043,0.11666301411111681,0.11666301411111681,0,0.34155967869629578,0.34155967869629578,0
Inflation,CPILFESL,3,month_end,2024-01,Inflation Ridge-AR Ensemble,Inflation Ridge-AR Ensemble,2024-01-31,bd4850b054c3eb496d5f50f993746b4865bae6c15ef731f72f55168c4d365e20,4.6994628665117943,3.4500890862621989,3.4500890862621989,1.5609348427751644,1.5609348427751644,0,1.2493737802495954,1.2493737802495954,0
Inflation,CPILFESL,3,month_end,2024-02,Inflation Ridge-AR Ensemble,Inflation Ridge-AR Ensemble,2024-02-29,94b0121ab2e59c8cd66e8ebbe56a6b7f55071b97d156e84142e41ce7c1772b2f,4.293317468662039,3.9452901270316674,3.9452901270316674,0.12112303052230342,0.12112303052230342,0,0.34802734163037163,0.34802734163037163,0
Inflation,CPILFESL,3,month_end,2024-03,Inflation Ridge-AR Ensemble,Inflation Ridge-AR Ensemble,2024-03-31,2c9265b86c22ac75b6b440afc4255aaaf6e9144c87eb36fe2f27cf8020b2bd66,4.3007465415762169,3.7261952946963603,3.7261952946963603,0.3301091352911979,0.3301091352911979,0,0.57455124687985659,0.57455124687985659,0
Inflation,CPILFESL,3,month_end,2024-04,Inflation Ridge-AR Ensemble,Inflation Ridge-AR Ensemble,2024-04-30,2bc305f36c3ba0e98f4ecc69dc238a3f07b3bf0a383760a4532ed7ac5ba82ab7,3.4960297145268271,3.4527889281432902,3.4527889281432902,0.0018697656070666702,0.0018697656070666702,0,0.0432407863835369,0.0432407863835369,0
Inflation,CPILFESL,3,month_end,2024-05,Inflation Ridge-AR Ensemble,Inflation Ridge-AR Ensemble,2024-05-31,c7e6964b907aa355aff058ac24e3731618d442b832672a50e47f940da5d99bae,1.9554491698148269,3.0784567564805796,3.0784567564805796,1.2611460397088381,1.2611460397088381,0,1.1230075866657527,1.1230075866657527,0
Inflation,CPILFESL,3,month_end,2024-06,Inflation Ridge-AR Ensemble,Inflation Ridge-AR Ensemble,2024-06-30,f61e25d323addbc947aef69d4a6645eee37fe34e04218f81f074d92d6f25fdbc,0.77676495203746754,2.3719032959484876,2.3719032959484876,2.5444663362151916,2.5444663362151916,0,1.5951383439110201,1.5951383439110201,0
Inflation,CPILFESL,3,month_end,2024-07,Inflation Ridge-AR Ensemble,Inflation Ridge-AR Ensemble,2024-07-31,4444c837b9e1bb7e2369c4e3f7525b22b8b23c68632f7995ae7f6e154980a9b5,1.9811120946506833,1.7923580712176785,1.7923580712176785,0.035628081362147304,0.035628081362147304,0,0.18875402343300474,0.18875402343300474,0
Inflation,CPILFESL,3,month_end,2024-08,Inflation Ridge-AR Ensemble,Inflation Ridge-AR Ensemble,2024-08-31,975f0f7bce29d3578fe95867292a231210d9665e24b282f3c98cd445a4013738,3.3671574140669236,2.1451212942563451,2.1451212942563451,1.4933722781216945,1.4933722781216945,0,1.2220361198105785,1.2220361198105785,0
Inflation,CPILFESL,3,month_end,2024-09,Inflation Ridge-AR Ensemble,Inflation Ridge-AR Ensemble,2024-09-30,b6bee9ad676dc47da00976fdab4f72e2dff4dfe25f601d84c903e65ea49d6619,3.7431240197996374,3.3786565651980904,3.3786565651980904,0.13283652546373068,0.13283652546373068,0,0.36446745460154695,0.36446745460154695,0
Inflation,CPILFESL,3,month_end,2024-10,Inflation Ridge-AR Ensemble,Inflation Ridge-AR Ensemble,2024-10-31,315aa6a0e3c63760a0afafac1887fe823da9d7b61d94e35e52efe814a60bb91c,3.3584847110301297,3.3265955260613609,3.3265955260613609,0.0010169201179723501,0.0010169201179723501,0,0.031889184968768802,0.031889184968768802,0
Inflation,CPILFESL,3,month_end,2024-11,Inflation Ridge-AR Ensemble,Inflation Ridge-AR Ensemble,2024-11-30,f67b4451a859fc166da895fd1d8dccc8037ac41a1e16090faf7e836d82e4ef22,3.69131922257111,2.968039183211916,2.968039183211916,0.52313401533543724,0.52313401533543724,0,0.72328003935919405,0.72328003935919405,0
Inflation,CPILFESL,3,month_end,2024-12,Inflation Ridge-AR Ensemble,Inflation Ridge-AR Ensemble,2024-12-31,8574a194618655b44eb397389c5b4a7bce7898daa54e9edad0c97cb2628ee6d0,2.6970477578299068,3.3115114753206902,3.3115114753206902,0.37756566011259329,0.37756566011259329,0,0.61446371749078343,0.61446371749078343,0
Inflation,CPILFESL,3,month_end,2025-01,Inflation Ridge-AR Ensemble,Inflation Ridge-AR Ensemble,2025-01-31,cf745204f8c9d26b75d81c1780ea4f01273605a5ead0b81dc2e61019860aaf1f,5.3441646267824439,2.2341629777139236,2.2341629777139236,9.6721102572089155,9.6721102572089155,0,3.1100016490685203,3.1100016490685203,0
Inflation,CPILFESL,3,month_end,2025-02,Inflation Ridge-AR Ensemble,Inflation Ridge-AR Ensemble,2025-02-28,e26de1349bb35395a2d76fd9e3b5ca4fc45149090d088cbf20a5d243b236d6a0,2.7166452189845813,4.3148921090567249,4.3148921090567249,2.5543931216252789,2.5543931216252789,0,1.5982468900721436,1.5982468900721436,0
Inflation,CPILFESL,3,month_end,2025-03,Inflation Ridge-AR Ensemble,Inflation Ridge-AR Ensemble,2025-03-31,ff1e125c2651ba28a35d3b52ac457f2ffe9b5f311a64fbf6ae36791a2bbc4c93,0.67820143281487333,2.8685882644265188,2.8685882644265188,4.7977944720977028,4.7977944720977028,0,2.1903868316116455,2.1903868316116455,0
Inflation,CPILFESL,3,month_end,2025-04,Inflation Ridge-AR Ensemble,Inflation Ridge-AR Ensemble,2025-04-30,01869ca8e91ca3e95bec284761aedf74b03544d1243f3e2a886db2375c506dae,2.8376507842686749,1.5543670679004937,1.5543670679004937,1.6468170966957305,1.6468170966957305,0,1.2832837163681812,1.2832837163681812,0
Inflation,CPILFESL,3,month_end,2025-05,Inflation Ridge-AR Ensemble,Inflation Ridge-AR Ensemble,2025-05-31,1f607479c05382ea374c7b50f04d5f017c832d7641854a9de18ecb19cdac9ad8,1.5576688590009269,3.6256741499511906,3.6256741499511906,4.2766458833982854,4.2766458833982854,0,2.0680052909502638,2.0680052909502638,0
Inflation,CPILFESL,3,month_end,2025-06,Inflation Ridge-AR Ensemble,Inflation Ridge-AR Ensemble,2025-06-30,3a596ce8bd19787adfea2353c83c68ff87059b095ef44b36309a152b1ded1535,2.7357167584597164,3.3811846956151879,3.3811846956151879,0.41662885789573967,0.41662885789573967,0,0.64546793715547146,0.64546793715547146,0
Inflation,CPILFESL,3,month_end,2025-07,Inflation Ridge-AR Ensemble,Inflation Ridge-AR Ensemble,2025-07-31,c599993131755f7f523fd9c095d4570ed3be10d315a40a0314e17e5506ec8fbc,3.8619108814820891,3.7065183923708931,3.7065183923708931,0.024146825672173158,0.024146825672173158,0,0.15539248911119596,0.15539248911119596,0
Inflation,CPILFESL,3,month_end,2025-08,Inflation Ridge-AR Ensemble,Inflation Ridge-AR Ensemble,2025-08-31,b1a9e98e2e3262cc13c5b11665f2077ce68ca878b5a5c06b399ce23652bfce39,4.1442886423073588,3.9141656390867441,3.9141656390867441,0.05295659661127506,0.05295659661127506,0,0.23012300322061474,0.23012300322061474,0
Inflation,CPILFESL,3,month_end,2025-09,Inflation Ridge-AR Ensemble,Inflation Ridge-AR Ensemble,2025-09-30,4951a7a0c610a8376679beb26661d0117edd1c1a5c25f1d918cbe313039d1f5a,2.7222557806510395,3.6765006066388093,3.6765006066388093,0.91058318792442916,0.91058318792442916,0,0.95424482598776983,0.95424482598776983,0
Inflation,CPILFESL,3,month_end,2025-11,Inflation Ridge-AR Ensemble,Inflation Ridge-AR Ensemble,2025-11-30,97aef115dc6f92dced31def01056939bfb7aab522f4603e63143a71eb9ae46ff,1.9080731336838852,2.4867004127702668,2.4867004127702668,0.33480952810290932,0.33480952810290932,0,0.57862727908638156,0.57862727908638156,0
Inflation,CPILFESL,3,month_end,2025-12,Inflation Ridge-AR Ensemble,Inflation Ridge-AR Ensemble,2025-12-31,dc60f4cd3bce75ce0efc64f31e6f9de8061443310b9ae870ddf49df14f2cfbde,2.8672810687485395,2.6618007118803688,2.6618007118803688,0.042222177058670776,0.042222177058670776,0,0.20548035686817068,0.20548035686817068,0
Inflation,CPILFESL,3,month_end,2026-01,Inflation Ridge-AR Ensemble,Inflation Ridge-AR Ensemble,2026-01-31,0736c15c75330e9d810eac066a22ee0073738685446c386b435a850ed06dd859,3.5353249355654981,2.8502876077401798,2.8502876077401798,0.4692761405140527,0.4692761405140527,0,0.68503732782531834,0.68503732782531834,0
Inflation,CPILFESL,3,month_end,2026-02,Inflation Ridge-AR Ensemble,Inflation Ridge-AR Ensemble,2026-02-28,41bd86fc73bf948e4c3bf08a2672d2e03a1e39f36302592e36cea3ecf9c33843,2.5898059744083213,3.4116653735796474,3.4116653735796474,0.67545287200625315,0.67545287200625315,0,0.82185939917132611,0.82185939917132611,0
Inflation,CPILFESL,3,month_end,2026-03,Inflation Ridge-AR Ensemble,Inflation Ridge-AR Ensemble,2026-03-31,81bd444227eff91c88ecdb6492c29771f11ab96aa5a422e5d09a72f1e610316e,2.3472435020018168,3.2338299462807401,3.2338299462807401,0.78603552317914438,0.78603552317914438,0,0.8865864442789233,0.8865864442789233,0
Inflation,CPILFESL,3,month_end,2026-04,Inflation Ridge-AR Ensemble,Inflation Ridge-AR Ensemble,2026-04-30,d2bcf6a3dd2d72ab4fdfc3aea17e5d3513254a63dba602b2c252f030c6a9ced3,4.5090466859679879,2.7294962047362237,2.7294962047362237,3.1667999152522035,3.1667999152522035,0,1.7795504812317642,1.7795504812317642,0
Inflation,CPILFESL,3,month_end,2026-05,Inflation Ridge-AR Ensemble,Inflation Ridge-AR Ensemble,2026-05-31,553bf3f082f734a2a8963337ee9d14d499e35a41ec8fb28aeac183d8744b1f4c,2.4945507714519977,3.5859107865127502,3.5859107865127502,1.191066682473406,1.191066682473406,0,1.0913600150607525,1.0913600150607525,0
Inflation,CPILFESL,3,month_end,2026-06,Inflation Ridge-AR Ensemble,Inflation Ridge-AR Ensemble,2026-06-30,940b4ce22c10e895338bda0a11319316665ac5f2c98f8c30b9ca1a7f95c4cd7c,-0.19994465863675259,3.6023937986689507,3.6023937986689507,14.457777743905917,14.457777743905917,0,3.8023384573057033,3.8023384573057033,0
Inflation,CPILFESL,4,pre_release,2023-02,Inflation Ridge-AR Ensemble,Inflation Ridge-AR Ensemble,2023-03-13,c91425f67efe5d51fa6c27e95c6daeb7211d5f17f38bbcfc50975816d8e59904,5.4109378199150626,4.5272670103841399,4.5272670103841399,0.78087409961703624,0.78087409961703624,0,0.8836708095309227,0.8836708095309227,0
Inflation,CPILFESL,4,pre_release,2023-03,Inflation Ridge-AR Ensemble,Inflation Ridge-AR Ensemble,2023-04-11,dd6b39c918271d98b4c0205aaf3ae8860e4f295e048987ee9f3eecb5caa2b4e1,4.6084972365690646,4.9752337902191712,4.9752337902191712,0.13449569978315751,0.13449569978315751,0,0.3667365536501066,0.3667365536501066,0
Inflation,CPILFESL,4,pre_release,2023-04,Inflation Ridge-AR Ensemble,Inflation Ridge-AR Ensemble,2023-05-09,70701eb87515f29a738d6afead804bcdb00ca733c833b7095fc8089cf0302b75,4.9002158887912373,3.5229674959756818,3.5229674959756818,1.8968131355130304,1.8968131355130304,0,1.3772483928155554,1.3772483928155554,0
Inflation,CPILFESL,4,pre_release,2023-05,Inflation Ridge-AR Ensemble,Inflation Ridge-AR Ensemble,2023-06-12,9ce9a11105821e09ff3008847fd55292b5213ee91304d12308ed111816d924ef,5.2155904950303977,3.7979752935335451,3.7979752935335451,2.0096328595149622,2.0096328595149622,0,1.4176152014968526,1.4176152014968526,0
Inflation,CPILFESL,4,pre_release,2023-06,Inflation Ridge-AR Ensemble,Inflation Ridge-AR Ensemble,2023-07-11,2a791de08fcd83b9da63bfc41e2aa43b28f7fa855d6cb2e4109483b71383a620,1.8892028838219943,4.2939016591480916,4.2939016591480916,5.782576200054832,5.782576200054832,0,2.4046987753260973,2.4046987753260973,0
Inflation,CPILFESL,4,pre_release,2023-07,Inflation Ridge-AR Ensemble,Inflation Ridge-AR Ensemble,2023-08-09,fbfcd5e1bcab8eba5d5eb6f41cf1dee16231cac9b6fc80ef24dcbc88d6667b6c,1.9134356114534512,2.0050840372950107,2.0050840372950107,0.0083994339592358344,0.0083994339592358344,0,0.091648425841559522,0.091648425841559522,0
Inflation,CPILFESL,4,pre_release,2023-08,Inflation Ridge-AR Ensemble,Inflation Ridge-AR Ensemble,2023-09-12,25036deadb3b0974afcbd24f1c13ad75fca3516d83838819ad05562fc6cf1f50,3.3373130933370021,2.2759002318066148,2.2759002318066148,1.126597262622125,1.126597262622125,0,1.0614128615303873,1.0614128615303873,0
Inflation,CPILFESL,4,pre_release,2023-09,Inflation Ridge-AR Ensemble,Inflation Ridge-AR Ensemble,2023-10-11,21e8f51745d87973df7091e4c63e8d6e289c7b50ac4eaf3a2bf13a70b5955472,3.8689617311792546,3.5731038372532655,3.5731038372532655,0.087531893398321792,0.087531893398321792,0,0.29585789392598905,0.29585789392598905,0
Inflation,CPILFESL,4,pre_release,2023-10,Inflation Ridge-AR Ensemble,Inflation Ridge-AR Ensemble,2023-11-13,508a6fa229a72de922c208cdcf66979fb0652faae6f37031c057f20f41931596,2.7162863311584573,3.7823942116855935,3.7823942116855935,1.1365860129220626,1.1365860129220626,0,1.0661078805271362,1.0661078805271362,0
Inflation,CPILFESL,4,pre_release,2023-11,Inflation Ridge-AR Ensemble,Inflation Ridge-AR Ensemble,2023-12-11,b1d936cd65211c1b933891530f1a91b5ea36297c7469e408579fb74042f24d0c,3.4097929346401656,3.0767853570773265,3.0767853570773265,0.11089404671427035,0.11089404671427035,0,0.33300757756283916,0.33300757756283916,0
Inflation,CPILFESL,4,pre_release,2023-12,Inflation Ridge-AR Ensemble,Inflation Ridge-AR Ensemble,2024-01-10,593cd9c098e01d09baa005c378be568ef6cd4675bbf4c1ef0a7e03241c3af37a,3.7028361810513388,3.3343588009284364,3.3343588009284364,0.13577557966223794,0.13577557966223794,0,0.36847738012290243,0.36847738012290243,0
Inflation,CPILFESL,4,pre_release,2024-01,Inflation Ridge-AR Ensemble,Inflation Ridge-AR Ensemble,2024-02-12,c67b4c5c714111f4012f45549254a6c32d7eaa433a717cd59ca31b1234a2c4cc,4.6994628665117943,3.271221175351303,3.271221175351303,2.0398743283689806,2.0398743283689806,0,1.4282416911604914,1.4282416911604914,0
Inflation,CPILFESL,4,pre_release,2024-02,Inflation Ridge-AR Ensemble,Inflation Ridge-AR Ensemble,2024-03-11,64eb8b3e8e40f520a5bec425ce6d83750dae8082514d7f2907c8ba36a5eaf194,4.293317468662039,3.9466937547370136,3.9466937547370136,0.12014799905517788,0.12014799905517788,0,0.34662371392502545,0.34662371392502545,0
Inflation,CPILFESL,4,pre_release,2024-03,Inflation Ridge-AR Ensemble,Inflation Ridge-AR Ensemble,2024-04-09,81300715ea8c17f006072264728a850f799b2cfe6d33b097c9a2d90df5c84355,4.3007465415762169,3.7404703002941471,3.7404703002941471,0.31390946654516416,0.31390946654516416,0,0.56027624128206988,0.56027624128206988,0
Inflation,CPILFESL,4,pre_release,2024-04,Inflation Ridge-AR Ensemble,Inflation Ridge-AR Ensemble,2024-05-14,69b562985c72ea58a6f109f19be17757104184293040c15f86548a388761b6d6,3.4960297145268271,3.4020494980817562,3.4020494980817562,0.0088322810830623807,0.0088322810830623807,0,0.09398021644507093,0.09398021644507093,0
Inflation,CPILFESL,4,pre_release,2024-05,Inflation Ridge-AR Ensemble,Inflation Ridge-AR Ensemble,2024-06-11,b0165e42263269201ce12104f2a4007fff14112853d63ff28577dd787a10aa26,1.9554491698148269,3.0812543917356687,3.0812543917356687,1.2674373977042359,1.2674373977042359,0,1.1258052219208419,1.1258052219208419,0
Inflation,CPILFESL,4,pre_release,2024-06,Inflation Ridge-AR Ensemble,Inflation Ridge-AR Ensemble,2024-07-10,feb20eafe417ed2c35ebf583174b5456926d2d5aa7d42713c3f7e5164901e1a8,0.77676495203746754,2.3905180151730976,2.3905180151730976,2.6041989487796289,2.6041989487796289,0,1.6137530631356301,1.6137530631356301,0
Inflation,CPILFESL,4,pre_release,2024-07,Inflation Ridge-AR Ensemble,Inflation Ridge-AR Ensemble,2024-08-13,c04c5f081a7c1083c0aaf1c7356c3f3100ca5445c1a8baafca429072dcbeee6f,1.9811120946506833,1.8077378756832885,1.8077378756832885,0.03005861980255416,0.03005861980255416,0,0.1733742189673948,0.1733742189673948,0
Inflation,CPILFESL,4,pre_release,2024-08,Inflation Ridge-AR Ensemble,Inflation Ridge-AR Ensemble,2024-09-10,8325a4c7cdf0b28d25fc412263b269053dadff35986ccac6f3c1431c401d41e3,3.3671574140669236,2.1451212942563451,2.1451212942563451,1.4933722781216945,1.4933722781216945,0,1.2220361198105785,1.2220361198105785,0
Inflation,CPILFESL,4,pre_release,2024-09,Inflation Ridge-AR Ensemble,Inflation Ridge-AR Ensemble,2024-10-09,c9401f67e6ad4670ac24bb91c911ccfdea1f98ebee9b1a954d9cd2384b04b3c7,3.7431240197996374,3.3967090661105481,3.3967090661105481,0.12000332013941385,0.12000332013941385,0,0.34641495368908926,0.34641495368908926,0
Inflation,CPILFESL,4,pre_release,2024-10,Inflation Ridge-AR Ensemble,Inflation Ridge-AR Ensemble,2024-11-12,036ca471d19012cf8313570a1011de96afd4f5e3fde14c45b4757c66338d7e7b,3.3584847110301297,3.3127356311400638,3.3127356311400638,0.0020929783107876353,0.0020929783107876353,0,0.045749079890065936,0.045749079890065936,0
Inflation,CPILFESL,4,pre_release,2024-11,Inflation Ridge-AR Ensemble,Inflation Ridge-AR Ensemble,2024-12-10,c51ca46b65532da316e0321617a851132efebe0d8012805f7b4ddd1c6ac0a449,3.69131922257111,2.9860472856082425,2.9860472856082425,0.49740850506735496,0.49740850506735496,0,0.7052719369628675,0.7052719369628675,0
Inflation,CPILFESL,4,pre_release,2024-12,Inflation Ridge-AR Ensemble,Inflation Ridge-AR Ensemble,2025-01-14,a43f51314268b7c4f486e9eec75b112cf7838256290a77b402b2982bddd9d714,2.6970477578299068,3.3068283700033554,3.3068283700033554,0.37183239498262571,0.37183239498262571,0,0.60978061217344859,0.60978061217344859,0
Inflation,CPILFESL,4,pre_release,2025-01,Inflation Ridge-AR Ensemble,Inflation Ridge-AR Ensemble,2025-02-11,efb15a76a4f20c96957632b8a1dd2f0fb4eabda20986f8f74b4159785eedca75,5.3441646267824439,2.2245725693047902,2.2245725693047902,9.7318546050776611,9.7318546050776611,0,3.1195920574776537,3.1195920574776537,0
Inflation,CPILFESL,4,pre_release,2025-02,Inflation Ridge-AR Ensemble,Inflation Ridge-AR Ensemble,2025-03-11,13bfc7fbf793c2e38d708d17bfd066c186a8351be81df43aec800ce4733c6dd5,2.7166452189845813,4.3075787165678854,4.3075787165678854,2.5310693937326447,2.5310693937326447,0,1.590933497583304,1.590933497583304,0
Inflation,CPILFESL,4,pre_release,2025-03,Inflation Ridge-AR Ensemble,Inflation Ridge-AR Ensemble,2025-04-09,6ee57b25a8f1560c08a912a4e1c781ff4a065f3296cfe2b411e6a85e2c8f9edf,0.67820143281487333,2.8578943345784209,2.8578943345784209,4.7510611459983947,4.7510611459983947,0,2.1796929017635476,2.1796929017635476,0
Inflation,CPILFESL,4,pre_release,2025-04,Inflation Ridge-AR Ensemble,Inflation Ridge-AR Ensemble,2025-05-12,cef4370625020bb3e3f95d6999a4ed1addfe150b7a3c12ccecf7c41a4ea97c36,2.8376507842686749,1.5624004264248135,1.5624004264248135,1.6262634751808966,1.6262634751808966,0,1.2752503578438614,1.2752503578438614,0
Inflation,CPILFESL,4,pre_release,2025-05,Inflation Ridge-AR Ensemble,Inflation Ridge-AR Ensemble,2025-06-10,7dcec96e0a8708a06ce4ce778883c605a8413744f037739f26b3893ae87b58c4,1.5576688590009269,3.6248601106454279,3.6248601106454279,4.2732796708755592,4.2732796708755592,0,2.067191251644501,2.067191251644501,0
Inflation,CPILFESL,4,pre_release,2025-06,Inflation Ridge-AR Ensemble,Inflation Ridge-AR Ensemble,2025-07-14,59721ef3b05b09fb4738c0c60e768b9b11f4444fcf6bc6572002a529028c0dea,2.7357167584597164,3.3802130308000775,3.3802130308000775,0.41537544506062091,0.41537544506062091,0,0.64449627234036111,0.64449627234036111,0
Inflation,CPILFESL,4,pre_release,2025-07,Inflation Ridge-AR Ensemble,Inflation Ridge-AR Ensemble,2025-08-11,6ee08cccf5bf6d92e31cc207c866be6f578c82e87deacb54920f68035ee6929f,3.8619108814820891,3.7086718883769771,3.7086718883769771,0.023482189007868536,0.023482189007868536,0,0.15323899310511191,0.15323899310511191,0
Inflation,CPILFESL,4,pre_release,2025-08,Inflation Ridge-AR Ensemble,Inflation Ridge-AR Ensemble,2025-09-10,baf934395f0cc498a909e0e54e40c5c6436593944be45f097769a2fde8346241,4.1442886423073588,3.8424122364079931,3.8424122364079931,0.091129364438718594,0.091129364438718594,0,0.30187640589936571,0.30187640589936571,0
Inflation,CPILFESL,4,pre_release,2025-09,Inflation Ridge-AR Ensemble,Inflation Ridge-AR Ensemble,2025-10-23,3497d92bc4f4c05de960b5c11017722f6b9f6e10ccd75825232041b9ae0e9365,2.7222557806510395,3.6765006066388093,3.6765006066388093,0.91058318792442916,0.91058318792442916,0,0.95424482598776983,0.95424482598776983,0
Inflation,CPILFESL,4,pre_release,2025-11,Inflation Ridge-AR Ensemble,Inflation Ridge-AR Ensemble,2025-12-17,090267d51086d80eeb00018aad6ab0058f0a67d4c87176cf13f3a794831a1f48,1.9080731336838852,2.5276372279023938,2.5276372279023938,0.38385966684480094,0.38385966684480094,0,0.61956409421850855,0.61956409421850855,0
Inflation,CPILFESL,4,pre_release,2025-12,Inflation Ridge-AR Ensemble,Inflation Ridge-AR Ensemble,2026-01-12,06c6f5cad8ca94360e2b4860fb696c4ccf56d0d88b6d5b2fc71c7d33a027606c,2.8672810687485395,2.6816075765147573,2.6816075765147573,0.034474645718288364,0.034474645718288364,0,0.18567349223378216,0.18567349223378216,0
Inflation,CPILFESL,4,pre_release,2026-01,Inflation Ridge-AR Ensemble,Inflation Ridge-AR Ensemble,2026-02-12,59f01cf051efe0c9bd6b99e7bafe82f1061b26faa2fba8ddc8cd34111e35a06e,3.5353249355654981,2.7560598576583168,2.7560598576583168,0.60725406164568529,0.60725406164568529,0,0.77926507790718125,0.77926507790718125,0
Inflation,CPILFESL,4,pre_release,2026-02,Inflation Ridge-AR Ensemble,Inflation Ridge-AR Ensemble,2026-03-10,e986dc890a793a3554d53121448ed2d86fb6f45d9163e133f9427d304bf6e548,2.5898059744083213,3.4116653735796474,3.4116653735796474,0.67545287200625315,0.67545287200625315,0,0.82185939917132611,0.82185939917132611,0
Inflation,CPILFESL,4,pre_release,2026-03,Inflation Ridge-AR Ensemble,Inflation Ridge-AR Ensemble,2026-04-09,1d43e6aabd38f4ea3cc2c2a23b661b33fd8503daf4dc9a0701709bec9e62af7b,2.3472435020018168,3.2330561023586464,3.2330561023586464,0.78466396295092833,0.78466396295092833,0,0.88581260035682963,0.88581260035682963,0
Inflation,CPILFESL,4,pre_release,2026-04,Inflation Ridge-AR Ensemble,Inflation Ridge-AR Ensemble,2026-05-11,2d8036b0f3006633ecba032108a6cfc51fc1b9b1ddcaf398b8cc517f0f32d691,4.5090466859679879,2.7295274023031313,2.7295274023031313,3.1666888809350842,3.1666888809350842,0,1.7795192836648566,1.7795192836648566,0
Inflation,CPILFESL,4,pre_release,2026-05,Inflation Ridge-AR Ensemble,Inflation Ridge-AR Ensemble,2026-06-09,4429753f988a428fe54757cdcb1e35a02aad40ed2845ebc6222a4d500633b537,2.4945507714519977,3.5859107865127502,3.5859107865127502,1.191066682473406,1.191066682473406,0,1.0913600150607525,1.0913600150607525,0
Inflation,CPILFESL,4,pre_release,2026-06,Inflation Ridge-AR Ensemble,Inflation Ridge-AR Ensemble,2026-07-13,6a79eecb50495e80698ce87648ca902391c45569dae7e021997c036212197499,-0.19994465863675259,3.5867111867197288,3.5867111867197288,14.338762491172409,14.338762491172409,0,3.7866558453564814,3.7866558453564814,0
Inflation,PCEPI,1,month_open,2023-02,Inflation Ridge-AR Ensemble,Inflation Bridge Ridge,2023-02-01,30bd2a746b5627992ad31d6598e4a35a8669f48041c568df44c48cf034f7b626,3.1517949298315528,2.0503729549785694,2.7573214027279773,1.2131303666890461,0.15560936358553534,1.0575210031035107,1.1014219748529834,0.39447352710357553,0.7069484477494079
Inflation,PCEPI,1,month_open,2023-03,Inflation Ridge-AR Ensemble,Inflation Bridge Ridge,2023-03-01,db99f1f4d4d3334eaef59b89950f48ee9bb1f8678fcf1d30d0bfaa5b720ee4df,0.91193354873695398,4.090487032402037,3.2894006363189887,10.103202248519436,5.6523497525358026,4.4508524959836331,3.1785534836650831,2.3774670875820347,0.80108639608304832
Inflation,PCEPI,1,month_open,2023-04,Inflation Ridge-AR Ensemble,Inflation Bridge Ridge,2023-04-01,32673152a99d3263f3f9ed8560cc6ba755c24bb424dae7e956134f442cc46d9a,4.3590925437339223,2.4836641511033042,2.2939012884956536,3.5172316558850638,4.2650149207126162,-0.74778326482755242,1.8754283926306181,2.0651912552382687,-0.18976286260765063
Inflation,PCEPI,1,month_open,2023-05,Inflation Ridge-AR Ensemble,Inflation Bridge Ridge,2023-05-01,c40dc0e288acf44de093f257dd91ced1a042449c69581796e5c72d64a383200e,1.5410617006217819,2.281243664693366,3.0355456566594077,0.54786933993686782,2.233482294853872,-1.685612954917004,0.7401819640715841,1.4944839560376257,-0.75430199196604164
Inflation,PCEPI,1,month_open,2023-06,Inflation Ridge-AR Ensemble,Inflation Bridge Ridge,2023-06-01,7651bf41614253de85a8ccd1403b43ce653e69223fde0edfebb94e51992102ba,1.9358574497093883,2.7695247958255993,2.2486936909516286,0.69500124398044627,0.097866513834573177,0.59713473014587315,0.83366734611621096,0.3128362412422403,0.52083110487397066
Inflation,PCEPI,1,month_open,2023-07,Inflation Ridge-AR Ensemble,Inflation Bridge Ridge,2023-07-01,772d853be45298023544f2d92b64ba3a8f809b150ffaa189716d3bcf8d0d4e4d,2.5544057811611509,2.0873957260715863,2.3186301563881706,0.21809839155475819,0.055590145237089203,0.16250824631766897,0.46701005508956461,0.23577562477298031,0.23123443031658431
Inflation,PCEPI,1,month_open,2023-08,Inflation Ridge-AR Ensemble,Inflation Bridge Ridge,2023-08-01,14e5e80143efbaecbec28ae3af68a385e1236611e647b34a42dcabbed821774f,4.721852085725331,2.6275318620625701,3.2013071720310005,4.3861771992428373,2.312056834561699,2.0741203646811384,2.0943202236627609,1.5205449136943305,0.5737753099684304
Inflation,PCEPI,1,month_open,2023-09,Inflation Ridge-AR Ensemble,Inflation Bridge Ridge,2023-09-01,b85a328ae132025b941fa72de3c6759b46734f451777c72148c74dfd12a5e3ce,4.269709166791813,3.3430105012042297,4.3178246083802234,0.85877041680180755,0.0023150957192477344,0.85645532108255984,0.92669866558758329,0.048115441588410413,0.87858322399917288
Inflation,PCEPI,1,month_open,2023-10,Inflation Ridge-AR Ensemble,Inflation Bridge Ridge,2023-10-01,3a26df0d3895e07bab51d56556b6001227ed70942d6dda4e93c5ebce84cdeebc,0.59330065894869222,3.6795040313389586,3.706593123458473,9.5246512557530529,9.692589969573385,-0.1679387138203321,3.0862033723902664,3.1132924645097808,-0.02708909211951438
Inflation,PCEPI,1,month_open,2023-11,Inflation Ridge-AR Ensemble,Inflation Bridge Ridge,2023-11-01,a5393d6ec69e1d357cf1f32af81147b0f60146446a8004226b89cc12f838810d,-0.860920908897711,3.6910690634235372,3.9824634208968535,20.720612708113197,23.458371766099543,-2.7377590579863451,4.5519899723212482,4.8433843297945645,-0.29139435747331621
Inflation,PCEPI,1,month_open,2023-12,Inflation Ridge-AR Ensemble,Inflation Bridge Ridge,2023-12-01,743e6919713900b76e677717cd1a66869d15bf5ff291e59b557bcbce3da349f9,2.0079217012643369,1.5412286283599264,1.8014168431717761,0.21780242429696145,0.042644256415828675,0.17515816788113278,0.46669307290441053,0.20650485809256081,0.26018821481184973
Inflation,PCEPI,1,month_open,2024-01,Inflation Ridge-AR Ensemble,Inflation Bridge Ridge,2024-01-01,1c9d7a507fb5ecf3beece8ebfe371399356d8179c0ea445c88bafdbb78fed0f5,4.1328162960482473,1.7819093066300731,3.1269406219156437,5.5267636728952239,1.0117858718117196,4.5149778010835044,2.3509069894181742,1.0058756741326036,1.3450313152855706
Inflation,PCEPI,1,month_open,2024-02,Inflation Ridge-AR Ensemble,Inflation Bridge Ridge,2024-02-01,4acd561b9e983aecffffe0fb830530af2b93463dfc296c45ebca9c5842b184ab,3.9898815716419733,2.3037181514816734,2.5288939370429384,2.8431470794866804,2.1344848684512829,0.7086622110353975,1.6861634201603,1.4609876345990349,0.22517578556126505
Inflation,PCEPI,1,month_open,2024-03,Inflation Ridge-AR Ensemble,Inflation Bridge Ridge,2024-03-01,f9ba877379756fdb8fb080f7d9c3d4a9398f93a116a9f04c27f138d329ec8492,3.86713396031233,3.8409908087246132,4.3909651913884726,0.00068346437493834215,0.2743991586507471,-0.27371569427580877,0.026143151587716851,0.5238312310761426,-0.49768807948842575
Inflation,PCEPI,1,month_open,2024-04,Inflation Ridge-AR Ensemble,Inflation Bridge Ridge,2024-04-01,0765f629012b7882da9b07236737a448cea652d24c7d60f9c5500570f2be42f0,3.0752100527589477,3.1065058843381212,2.9962382374478915,0.00097942907423199921,0.0062365476135235586,-0.0052571185392915592,0.031295831579173594,0.078971815311056126,-0.047675983731882532
Inflation,PCEPI,1,month_open,2024-05,Inflation Ridge-AR Ensemble,Inflation Bridge Ridge,2024-05-01,01c59925fab16ba62b08a4763c2108a3b840145569e7ae080f15c6b5d2a754f9,-0.097480930346449668,2.9080236277009917,2.6626914552346999,9.0330576484439451,7.6185515981247338,1.4145060503192113,3.0055045580474413,2.7601723855811495,0.2453321724662918
Inflation,PCEPI,1,month_open,2024-06,Inflation Ridge-AR Ensemble,Inflation Bridge Ridge,2024-06-01,8df009ea9d2a3f9378f43651fc146c649cbd57f03acc45894e67af75e79ca32e,0.94484742430545055,2.6439924879272207,2.582655288798136,2.8870939472302295,2.6824146009940906,0.20467934623613893,1.6991450636217702,1.6378078644926855,0.061337199129084752
Inflation,PCEPI,1,month_open,2024-07,Inflation Ridge-AR Ensemble,Inflation Bridge Ridge,2024-07-01,51458cda1e8975e0ed110d3f82c5cf2cf16a0d63c40603694e9ed66d3bc9304b,1.8591450193301995,1.1501665428206471,1.3985376063093837,0.50265048015380587,0.21215918892972835,0.29049129122407752,0.70897847650955237,0.46060741302081576,0.24837106348873661
Inflation,PCEPI,1,month_open,2024-08,Inflation Ridge-AR Ensemble,Inflation Bridge Ridge,2024-08-01,a112ff08058f0ed6b24978daadcc77bb5ae2d8ab5ba3c1e31f65365a8134444f,1.0872555632399639,1.8318224962183947,2.1750647122739002,0.55437991768490702,1.1833287447219367,-0.6289488270370297,0.7445669329784308,1.0878091490339363,-0.34324221605550553
Inflation,PCEPI,1,month_open,2024-09,Inflation Ridge-AR Ensemble,Inflation Bridge Ridge,2024-09-01,a4f2ce8b6294e6f997b4fa92a73e47d06c9f8dd431c4c1d7c0d58e46b718aec4,2.1030278800367341,1.0991369357129259,0.1936478714286074,1.0077970280953474,3.64573201727237,-2.6379349891770225,1.0038909443238082,1.9093800086081267,-0.90548906428431852
Inflation,PCEPI,1,month_open,2024-10,Inflation Ridge-AR Ensemble,Inflation Bridge Ridge,2024-10-01,0bde9a780e20438090ae0e0b5c7664c57538f6fb2853ee43e735662b6f0ae5ed,2.853033899934232,2.0670729468585654,2.5692101208750553,0.61773461975961019,0.080555937559432328,0.53717868220017784,0.7859609530756666,0.28382377905917666,0.50213717401648994
Inflation,PCEPI,1,month_open,2024-11,Inflation Ridge-AR Ensemble,Inflation Bridge Ridge,2024-11-01,8fbc267d6510a2526ff236f920e15de7594349e15a1107540271af3c6f63de6b,1.5349653145793951,2.3772494030542202,2.6096961700112296,0.70944248569786694,1.1550464116172425,-0.44560392591937559,0.84228408847482505,1.0747308554318344,-0.23244676695700939
Inflation,PCEPI,1,month_open,2024-12,Inflation Ridge-AR Ensemble,Inflation Bridge Ridge,2024-12-01,6f071f53641ab5669bd9c3e9ac58244f7ce194bf4d227b5a47d3306dd9d31e8c,3.063929851709446,2.7038688015822281,2.8341833906251268,0.12964395981871493,0.052783436380768586,0.076860523437946346,0.3600610501272179,0.22974646108431918,0.13031458904289872
Inflation,PCEPI,1,month_open,2025-01,Inflation Ridge-AR Ensemble,Inflation Bridge Ridge,2025-01-01,389b699d6ba53b4ddc2823f5497c49f5c4f63a4d2e4a79feaff2786ceb71e114,3.8984766867979914,2.1529691362527448,2.4842930055502226,3.0467966090104666,1.9999154843074911,1.0468811247029755,1.7455075505452466,1.4141836812477688,0.33132386929747781
Inflation,PCEPI,1,month_open,2025-02,Inflation Ridge-AR Ensemble,Inflation Bridge Ridge,2025-02-01,520eafa0eb29b1e17eb789a2a666532291471ee0160e11583aac20c80f2780e3,3.9331903834629145,2.8515741577376508,3.0105972501462417,1.1698936597521647,0.85117808964307595,0.3187155701090888,1.0816162257252637,0.92259313331667281,0.15902309240859092
Inflation,PCEPI,1,month_open,2025-03,Inflation Ridge-AR Ensemble,Inflation Bridge Ridge,2025-03-01,99002d090aac3c99b6a5e65528af95de7db34a797d8721a66bf57268fba73838,-0.53435115386761822,3.1593031092443611,3.1470797874454091,13.643081815405299,13.552933775656921,0.090148039748378039,3.6936542631119793,3.6814309413130273,0.012223321798952025
Inflation,PCEPI,1,month_open,2025-04,Inflation Ridge-AR Ensemble,Inflation Bridge Ridge,2025-04-01,3fac28a31e3115ea7a05c745cc72d0d68471fb790ec671f5a3fd961496a7d37b,1.201745492554096,2.8391775785992737,2.4800699304825615,2.6811838364102623,1.6341133686051272,1.047070467805135,1.6374320860451776,1.2783244379284655,0.35910764811671214
Inflation,PCEPI,1,month_open,2025-05,Inflation Ridge-AR Ensemble,Inflation Bridge Ridge,2025-05-01,38513725ec1266da0ac97cd68420c2f9f6030f68252cc43abc3fb2c49d9f5d72,1.6282550732857004,2.0604017679213738,3.437431009019686,0.18675076568453791,3.2731175664389425,-3.0863668007544045,0.43214669463567335,1.8091759357339856,-1.3770292410983123
Inflation,PCEPI,1,month_open,2025-06,Inflation Ridge-AR Ensemble,Inflation Bridge Ridge,2025-06-01,8d91cc0728b8c06e53a9622cdfcbcc61efaa18b181eeb87e724f180a66aab16b,3.3613467356538251,2.7992394679790582,3.9505178052096506,0.31596458037279207,0.34712254920155527,-0.031157968828763205,0.56210726767476693,0.58917106955582543,-0.027063801881058502
Inflation,PCEPI,1,month_open,2025-07,Inflation Ridge-AR Ensemble,Inflation Bridge Ridge,2025-07-01,81ecbbe883965eb9bddb6fe8c361df19948898a537ee9f03d17e4588a3db6147,2.3685838825748817,4.4424028647629994,6.997585534720498,4.3007251708837604,21.427656295566845,-17.126931124683082,2.0738189821881177,4.6290016521456163,-2.5551826699574987
Inflation,PCEPI,1,month_open,2025-08,Inflation Ridge-AR Ensemble,Inflation Bridge Ridge,2025-08-01,2868338271635f2e33b6bd4259bb12fd3a8d8bd6015f077624f0fb6c1906a95f,3.1718828697414381,3.2385139289265865,3.6146965406952694,0.0044396980481347546,0.19608394718360797,-0.1916442491354732,0.066631059185148445,0.44281367095383128,-0.37618261176868284
Inflation,PCEPI,1,month_open,2025-09,Inflation Ridge-AR Ensemble,Inflation Bridge Ridge,2025-09-01,27cf3cc721e01366a148aa02a178f1d65934bbe2524f53b11dc66d2aae8469cf,3.2199871816310122,3.4205891346923449,4.5344842435816162,0.04024114357202116,1.72790252587677,-1.6876613823047488,0.20060195306133277,1.314497061950604,-1.1138951088892712
Inflation,PCEPI,1,month_open,2025-10,Inflation Ridge-AR Ensemble,Inflation Bridge Ridge,2025-10-01,77cea1b106e2fc84b2125af518a060fe03a859fb6171bd7971f64a4a145cc30f,1.9072005517838164,2.7864766626258715,2.8218008626792637,0.77312647909752985,0.83649372869004879,-0.063367249592518937,0.87927611084205504,0.91460031089544724,-0.035324200053392207
Inflation,PCEPI,1,month_open,2025-11,Inflation Ridge-AR Ensemble,Inflation Bridge Ridge,2025-11-01,57f8728243173a1dd4bd43995690d4a1595bc35b855470de81b388149c7a8cb7,2.4851427874558851,2.2563883012891135,1.761624140005748,0.052328614941423712,0.52347923320807588,-0.47115061826665217,0.22875448616677163,0.72351864745013716,-0.49476416128336553
Inflation,PCEPI,1,month_open,2026-02,Inflation Ridge-AR Ensemble,Inflation Bridge Ridge,2026-02-01,73baf19b287be04e4e6938422cd5d63c7ea06adda39d5054a35d9a768d3017e9,4.4951177501893369,3.4000424553965454,4.74029563764568,1.1991899012655192,0.060112196497555226,1.1390777047679639,1.0950752947927915,0.24517788745634306,0.84989740733644847
Inflation,PCEPI,1,month_open,2026-03,Inflation Ridge-AR Ensemble,Inflation Bridge Ridge,2026-03-01,c4485dd6273eeb7f4e3ae5268017d64f68ec76849aea6bd5ad20ed6987aa5b9b,7.9437456213664603,3.3327028503537415,4.3421939512585706,21.261715436108652,12.97117443245693,8.2905410036517218,4.6110427710127189,3.6015516701078898,1.0094911009048291
Inflation,PCEPI,1,month_open,2026-04,Inflation Ridge-AR Ensemble,Inflation Bridge Ridge,2026-04-01,5607ec8bb9be56ed471fea98ce825532c79d22ff0e9ff105adc5cd7fd0ce8640,4.7856219395313815,4.7129198175604898,7.1336345125190084,0.0052855985390704071,5.5131630429079763,-5.5078774443689058,0.072702121970891653,2.3480125729876269,-2.2753104510167352
Inflation,PCEPI,1,month_open,2026-05,Inflation Ridge-AR Ensemble,Inflation Bridge Ridge,2026-05-01,ecce58d78881f1fa52eea024f09cf047c9ca1eea60292d769f6573282836f872,5.3858700130746229,4.7055476137673597,3.9653758419135441,0.46283856699919118,2.0178036903026002,-1.554965123303409,0.68032239930726313,1.4204941711610788,-0.74017177185381566
Inflation,PCEPI,2,mid_month,2023-02,Inflation Bridge Ridge,Inflation Bridge Ridge,2023-02-15,8a6aa5b331d2800440fc5070284d13bec46ca8e8cf8f0b64f2d774d7a346d845,3.1517949298315528,2.1713827242889967,2.1713827242889967,0.9612080927768194,0.9612080927768194,0,0.98041220554255615,0.98041220554255615,0
Inflation,PCEPI,2,mid_month,2023-03,Inflation Bridge Ridge,Inflation Bridge Ridge,2023-03-15,c24597678917fa9998f96e86831764202da9a46463c27a4e17b3e2dbde45d766,0.91193354873695398,2.4859491751368314,2.4859491751368314,2.4775251921509986,2.4775251921509986,0,1.5740156263998775,1.5740156263998775,0
Inflation,PCEPI,2,mid_month,2023-04,Inflation Bridge Ridge,Inflation Bridge Ridge,2023-04-15,24f87b813e26fb3b81c056ed9d88901f2c30ae987130cda85ad254b128511a68,4.3590925437339223,1.2223148820682201,1.2223148820682201,9.8393740987249494,9.8393740987249494,0,3.1367776616657022,3.1367776616657022,0
Inflation,PCEPI,2,mid_month,2023-05,Inflation Bridge Ridge,Inflation Bridge Ridge,2023-05-15,5a53e4c54994844b836b9488eadd3536e0c958570641ae4d93cd978d90c91e5c,1.5410617006217819,4.1542795792369134,4.1542795792369134,6.8289076811137681,6.8289076811137681,0,2.6132178786151314,2.6132178786151314,0
Inflation,PCEPI,2,mid_month,2023-06,Inflation Bridge Ridge,Inflation Bridge Ridge,2023-06-15,1d08b874d7bce4f6418361d7e9e35acbb28fb786e60bda8c15f016e0a267febc,1.9358574497093883,1.8695112580684894,1.8695112580684894,0.0044018171452508892,0.0044018171452508892,0,0.066346191640898944,0.066346191640898944,0
Inflation,PCEPI,2,mid_month,2023-07,Inflation Bridge Ridge,Inflation Bridge Ridge,2023-07-15,89027fe9e485f8e383ea0d772ef18067f845d85a2ef90610397154b79eacb5e0,2.5544057811611509,2.1520965757313744,2.1520965757313744,0.16185269677353814,0.16185269677353814,0,0.40230920542977655,0.40230920542977655,0
Inflation,PCEPI,2,mid_month,2023-08,Inflation Bridge Ridge,Inflation Bridge Ridge,2023-08-15,9cc2c2745a298698df6c4f34ca2408a44f30fa474f8671fa4f1e4295603404a2,4.721852085725331,3.5068532133761674,3.5068532133761674,1.4762222598097392,1.4762222598097392,0,1.2149988723491636,1.2149988723491636,0
Inflation,PCEPI,2,mid_month,2023-09,Inflation Bridge Ridge,Inflation Bridge Ridge,2023-09-15,61e5ff22c1712efb73e9d56a561747473a23ba97f849c34eb9865177f289d33f,4.269709166791813,3.9611788972341624,3.9611788972341624,0.095190927233316555,0.095190927233316555,0,0.30853026955765062,0.30853026955765062,0
Inflation,PCEPI,2,mid_month,2023-10,Inflation Bridge Ridge,Inflation Bridge Ridge,2023-10-15,a424c78a7cd11f5b4ff41db85df2beea0102fc337d3c877f62063e1e9488380d,0.59330065894869222,5.1127406322474371,5.1127406322474371,20.42533767225056,20.42533767225056,0,4.5194399732987449,4.5194399732987449,0
Inflation,PCEPI,2,mid_month,2023-11,Inflation Bridge Ridge,Inflation Bridge Ridge,2023-11-15,e8d35d9b894396dbacce853bbcba41da9c87e799884c4d13d86a672843c9a2f9,-0.860920908897711,2.5947975672919252,2.5947975672919252,11.941990186678421,11.941990186678421,0,3.4557184761896362,3.4557184761896362,0
Inflation,PCEPI,2,mid_month,2023-12,Inflation Bridge Ridge,Inflation Bridge Ridge,2023-12-15,5df490ec980999cf3b758b948dbb6f3f3a4033a284583dd5839079d626dfd73c,2.0079217012643369,2.5192089935597837,2.5192089935597837,0.26141469526280964,0.26141469526280964,0,0.51128729229544678,0.51128729229544678,0
Inflation,PCEPI,2,mid_month,2024-01,Inflation Bridge Ridge,Inflation Bridge Ridge,2024-01-15,82d6c3d39139ad4d032d65475f1827d5719054f56653a8b93a2e9cff9dc268d7,4.1328162960482473,2.9590474092836345,2.9590474092836345,1.3777333995366383,1.3777333995366383,0,1.1737688867646128,1.1737688867646128,0
Inflation,PCEPI,2,mid_month,2024-02,Inflation Bridge Ridge,Inflation Bridge Ridge,2024-02-15,ae89d3ae96b6270f5992f8c6f7491518dcf032586320f2b75a3b0fa9c8312b34,3.9898815716419733,3.0228426901651413,3.0228426901651413,0.93516419828796238,0.93516419828796238,0,0.96703888147683204,0.96703888147683204,0
Inflation,PCEPI,2,mid_month,2024-03,Inflation Bridge Ridge,Inflation Bridge Ridge,2024-03-15,579708298d18115ae7a6ec5713142c458e6f1054da00080213fc09c492efe402,3.86713396031233,3.5065426106606035,3.5065426106606035,0.13002612144365372,0.13002612144365372,0,0.36059134965172657,0.36059134965172657,0
Inflation,PCEPI,2,mid_month,2024-04,Inflation Bridge Ridge,Inflation Bridge Ridge,2024-04-15,4d2fb4af32164d7f9a5e2ce4cb4b96b3bb1b170fb3146c81bc70cc545eb356a4,3.0752100527589477,2.9698065503391433,2.9698065503391433,0.0111098983223617,0.0111098983223617,0,0.10540350241980434,0.10540350241980434,0
Inflation,PCEPI,2,mid_month,2024-05,Inflation Bridge Ridge,Inflation Bridge Ridge,2024-05-15,f8524ab49b321d39909136fdc89da4dd16e9e21c7dc4142a838e625a326a841a,-0.097480930346449668,2.3637925602557415,2.3637925602557415,6.0578671955410943,6.0578671955410943,0,2.4612734906021911,2.4612734906021911,0
Inflation,PCEPI,2,mid_month,2024-06,Inflation Bridge Ridge,Inflation Bridge Ridge,2024-06-15,8f3e0cacb6f5af3c402bd46a804aa094a4b9e3ff43005992f708204b5d9b79d0,0.94484742430545055,2.3053679762368167,2.3053679762368167,1.851016172227629,1.851016172227629,0,1.3605205519313661,1.3605205519313661,0
Inflation,PCEPI,2,mid_month,2024-07,Inflation Bridge Ridge,Inflation Bridge Ridge,2024-07-15,8b37166569a0120b18ae657209b4910e4e7ef479ae0a46c72bee134c5d001a17,1.8591450193301995,1.9529959683000189,1.9529959683000189,0.0088080006225356409,0.0088080006225356409,0,0.093850948969819381,0.093850948969819381,0
Inflation,PCEPI,2,mid_month,2024-08,Inflation Bridge Ridge,Inflation Bridge Ridge,2024-08-15,fa9e12b484b7d8bc14896092f0ddc4148dd4794cc6e70e6c1c1a4703b49a12ec,1.0872555632399639,2.1413830784621752,2.1413830784621752,1.1111848183485535,1.1111848183485535,0,1.0541275152222114,1.0541275152222114,0
Inflation,PCEPI,2,mid_month,2024-09,Inflation Bridge Ridge,Inflation Bridge Ridge,2024-09-15,9eaddcf55f5ea463c414d7a32478e44de862df2cbe57a61fa8fe6c57c33a23af,2.1030278800367341,0.88919215689310405,0.88919215689310405,1.4733971627796194,1.4733971627796194,0,1.2138357231436301,1.2138357231436301,0
Inflation,PCEPI,2,mid_month,2024-10,Inflation Bridge Ridge,Inflation Bridge Ridge,2024-10-15,281ef6d0ed34ad60e3a6479629efbf14508596ff807cbfede4c02a667a6a9c09,2.853033899934232,1.7337699652236815,1.7337699652236815,1.2527517555437433,1.2527517555437433,0,1.1192639347105504,1.1192639347105504,0
Inflation,PCEPI,2,mid_month,2024-11,Inflation Bridge Ridge,Inflation Bridge Ridge,2024-11-15,36fd9369adf963255b6d0dc6bfedf8df0cd8f430d322cb6c028fc59762580e69,1.5349653145793951,2.9612499300405952,2.9612499300405952,2.0342878043013033,2.0342878043013033,0,1.4262846154612001,1.4262846154612001,0
Inflation,PCEPI,2,mid_month,2024-12,Inflation Bridge Ridge,Inflation Bridge Ridge,2024-12-15,4925dfcc401cd3311c63ac760762c3439a1d77b3c135b122d2eaf7506fc49e9f,3.063929851709446,2.1915645193095123,2.1915645193095123,0.76102127317324675,0.76102127317324675,0,0.87236533239993364,0.87236533239993364,0
Inflation,PCEPI,2,mid_month,2025-01,Inflation Bridge Ridge,Inflation Bridge Ridge,2025-01-15,3ff4b4a58df1a34813b2d029a9dc117317582329e8dc28eb4cfba8db95609656,3.8984766867979914,2.5192396467671525,2.5192396467671525,1.9022948125930299,1.9022948125930299,0,1.3792370400308389,1.3792370400308389,0
Inflation,PCEPI,2,mid_month,2025-02,Inflation Bridge Ridge,Inflation Bridge Ridge,2025-02-15,77935a6b7e8590ae56b673746dd11c03e8013a8116de06bcf9e7a2e79722dbab,3.9331903834629145,3.701796807378487,3.701796807378487,0.053542987053139715,0.053542987053139715,0,0.23139357608442745,0.23139357608442745,0
Inflation,PCEPI,2,mid_month,2025-03,Inflation Bridge Ridge,Inflation Bridge Ridge,2025-03-15,a4596cd791cf25c2e3be094fbed422c8ea71bba5088165fa51c3f55bc98a05b1,-0.53435115386761822,2.6573239003655753,2.6573239003655753,10.186789651814459,10.186789651814459,0,3.1916750542331935,3.1916750542331935,0
Inflation,PCEPI,2,mid_month,2025-04,Inflation Bridge Ridge,Inflation Bridge Ridge,2025-04-15,fe544582802ce78164d2f9946be70ae8f561acf20ee60340ea51cdc031bfad68,1.201745492554096,2.7845953328967354,2.7845953328967354,2.505413617072719,2.505413617072719,0,1.5828498403426394,1.5828498403426394,0
Inflation,PCEPI,2,mid_month,2025-05,Inflation Bridge Ridge,Inflation Bridge Ridge,2025-05-15,beb2033f3f4408775fdb588cf33aa1c013f251b8121752be6abcc6971daabee5,1.6282550732857004,3.655057205750369,3.655057205750369,4.1079268841633283,4.1079268841633283,0,2.0268021324646686,2.0268021324646686,0
Inflation,PCEPI,2,mid_month,2025-06,Inflation Bridge Ridge,Inflation Bridge Ridge,2025-06-15,1deb686f98f2c1468c9d8e9a93f2d32fd49221c0670748676ff98f18ce5f4847,3.3613467356538251,4.9881211500246732,4.9881211500246732,2.6463949952516157,2.6463949952516157,0,1.626774414370848,1.626774414370848,0
Inflation,PCEPI,2,mid_month,2025-07,Inflation Bridge Ridge,Inflation Bridge Ridge,2025-07-15,d5a81ce68e562b1b92e44ba335e058dbb779bc21f2c1956ad31a4af9bcaa6c51,2.3685838825748817,6.7170431752163555,6.7170431752163555,18.909098219759986,18.909098219759986,0,4.3484592926414738,4.3484592926414738,0
Inflation,PCEPI,2,mid_month,2025-08,Inflation Bridge Ridge,Inflation Bridge Ridge,2025-08-15,e47c815a59b47610b59e20d6e220a73ba12cec1a412d75391fea041062127ff1,3.1718828697414381,4.4044624285462604,4.4044624285462604,1.5192523687834905,1.5192523687834905,0,1.2325795588048223,1.2325795588048223,0
Inflation,PCEPI,2,mid_month,2025-09,Inflation Bridge Ridge,Inflation Bridge Ridge,2025-09-15,8fa2211d8d49c444f0fa6a3540e6d69708634a565703c8a53134dad86b3cd623,3.2199871816310122,3.3972914613952527,3.3972914613952527,0.031436807622716084,0.031436807622716084,0,0.17730427976424057,0.17730427976424057,0
Inflation,PCEPI,2,mid_month,2025-10,Inflation Bridge Ridge,Inflation Bridge Ridge,2025-10-15,c6c5f41d3f5eaa0a763e2e8adc74c8f91044cce653da16ab169e850e99ccb5e0,1.9072005517838164,2.8161650278721355,2.8161650278721355,0.82621641879051244,0.82621641879051244,0,0.9089644760883191,0.9089644760883191,0
Inflation,PCEPI,2,mid_month,2025-11,Inflation Bridge Ridge,Inflation Bridge Ridge,2025-11-15,a30b24c3aec0c444516e10ac972a8f39f5ca6f30519ff5671d4d5ed7d8868b9c,2.4851427874558851,1.7915181156633864,1.7915181156633864,0.48111518531925163,0.48111518531925163,0,0.69362467179249876,0.69362467179249876,0
Inflation,PCEPI,2,mid_month,2025-12,Inflation Bridge Ridge,Inflation Bridge Ridge,2025-12-15,3389a3ec5508babdfe1230051c4ba6510ad8f8da1e4dd7149f40c47c5df03f07,4.2624502468136427,3.2433380468385371,3.2433380468385371,1.0385896761380997,1.0385896761380997,0,1.0191121999751056,1.0191121999751056,0
Inflation,PCEPI,2,mid_month,2026-02,Inflation Bridge Ridge,Inflation Bridge Ridge,2026-02-15,cd51542895b567294160f02ecc7906eed6b35270ef578fe4677bf606ed4c31e6,4.4951177501893369,4.3086759596206425,4.3086759596206425,0.034760541270460889,0.034760541270460889,0,0.18644179056869437,0.18644179056869437,0
Inflation,PCEPI,2,mid_month,2026-03,Inflation Bridge Ridge,Inflation Bridge Ridge,2026-03-15,a716019482770d8d4f56e8c48b980d939a63d38b3494709513c425e46466b436,7.9437456213664603,4.5214186407291859,4.5214186407291859,11.712321962397844,11.712321962397844,0,3.4223269806372745,3.4223269806372745,0
Inflation,PCEPI,2,mid_month,2026-04,Inflation Bridge Ridge,Inflation Bridge Ridge,2026-04-15,0f309fffb4256000594f4a61b6cf248566025fd62a7ee11ec444b991e5dc2ea8,4.7856219395313815,6.5729435373133915,6.5729435373133915,3.1945184938980371,3.1945184938980371,0,1.7873215977820101,1.7873215977820101,0
Inflation,PCEPI,2,mid_month,2026-05,Inflation Bridge Ridge,Inflation Bridge Ridge,2026-05-15,09c0637b340d3561ff0b0bb18908b61a785ebba2ab34b086e758b763931bda60,5.3858700130746229,5.7106213243457091,5.7106213243457091,0.10546341417228995,0.10546341417228995,0,0.32475131127108625,0.32475131127108625,0
Inflation,PCEPI,3,month_end,2023-02,Inflation Bridge Ridge,Inflation Bridge Ridge,2023-02-28,cb70f1083227814a12434e0b70c1200ca41999978ef528db99612996b9f10dfd,3.1517949298315528,3.0360676939443927,3.0360676939443927,0.01339279312608241,0.01339279312608241,0,0.11572723588716016,0.11572723588716016,0
Inflation,PCEPI,3,month_end,2023-03,Inflation Bridge Ridge,Inflation Bridge Ridge,2023-03-31,dbd9eef0029676b046856fff4475ab9b8493c33323f171e88807ce15d8dfd6c8,0.91193354873695398,2.9449606843327785,2.9449606843327785,4.133199334068963,4.133199334068963,0,2.0330271355958245,2.0330271355958245,0
Inflation,PCEPI,3,month_end,2023-04,Inflation Bridge Ridge,Inflation Bridge Ridge,2023-04-30,b21663aae72afaada0e5e4c60247f75fc2908ae0e0a8fac2b14e3eb37a170755,4.3590925437339223,1.2441291201757454,1.2441291201757454,9.7029971301052775,9.7029971301052775,0,3.1149634235581769,3.1149634235581769,0
Inflation,PCEPI,3,month_end,2023-05,Inflation Bridge Ridge,Inflation Bridge Ridge,2023-05-31,d1d37f7b62b103a5c74d2bf435831aaeb9e86c1d4234ce128b98eb56d3f035b8,1.5410617006217819,3.904137367586455,3.904137367586455,5.5841266078005347,5.5841266078005347,0,2.3630756669646731,2.3630756669646731,0
Inflation,PCEPI,3,month_end,2023-06,Inflation Bridge Ridge,Inflation Bridge Ridge,2023-06-30,b92ae93bc8ff4e7485c1447cd9cb23ba00c85f6fed425f139954b509402dc803,1.9358574497093883,1.918701251894233,1.918701251894233,0.00029433512347274007,0.00029433512347274007,0,0.017156197815155316,0.017156197815155316,0
Inflation,PCEPI,3,month_end,2023-07,Inflation Bridge Ridge,Inflation Bridge Ridge,2023-07-31,8abf16ba027a6d7454bffeb54143bf215ce42b236ff9002b8da5a7bc61e1a7e1,2.5544057811611509,2.0646986880000435,2.0646986880000435,0.23981303709230151,0.23981303709230151,0,0.48970709316110739,0.48970709316110739,0
Inflation,PCEPI,3,month_end,2023-08,Inflation Bridge Ridge,Inflation Bridge Ridge,2023-08-31,c299c45efa306601544e041365cc364368d1840074da8d2a35e92e74b808789c,4.721852085725331,3.3275475428019958,3.3275475428019958,1.9440851584166505,1.9440851584166505,0,1.3943045429233352,1.3943045429233352,0
Inflation,PCEPI,3,month_end,2023-09,Inflation Bridge Ridge,Inflation Bridge Ridge,2023-09-30,a8b9090e854655e2a7df78c3a56653fd01ce034c9dc56dbec062b83091192828,4.269709166791813,3.6355534410087333,3.6355534410087333,0.4021534845434645,0.4021534845434645,0,0.63415572578307966,0.63415572578307966,0
Inflation,PCEPI,3,month_end,2023-10,Inflation Bridge Ridge,Inflation Bridge Ridge,2023-10-31,2949285386a43565a033f492f774a76efe02f8f074faff23a4539ac02b94dea7,0.59330065894869222,5.1463744215294325,5.1463744215294325,20.730480687501139,20.730480687501139,0,4.5530737625807403,4.5530737625807403,0
Inflation,PCEPI,3,month_end,2023-11,Inflation Bridge Ridge,Inflation Bridge Ridge,2023-11-30,10b81e01adda2a8d5cfb24c7264c7fc5a0a37d36fb8da475fa1bd9f9b40dd447,-0.860920908897711,2.5206203151082285,2.5206203151082285,11.434821049651587,11.434821049651587,0,3.3815412240059395,3.3815412240059395,0
Inflation,PCEPI,3,month_end,2023-12,Inflation Bridge Ridge,Inflation Bridge Ridge,2023-12-31,f7b61655455882d5c1efa87a7335a050e0b97a1ca437ec972e0b8e402ece3e3e,2.0079217012643369,2.2138609303166317,2.2138609303166317,0.042410966062653536,0.042410966062653536,0,0.20593922905229478,0.20593922905229478,0
Inflation,PCEPI,3,month_end,2024-01,Inflation Bridge Ridge,Inflation Bridge Ridge,2024-01-31,bd4850b054c3eb496d5f50f993746b4865bae6c15ef731f72f55168c4d365e20,4.1328162960482473,3.0147876069679098,3.0147876069679098,1.249988149606698,1.249988149606698,0,1.1180286890803375,1.1180286890803375,0
Inflation,PCEPI,3,month_end,2024-02,Inflation Bridge Ridge,Inflation Bridge Ridge,2024-02-29,94b0121ab2e59c8cd66e8ebbe56a6b7f55071b97d156e84142e41ce7c1772b2f,3.9898815716419733,3.6420905116992159,3.6420905116992159,0.12095862137610666,0.12095862137610666,0,0.34779105994275739,0.34779105994275739,0
Inflation,PCEPI,3,month_end,2024-03,Inflation Bridge Ridge,Inflation Bridge Ridge,2024-03-31,2c9265b86c22ac75b6b440afc4255aaaf6e9144c87eb36fe2f27cf8020b2bd66,3.86713396031233,3.4641148750714836,3.4641148750714836,0.16242438306836862,0.16242438306836862,0,0.4030190852408464,0.4030190852408464,0
Inflation,PCEPI,3,month_end,2024-04,Inflation Bridge Ridge,Inflation Bridge Ridge,2024-04-30,2bc305f36c3ba0e98f4ecc69dc238a3f07b3bf0a383760a4532ed7ac5ba82ab7,3.0752100527589477,3.0159550536735309,3.0159550536735309,0.0035111549166127408,0.0035111549166127408,0,0.05925499908541676,0.05925499908541676,0
Inflation,PCEPI,3,month_end,2024-05,Inflation Bridge Ridge,Inflation Bridge Ridge,2024-05-31,c7e6964b907aa355aff058ac24e3731618d442b832672a50e47f940da5d99bae,-0.097480930346449668,2.3263448862219218,2.3263448862219218,5.8749315890633325,5.8749315890633325,0,2.4238258165683715,2.4238258165683715,0
Inflation,PCEPI,3,month_end,2024-06,Inflation Bridge Ridge,Inflation Bridge Ridge,2024-06-30,f61e25d323addbc947aef69d4a6645eee37fe34e04218f81f074d92d6f25fdbc,0.94484742430545055,2.095041496431044,2.095041496431044,1.3229464035528549,1.3229464035528549,0,1.1501940721255934,1.1501940721255934,0
Inflation,PCEPI,3,month_end,2024-07,Inflation Bridge Ridge,Inflation Bridge Ridge,2024-07-31,4444c837b9e1bb7e2369c4e3f7525b22b8b23c68632f7995ae7f6e154980a9b5,1.8591450193301995,1.861066474463003,1.861066474463003,3.691989827376942e-06,3.691989827376942e-06,0,0.0019214551328035068,0.0019214551328035068,0
Inflation,PCEPI,3,month_end,2024-08,Inflation Bridge Ridge,Inflation Bridge Ridge,2024-08-31,975f0f7bce29d3578fe95867292a231210d9665e24b282f3c98cd445a4013738,1.0872555632399639,2.1951627397699576,2.1951627397699576,1.2274583118066626,1.2274583118066626,0,1.1079071765299937,1.1079071765299937,0
Inflation,PCEPI,3,month_end,2024-09,Inflation Bridge Ridge,Inflation Bridge Ridge,2024-09-30,b6bee9ad676dc47da00976fdab4f72e2dff4dfe25f601d84c903e65ea49d6619,2.1030278800367341,0.85293564158874302,0.85293564158874302,1.562730604627909,1.562730604627909,0,1.2500922384479911,1.2500922384479911,0
Inflation,PCEPI,3,month_end,2024-10,Inflation Bridge Ridge,Inflation Bridge Ridge,2024-10-31,315aa6a0e3c63760a0afafac1887fe823da9d7b61d94e35e52efe814a60bb91c,2.853033899934232,1.75144625366997,1.75144625366997,1.2134953424020367,1.2134953424020367,0,1.101587646264262,1.101587646264262,0
Inflation,PCEPI,3,month_end,2024-11,Inflation Bridge Ridge,Inflation Bridge Ridge,2024-11-30,f67b4451a859fc166da895fd1d8dccc8037ac41a1e16090faf7e836d82e4ef22,1.5349653145793951,3.061414227230292,3.061414227230292,2.3300462829331052,2.3300462829331052,0,1.5264489126508969,1.5264489126508969,0
Inflation,PCEPI,3,month_end,2024-12,Inflation Bridge Ridge,Inflation Bridge Ridge,2024-12-31,8574a194618655b44eb397389c5b4a7bce7898daa54e9edad0c97cb2628ee6d0,3.063929851709446,2.0205431137594685,2.0205431137594685,1.0886558849298951,1.0886558849298951,0,1.0433867379499775,1.0433867379499775,0
Inflation,PCEPI,3,month_end,2025-01,Inflation Bridge Ridge,Inflation Bridge Ridge,2025-01-31,cf745204f8c9d26b75d81c1780ea4f01273605a5ead0b81dc2e61019860aaf1f,3.8984766867979914,2.6451558608176375,2.6451558608176375,1.5708130928360764,1.5708130928360764,0,1.2533208259803539,1.2533208259803539,0
Inflation,PCEPI,3,month_end,2025-02,Inflation Bridge Ridge,Inflation Bridge Ridge,2025-02-28,e26de1349bb35395a2d76fd9e3b5ca4fc45149090d088cbf20a5d243b236d6a0,3.9331903834629145,3.7439837508072946,3.7439837508072946,0.035799149840878682,0.035799149840878682,0,0.18920663265561988,0.18920663265561988,0
Inflation,PCEPI,3,month_end,2025-03,Inflation Bridge Ridge,Inflation Bridge Ridge,2025-03-31,ff1e125c2651ba28a35d3b52ac457f2ffe9b5f311a64fbf6ae36791a2bbc4c93,-0.53435115386761822,2.6548639087741668,2.6548639087741668,10.171092715781244,10.171092715781244,0,3.189215062641785,3.189215062641785,0
Inflation,PCEPI,3,month_end,2025-04,Inflation Bridge Ridge,Inflation Bridge Ridge,2025-04-30,01869ca8e91ca3e95bec284761aedf74b03544d1243f3e2a886db2375c506dae,1.201745492554096,2.2947542507569776,2.2947542507569776,1.1946681455082053,1.1946681455082053,0,1.0930087582028816,1.0930087582028816,0
Inflation,PCEPI,3,month_end,2025-05,Inflation Bridge Ridge,Inflation Bridge Ridge,2025-05-31,1f607479c05382ea374c7b50f04d5f017c832d7641854a9de18ecb19cdac9ad8,1.6282550732857004,3.3079411463002741,3.3079411463002741,2.8213453038791201,2.8213453038791201,0,1.6796860730145737,1.6796860730145737,0
Inflation,PCEPI,3,month_end,2025-06,Inflation Bridge Ridge,Inflation Bridge Ridge,2025-06-30,3a596ce8bd19787adfea2353c83c68ff87059b095ef44b36309a152b1ded1535,3.3613467356538251,4.5341896461632327,4.5341896461632327,1.3755604927321783,1.3755604927321783,0,1.1728429105094076,1.1728429105094076,0
Inflation,PCEPI,3,month_end,2025-07,Inflation Bridge Ridge,Inflation Bridge Ridge,2025-07-31,c599993131755f7f523fd9c095d4570ed3be10d315a40a0314e17e5506ec8fbc,2.3685838825748817,6.6069770783249258,6.6069770783249258,17.963976881780273,17.963976881780273,0,4.238393195750044,4.238393195750044,0
Inflation,PCEPI,3,month_end,2025-08,Inflation Bridge Ridge,Inflation Bridge Ridge,2025-08-31,b1a9e98e2e3262cc13c5b11665f2077ce68ca878b5a5c06b399ce23652bfce39,3.1718828697414381,4.0118406200436327,4.0118406200436327,0.70552902229272396,0.70552902229272396,0,0.83995775030219466,0.83995775030219466,0
Inflation,PCEPI,3,month_end,2025-09,Inflation Bridge Ridge,Inflation Bridge Ridge,2025-09-30,4951a7a0c610a8376679beb26661d0117edd1c1a5c25f1d918cbe313039d1f5a,3.2199871816310122,3.681746966245016,3.681746966245016,0.21322209868677117,0.21322209868677117,0,0.4617597846140038,0.4617597846140038,0
Inflation,PCEPI,3,month_end,2025-10,Inflation Bridge Ridge,Inflation Bridge Ridge,2025-10-31,8995f69569616b837ffa6c9c7e80cfd607ac6237363941ecf7e07ae5cc8ac4c2,1.9072005517838164,1.9435426692907678,1.9435426692907678,0.0013207495048890617,0.0013207495048890617,0,0.036342117506951377,0.036342117506951377,0
Inflation,PCEPI,3,month_end,2025-11,Inflation Bridge Ridge,Inflation Bridge Ridge,2025-11-30,97aef115dc6f92dced31def01056939bfb7aab522f4603e63143a71eb9ae46ff,2.4851427874558851,2.8081554519237124,2.8081554519237124,0.10433718140660517,0.10433718140660517,0,0.32301266446782728,0.32301266446782728,0
Inflation,PCEPI,3,month_end,2025-12,Inflation Bridge Ridge,Inflation Bridge Ridge,2025-12-31,dc60f4cd3bce75ce0efc64f31e6f9de8061443310b9ae870ddf49df14f2cfbde,4.2624502468136427,3.2807346083798028,3.2807346083798028,0.96376559474556189,0.96376559474556189,0,0.98171563843383991,0.98171563843383991,0
Inflation,PCEPI,3,month_end,2026-01,Inflation Bridge Ridge,Inflation Bridge Ridge,2026-01-31,0736c15c75330e9d810eac066a22ee0073738685446c386b435a850ed06dd859,3.298343588451047,3.8078377764552411,3.8078377764552411,0.25958432761005307,0.25958432761005307,0,0.5094941880041941,0.5094941880041941,0
Inflation,PCEPI,3,month_end,2026-02,Inflation Bridge Ridge,Inflation Bridge Ridge,2026-02-28,41bd86fc73bf948e4c3bf08a2672d2e03a1e39f36302592e36cea3ecf9c33843,4.4951177501893369,3.88999986264932,3.88999986264932,0.36616765782089261,0.36616765782089261,0,0.60511788754001694,0.60511788754001694,0
Inflation,PCEPI,3,month_end,2026-03,Inflation Bridge Ridge,Inflation Bridge Ridge,2026-03-31,81bd444227eff91c88ecdb6492c29771f11ab96aa5a422e5d09a72f1e610316e,7.9437456213664603,4.7527733782429351,4.7527733782429351,10.182303856384783,10.182303856384783,0,3.1909722431235252,3.1909722431235252,0
Inflation,PCEPI,3,month_end,2026-04,Inflation Bridge Ridge,Inflation Bridge Ridge,2026-04-30,d2bcf6a3dd2d72ab4fdfc3aea17e5d3513254a63dba602b2c252f030c6a9ced3,4.7856219395313815,6.8037525382382213,6.8037525382382213,4.0728511134368279,4.0728511134368279,0,2.0181305987068399,2.0181305987068399,0
Inflation,PCEPI,3,month_end,2026-05,Inflation Bridge Ridge,Inflation Bridge Ridge,2026-05-31,553bf3f082f734a2a8963337ee9d14d499e35a41ec8fb28aeac183d8744b1f4c,5.3858700130746229,5.5907847680997289,5.5907847680997289,0.041990056826999217,0.041990056826999217,0,0.20491475502510603,0.20491475502510603,0
Inflation,PCEPI,4,pre_release,2023-02,Inflation Bridge Ridge,Inflation Bridge Ridge,2023-03-30,f18c27cb48b63da3f062cf3ae7d98aa879ff09f8ebd0f6bb1f92236556421c31,3.1517949298315528,2.8986421630198387,2.8986421630198387,0.064086323344426127,0.064086323344426127,0,0.25315276681171417,0.25315276681171417,0
Inflation,PCEPI,4,pre_release,2023-03,Inflation Bridge Ridge,Inflation Bridge Ridge,2023-04-27,29097ad9b5073a41f06fb341aa7f7cc04a72b8b4188a6b90617f5b8b92785f49,0.91193354873695398,3.1523108623372504,3.1523108623372504,5.0192905072948815,5.0192905072948815,0,2.2403773136002965,2.2403773136002965,0
Inflation,PCEPI,4,pre_release,2023-04,Inflation Bridge Ridge,Inflation Bridge Ridge,2023-05-25,090681ae626b03fd705b63a1dc68229c5998bb9977f3b78cd57de0d0a37edcf2,4.3590925437339223,1.4991735144775726,1.4991735144775726,8.1791368539025822,8.1791368539025822,0,2.8599190292563499,2.8599190292563499,0
Inflation,PCEPI,4,pre_release,2023-05,Inflation Bridge Ridge,Inflation Bridge Ridge,2023-06-29,56d9fa514efeac808f233e9604b3a29b4ebc18aa9e28a7b6dffb56cf73731141,1.5410617006217819,3.8333407117633245,3.8333407117633245,5.254543064920048,5.254543064920048,0,2.2922790111415425,2.2922790111415425,0
Inflation,PCEPI,4,pre_release,2023-06,Inflation Bridge Ridge,Inflation Bridge Ridge,2023-07-27,09b0df7d3b2489924b28454ae3093b018e7154d1730fba4562453c6c00d7d830,1.9358574497093883,1.6364333875733403,1.6364333875733403,0.08965476898605193,0.08965476898605193,0,0.299424062136048,0.299424062136048,0
Inflation,PCEPI,4,pre_release,2023-07,Inflation Bridge Ridge,Inflation Bridge Ridge,2023-08-30,8064fe024cfb5d10725c6fee6bf417f2402ae91f2306b3b66708ab97f942cf67,2.5544057811611509,2.1782310097524142,2.1782310097524142,0.1415074586444153,0.1415074586444153,0,0.37617477140873667,0.37617477140873667,0
Inflation,PCEPI,4,pre_release,2023-08,Inflation Bridge Ridge,Inflation Bridge Ridge,2023-09-28,dd02531d2f17ef234098f9bba8c7a8d9025b577d74fadd26a2cd04f8bb9500a5,4.721852085725331,3.2927005180547146,3.2927005180547146,2.0424742033753804,2.0424742033753804,0,1.4291515676706164,1.4291515676706164,0
Inflation,PCEPI,4,pre_release,2023-09,Inflation Bridge Ridge,Inflation Bridge Ridge,2023-10-26,10c23c386dbc4cecb90a813dd8c10c2f628bc36d10ed2fd4ebee43d33029bbcc,4.269709166791813,3.9891792432148696,3.9891792432148696,0.078697038022085705,0.078697038022085705,0,0.2805299235769434,0.2805299235769434,0
Inflation,PCEPI,4,pre_release,2023-10,Inflation Bridge Ridge,Inflation Bridge Ridge,2023-11-29,1eade0273f3f46e6428c1160b72768021434ff136af13d22a98105782650ec41,0.59330065894869222,5.290955210081556,5.290955210081556,22.067958281779308,22.067958281779308,0,4.6976545511328638,4.6976545511328638,0
Inflation,PCEPI,4,pre_release,2023-11,Inflation Bridge Ridge,Inflation Bridge Ridge,2023-12-21,80167160ef7eb08ebf3c8a898b98d14c9aba76e419f9a1024b63f58a2c02537c,-0.860920908897711,2.4885743160202125,2.4885743160202125,11.219118261747971,11.219118261747971,0,3.3494952249179235,3.3494952249179235,0
Inflation,PCEPI,4,pre_release,2023-12,Inflation Bridge Ridge,Inflation Bridge Ridge,2024-01-25,9a266eeee56fe1c97f50071e007c9688b9548475e73a1ca8b42d4ea8fdeb90e7,2.0079217012643369,2.2612406770855902,2.2612406770855902,0.064170503511128713,0.064170503511128713,0,0.25331897582125329,0.25331897582125329,0
Inflation,PCEPI,4,pre_release,2024-01,Inflation Bridge Ridge,Inflation Bridge Ridge,2024-02-28,4a80c6259c94adcc0c0cb7f634e570a85306241b54e976d50e2d2e2e9957bd2a,4.1328162960482473,3.1088011518912086,3.1088011518912086,1.0486070154629605,1.0486070154629605,0,1.0240151441570386,1.0240151441570386,0
Inflation,PCEPI,4,pre_release,2024-02,Inflation Bridge Ridge,Inflation Bridge Ridge,2024-03-28,4f4e7f91a64bd975e81a2454a36631701afe9b359ec97445e1c7ee7fcb03072d,3.9898815716419733,3.7068046001875357,3.7068046001875357,0.080132571767816518,0.080132571767816518,0,0.28307697145443766,0.28307697145443766,0
Inflation,PCEPI,4,pre_release,2024-03,Inflation Bridge Ridge,Inflation Bridge Ridge,2024-04-25,43a68da20840f683bc7f8e65f81aced8d7d68c35cea1780f398bd53baa023732,3.86713396031233,3.5427239703356275,3.5427239703356275,0.10524184159668426,0.10524184159668426,0,0.32440998997670256,0.32440998997670256,0
Inflation,PCEPI,4,pre_release,2024-04,Inflation Bridge Ridge,Inflation Bridge Ridge,2024-05-30,1daadabbd579d87990dc805c584632fa97f3e043b7a911b9c4a17d40fdd3d09b,3.0752100527589477,2.8731601315984152,2.8731601315984152,0.040824170640977375,0.040824170640977375,0,0.20204992116053244,0.20204992116053244,0
Inflation,PCEPI,4,pre_release,2024-05,Inflation Bridge Ridge,Inflation Bridge Ridge,2024-06-27,f7738a0ded3772665e08dc685517f855a7c555aea2f28e9d1b33db4abac55a2c,-0.097480930346449668,2.4276512811163395,2.4276512811163395,6.3762926853669564,6.3762926853669564,0,2.5251322114627892,2.5251322114627892,0
Inflation,PCEPI,4,pre_release,2024-06,Inflation Bridge Ridge,Inflation Bridge Ridge,2024-07-25,6818b9c66ea138eb09f60ccff4d558b4bbe0f789914b5eafbc5ed0068e10f2a6,0.94484742430545055,2.1618930017934876,2.1618930017934876,1.4811999376831897,1.4811999376831897,0,1.2170455774880371,1.2170455774880371,0
Inflation,PCEPI,4,pre_release,2024-07,Inflation Bridge Ridge,Inflation Bridge Ridge,2024-08-29,6f10ec17ab2445f64ecfd3fb89c58bc203bc3e319b2f02cc6b0232fde7ec6115,1.8591450193301995,1.8816747884267095,1.8816747884267095,0.00050759049554205946,0.00050759049554205946,0,0.022529769096510055,0.022529769096510055,0
Inflation,PCEPI,4,pre_release,2024-08,Inflation Bridge Ridge,Inflation Bridge Ridge,2024-09-26,612501246cdbbb670b24503a02b42f6a19c3c7be782b1193010f1bb84ec6afa4,1.0872555632399639,2.1430367182339385,2.1430367182339385,1.114673847240411,1.114673847240411,0,1.0557811549939746,1.0557811549939746,0
Inflation,PCEPI,4,pre_release,2024-09,Inflation Bridge Ridge,Inflation Bridge Ridge,2024-10-30,3ff0a5780a5a9483314e40a28f3400533417752a371907c1525cf16982b56a47,2.1030278800367341,0.97219191532237703,0.97219191532237703,1.2787899790914508,1.2787899790914508,0,1.1308359647143571,1.1308359647143571,0
Inflation,PCEPI,4,pre_release,2024-10,Inflation Bridge Ridge,Inflation Bridge Ridge,2024-11-26,45d862156b94a6a7f03b2ec671d97b083759df6b695448b894d0663e46c6d49e,2.853033899934232,1.679643055743907,1.679643055743907,1.3768460732296834,1.3768460732296834,0,1.1733908441903249,1.1733908441903249,0
Inflation,PCEPI,4,pre_release,2024-11,Inflation Bridge Ridge,Inflation Bridge Ridge,2024-12-19,5366330acbda0d3c13de32d32063810fb729fef576f4ee00324557eb5cb4f532,1.5349653145793951,3.3409161528174893,3.3409161528174893,3.2614584301328753,3.2614584301328753,0,1.8059508382380942,1.8059508382380942,0
Inflation,PCEPI,4,pre_release,2024-12,Inflation Bridge Ridge,Inflation Bridge Ridge,2025-01-30,c766b855d0a50b79bbedcd8f0ee9924231cbd4cf8f28037b1b73905895da46ed,3.063929851709446,1.9273028297916242,1.9273028297916242,1.2919209869537767,1.2919209869537767,0,1.1366270219178218,1.1366270219178218,0
Inflation,PCEPI,4,pre_release,2025-01,Inflation Bridge Ridge,Inflation Bridge Ridge,2025-02-27,51e104e77429f239e0a593cd375aac2d25733e53e8f5f909e4db0927b82a2a20,3.8984766867979914,2.4657248096195654,2.4657248096195654,2.0527779415583036,2.0527779415583036,0,1.432751877178426,1.432751877178426,0
Inflation,PCEPI,4,pre_release,2025-02,Inflation Bridge Ridge,Inflation Bridge Ridge,2025-03-27,2675cc36802548a8bf92f8939c4c947ad22507bbf04e34cf68b91118995c7a44,3.9331903834629145,3.7144221511137063,3.7144221511137063,0.047859539485197132,0.047859539485197132,0,0.21876823234920817,0.21876823234920817,0
Inflation,PCEPI,4,pre_release,2025-03,Inflation Bridge Ridge,Inflation Bridge Ridge,2025-04-29,aa66a4e9b18cbddefea26b46a68b1d05331715d962e78aa33e3770b56f600abd,-0.53435115386761822,2.6196511896455914,2.6196511896455914,9.9477307828868184,9.9477307828868184,0,3.1540023435132096,3.1540023435132096,0
Inflation,PCEPI,4,pre_release,2025-04,Inflation Bridge Ridge,Inflation Bridge Ridge,2025-05-29,dfd4c22c68c07c0c1a1e9da6646723680f1d4ec238c278793ec5d3343fe7e46d,1.201745492554096,2.7949332340941826,2.7949332340941826,2.5382471797936019,2.5382471797936019,0,1.5931877415400866,1.5931877415400866,0
Inflation,PCEPI,4,pre_release,2025-05,Inflation Bridge Ridge,Inflation Bridge Ridge,2025-06-26,3f9e99a93705cfa6498d615ae7b0ef9f3ca9a6d82d96c7912b4fee0cd03e9396,1.6282550732857004,3.455480154938221,3.455480154938221,3.3387514990200606,3.3387514990200606,0,1.8272250816525206,1.8272250816525206,0
Inflation,PCEPI,4,pre_release,2025-06,Inflation Bridge Ridge,Inflation Bridge Ridge,2025-07-30,a5f9d0f0b07b798a9a65afa1708af887f721ac169883be36d0ca5a3487c22206,3.3613467356538251,4.6319223168749026,4.6319223168749026,1.6143623075952789,1.6143623075952789,0,1.2705755812210775,1.2705755812210775,0
Inflation,PCEPI,4,pre_release,2025-07,Inflation Bridge Ridge,Inflation Bridge Ridge,2025-08-28,65ae5950d21ad83a6eb71fe44a26e015be00c45db3373d6a2338d70214f49180,2.3685838825748817,6.7703059387954827,6.7703059387954827,19.375157060218914,19.375157060218914,0,4.401722056220601,4.401722056220601,0
Inflation,PCEPI,4,pre_release,2025-08,Inflation Bridge Ridge,Inflation Bridge Ridge,2025-09-25,5c470165df67edfa0f98501880808cce8a280e8511d55c0989d8c7bee4edb323,3.1718828697414381,3.7823732234040621,3.7823732234040621,0.37269847191511579,0.37269847191511579,0,0.61049035366262405,0.61049035366262405,0
Inflation,PCEPI,4,pre_release,2025-09,Inflation Bridge Ridge,Inflation Bridge Ridge,2025-12-04,ffe372b3361af0436cf015ec125f471c45ae765daaf6db38fae4fe45dd403c52,3.2199871816310122,4.0409638341439829,4.0409638341439829,0.67400266397140307,0.67400266397140307,0,0.82097665251297069,0.82097665251297069,0
Inflation,PCEPI,4,pre_release,2025-10,Inflation Bridge Ridge,Inflation Bridge Ridge,2026-01-21,7fd9ac3d0967c686efc22d6efd14b3dba883f3940746a7f120c105669eb618b6,1.9072005517838164,2.5955207280138888,2.5955207280138888,0.47378466500539784,0.47378466500539784,0,0.68832017623007236,0.68832017623007236,0
Inflation,PCEPI,4,pre_release,2025-11,Inflation Bridge Ridge,Inflation Bridge Ridge,2026-01-21,7fd9ac3d0967c686efc22d6efd14b3dba883f3940746a7f120c105669eb618b6,2.4851427874558851,3.2013883837068811,3.2013883837068811,0.51300775414894473,0.51300775414894473,0,0.71624559625099593,0.71624559625099593,0
Inflation,PCEPI,4,pre_release,2025-12,Inflation Bridge Ridge,Inflation Bridge Ridge,2026-02-19,3622390db633fb07272e56cac8b8affccada5719daa520693b1bb1b5c71750e4,4.2624502468136427,3.4838381831808403,3.4838381831808403,0.60623674563453123,0.60623674563453123,0,0.77861206363280244,0.77861206363280244,0
Inflation,PCEPI,4,pre_release,2026-01,Inflation Bridge Ridge,Inflation Bridge Ridge,2026-03-12,99d38e269cf3025e327a5fa9b27e0361e14543f262ba6a2f12fcd662154e56e0,3.298343588451047,3.6381999663876536,3.6381999663876536,0.11550235762418959,0.11550235762418959,0,0.33985637793660661,0.33985637793660661,0
Inflation,PCEPI,4,pre_release,2026-02,Inflation Bridge Ridge,Inflation Bridge Ridge,2026-04-08,906d03539627b9cbf66ccd44a0e1f99dbce9a037f9549c918529dd3158256644,4.4951177501893369,3.7655576176931915,3.7655576176931915,0.53225798692779325,0.53225798692779325,0,0.72956013249614537,0.72956013249614537,0
Inflation,PCEPI,4,pre_release,2026-03,Inflation Bridge Ridge,Inflation Bridge Ridge,2026-04-29,24eb3ff77ceab4a4b4036721aeff07bd8b28c3685a4a313d23e0ef731054b634,7.9437456213664603,4.499710668308289,4.499710668308289,11.861376757886401,11.861376757886401,0,3.4440349530581713,3.4440349530581713,0
Inflation,PCEPI,4,pre_release,2026-04,Inflation Bridge Ridge,Inflation Bridge Ridge,2026-05-27,8e8a11d4ecb1d5893322150856bafdaab66150218314885da4a5acca20ab1b1f,4.7856219395313815,6.9660567515618457,6.9660567515618457,4.7542959695143256,4.7542959695143256,0,2.1804348120304642,2.1804348120304642,0
Inflation,PCEPI,4,pre_release,2026-05,Inflation Bridge Ridge,Inflation Bridge Ridge,2026-06-24,45ffd06e4a40c3554161f6121d49026c4b88f646d0ab65040ac6d57149e459d7,5.3858700130746229,5.3715549149774784,5.3715549149774784,0.00020492203353086966,0.00020492203353086966,0,0.014315098097144485,0.014315098097144485,0
Inflation,PCEPILFE,1,month_open,2023-02,Inflation Bridge Ridge,Inflation Bridge Ridge,2023-02-01,30bd2a746b5627992ad31d6598e4a35a8669f48041c568df44c48cf034f7b626,3.5927744819368002,3.6242534588784245,3.6242534588784245,0.00099092598929131958,0.00099092598929131958,0,0.031478976941624381,0.031478976941624381,0
Inflation,PCEPILFE,1,month_open,2023-03,Inflation Bridge Ridge,Inflation Bridge Ridge,2023-03-01,db99f1f4d4d3334eaef59b89950f48ee9bb1f8678fcf1d30d0bfaa5b720ee4df,3.3620345288436937,4.6595101618044676,4.6595101618044676,1.6834430181269611,1.6834430181269611,0,1.297475632960774,1.297475632960774,0
Inflation,PCEPILFE,1,month_open,2023-04,Inflation Bridge Ridge,Inflation Bridge Ridge,2023-04-01,32673152a99d3263f3f9ed8560cc6ba755c24bb424dae7e956134f442cc46d9a,4.554585141444889,3.2654754144011613,3.2654754144011613,1.6618038883587543,1.6618038883587543,0,1.2891097270437277,1.2891097270437277,0
Inflation,PCEPILFE,1,month_open,2023-05,Inflation Bridge Ridge,Inflation Bridge Ridge,2023-05-01,c40dc0e288acf44de093f257dd91ced1a042449c69581796e5c72d64a383200e,3.770491061349901,3.0481480458652217,3.0481480458652217,0.52177943201949961,0.52177943201949961,0,0.72234301548467927,0.72234301548467927,0
Inflation,PCEPILFE,1,month_open,2023-06,Inflation Bridge Ridge,Inflation Bridge Ridge,2023-06-01,7651bf41614253de85a8ccd1403b43ce653e69223fde0edfebb94e51992102ba,1.9843224364830547,3.3009235670685637,3.3009235670685637,1.7334385370590404,1.7334385370590404,0,1.316601130585509,1.316601130585509,0
Inflation,PCEPILFE,1,month_open,2023-07,Inflation Bridge Ridge,Inflation Bridge Ridge,2023-07-01,772d853be45298023544f2d92b64ba3a8f809b150ffaa189716d3bcf8d0d4e4d,2.587969751250796,3.6206979745649881,3.6206979745649881,1.0665275832296879,1.0665275832296879,0,1.0327282233141921,1.0327282233141921,0
Inflation,PCEPILFE,1,month_open,2023-08,Inflation Bridge Ridge,Inflation Bridge Ridge,2023-08-01,14e5e80143efbaecbec28ae3af68a385e1236611e647b34a42dcabbed821774f,1.7367228667325207,1.9208254838887413,1.9208254838887413,0.033893773643769914,0.033893773643769914,0,0.18410261715622056,0.18410261715622056,0
Inflation,PCEPILFE,1,month_open,2023-09,Inflation Bridge Ridge,Inflation Bridge Ridge,2023-09-01,b85a328ae132025b941fa72de3c6759b46734f451777c72148c74dfd12a5e3ce,3.5771121539678319,3.2351885626269943,3.2351885626269943,0.11691174231541612,0.11691174231541612,0,0.34192359134083761,0.34192359134083761,0
Inflation,PCEPILFE,1,month_open,2023-10,Inflation Bridge Ridge,Inflation Bridge Ridge,2023-10-01,3a26df0d3895e07bab51d56556b6001227ed70942d6dda4e93c5ebce84cdeebc,1.9598534466631179,2.7861230288553873,2.7861230288553873,0.6827214224561875,0.6827214224561875,0,0.82626958219226943,0.82626958219226943,0
Inflation,PCEPILFE,1,month_open,2023-11,Inflation Bridge Ridge,Inflation Bridge Ridge,2023-11-01,a5393d6ec69e1d357cf1f32af81147b0f60146446a8004226b89cc12f838810d,0.69967933346966049,3.7556095101591773,3.7556095101591773,9.3387092448016222,9.3387092448016222,0,3.0559301766895168,3.0559301766895168,0
Inflation,PCEPILFE,1,month_open,2023-12,Inflation Bridge Ridge,Inflation Bridge Ridge,2023-12-01,743e6919713900b76e677717cd1a66869d15bf5ff291e59b557bcbce3da349f9,2.0567268806672701,1.9331196614103625,1.9331196614103625,0.015278744652425215,0.015278744652425215,0,0.12360721925690754,0.12360721925690754,0
Inflation,PCEPILFE,1,month_open,2024-01,Inflation Bridge Ridge,Inflation Bridge Ridge,2024-01-01,1c9d7a507fb5ecf3beece8ebfe371399356d8179c0ea445c88bafdbb78fed0f5,4.9768647459384141,1.6882827056769956,1.6882827056769956,10.814771835529955,10.814771835529955,0,3.2885820402614185,3.2885820402614185,0
Inflation,PCEPILFE,1,month_open,2024-02,Inflation Bridge Ridge,Inflation Bridge Ridge,2024-02-01,4acd561b9e983aecffffe0fb830530af2b93463dfc296c45ebca9c5842b184ab,3.1337047897789461,2.1080291687477599,2.1080291687477599,1.0520104795777094,1.0520104795777094,0,1.0256756210311861,1.0256756210311861,0
Inflation,PCEPILFE,1,month_open,2024-03,Inflation Bridge Ridge,Inflation Bridge Ridge,2024-03-01,f9ba877379756fdb8fb080f7d9c3d4a9398f93a116a9f04c27f138d329ec8492,3.7950008157764614,4.235304325911752,4.235304325911752,0.19386718103745793,0.19386718103745793,0,0.44030351013529057,0.44030351013529057,0
Inflation,PCEPILFE,1,month_open,2024-04,Inflation Bridge Ridge,Inflation Bridge Ridge,2024-04-01,0765f629012b7882da9b07236737a448cea652d24c7d60f9c5500570f2be42f0,2.9862652209914131,2.6190519470827911,2.6190519470827911,0.13484558853468867,0.13484558853468867,0,0.36721327390862202,0.36721327390862202,0
Inflation,PCEPILFE,1,month_open,2024-05,Inflation Bridge Ridge,Inflation Bridge Ridge,2024-05-01,01c59925fab16ba62b08a4763c2108a3b840145569e7ae080f15c6b5d2a754f9,0.9934874680656236,2.6757553266616769,2.6757553266616769,2.8300251480653507,2.8300251480653507,0,1.6822678585960533,1.6822678585960533,0
Inflation,PCEPILFE,1,month_open,2024-06,Inflation Bridge Ridge,Inflation Bridge Ridge,2024-06-01,8df009ea9d2a3f9378f43651fc146c649cbd57f03acc45894e67af75e79ca32e,2.1798014389048603,2.6157081712935466,2.6157081712935466,0.19001467934178173,0.19001467934178173,0,0.43590673238868627,0.43590673238868627,0
Inflation,PCEPILFE,1,month_open,2024-07,Inflation Bridge Ridge,Inflation Bridge Ridge,2024-07-01,51458cda1e8975e0ed110d3f82c5cf2cf16a0d63c40603694e9ed66d3bc9304b,1.9319964454560079,1.8675150340250353,1.8675150340250353,0.0041578524201303681,0.0041578524201303681,0,0.064481411430972635,0.064481411430972635,0
Inflation,PCEPILFE,1,month_open,2024-08,Inflation Bridge Ridge,Inflation Bridge Ridge,2024-08-01,a112ff08058f0ed6b24978daadcc77bb5ae2d8ab5ba3c1e31f65365a8134444f,1.5637346144796282,2.1048948327149226,2.1048948327149226,0.29285438180047141,0.29285438180047141,0,0.54116021823529437,0.54116021823529437,0
Inflation,PCEPILFE,1,month_open,2024-09,Inflation Bridge Ridge,Inflation Bridge Ridge,2024-09-01,a4f2ce8b6294e6f997b4fa92a73e47d06c9f8dd431c4c1d7c0d58e46b718aec4,3.0422716309459474,1.2003840008236106,1.2003840008236106,3.3925500419976782,3.3925500419976782,0,1.8418876301223368,1.8418876301223368,0
Inflation,PCEPILFE,1,month_open,2024-10,Inflation Bridge Ridge,Inflation Bridge Ridge,2024-10-01,0bde9a780e20438090ae0e0b5c7664c57538f6fb2853ee43e735662b6f0ae5ed,3.2676103922955946,1.9436583315565203,1.9436583315565203,1.7528490591352412,1.7528490591352412,0,1.3239520607390742,1.3239520607390742,0
Inflation,PCEPILFE,1,month_open,2024-11,Inflation Bridge Ridge,Inflation Bridge Ridge,2024-11-01,8fbc267d6510a2526ff236f920e15de7594349e15a1107540271af3c6f63de6b,1.3783286855243659,2.1216382458586565,2.1216382458586565,0.55250910248435625,0.55250910248435625,0,0.74330956033429052,0.74330956033429052,0
Inflation,PCEPILFE,1,month_open,2024-12,Inflation Bridge Ridge,Inflation Bridge Ridge,2024-12-01,6f071f53641ab5669bd9c3e9ac58244f7ce194bf4d227b5a47d3306dd9d31e8c,1.8707672236683237,2.8791556021737943,2.8791556021737943,1.0168471219048922,1.0168471219048922,0,1.0083883785054706,1.0083883785054706,0
Inflation,PCEPILFE,1,month_open,2025-01,Inflation Bridge Ridge,Inflation Bridge Ridge,2025-01-01,389b699d6ba53b4ddc2823f5497c49f5c4f63a4d2e4a79feaff2786ceb71e114,3.4117977999773785,1.2755089324414641,1.2755089324414641,4.5637301255578802,4.5637301255578802,0,2.1362888675359146,2.1362888675359146,0
Inflation,PCEPILFE,1,month_open,2025-02,Inflation Bridge Ridge,Inflation Bridge Ridge,2025-02-01,520eafa0eb29b1e17eb789a2a666532291471ee0160e11583aac20c80f2780e3,4.3732037451999162,2.2522233076205018,2.2522233076205018,4.498558016594564,4.498558016594564,0,2.1209804375794143,2.1209804375794143,0
Inflation,PCEPILFE,1,month_open,2025-03,Inflation Bridge Ridge,Inflation Bridge Ridge,2025-03-01,99002d090aac3c99b6a5e65528af95de7db34a797d8721a66bf57268fba73838,0.33590729178136769,2.8948738965356404,2.8948738965356404,6.5483100842476105,6.5483100842476105,0,2.5589666047542727,2.5589666047542727,0
Inflation,PCEPILFE,1,month_open,2025-04,Inflation Bridge Ridge,Inflation Bridge Ridge,2025-04-01,3fac28a31e3115ea7a05c745cc72d0d68471fb790ec671f5a3fd961496a7d37b,1.3903484217941298,3.1912116018880998,3.1912116018880998,3.2431081934181667,3.2431081934181667,0,1.8008631800939701,1.8008631800939701,0
Inflation,PCEPILFE,1,month_open,2025-05,Inflation Bridge Ridge,Inflation Bridge Ridge,2025-05-01,38513725ec1266da0ac97cd68420c2f9f6030f68252cc43abc3fb2c49d9f5d72,2.143541239825808,2.6049384690894564,2.6049384690894564,0.21288740317217167,0.21288740317217167,0,0.46139722926364835,0.46139722926364835,0
Inflation,PCEPILFE,1,month_open,2025-06,Inflation Bridge Ridge,Inflation Bridge Ridge,2025-06-01,8d91cc0728b8c06e53a9622cdfcbcc61efaa18b181eeb87e724f180a66aab16b,3.07225203791468,3.2919639559602731,3.2919639559602731,0.048273326931273418,0.048273326931273418,0,0.21971191804559309,0.21971191804559309,0
Inflation,PCEPILFE,1,month_open,2025-07,Inflation Bridge Ridge,Inflation Bridge Ridge,2025-07-01,81ecbbe883965eb9bddb6fe8c361df19948898a537ee9f03d17e4588a3db6147,3.2740877378866884,4.7398972821102205,4.7398972821102205,2.1485976199367989,2.1485976199367989,0,1.4658095442235322,1.4658095442235322,0
Inflation,PCEPILFE,1,month_open,2025-08,Inflation Bridge Ridge,Inflation Bridge Ridge,2025-08-01,2868338271635f2e33b6bd4259bb12fd3a8d8bd6015f077624f0fb6c1906a95f,2.7212078521923644,3.671280484244166,3.671280484244166,0.90263800617383794,0.90263800617383794,0,0.95007263205180159,0.95007263205180159,0
Inflation,PCEPILFE,1,month_open,2025-09,Inflation Bridge Ridge,Inflation Bridge Ridge,2025-09-01,27cf3cc721e01366a148aa02a178f1d65934bbe2524f53b11dc66d2aae8469cf,2.374861315144372,3.3167596445885712,3.3167596445885712,0.88717246300977315,0.88717246300977315,0,0.94189832944419916,0.94189832944419916,0
Inflation,PCEPILFE,1,month_open,2025-10,Inflation Bridge Ridge,Inflation Bridge Ridge,2025-10-01,77cea1b106e2fc84b2125af518a060fe03a859fb6171bd7971f64a4a145cc30f,2.4928010475139928,2.6840223783047237,2.6840223783047237,0.036565597349378129,0.036565597349378129,0,0.19122133079073089,0.19122133079073089,0
Inflation,PCEPILFE,1,month_open,2025-11,Inflation Bridge Ridge,Inflation Bridge Ridge,2025-11-01,57f8728243173a1dd4bd43995690d4a1595bc35b855470de81b388149c7a8cb7,1.9227148316979026,2.3703097687094812,2.3703097687094812,0.20034122763839901,0.20034122763839901,0,0.4475949370115786,0.4475949370115786,0
Inflation,PCEPILFE,1,month_open,2026-02,Inflation Bridge Ridge,Inflation Bridge Ridge,2026-02-01,73baf19b287be04e4e6938422cd5d63c7ea06adda39d5054a35d9a768d3017e9,4.3942252510010604,3.1372073474103401,3.1372073474103401,1.5800940099476093,1.5800940099476093,0,1.2570179035907203,1.2570179035907203,0
Inflation,PCEPILFE,1,month_open,2026-03,Inflation Bridge Ridge,Inflation Bridge Ridge,2026-03-01,c4485dd6273eeb7f4e3ae5268017d64f68ec76849aea6bd5ad20ed6987aa5b9b,3.5138300728842609,3.7316658312511253,3.7316658312511253,0.047452417623266942,0.047452417623266942,0,0.21783575836686442,0.21783575836686442,0
Inflation,PCEPILFE,1,month_open,2026-04,Inflation Bridge Ridge,Inflation Bridge Ridge,2026-04-01,5607ec8bb9be56ed471fea98ce825532c79d22ff0e9ff105adc5cd7fd0ce8640,2.8638636343949031,4.3950633820813962,4.3950633820813962,2.3445726673151803,2.3445726673151803,0,1.5311997476864931,1.5311997476864931,0
Inflation,PCEPILFE,1,month_open,2026-05,Inflation Bridge Ridge,Inflation Bridge Ridge,2026-05-01,ecce58d78881f1fa52eea024f09cf047c9ca1eea60292d769f6573282836f872,3.834474232723295,3.5895634338275446,3.5895634338275446,0.059981299415754696,0.059981299415754696,0,0.2449107988957504,0.2449107988957504,0
Inflation,PCEPILFE,2,mid_month,2023-02,Inflation Ridge-AR Ensemble,Inflation Bridge Ridge,2023-02-15,8a6aa5b331d2800440fc5070284d13bec46ca8e8cf8f0b64f2d774d7a346d845,3.5927744819368002,3.1111018662580676,3.3343760947021708,0.23200850869479198,0.066769726525457471,0.16523878216933452,0.48167261567873254,0.25839838723462938,0.22327422844410316
Inflation,PCEPILFE,2,mid_month,2023-03,Inflation Ridge-AR Ensemble,Inflation Bridge Ridge,2023-03-15,c24597678917fa9998f96e86831764202da9a46463c27a4e17b3e2dbde45d766,3.3620345288436937,4.74861339247731,4.6451327584853654,1.9226009450754906,1.6463410669095921,0.27625987816589848,1.3865788636336163,1.2830982296416718,0.10348063399194452
Inflation,PCEPILFE,2,mid_month,2023-04,Inflation Ridge-AR Ensemble,Inflation Bridge Ridge,2023-04-15,24f87b813e26fb3b81c056ed9d88901f2c30ae987130cda85ad254b128511a68,4.554585141444889,2.9720535801079642,2.9845343017232007,2.5044061426274853,2.4650596393107786,0.039346503316706638,1.5825315613369249,1.5700508397216884,0.012480721615236501
Inflation,PCEPILFE,2,mid_month,2023-05,Inflation Ridge-AR Ensemble,Inflation Bridge Ridge,2023-05-15,5a53e4c54994844b836b9488eadd3536e0c958570641ae4d93cd978d90c91e5c,3.770491061349901,3.0377435746158108,3.2343091420280139,0.53691887931512572,0.28749105060770264,0.24942782870742308,0.73274748673409018,0.53618191932188708,0.1965655674122031
Inflation,PCEPILFE,2,mid_month,2023-06,Inflation Ridge-AR Ensemble,Inflation Bridge Ridge,2023-06-15,1d08b874d7bce4f6418361d7e9e35acbb28fb786e60bda8c15f016e0a267febc,1.9843224364830547,3.4947779912316284,3.4374232517643653,2.2814759828708211,2.1115019793712095,0.16997400349961156,1.5104555547485736,1.4531008152813105,0.057354739467263105
Inflation,PCEPILFE,2,mid_month,2023-07,Inflation Ridge-AR Ensemble,Inflation Bridge Ridge,2023-07-15,89027fe9e485f8e383ea0d772ef18067f845d85a2ef90610397154b79eacb5e0,2.587969751250796,2.9055926623271482,2.7104716552485124,0.10088431364061634,0.015006716483065733,0.085877597157550611,0.31762291107635221,0.12250190399771643,0.19512100707863578
Inflation,PCEPILFE,2,mid_month,2023-08,Inflation Ridge-AR Ensemble,Inflation Bridge Ridge,2023-08-15,9cc2c2745a298698df6c4f34ca2408a44f30fa474f8671fa4f1e4295603404a2,1.7367228667325207,2.0399197039859871,2.0200480920150277,0.09192832212050496,0.080273183281383304,0.011655138839121656,0.30319683725346636,0.28332522528250692,0.019871611970959435
Inflation,PCEPILFE,2,mid_month,2023-09,Inflation Ridge-AR Ensemble,Inflation Bridge Ridge,2023-09-15,61e5ff22c1712efb73e9d56a561747473a23ba97f849c34eb9865177f289d33f,3.5771121539678319,2.5492192762479533,2.6887322467960297,1.0565637680672533,0.78921885946657977,0.2673449086006735,1.0278928777198786,0.88837990717180215,0.13951297054807643
Inflation,PCEPILFE,2,mid_month,2023-10,Inflation Ridge-AR Ensemble,Inflation Bridge Ridge,2023-10-15,a424c78a7cd11f5b4ff41db85df2beea0102fc337d3c877f62063e1e9488380d,1.9598534466631179,2.358697292756442,2.8382378972749898,0.15907641356651522,0.77155924307671997,-0.61248282951020472,0.39884384609332413,0.87838445061187187,-0.47954060451854774
Inflation,PCEPILFE,2,mid_month,2023-11,Inflation Ridge-AR Ensemble,Inflation Bridge Ridge,2023-11-15,e8d35d9b894396dbacce853bbcba41da9c87e799884c4d13d86a672843c9a2f9,0.69967933346966049,3.2869197761677444,3.4662864238490756,6.6938131083325771,7.6541147925376531,-0.960301684205076,2.587240442698084,2.7666070903794151,-0.17936664768133115
Inflation,PCEPILFE,2,mid_month,2023-12,Inflation Ridge-AR Ensemble,Inflation Bridge Ridge,2023-12-15,5df490ec980999cf3b758b948dbb6f3f3a4033a284583dd5839079d626dfd73c,2.0567268806672701,2.1202744460558463,2.2094656815311411,0.0040382930668153676,0.023329141289333253,-0.019290848222517885,0.063547565388576199,0.15273880086387104,-0.089191235475294839
Inflation,PCEPILFE,2,mid_month,2024-01,Inflation Ridge-AR Ensemble,Inflation Bridge Ridge,2024-01-15,82d6c3d39139ad4d032d65475f1827d5719054f56653a8b93a2e9cff9dc268d7,4.9768647459384141,1.4741096702389063,1.7534128138024172,12.269293120338663,10.39064235879129,1.8786507615473731,3.5027550756995076,3.2234519321359967,0.27930314356351094
Inflation,PCEPILFE,2,mid_month,2024-02,Inflation Ridge-AR Ensemble,Inflation Bridge Ridge,2024-02-15,ae89d3ae96b6270f5992f8c6f7491518dcf032586320f2b75a3b0fa9c8312b34,3.1337047897789461,2.2351403993399663,2.3800162712387354,0.80741796376497521,0.56804638297933752,0.23937158078563769,0.89856439043897973,0.75368851854021068,0.14487587189876905
Inflation,PCEPILFE,2,mid_month,2024-03,Inflation Ridge-AR Ensemble,Inflation Bridge Ridge,2024-03-15,579708298d18115ae7a6ec5713142c458e6f1054da00080213fc09c492efe402,3.7950008157764614,3.7265151765484452,3.4405301810299029,0.0046902827804699921,0.12564943089762809,-0.12095914811715809,0.068485639228016204,0.35447063474655849,-0.28598499551854228
Inflation,PCEPILFE,2,mid_month,2024-04,Inflation Ridge-AR Ensemble,Inflation Bridge Ridge,2024-04-15,4d2fb4af32164d7f9a5e2ce4cb4b96b3bb1b170fb3146c81bc70cc545eb356a4,2.9862652209914131,2.8575960208117248,2.9176874881892232,0.0165557630748807,0.0047029054362885568,0.011852857638592142,0.1286692001796883,0.068577732802189928,0.060091467377498375
Inflation,PCEPILFE,2,mid_month,2024-05,Inflation Ridge-AR Ensemble,Inflation Bridge Ridge,2024-05-15,f8524ab49b321d39909136fdc89da4dd16e9e21c7dc4142a838e625a326a841a,0.9934874680656236,2.8021123417961875,2.3779350609798571,3.2711239338768983,1.9166951375260151,1.3544287963508832,1.8086248737305639,1.3844475929142335,0.42417728081633044
Inflation,PCEPILFE,2,mid_month,2024-06,Inflation Ridge-AR Ensemble,Inflation Bridge Ridge,2024-06-15,8f3e0cacb6f5af3c402bd46a804aa094a4b9e3ff43005992f708204b5d9b79d0,2.1798014389048603,2.7481353345590627,2.7885721062319093,0.32300341694948176,0.37060172539782055,-0.047598308448338789,0.56833389565420234,0.60877066732704899,-0.04043677167284665
Inflation,PCEPILFE,2,mid_month,2024-07,Inflation Ridge-AR Ensemble,Inflation Bridge Ridge,2024-07-15,8b37166569a0120b18ae657209b4910e4e7ef479ae0a46c72bee134c5d001a17,1.9319964454560079,1.6824452205065705,1.9388279129261465,0.062275813873764699,4.6668947795562297e-05,0.062229144925969135,0.24955122494943738,0.0068314674701386302,0.24271975747929875
Inflation,PCEPILFE,2,mid_month,2024-08,Inflation Ridge-AR Ensemble,Inflation Bridge Ridge,2024-08-15,fa9e12b484b7d8bc14896092f0ddc4148dd4794cc6e70e6c1c1a4703b49a12ec,1.5637346144796282,2.024486075097899,1.8634580703036754,0.21229190846186993,0.089834149971109528,0.1224577584907604,0.46075146061827077,0.29972345582404714,0.16102800479422363
Inflation,PCEPILFE,2,mid_month,2024-09,Inflation Ridge-AR Ensemble,Inflation Bridge Ridge,2024-09-15,9eaddcf55f5ea463c414d7a32478e44de862df2cbe57a61fa8fe6c57c33a23af,3.0422716309459474,1.8519793164035296,1.6786051105092537,1.4167957940587461,1.8595863789599199,-0.44279058490117373,1.1902923145424178,1.3636665204366938,-0.17337420589427599
Inflation,PCEPILFE,2,mid_month,2024-10,Inflation Ridge-AR Ensemble,Inflation Bridge Ridge,2024-10-15,281ef6d0ed34ad60e3a6479629efbf14508596ff807cbfede4c02a667a6a9c09,3.2676103922955946,1.7418069636247504,1.6960785368547013,2.328076102943704,2.4697123726654966,-0.14163626972179255,1.5258034286708442,1.5715318554408932,-0.045728426770049069
Inflation,PCEPILFE,2,mid_month,2024-11,Inflation Ridge-AR Ensemble,Inflation Bridge Ridge,2024-11-15,36fd9369adf963255b6d0dc6bfedf8df0cd8f430d322cb6c028fc59762580e69,1.3783286855243659,2.4891478627283155,2.2292870325218468,1.2339192444440594,0.72413010832468505,0.50978913611937438,1.1108191772039495,0.85095834699748085,0.25986083020646866
Inflation,PCEPILFE,2,mid_month,2024-12,Inflation Ridge-AR Ensemble,Inflation Bridge Ridge,2024-12-15,4925dfcc401cd3311c63ac760762c3439a1d77b3c135b122d2eaf7506fc49e9f,1.8707672236683237,2.8947526613583627,2.8913349014949583,1.0485461766012607,1.0415583850244494,0.0069877915768112864,1.023985437690039,1.0205676778266346,0.0034177598634044237
Inflation,PCEPILFE,2,mid_month,2025-01,Inflation Ridge-AR Ensemble,Inflation Bridge Ridge,2025-01-15,3ff4b4a58df1a34813b2d029a9dc117317582329e8dc28eb4cfba8db95609656,3.4117977999773785,1.4746754663775525,1.2768338225437355,3.7524429353312354,4.5580711849392825,-0.80562824960804713,1.937122333599826,2.1349639774336433,-0.1978416438338173
Inflation,PCEPILFE,2,mid_month,2025-02,Inflation Ridge-AR Ensemble,Inflation Bridge Ridge,2025-02-15,77935a6b7e8590ae56b673746dd11c03e8013a8116de06bcf9e7a2e79722dbab,4.3732037451999162,2.282363937800862,2.5742438369140883,4.3716111002045137,3.236256751619754,1.1353543485847597,2.0908398073990542,1.7989599082858279,0.29187989911322632
Inflation,PCEPILFE,2,mid_month,2025-03,Inflation Ridge-AR Ensemble,Inflation Bridge Ridge,2025-03-15,a4596cd791cf25c2e3be094fbed422c8ea71bba5088165fa51c3f55bc98a05b1,0.33590729178136769,3.0880743956801622,3.1901828239346175,7.5744237677826778,8.146888813448717,-0.57246504566603917,2.7521671038987945,2.8542755321532498,-0.10210842825445532
Inflation,PCEPILFE,2,mid_month,2025-04,Inflation Ridge-AR Ensemble,Inflation Bridge Ridge,2025-04-15,fe544582802ce78164d2f9946be70ae8f561acf20ee60340ea51cdc031bfad68,1.3903484217941298,3.4920008344775733,3.3667256877486356,4.4169428637381394,3.9060670973818072,0.51087576635633214,2.1016524126834435,1.9763772659545058,0.12527514672893769
Inflation,PCEPILFE,2,mid_month,2025-05,Inflation Ridge-AR Ensemble,Inflation Bridge Ridge,2025-05-15,beb2033f3f4408775fdb588cf33aa1c013f251b8121752be6abcc6971daabee5,2.143541239825808,1.8488861551493698,2.6407729844441161,0.086821618925678967,0.24723940785616638,-0.16041778893048741,0.29465508467643819,0.4972317446183081,-0.20257665994186991
Inflation,PCEPILFE,2,mid_month,2025-06,Inflation Ridge-AR Ensemble,Inflation Bridge Ridge,2025-06-15,1deb686f98f2c1468c9d8e9a93f2d32fd49221c0670748676ff98f18ce5f4847,3.07225203791468,2.7934146496573353,3.8849225128076808,0.077750289090177199,0.66043330076281526,-0.58268301167263803,0.27883738825734472,0.8126704748930007,-0.53383308663565598
Inflation,PCEPILFE,2,mid_month,2025-07,Inflation Ridge-AR Ensemble,Inflation Bridge Ridge,2025-07-15,d5a81ce68e562b1b92e44ba335e058dbb779bc21f2c1956ad31a4af9bcaa6c51,3.2740877378866884,3.3646551083827387,4.5527723056977054,0.0082024485985688518,1.6350342239580473,-1.6268317753594785,0.090567370496050348,1.278684567811017,-1.1881171973149667
Inflation,PCEPILFE,2,mid_month,2025-08,Inflation Ridge-AR Ensemble,Inflation Bridge Ridge,2025-08-15,e47c815a59b47610b59e20d6e220a73ba12cec1a412d75391fea041062127ff1,2.7212078521923644,3.2984188951163085,3.8340572231614383,0.33317258807334721,1.2384337224662634,-0.90526113439291622,0.5772110429239441,1.1128493709690739,-0.53563832804512979
Inflation,PCEPILFE,2,mid_month,2025-09,Inflation Ridge-AR Ensemble,Inflation Bridge Ridge,2025-09-15,8fa2211d8d49c444f0fa6a3540e6d69708634a565703c8a53134dad86b3cd623,2.374861315144372,2.9094635591066682,2.9268797086339049,0.28579955924952244,0.30472430675076473,-0.018924747501242289,0.53460224396229616,0.55201839348953285,-0.017416149527236691
Inflation,PCEPILFE,2,mid_month,2025-10,Inflation Ridge-AR Ensemble,Inflation Bridge Ridge,2025-10-15,c6c5f41d3f5eaa0a763e2e8adc74c8f91044cce653da16ab169e850e99ccb5e0,2.4928010475139928,2.6153311202820313,2.6823929389898526,0.015013618732540812,0.035945085313394222,-0.02093146658085341,0.12253007276803851,0.18959189147585986,-0.067061818707821352
Inflation,PCEPILFE,2,mid_month,2025-11,Inflation Ridge-AR Ensemble,Inflation Bridge Ridge,2025-11-15,a30b24c3aec0c444516e10ac972a8f39f5ca6f30519ff5671d4d5ed7d8868b9c,1.9227148316979026,2.4399807066671904,2.3316921117601708,0.26756398540774284,0.16726241560713095,0.10030156980061189,0.51726587496928778,0.40897728006226819,0.10828859490701959
Inflation,PCEPILFE,2,mid_month,2025-12,Inflation Ridge-AR Ensemble,Inflation Bridge Ridge,2025-12-15,3389a3ec5508babdfe1230051c4ba6510ad8f8da1e4dd7149f40c47c5df03f07,4.2571398262751359,2.4422722143388533,2.5532990262294346,3.2937444488553052,2.9030734719003752,0.39067097695492992,1.8148676119362825,1.7038408000457013,0.11102681189058128
Inflation,PCEPILFE,2,mid_month,2026-02,Inflation Ridge-AR Ensemble,Inflation Bridge Ridge,2026-02-15,cd51542895b567294160f02ecc7906eed6b35270ef578fe4677bf606ed4c31e6,4.3942252510010604,2.869253938797268,3.3328514007971624,2.3255375030445564,1.1265144498966466,1.1990230531479098,1.5249713122037925,1.0613738502038981,0.46359746199989438
Inflation,PCEPILFE,2,mid_month,2026-03,Inflation Ridge-AR Ensemble,Inflation Bridge Ridge,2026-03-15,a716019482770d8d4f56e8c48b980d939a63d38b3494709513c425e46466b436,3.5138300728842609,3.2851868760189356,4.0045430948010639,0.052277711472795904,0.24079926987872077,-0.18852155840592488,0.2286431968653253,0.49071302191680299,-0.26206982505147769
Inflation,PCEPILFE,2,mid_month,2026-04,Inflation Ridge-AR Ensemble,Inflation Bridge Ridge,2026-04-15,0f309fffb4256000594f4a61b6cf248566025fd62a7ee11ec444b991e5dc2ea8,2.8638636343949031,3.8958184845701433,4.185148753684393,1.0649308128002026,1.7457943664558415,-0.68086355365563889,1.0319548501752402,1.3212851192894899,-0.28933026911424964
Inflation,PCEPILFE,2,mid_month,2026-05,Inflation Ridge-AR Ensemble,Inflation Bridge Ridge,2026-05-15,09c0637b340d3561ff0b0bb18908b61a785ebba2ab34b086e758b763931bda60,3.834474232723295,3.458278550263667,3.8617786375346714,0.14152319150126524,0.00074553052210351548,0.14077766097916172,0.37619568245962798,0.027304404811376415,0.34889127764825156
Inflation,PCEPILFE,3,month_end,2023-02,Inflation Bridge Ridge,Inflation Bridge Ridge,2023-02-28,cb70f1083227814a12434e0b70c1200ca41999978ef528db99612996b9f10dfd,3.5927744819368002,4.124299090620184,4.124299090620184,0.28251840963602426,0.28251840963602426,0,0.5315246086833838,0.5315246086833838,0
Inflation,PCEPILFE,3,month_end,2023-03,Inflation Bridge Ridge,Inflation Bridge Ridge,2023-03-31,dbd9eef0029676b046856fff4475ab9b8493c33323f171e88807ce15d8dfd6c8,3.3620345288436937,4.044872790420631,4.044872790420631,0.4662680914734138,0.4662680914734138,0,0.68283826157693728,0.68283826157693728,0
Inflation,PCEPILFE,3,month_end,2023-04,Inflation Bridge Ridge,Inflation Bridge Ridge,2023-04-30,b21663aae72afaada0e5e4c60247f75fc2908ae0e0a8fac2b14e3eb37a170755,4.554585141444889,2.8961892405978524,2.8961892405978524,2.7502769639462539,2.7502769639462539,0,1.6583959008470366,1.6583959008470366,0
Inflation,PCEPILFE,3,month_end,2023-05,Inflation Bridge Ridge,Inflation Bridge Ridge,2023-05-31,d1d37f7b62b103a5c74d2bf435831aaeb9e86c1d4234ce128b98eb56d3f035b8,3.770491061349901,3.4744344730744441,3.4744344730744441,0.087649503461303402,0.087649503461303402,0,0.29605658827545689,0.29605658827545689,0
Inflation,PCEPILFE,3,month_end,2023-06,Inflation Bridge Ridge,Inflation Bridge Ridge,2023-06-30,b92ae93bc8ff4e7485c1447cd9cb23ba00c85f6fed425f139954b509402dc803,1.9843224364830547,3.30375020284258,3.30375020284258,1.7408896306404862,1.7408896306404862,0,1.3194277663595253,1.3194277663595253,0
Inflation,PCEPILFE,3,month_end,2023-07,Inflation Bridge Ridge,Inflation Bridge Ridge,2023-07-31,8abf16ba027a6d7454bffeb54143bf215ce42b236ff9002b8da5a7bc61e1a7e1,2.587969751250796,2.3391938785512076,2.3391938785512076,0.061889434837441783,0.061889434837441783,0,0.24877587269958834,0.24877587269958834,0
Inflation,PCEPILFE,3,month_end,2023-08,Inflation Bridge Ridge,Inflation Bridge Ridge,2023-08-31,c299c45efa306601544e041365cc364368d1840074da8d2a35e92e74b808789c,1.7367228667325207,2.1519150491067824,2.1519150491067824,0.17238454830470218,0.17238454830470218,0,0.4151921823742617,0.4151921823742617,0
Inflation,PCEPILFE,3,month_end,2023-09,Inflation Bridge Ridge,Inflation Bridge Ridge,2023-09-30,a8b9090e854655e2a7df78c3a56653fd01ce034c9dc56dbec062b83091192828,3.5771121539678319,2.5095974036463016,2.5095974036463016,1.1395877421540392,1.1395877421540392,0,1.0675147503215303,1.0675147503215303,0
Inflation,PCEPILFE,3,month_end,2023-10,Inflation Bridge Ridge,Inflation Bridge Ridge,2023-10-31,2949285386a43565a033f492f774a76efe02f8f074faff23a4539ac02b94dea7,1.9598534466631179,3.301426710842009,3.301426710842009,1.7998188231596048,1.7998188231596048,0,1.3415732641788911,1.3415732641788911,0
Inflation,PCEPILFE,3,month_end,2023-11,Inflation Bridge Ridge,Inflation Bridge Ridge,2023-11-30,10b81e01adda2a8d5cfb24c7264c7fc5a0a37d36fb8da475fa1bd9f9b40dd447,0.69967933346966049,3.1010351136496999,3.1010351136496999,5.7665095830040851,5.7665095830040851,0,2.4013557801800394,2.4013557801800394,0
Inflation,PCEPILFE,3,month_end,2023-12,Inflation Bridge Ridge,Inflation Bridge Ridge,2023-12-31,f7b61655455882d5c1efa87a7335a050e0b97a1ca437ec972e0b8e402ece3e3e,2.0567268806672701,1.7386116341158033,1.7386116341158033,0.10119731008850046,0.10119731008850046,0,0.31811524655146672,0.31811524655146672,0
Inflation,PCEPILFE,3,month_end,2024-01,Inflation Bridge Ridge,Inflation Bridge Ridge,2024-01-31,bd4850b054c3eb496d5f50f993746b4865bae6c15ef731f72f55168c4d365e20,4.9768647459384141,2.1123734407853156,2.1123734407853156,8.205310437297701,8.205310437297701,0,2.8644913051530985,2.8644913051530985,0
Inflation,PCEPILFE,3,month_end,2024-02,Inflation Bridge Ridge,Inflation Bridge Ridge,2024-02-29,94b0121ab2e59c8cd66e8ebbe56a6b7f55071b97d156e84142e41ce7c1772b2f,3.1337047897789461,3.4047586300767083,3.4047586300767083,0.073470184340164807,0.073470184340164807,0,0.27105384029776225,0.27105384029776225,0
Inflation,PCEPILFE,3,month_end,2024-03,Inflation Bridge Ridge,Inflation Bridge Ridge,2024-03-31,2c9265b86c22ac75b6b440afc4255aaaf6e9144c87eb36fe2f27cf8020b2bd66,3.7950008157764614,3.0078277334183352,3.0078277334183352,0.61964146158919331,0.61964146158919331,0,0.78717308235812622,0.78717308235812622,0
Inflation,PCEPILFE,3,month_end,2024-04,Inflation Bridge Ridge,Inflation Bridge Ridge,2024-04-30,2bc305f36c3ba0e98f4ecc69dc238a3f07b3bf0a383760a4532ed7ac5ba82ab7,2.9862652209914131,3.0743733985754194,3.0743733985754194,0.00776305095717478,0.00776305095717478,0,0.088108177584006242,0.088108177584006242,0
Inflation,PCEPILFE,3,month_end,2024-05,Inflation Bridge Ridge,Inflation Bridge Ridge,2024-05-31,c7e6964b907aa355aff058ac24e3731618d442b832672a50e47f940da5d99bae,0.9934874680656236,2.2064198554431496,2.2064198554431496,1.4712049763493447,1.4712049763493447,0,1.212932387377526,1.212932387377526,0
Inflation,PCEPILFE,3,month_end,2024-06,Inflation Bridge Ridge,Inflation Bridge Ridge,2024-06-30,f61e25d323addbc947aef69d4a6645eee37fe34e04218f81f074d92d6f25fdbc,2.1798014389048603,2.3027850838736823,2.3027850838736823,0.015124976929817249,0.015124976929817249,0,0.12298364496882197,0.12298364496882197,0
Inflation,PCEPILFE,3,month_end,2024-07,Inflation Bridge Ridge,Inflation Bridge Ridge,2024-07-31,4444c837b9e1bb7e2369c4e3f7525b22b8b23c68632f7995ae7f6e154980a9b5,1.9319964454560079,2.2117103847578345,2.2117103847578345,0.078239887839745961,0.078239887839745961,0,0.27971393930182664,0.27971393930182664,0
Inflation,PCEPILFE,3,month_end,2024-08,Inflation Bridge Ridge,Inflation Bridge Ridge,2024-08-31,975f0f7bce29d3578fe95867292a231210d9665e24b282f3c98cd445a4013738,1.5637346144796282,1.8002528464543779,1.8002528464543779,0.055940874056461483,0.055940874056461483,0,0.23651823197474964,0.23651823197474964,0
Inflation,PCEPILFE,3,month_end,2024-09,Inflation Bridge Ridge,Inflation Bridge Ridge,2024-09-30,b6bee9ad676dc47da00976fdab4f72e2dff4dfe25f601d84c903e65ea49d6619,3.0422716309459474,1.6697675112912858,1.6697675112912858,1.8837675584690179,1.8837675584690179,0,1.3725041196546617,1.3725041196546617,0
Inflation,PCEPILFE,3,month_end,2024-10,Inflation Bridge Ridge,Inflation Bridge Ridge,2024-10-31,315aa6a0e3c63760a0afafac1887fe823da9d7b61d94e35e52efe814a60bb91c,3.2676103922955946,2.0325333650816604,2.0325333650816604,1.5254152631516091,1.5254152631516091,0,1.2350770272139342,1.2350770272139342,0
Inflation,PCEPILFE,3,month_end,2024-11,Inflation Bridge Ridge,Inflation Bridge Ridge,2024-11-30,f67b4451a859fc166da895fd1d8dccc8037ac41a1e16090faf7e836d82e4ef22,1.3783286855243659,2.3776390047743972,2.3776390047743972,0.99862111415959931,0.99862111415959931,0,0.99931031925003122,0.99931031925003122,0
Inflation,PCEPILFE,3,month_end,2024-12,Inflation Bridge Ridge,Inflation Bridge Ridge,2024-12-31,8574a194618655b44eb397389c5b4a7bce7898daa54e9edad0c97cb2628ee6d0,1.8707672236683237,2.4267147598100776,2.4267147598100776,0.30907766294208672,0.30907766294208672,0,0.55594753614175385,0.55594753614175385,0
Inflation,PCEPILFE,3,month_end,2025-01,Inflation Bridge Ridge,Inflation Bridge Ridge,2025-01-31,cf745204f8c9d26b75d81c1780ea4f01273605a5ead0b81dc2e61019860aaf1f,3.4117977999773785,1.321774190203352,1.321774190203352,4.3681986894128517,4.3681986894128517,0,2.0900236097740263,2.0900236097740263,0
Inflation,PCEPILFE,3,month_end,2025-02,Inflation Bridge Ridge,Inflation Bridge Ridge,2025-02-28,e26de1349bb35395a2d76fd9e3b5ca4fc45149090d088cbf20a5d243b236d6a0,4.3732037451999162,3.0543010934473549,3.0543010934473549,1.7395042047999378,1.7395042047999378,0,1.3189026517525613,1.3189026517525613,0
Inflation,PCEPILFE,3,month_end,2025-03,Inflation Bridge Ridge,Inflation Bridge Ridge,2025-03-31,ff1e125c2651ba28a35d3b52ac457f2ffe9b5f311a64fbf6ae36791a2bbc4c93,0.33590729178136769,3.4656797593377506,3.4656797593377506,9.7954756986739699,9.7954756986739699,0,3.1297724675563829,3.1297724675563829,0
Inflation,PCEPILFE,3,month_end,2025-04,Inflation Bridge Ridge,Inflation Bridge Ridge,2025-04-30,01869ca8e91ca3e95bec284761aedf74b03544d1243f3e2a886db2375c506dae,1.3903484217941298,2.3943964436840686,2.3943964436840686,1.0081124302610991,1.0081124302610991,0,1.0040480218899388,1.0040480218899388,0
Inflation,PCEPILFE,3,month_end,2025-05,Inflation Bridge Ridge,Inflation Bridge Ridge,2025-05-31,1f607479c05382ea374c7b50f04d5f017c832d7641854a9de18ecb19cdac9ad8,2.143541239825808,2.6770741198568713,2.6770741198568713,0.28465733407424093,0.28465733407424093,0,0.53353288003106325,0.53353288003106325,0
Inflation,PCEPILFE,3,month_end,2025-06,Inflation Bridge Ridge,Inflation Bridge Ridge,2025-06-30,3a596ce8bd19787adfea2353c83c68ff87059b095ef44b36309a152b1ded1535,3.07225203791468,3.8982702285963571,3.8982702285963571,0.68230605133703137,0.68230605133703137,0,0.82601819068167703,0.82601819068167703,0
Inflation,PCEPILFE,3,month_end,2025-07,Inflation Bridge Ridge,Inflation Bridge Ridge,2025-07-31,c599993131755f7f523fd9c095d4570ed3be10d315a40a0314e17e5506ec8fbc,3.2740877378866884,4.6157011459650334,4.6157011459650334,1.7999265367355921,1.7999265367355921,0,1.3416134080783451,1.3416134080783451,0
Inflation,PCEPILFE,3,month_end,2025-08,Inflation Bridge Ridge,Inflation Bridge Ridge,2025-08-31,b1a9e98e2e3262cc13c5b11665f2077ce68ca878b5a5c06b399ce23652bfce39,2.7212078521923644,3.7566534131192446,3.7566534131192446,1.0721475096431816,1.0721475096431816,0,1.0354455609268802,1.0354455609268802,0
Inflation,PCEPILFE,3,month_end,2025-09,Inflation Bridge Ridge,Inflation Bridge Ridge,2025-09-30,4951a7a0c610a8376679beb26661d0117edd1c1a5c25f1d918cbe313039d1f5a,2.374861315144372,2.8202822442381148,2.8202822442381148,0.19839980407473301,0.19839980407473301,0,0.44542092909374276,0.44542092909374276,0
Inflation,PCEPILFE,3,month_end,2025-10,Inflation Bridge Ridge,Inflation Bridge Ridge,2025-10-31,8995f69569616b837ffa6c9c7e80cfd607ac6237363941ecf7e07ae5cc8ac4c2,2.4928010475139928,2.3505287415439335,2.3505287415439335,0.020241409046038154,0.020241409046038154,0,0.14227230597005924,0.14227230597005924,0
Inflation,PCEPILFE,3,month_end,2025-11,Inflation Bridge Ridge,Inflation Bridge Ridge,2025-11-30,97aef115dc6f92dced31def01056939bfb7aab522f4603e63143a71eb9ae46ff,1.9227148316979026,2.6848647480828896,2.6848647480828896,0.58087249504564265,0.58087249504564265,0,0.76214991638498697,0.76214991638498697,0
Inflation,PCEPILFE,3,month_end,2025-12,Inflation Bridge Ridge,Inflation Bridge Ridge,2025-12-31,dc60f4cd3bce75ce0efc64f31e6f9de8061443310b9ae870ddf49df14f2cfbde,4.2571398262751359,2.4029645454176998,2.4029645454176998,3.4379659721427522,3.4379659721427522,0,1.8541752808574361,1.8541752808574361,0
Inflation,PCEPILFE,3,month_end,2026-01,Inflation Bridge Ridge,Inflation Bridge Ridge,2026-01-31,0736c15c75330e9d810eac066a22ee0073738685446c386b435a850ed06dd859,4.3538864021670065,2.9083143647969947,2.9083143647969947,2.0896785152260868,2.0896785152260868,0,1.4455720373700118,1.4455720373700118,0
Inflation,PCEPILFE,3,month_end,2026-02,Inflation Bridge Ridge,Inflation Bridge Ridge,2026-02-28,41bd86fc73bf948e4c3bf08a2672d2e03a1e39f36302592e36cea3ecf9c33843,4.3942252510010604,3.761771026513884,3.761771026513884,0.39999834607167584,0.39999834607167584,0,0.63245422448717648,0.63245422448717648,0
Inflation,PCEPILFE,3,month_end,2026-03,Inflation Bridge Ridge,Inflation Bridge Ridge,2026-03-31,81bd444227eff91c88ecdb6492c29771f11ab96aa5a422e5d09a72f1e610316e,3.5138300728842609,4.0625503243951897,4.0625503243951897,0.30109391441821703,0.30109391441821703,0,0.54872025151092885,0.54872025151092885,0
Inflation,PCEPILFE,3,month_end,2026-04,Inflation Bridge Ridge,Inflation Bridge Ridge,2026-04-30,d2bcf6a3dd2d72ab4fdfc3aea17e5d3513254a63dba602b2c252f030c6a9ced3,2.8638636343949031,3.9789096126599532,3.9789096126599532,1.2433275336450627,1.2433275336450627,0,1.1150459782650501,1.1150459782650501,0
Inflation,PCEPILFE,3,month_end,2026-05,Inflation Bridge Ridge,Inflation Bridge Ridge,2026-05-31,553bf3f082f734a2a8963337ee9d14d499e35a41ec8fb28aeac183d8744b1f4c,3.834474232723295,3.6571152667319788,3.6571152667319788,0.031456202817508848,0.031456202817508848,0,0.17735896599131618,0.17735896599131618,0
Inflation,PCEPILFE,4,pre_release,2023-02,Inflation Bridge Ridge,Inflation Bridge Ridge,2023-03-30,f18c27cb48b63da3f062cf3ae7d98aa879ff09f8ebd0f6bb1f92236556421c31,3.5927744819368002,4.2340337647504258,4.2340337647504258,0.41121346779464552,0.41121346779464552,0,0.64125928281362565,0.64125928281362565,0
Inflation,PCEPILFE,4,pre_release,2023-03,Inflation Bridge Ridge,Inflation Bridge Ridge,2023-04-27,29097ad9b5073a41f06fb341aa7f7cc04a72b8b4188a6b90617f5b8b92785f49,3.3620345288436937,4.0181119135416647,4.0181119135416647,0.43043753471212953,0.43043753471212953,0,0.65607738469797106,0.65607738469797106,0
Inflation,PCEPILFE,4,pre_release,2023-04,Inflation Bridge Ridge,Inflation Bridge Ridge,2023-05-25,090681ae626b03fd705b63a1dc68229c5998bb9977f3b78cd57de0d0a37edcf2,4.554585141444889,2.9119510571340399,2.9119510571340399,2.6982467349397417,2.6982467349397417,0,1.6426340843108491,1.6426340843108491,0
Inflation,PCEPILFE,4,pre_release,2023-05,Inflation Bridge Ridge,Inflation Bridge Ridge,2023-06-29,56d9fa514efeac808f233e9604b3a29b4ebc18aa9e28a7b6dffb56cf73731141,3.770491061349901,3.3858445976397169,3.3858445976397169,0.14795290204474995,0.14795290204474995,0,0.38464646371018407,0.38464646371018407,0
Inflation,PCEPILFE,4,pre_release,2023-06,Inflation Bridge Ridge,Inflation Bridge Ridge,2023-07-27,09b0df7d3b2489924b28454ae3093b018e7154d1730fba4562453c6c00d7d830,1.9843224364830547,3.237675325320164,3.237675325320164,1.5708934639563272,1.5708934639563272,0,1.2533528888371093,1.2533528888371093,0
Inflation,PCEPILFE,4,pre_release,2023-07,Inflation Bridge Ridge,Inflation Bridge Ridge,2023-08-30,8064fe024cfb5d10725c6fee6bf417f2402ae91f2306b3b66708ab97f942cf67,2.587969751250796,2.5823442226994047,2.5823442226994047,3.1646571482518834e-05,3.1646571482518834e-05,0,0.0056255285513913122,0.0056255285513913122,0
Inflation,PCEPILFE,4,pre_release,2023-08,Inflation Bridge Ridge,Inflation Bridge Ridge,2023-09-28,dd02531d2f17ef234098f9bba8c7a8d9025b577d74fadd26a2cd04f8bb9500a5,1.7367228667325207,2.0818377961298764,2.0818377961298764,0.11910431449294179,0.11910431449294179,0,0.34511492939735566,0.34511492939735566,0
Inflation,PCEPILFE,4,pre_release,2023-09,Inflation Bridge Ridge,Inflation Bridge Ridge,2023-10-26,10c23c386dbc4cecb90a813dd8c10c2f628bc36d10ed2fd4ebee43d33029bbcc,3.5771121539678319,2.6616943583582442,2.6616943583582442,0.83798974051871689,0.83798974051871689,0,0.91541779560958769,0.91541779560958769,0
Inflation,PCEPILFE,4,pre_release,2023-10,Inflation Bridge Ridge,Inflation Bridge Ridge,2023-11-29,1eade0273f3f46e6428c1160b72768021434ff136af13d22a98105782650ec41,1.9598534466631179,3.4568223884409917,3.4568223884409917,2.2409160126475673,2.2409160126475673,0,1.4969689417778738,1.4969689417778738,0
Inflation,PCEPILFE,4,pre_release,2023-11,Inflation Bridge Ridge,Inflation Bridge Ridge,2023-12-21,80167160ef7eb08ebf3c8a898b98d14c9aba76e419f9a1024b63f58a2c02537c,0.69967933346966049,3.1186638732826286,3.1186638732826286,5.8514862038541571,5.8514862038541571,0,2.4189845398129681,2.4189845398129681,0
Inflation,PCEPILFE,4,pre_release,2023-12,Inflation Bridge Ridge,Inflation Bridge Ridge,2024-01-25,9a266eeee56fe1c97f50071e007c9688b9548475e73a1ca8b42d4ea8fdeb90e7,2.0567268806672701,1.6984894326565998,1.6984894326565998,0.12833406915719767,0.12833406915719767,0,0.35823744801067026,0.35823744801067026,0
Inflation,PCEPILFE,4,pre_release,2024-01,Inflation Bridge Ridge,Inflation Bridge Ridge,2024-02-28,4a80c6259c94adcc0c0cb7f634e570a85306241b54e976d50e2d2e2e9957bd2a,4.9768647459384141,2.101561024748571,2.101561024748571,8.2673714890881591,8.2673714890881591,0,2.8753037211898431,2.8753037211898431,0
Inflation,PCEPILFE,4,pre_release,2024-02,Inflation Bridge Ridge,Inflation Bridge Ridge,2024-03-28,4f4e7f91a64bd975e81a2454a36631701afe9b359ec97445e1c7ee7fcb03072d,3.1337047897789461,3.4616103819655093,3.4616103819655093,0.10752207738722072,0.10752207738722072,0,0.32790559218656323,0.32790559218656323,0
Inflation,PCEPILFE,4,pre_release,2024-03,Inflation Bridge Ridge,Inflation Bridge Ridge,2024-04-25,43a68da20840f683bc7f8e65f81aced8d7d68c35cea1780f398bd53baa023732,3.7950008157764614,3.0762073432278259,3.0762073432278259,0.51666405617852607,0.51666405617852607,0,0.71879347254863557,0.71879347254863557,0
Inflation,PCEPILFE,4,pre_release,2024-04,Inflation Bridge Ridge,Inflation Bridge Ridge,2024-05-30,1daadabbd579d87990dc805c584632fa97f3e043b7a911b9c4a17d40fdd3d09b,2.9862652209914131,3.1101050112103632,3.1101050112103632,0.015336293641473566,0.015336293641473566,0,0.12383979021895009,0.12383979021895009,0
Inflation,PCEPILFE,4,pre_release,2024-05,Inflation Bridge Ridge,Inflation Bridge Ridge,2024-06-27,f7738a0ded3772665e08dc685517f855a7c555aea2f28e9d1b33db4abac55a2c,0.9934874680656236,2.2473233347636232,2.2473233347636232,1.5721043806183239,1.5721043806183239,0,1.2538358666979996,1.2538358666979996,0
Inflation,PCEPILFE,4,pre_release,2024-06,Inflation Bridge Ridge,Inflation Bridge Ridge,2024-07-25,6818b9c66ea138eb09f60ccff4d558b4bbe0f789914b5eafbc5ed0068e10f2a6,2.1798014389048603,2.3102134893873663,2.3102134893873663,0.017007302911051674,0.017007302911051674,0,0.13041205048250593,0.13041205048250593,0
Inflation,PCEPILFE,4,pre_release,2024-07,Inflation Bridge Ridge,Inflation Bridge Ridge,2024-08-29,6f10ec17ab2445f64ecfd3fb89c58bc203bc3e319b2f02cc6b0232fde7ec6115,1.9319964454560079,2.2837506117357953,2.2837506117357953,0.12373099349518832,0.12373099349518832,0,0.35175416627978739,0.35175416627978739,0
Inflation,PCEPILFE,4,pre_release,2024-08,Inflation Bridge Ridge,Inflation Bridge Ridge,2024-09-26,612501246cdbbb670b24503a02b42f6a19c3c7be782b1193010f1bb84ec6afa4,1.5637346144796282,1.8139229793230878,1.8139229793230878,0.062594217903044008,0.062594217903044008,0,0.25018836484345952,0.25018836484345952,0
Inflation,PCEPILFE,4,pre_release,2024-09,Inflation Bridge Ridge,Inflation Bridge Ridge,2024-10-30,3ff0a5780a5a9483314e40a28f3400533417752a371907c1525cf16982b56a47,3.0422716309459474,1.7581830380443693,1.7581830380443693,1.648883514419955,1.648883514419955,0,1.2840885929015782,1.2840885929015782,0
Inflation,PCEPILFE,4,pre_release,2024-10,Inflation Bridge Ridge,Inflation Bridge Ridge,2024-11-26,45d862156b94a6a7f03b2ec671d97b083759df6b695448b894d0663e46c6d49e,3.2676103922955946,1.9868156047190482,1.9868156047190482,1.6404352878832507,1.6404352878832507,0,1.2807947875765464,1.2807947875765464,0
Inflation,PCEPILFE,4,pre_release,2024-11,Inflation Bridge Ridge,Inflation Bridge Ridge,2024-12-19,5366330acbda0d3c13de32d32063810fb729fef576f4ee00324557eb5cb4f532,1.3783286855243659,2.5113616234523093,2.5113616234523093,1.2837636384296267,1.2837636384296267,0,1.1330329379279434,1.1330329379279434,0
Inflation,PCEPILFE,4,pre_release,2024-12,Inflation Bridge Ridge,Inflation Bridge Ridge,2025-01-30,c766b855d0a50b79bbedcd8f0ee9924231cbd4cf8f28037b1b73905895da46ed,1.8707672236683237,2.4092321740492295,2.4092321740492295,0.28994450278871137,0.28994450278871137,0,0.5384649503809058,0.5384649503809058,0
Inflation,PCEPILFE,4,pre_release,2025-01,Inflation Bridge Ridge,Inflation Bridge Ridge,2025-02-27,51e104e77429f239e0a593cd375aac2d25733e53e8f5f909e4db0927b82a2a20,3.4117977999773785,1.2283220570373263,1.2283220570373263,4.7675663200076128,4.7675663200076128,0,2.1834757429400522,2.1834757429400522,0
Inflation,PCEPILFE,4,pre_release,2025-02,Inflation Bridge Ridge,Inflation Bridge Ridge,2025-03-27,2675cc36802548a8bf92f8939c4c947ad22507bbf04e34cf68b91118995c7a44,4.3732037451999162,2.9949077150206902,2.9949077150206902,1.8996999468078137,1.8996999468078137,0,1.378296030179226,1.378296030179226,0
Inflation,PCEPILFE,4,pre_release,2025-03,Inflation Bridge Ridge,Inflation Bridge Ridge,2025-04-29,aa66a4e9b18cbddefea26b46a68b1d05331715d962e78aa33e3770b56f600abd,0.33590729178136769,3.4036356913596482,3.4036356913596482,9.4109575335791185,9.4109575335791185,0,3.0677283995782805,3.0677283995782805,0
Inflation,PCEPILFE,4,pre_release,2025-04,Inflation Bridge Ridge,Inflation Bridge Ridge,2025-05-29,dfd4c22c68c07c0c1a1e9da6646723680f1d4ec238c278793ec5d3343fe7e46d,1.3903484217941298,2.5835583538628102,2.5835583538628102,1.4237499419873449,1.4237499419873449,0,1.1932099320686804,1.1932099320686804,0
Inflation,PCEPILFE,4,pre_release,2025-05,Inflation Bridge Ridge,Inflation Bridge Ridge,2025-06-26,3f9e99a93705cfa6498d615ae7b0ef9f3ca9a6d82d96c7912b4fee0cd03e9396,2.143541239825808,2.6866586591367723,2.6866586591367723,0.29497653115900174,0.29497653115900174,0,0.54311741931096424,0.54311741931096424,0
Inflation,PCEPILFE,4,pre_release,2025-06,Inflation Bridge Ridge,Inflation Bridge Ridge,2025-07-30,a5f9d0f0b07b798a9a65afa1708af887f721ac169883be36d0ca5a3487c22206,3.07225203791468,3.9192653242211768,3.9192653242211768,0.71743150717973148,0.71743150717973148,0,0.84701328630649675,0.84701328630649675,0
Inflation,PCEPILFE,4,pre_release,2025-07,Inflation Bridge Ridge,Inflation Bridge Ridge,2025-08-28,65ae5950d21ad83a6eb71fe44a26e015be00c45db3373d6a2338d70214f49180,3.2740877378866884,4.6773861585680079,4.6773861585680079,1.9692464574866855,1.9692464574866855,0,1.4032984206813195,1.4032984206813195,0
Inflation,PCEPILFE,4,pre_release,2025-08,Inflation Bridge Ridge,Inflation Bridge Ridge,2025-09-25,5c470165df67edfa0f98501880808cce8a280e8511d55c0989d8c7bee4edb323,2.7212078521923644,3.7122796415551864,3.7122796415551864,0.98222329167082589,0.98222329167082589,0,0.99107178936282203,0.99107178936282203,0
Inflation,PCEPILFE,4,pre_release,2025-09,Inflation Bridge Ridge,Inflation Bridge Ridge,2025-12-04,ffe372b3361af0436cf015ec125f471c45ae765daaf6db38fae4fe45dd403c52,2.374861315144372,3.0460488804710528,3.0460488804710528,0.45049274784915738,0.45049274784915738,0,0.67118756532668078,0.67118756532668078,0
Inflation,PCEPILFE,4,pre_release,2025-10,Inflation Bridge Ridge,Inflation Bridge Ridge,2026-01-21,7fd9ac3d0967c686efc22d6efd14b3dba883f3940746a7f120c105669eb618b6,2.4928010475139928,2.2689505766224158,2.2689505766224158,0.050109033318380736,0.050109033318380736,0,0.22385047089157695,0.22385047089157695,0
Inflation,PCEPILFE,4,pre_release,2025-11,Inflation Bridge Ridge,Inflation Bridge Ridge,2026-01-21,7fd9ac3d0967c686efc22d6efd14b3dba883f3940746a7f120c105669eb618b6,1.9227148316979026,2.9460005655548915,2.9460005655548915,1.0471136931152365,1.0471136931152365,0,1.023285733856989,1.023285733856989,0
Inflation,PCEPILFE,4,pre_release,2025-12,Inflation Bridge Ridge,Inflation Bridge Ridge,2026-02-19,3622390db633fb07272e56cac8b8affccada5719daa520693b1bb1b5c71750e4,4.2571398262751359,2.5529710498994485,2.5529710498994485,2.9041912183738079,2.9041912183738079,0,1.7041687763756874,1.7041687763756874,0
Inflation,PCEPILFE,4,pre_release,2026-01,Inflation Bridge Ridge,Inflation Bridge Ridge,2026-03-12,99d38e269cf3025e327a5fa9b27e0361e14543f262ba6a2f12fcd662154e56e0,4.3538864021670065,3.0718671827539512,3.0718671827539512,1.6435732789444597,1.6435732789444597,0,1.2820192194130553,1.2820192194130553,0
Inflation,PCEPILFE,4,pre_release,2026-02,Inflation Bridge Ridge,Inflation Bridge Ridge,2026-04-08,906d03539627b9cbf66ccd44a0e1f99dbce9a037f9549c918529dd3158256644,4.3942252510010604,3.6946300697914447,3.6946300697914447,0.48943341757171505,0.48943341757171505,0,0.69959518120961572,0.69959518120961572,0
Inflation,PCEPILFE,4,pre_release,2026-03,Inflation Bridge Ridge,Inflation Bridge Ridge,2026-04-29,24eb3ff77ceab4a4b4036721aeff07bd8b28c3685a4a313d23e0ef731054b634,3.5138300728842609,4.0657179490848252,4.0657179490848252,0.30458022789716943,0.30458022789716943,0,0.55188787620056434,0.55188787620056434,0
Inflation,PCEPILFE,4,pre_release,2026-04,Inflation Bridge Ridge,Inflation Bridge Ridge,2026-05-27,8e8a11d4ecb1d5893322150856bafdaab66150218314885da4a5acca20ab1b1f,2.8638636343949031,4.0360721779644928,4.0360721779644928,1.3740728696175386,1.3740728696175386,0,1.1722085435695897,1.1722085435695897,0
Inflation,PCEPILFE,4,pre_release,2026-05,Inflation Bridge Ridge,Inflation Bridge Ridge,2026-06-24,45ffd06e4a40c3554161f6121d49026c4b88f646d0ab65040ac6d57149e459d7,3.834474232723295,3.6352235273080096,3.6352235273080096,0.039700843608488863,0.039700843608488863,0,0.19925070541528545,0.19925070541528545,0
Labour,CES0500000003,1,month_open,2023-02,Labour Bridge Ridge,Labour Bridge Ridge,2023-02-01,a625e8022d1833e223ee211a4d0dc372e5fd183c04740ebbcd8913bb57033a61,2.9046912821033999,3.4107633483847253,3.4107633483847253,0.25610893627025022,0.25610893627025022,0,0.50607206628132539,0.50607206628132539,0
Labour,CES0500000003,1,month_open,2023-03,Labour Bridge Ridge,Labour Bridge Ridge,2023-03-01,9c677fcb35ec200fbad5da0c1d6f9f47034a0a3b1ada1b288239b7872f68ac41,3.2593953945330156,3.9989564676986471,3.9989564676986471,0.54695058094190052,0.54695058094190052,0,0.73956107316563147,0.73956107316563147,0
Labour,CES0500000003,1,month_open,2023-04,Labour Bridge Ridge,Labour Bridge Ridge,2023-04-01,de14489ce738d0aa9d434beb29ac87c6b1c1045ae0496fb5e29591065aea364b,5.7692418817232749,4.2465068622776432,4.2465068622776432,2.3187219394460885,2.3187219394460885,0,1.5227350194456317,1.5227350194456317,0
Labour,CES0500000003,1,month_open,2023-05,Labour Bridge Ridge,Labour Bridge Ridge,2023-05-01,7f83bf8482e2c2930f8ac46371522cd54958a30311b96105be2e9af7368463e5,3.9538750762231345,4.5804687238570949,4.5804687238570949,0.39261959925523177,0.39261959925523177,0,0.62659364763396042,0.62659364763396042,0
Labour,CES0500000003,1,month_open,2023-06,Labour Bridge Ridge,Labour Bridge Ridge,2023-06-01,780a896b5ae77b003c614f12ec4890201f28be64859fea0aac6731484376ca2e,4.2959473088599154,4.4799372160896898,4.4799372160896898,0.033852285962420979,0.033852285962420979,0,0.18398990722977437,0.18398990722977437,0
Labour,CES0500000003,1,month_open,2023-07,Labour Bridge Ridge,Labour Bridge Ridge,2023-07-01,3a4c14b4be18f6ceb889d4b76f185b7118870ecdf457828c530aa21dd96674ed,4.9896121783962855,4.7911352992133862,4.7911352992133862,0.039393071570183187,0.039393071570183187,0,0.19847687918289925,0.19847687918289925,0
Labour,CES0500000003,1,month_open,2023-08,Labour Bridge Ridge,Labour Bridge Ridge,2023-08-01,ccb96bbce2db9e933322c92059d3ac77bd10deef41331c2b428204b788a4a218,2.8419196231345367,4.1377861407582568,4.1377861407582568,1.6792700314982272,1.6792700314982272,0,1.2958665176237201,1.2958665176237201,0
Labour,CES0500000003,1,month_open,2023-09,Labour Bridge Ridge,Labour Bridge Ridge,2023-09-01,34d4cc0b568fa2fe0432876aee9da9fcd5b749809db5f1eb09648c661964643c,2.4819036768708003,5.4220544460165838,5.4220544460165838,8.644486545308542,8.644486545308542,0,2.9401507691457835,2.9401507691457835,0
Labour,CES0500000003,1,month_open,2023-10,Labour Bridge Ridge,Labour Bridge Ridge,2023-10-01,2501f3ee713082b68040e08e0c96faa39b1d30ed992d5a5e135d82f85e635122,2.473134984027503,4.3333774893569128,4.3333774893569128,3.4605021786342394,3.4605021786342394,0,1.8602425053294098,1.8602425053294098,0
Labour,CES0500000003,1,month_open,2023-11,Labour Bridge Ridge,Labour Bridge Ridge,2023-11-01,a54cb0106a3f48fc14619cacce2ee2c6a7574aa8f68f547408b64fcb04c16cfa,4.230321654821978,4.4577189306750729,4.4577189306750729,0.051709521065408527,0.051709521065408527,0,0.22739727585309488,0.22739727585309488,0
Labour,CES0500000003,1,month_open,2023-12,Labour Bridge Ridge,Labour Bridge Ridge,2023-12-01,c2c85a0812bf8a07ee4c04256da709a5e1b62f787e0859b5c27c65ff95fde2e3,5.2639359156470888,4.2312709885236774,4.2312709885236774,1.0663968517108007,1.0663968517108007,0,1.0326649271234114,1.0326649271234114,0
Labour,CES0500000003,1,month_open,2024-01,Labour Bridge Ridge,Labour Bridge Ridge,2024-01-01,3519333accd53327f1080036a15493a48742a0a34f4f87436c06d7119d3e3764,6.6173437171489269,3.6533491616950062,3.6533491616950062,8.785263724760485,8.785263724760485,0,2.9639945554539207,2.9639945554539207,0
Labour,CES0500000003,1,month_open,2024-02,Labour Bridge Ridge,Labour Bridge Ridge,2024-02-01,3701b2b60e17f3a387ae6dd4e9bc665cc172f5749b445cec879e69b5b005416e,1.7368652619673242,4.7820641561549806,4.7820641561549806,9.2732363051617259,9.2732363051617259,0,3.0451988941876564,3.0451988941876564,0
Labour,CES0500000003,1,month_open,2024-03,Labour Bridge Ridge,Labour Bridge Ridge,2024-03-01,77548f2852b75aef580efa27cc6c20479ec5dc3089e524f4893a7b89b3ff0f3c,4.1582484577501688,4.3073901307237223,4.3073901307237223,0.022243238617350385,0.022243238617350385,0,0.14914167297355352,0.14914167297355352,0
Labour,CES0500000003,1,month_open,2024-04,Labour Bridge Ridge,Labour Bridge Ridge,2024-04-01,f3e7ab5cea5b82b2ff68483aefae2427714a7b2b3172e6acc5bdef31debf210b,2.4197041181523105,4.8087116448927496,4.8087116448927496,5.7073569628224696,5.7073569628224696,0,2.3890075267404391,2.3890075267404391,0
Labour,CES0500000003,1,month_open,2024-05,Labour Bridge Ridge,Labour Bridge Ridge,2024-05-01,54bb7e70ea519f9b1d13ed3660f1d855156a427c1a91f45267677ad5bbe663f2,4.822050116609411,4.3958221673153899,4.3958221673153899,0.18167026475938661,0.18167026475938661,0,0.42622794929402108,0.42622794929402108,0
Labour,CES0500000003,1,month_open,2024-06,Labour Bridge Ridge,Labour Bridge Ridge,2024-06-01,1a29a50fce25676ba4df60dc2a227497d5912955dfc3391913627a002c9252a3,3.4334787372383602,4.8304298017943985,4.8304298017943985,1.9514722767642487,1.9514722767642487,0,1.3969510645560383,1.3969510645560383,0
Labour,CES0500000003,1,month_open,2024-07,Labour Bridge Ridge,Labour Bridge Ridge,2024-07-01,4c87aae8629352590fc1e432e4813cbaff4f6e9f6b181cea657a60ee780a4e0c,2.7405093269878833,5.2781535601271301,5.2781535601271301,6.4396382539848762,6.4396382539848762,0,2.5376442331392468,2.5376442331392468,0
Labour,CES0500000003,1,month_open,2024-08,Labour Bridge Ridge,Labour Bridge Ridge,2024-08-01,1cb149f34c3a59f532e4c49889de041b32bf26f923648d832d4fb47e89fccca4,4.7808828178496299,5.3316284131277651,5.3316284131277651,0.30332071071826755,0.30332071071826755,0,0.55074559527813527,0.55074559527813527,0
Labour,CES0500000003,1,month_open,2024-09,Labour Bridge Ridge,Labour Bridge Ridge,2024-09-01,5fdfc5666824fdc0b1b10afc856fa2d9825c20b59931314ccf7bd7e9db343ae9,4.4198944995560652,4.1042182709255712,4.1042182709255712,0.099651481322371879,0.099651481322371879,0,0.31567622863049394,0.31567622863049394,0
Labour,CES0500000003,1,month_open,2024-10,Labour Bridge Ridge,Labour Bridge Ridge,2024-10-01,f7b88be0eee7738e05aa6fee1d30c15c4a80e51c0331616978de0f0bbf3cedcb,4.4074071300096662,4.3287903609226843,4.3287903609226843,0.0061805963816758324,0.0061805963816758324,0,0.078616769086981897,0.078616769086981897,0
Labour,CES0500000003,1,month_open,2024-11,Labour Bridge Ridge,Labour Bridge Ridge,2024-11-01,48f5e811c5e66226b53eaec64496c7be903b86ac794ef9d8d90efc169a49a304,4.3888078179692869,5.5144793100744645,5.5144793100744645,1.2671363081382969,1.2671363081382969,0,1.1256714921051776,1.1256714921051776,0
Labour,CES0500000003,1,month_open,2024-12,Labour Bridge Ridge,Labour Bridge Ridge,2024-12-01,65bb2277f867bc39d04bd21dd903761138ec9b7b1607aa99aeb44ec8f6e16bc3,3.3670055759611017,4.7708017785276251,4.7708017785276251,1.9706437783401916,1.9706437783401916,0,1.4037962025665234,1.4037962025665234,0
Labour,CES0500000003,1,month_open,2025-01,Labour Bridge Ridge,Labour Bridge Ridge,2025-01-01,232704b0d42e2a1666e5093bd494eef549eea6361b508fa98d4163161219c108,5.7007233103172794,4.675641853393719,4.675641853393719,1.0507919933285292,1.0507919933285292,0,1.0250814569235605,1.0250814569235605,0
Labour,CES0500000003,1,month_open,2025-02,Labour Bridge Ridge,Labour Bridge Ridge,2025-02-01,54d87f057dbe572aa4d6800f9f043c021a1b5f0621ff2e5cb1ad699b26014af8,3.3444837702777619,4.0385040572419708,4.0385040572419708,0.48166415871788287,0.48166415871788287,0,0.69402028696420892,0.69402028696420892,0
Labour,CES0500000003,1,month_open,2025-03,Labour Bridge Ridge,Labour Bridge Ridge,2025-03-01,1bc4c18efc619ff94240cac4cabc8566a6add3141589d781de955ac10217975e,3.0037562617421187,4.6960726075188948,4.6960726075188948,2.8639346141832607,2.8639346141832607,0,1.692316345776776,1.692316345776776,0
Labour,CES0500000003,1,month_open,2025-04,Labour Bridge Ridge,Labour Bridge Ridge,2025-04-01,79549f7da5fac61d28805e92085456fd205ab626655c43ab48524b9d93b3ead2,1.9983351828734897,4.7779407063620827,4.7779407063620827,7.7262068662082957,7.7262068662082957,0,2.779605523488593,2.779605523488593,0
Labour,CES0500000003,1,month_open,2025-05,Labour Bridge Ridge,Labour Bridge Ridge,2025-05-01,75104d601135eddf8c1e3b6c360c34a122a3c061b69b7fae10f981935160c092,4.9771950240979024,4.394647341876496,4.394647341876496,0.33936180206153271,0.33936180206153271,0,0.5825476822214064,0.5825476822214064,0
Labour,CES0500000003,1,month_open,2025-06,Labour Bridge Ridge,Labour Bridge Ridge,2025-06-01,02b6774eb3f19b903187739584a159e96a8d8e7537de832aabd525a17ab6b6b0,2.6475465786454322,4.3913246173053624,4.3913246173053624,3.0407618481126728,3.0407618481126728,0,1.7437780386599302,1.7437780386599302,0
Labour,CES0500000003,1,month_open,2025-07,Labour Bridge Ridge,Labour Bridge Ridge,2025-07-01,b6b9c06c653e60e89f358828ec8730bc4e680f2fe36784bafa9d410e93efd003,3.9582223903979141,4.7863170211146597,4.7863170211146597,0.68574071742190323,0.68574071742190323,0,0.82809463071674561,0.82809463071674561,0
Labour,CES0500000003,1,month_open,2025-08,Labour Bridge Ridge,Labour Bridge Ridge,2025-08-01,2fcac741c98a87ac4181a30967023a1886f8e59147a4827b2b0a1f5ab8858d18,3.2894757440626421,4.0901042999604229,4.0901042999604229,0.6410060845189659,0.6410060845189659,0,0.80062855589778081,0.80062855589778081,0
Labour,CES0500000003,1,month_open,2025-09,Labour Bridge Ridge,Labour Bridge Ridge,2025-09-01,56a43cb6d4a83f7018a9e5c08194f26e20ec8059795f73a8315391ae48e158a9,2.948806944617921,4.511112786814353,4.511112786814353,2.4407995445611026,2.4407995445611026,0,1.562305842196432,1.562305842196432,0
Labour,CES0500000003,1,month_open,2025-10,Labour Bridge Ridge,Labour Bridge Ridge,2025-10-01,52ea09ee5653c4b92176fe231383636eec9c7a0aabcb0a20f703476593b0a995,5.2273428699233904,4.2842602476838998,4.2842602476838998,0.8894048323701137,0.8894048323701137,0,0.94308262223949058,0.94308262223949058,0
Labour,CES0500000003,1,month_open,2025-11,Labour Bridge Ridge,Labour Bridge Ridge,2025-11-01,977a5c002ed197043d5d39ecac45bdef20d03cbe8aaa4e545052854d2b848f65,1.6288858208966417,4.3292296776996322,4.3292296776996322,7.2918569449736497,7.2918569449736497,0,2.7003438568029905,2.7003438568029905,0
Labour,CES0500000003,1,month_open,2025-12,Labour Bridge Ridge,Labour Bridge Ridge,2025-12-01,58c0cb4c638b2295a728f26941de0aa0d421dc6d67fc92e942c0ebb0e8d4d96f,3.8961073186440487,3.9217710394269001,3.9217710394269001,0.00065862656442015866,0.00065862656442015866,0,0.025663720782851396,0.025663720782851396,0
Labour,CES0500000003,1,month_open,2026-01,Labour Bridge Ridge,Labour Bridge Ridge,2026-01-01,fac6f29d2b652c12cdf69a6e5efa5ffde4c492936a9adc66a209dc433e7273d7,4.8524125965711207,3.8174208535909342,3.8174208535909342,1.0712079080371644,1.0712079080371644,0,1.0349917429801865,1.0349917429801865,0
Labour,CES0500000003,1,month_open,2026-02,Labour Bridge Ridge,Labour Bridge Ridge,2026-02-01,e5cdc81382c78fb1f258be68d762c3f7d2cdd962727c129f638e8a8db7f98c73,4.8328700039784067,4.4904971991275824,4.4904971991275824,0.11721913750142064,0.11721913750142064,0,0.34237280485082433,0.34237280485082433,0
Labour,CES0500000003,1,month_open,2026-03,Labour Bridge Ridge,Labour Bridge Ridge,2026-03-01,16b1a548967fdcffc384c08ec2ab49737230674e04f3d332ba7f12961213b0d7,2.8927294040249407,4.1895412538409875,4.1895412538409875,1.6817209738233172,1.6817209738233172,0,1.2968118498160468,1.2968118498160468,0
Labour,CES0500000003,1,month_open,2026-04,Labour Bridge Ridge,Labour Bridge Ridge,2026-04-01,9df61ce80c86f71100d8b13eb9ef4d8b48d49deb3b3e5e9ce0cac90ff6c6844d,1.9261641374738403,4.2559682025855254,4.2559682025855254,5.4279869818109336,5.4279869818109336,0,2.3298040651116851,2.3298040651116851,0
Labour,CES0500000003,1,month_open,2026-05,Labour Bridge Ridge,Labour Bridge Ridge,2026-05-01,6c034c922c5f56744e61d8c891e2a7b7f4a87342629911312ea4e92ca7e1ad5a,3.8430777442499675,3.9203025101020192,3.9203025101020192,0.0059636644609042154,0.0059636644609042154,0,0.077224765852051735,0.077224765852051735,0
Labour,CES0500000003,1,month_open,2026-06,Labour Bridge Ridge,Labour Bridge Ridge,2026-06-01,2a9dcc995e4322da4a57b74e2df32835f188a11d6f41b195fdcafd7580cb2d98,4.1517007480594614,4.68303910188488,4.68303910188488,0.28232044624590574,0.28232044624590574,0,0.53133835382541861,0.53133835382541861,0
Labour,CES0500000003,2,after_week_1,2023-02,Labour Bridge Ridge,Labour Bridge Ridge,2023-02-07,bb41d6dfe98a395523c37c474f213db161202a21d6b68c213d32b3cd9487d8ff,2.9046912821033999,2.8277355698790703,2.8277355698790703,0.005922181643953835,0.005922181643953835,0,0.07695571222432962,0.07695571222432962,0
Labour,CES0500000003,2,after_week_1,2023-03,Labour Bridge Ridge,Labour Bridge Ridge,2023-03-07,04d542ce609f6ce78f4fb75c8c7f297a3a3521c22fa3383998fa70977d5761ee,3.2593953945330156,3.9770465685541581,3.9770465685541581,0.51502320757392406,0.51502320757392406,0,0.71765117402114242,0.71765117402114242,0
Labour,CES0500000003,2,after_week_1,2023-04,Labour Bridge Ridge,Labour Bridge Ridge,2023-04-07,d6291ecb4244544f0603af35576d597cf0ad0e6af414b0dd4da59e14033b9d8b,5.7692418817232749,4.7457300894052441,4.7457300894052441,1.0475763890140679,1.0475763890140679,0,1.0235117923180308,1.0235117923180308,0
Labour,CES0500000003,2,after_week_1,2023-05,Labour Bridge Ridge,Labour Bridge Ridge,2023-05-07,534bcacc239f9d9bc0ce2ecfc6f4243a4cb1d4205daaf6b49325cb9c542ba6dc,3.9538750762231345,4.0035435537230999,4.0035435537230999,0.0024669576571645685,0.0024669576571645685,0,0.049668477499965391,0.049668477499965391,0
Labour,CES0500000003,2,after_week_1,2023-06,Labour Bridge Ridge,Labour Bridge Ridge,2023-06-07,6e46d3399a89fbed7a12c75408ae6f4c803fdbf2f2b618c06662410c19837114,4.2959473088599154,4.2293816754062146,4.2293816754062146,0.0044309835570924523,0.0044309835570924523,0,0.066565633453700812,0.066565633453700812,0
Labour,CES0500000003,2,after_week_1,2023-07,Labour Bridge Ridge,Labour Bridge Ridge,2023-07-07,77ba7fefe2849cfab833dadd8c869b78456ad996c7411b1a46556d234973fb79,4.9896121783962855,5.3128796926531132,5.3128796926531132,0.10450188577378834,0.10450188577378834,0,0.32326751425682776,0.32326751425682776,0
Labour,CES0500000003,2,after_week_1,2023-08,Labour Bridge Ridge,Labour Bridge Ridge,2023-08-07,b12d207d247e6299aa4c05ccfc0651dad64482d8216ff838262719b475fe8bc0,2.8419196231345367,4.2877442087518665,4.2877442087518665,2.0904087323755234,2.0904087323755234,0,1.4458245856173297,1.4458245856173297,0
Labour,CES0500000003,2,after_week_1,2023-09,Labour Bridge Ridge,Labour Bridge Ridge,2023-09-07,5dfa949842e927b33ada7d19d99bd4787428f2e189df197e651ba3958f39b74d,2.4819036768708003,5.3594288986351373,5.3594288986351373,8.2801514018898974,8.2801514018898974,0,2.877525221764337,2.877525221764337,0
Labour,CES0500000003,2,after_week_1,2023-10,Labour Bridge Ridge,Labour Bridge Ridge,2023-10-07,d9d493e5ffc80c8624d08be9014bd596d65351a375f0f2610c0f89f612f96dda,2.473134984027503,4.3551531835149015,4.3551531835149015,3.5419925032017896,3.5419925032017896,0,1.8820181994873986,1.8820181994873986,0
Labour,CES0500000003,2,after_week_1,2023-11,Labour Bridge Ridge,Labour Bridge Ridge,2023-11-07,92bf152df1d49ecadde4f53d12cfe935f7739382310fdbaa04dac35fc39a3ece,4.230321654821978,5.0142883348414342,5.0142883348414342,0.61460375538072853,0.61460375538072853,0,0.78396668001945624,0.78396668001945624,0
Labour,CES0500000003,2,after_week_1,2023-12,Labour Bridge Ridge,Labour Bridge Ridge,2023-12-07,48c8b1e298d62e2347ce60adc394dbf07031c5fc7ede397c06bc43220de5f2cf,5.2639359156470888,4.0091128814314114,4.0091128814314114,1.5745808471982392,1.5745808471982392,0,1.2548230342156774,1.2548230342156774,0
Labour,CES0500000003,2,after_week_1,2024-01,Labour Bridge Ridge,Labour Bridge Ridge,2024-01-07,a252c50a87f26aba33a12acedf7870a0a48f124684b844c1ad2f0650d5369cd4,6.6173437171489269,4.0259091974380929,4.0259091974380929,6.7155328699489205,6.7155328699489205,0,2.5914345197108339,2.5914345197108339,0
Labour,CES0500000003,2,after_week_1,2024-02,Labour Bridge Ridge,Labour Bridge Ridge,2024-02-07,a4241ad2fc581d1496b94a0b1bec695555a3d43881a153582fa6b660ae64a15d,1.7368652619673242,3.8727942618497644,3.8727942618497644,4.562192692538801,4.562192692538801,0,2.1359289998824402,2.1359289998824402,0
Labour,CES0500000003,2,after_week_1,2024-03,Labour Bridge Ridge,Labour Bridge Ridge,2024-03-07,a8ee776c9f04382a27263870e48955c258b313cab6154421801a9a3c9d2d95cf,4.1582484577501688,4.2683266529298916,4.2683266529298916,0.012117209054025132,0.012117209054025132,0,0.11007819517972273,0.11007819517972273,0
Labour,CES0500000003,2,after_week_1,2024-04,Labour Bridge Ridge,Labour Bridge Ridge,2024-04-07,ca78175c4d5921f128c9ea62d66a38c43edce9fd95b11492bfdef46efef9422e,2.4197041181523105,4.3775118387643968,4.3775118387643968,3.833011070888293,3.833011070888293,0,1.9578077206120863,1.9578077206120863,0
Labour,CES0500000003,2,after_week_1,2024-05,Labour Bridge Ridge,Labour Bridge Ridge,2024-05-07,ba741d1b161e87db6a8511e63833a6c04f0fcbf08a7534893c60302232e6ab6f,4.822050116609411,4.6973922312726879,4.6973922312726879,0.015539588376623595,0.015539588376623595,0,0.12465788533672306,0.12465788533672306,0
Labour,CES0500000003,2,after_week_1,2024-06,Labour Bridge Ridge,Labour Bridge Ridge,2024-06-07,a169daa65ea8b174d1c6c12af99fac4c2c993e382e163b9b729280e5bda003f2,3.4334787372383602,4.8088562890069468,4.8088562890069468,1.8916634099089513,1.8916634099089513,0,1.3753775517685867,1.3753775517685867,0
Labour,CES0500000003,2,after_week_1,2024-07,Labour Bridge Ridge,Labour Bridge Ridge,2024-07-07,59d76c06705e6428cb53e639d275bd1c60f4cd814f4e38381f010eb1fbfb991c,2.7405093269878833,5.8954828047016505,5.8954828047016505,9.9538576450773029,9.9538576450773029,0,3.1549734777137672,3.1549734777137672,0
Labour,CES0500000003,2,after_week_1,2024-08,Labour Bridge Ridge,Labour Bridge Ridge,2024-08-07,e42c04762dad2df063bb0350438ac0035341666051ecdfb9e487763adb761ed9,4.7808828178496299,4.8983050360477929,4.8983050360477929,0.013787977326577005,0.013787977326577005,0,0.11742221819816301,0.11742221819816301,0
Labour,CES0500000003,2,after_week_1,2024-09,Labour Bridge Ridge,Labour Bridge Ridge,2024-09-07,6630db4ba0d712d7c49345b6885e146b8167fbe90b0cd4a7afdcd4f8399bcfb9,4.4198944995560652,4.177500679331466,4.177500679331466,0.058754764083075318,0.058754764083075318,0,0.24239382022459921,0.24239382022459921,0
Labour,CES0500000003,2,after_week_1,2024-10,Labour Bridge Ridge,Labour Bridge Ridge,2024-10-07,db7b7696e6aae99e7694dd5e1c58c95683a8d4964287ec1a555371478da90ebc,4.4074071300096662,4.4504140722375745,4.4504140722375745,0.001849597079794637,0.001849597079794637,0,0.04300694222790824,0.04300694222790824,0
Labour,CES0500000003,2,after_week_1,2024-11,Labour Bridge Ridge,Labour Bridge Ridge,2024-11-07,96e1ec0cf077d79a876d72878c52811dd67fc548936fe8bc4d7a31f5c16a0d3d,4.3888078179692869,5.5170729851990394,5.5170729851990394,1.2729822875839816,1.2729822875839816,0,1.1282651672297526,1.1282651672297526,0
Labour,CES0500000003,2,after_week_1,2024-12,Labour Bridge Ridge,Labour Bridge Ridge,2024-12-07,b12f8d34692d44fd7280401e60abc407818c59de8c6522a02b37f0100be55cdb,3.3670055759611017,4.4681550193566535,4.4681550193566535,1.2125300966903334,1.2125300966903334,0,1.1011494433955518,1.1011494433955518,0
Labour,CES0500000003,2,after_week_1,2025-01,Labour Bridge Ridge,Labour Bridge Ridge,2025-01-07,4922dff46c56aee99cc2df4e0191b2d1b1854b99292fc5080c21169b2a227bbe,5.7007233103172794,3.298665942714508,3.298665942714508,5.7698795972547563,5.7698795972547563,0,2.4020573676027714,2.4020573676027714,0
Labour,CES0500000003,2,after_week_1,2025-02,Labour Bridge Ridge,Labour Bridge Ridge,2025-02-07,93edd098120094468c12061d68adb07729e2994766c3600755c23d0b76750c61,3.3444837702777619,4.5615254226823723,4.5615254226823723,1.4811903836877445,1.4811903836877445,0,1.2170416524046104,1.2170416524046104,0
Labour,CES0500000003,2,after_week_1,2025-03,Labour Bridge Ridge,Labour Bridge Ridge,2025-03-07,054bd2f0a117ba037ef1e61ffa5443e5c43f4a7ac0859433ffb20157ae45a464,3.0037562617421187,4.9706625344540205,4.9706625344540205,3.868720285633426,3.868720285633426,0,1.9669062727119018,1.9669062727119018,0
Labour,CES0500000003,2,after_week_1,2025-04,Labour Bridge Ridge,Labour Bridge Ridge,2025-04-07,38f9c3fd6b2e04c3e040adaa16477edc05783a6cc9be160a94499d836679f8b9,1.9983351828734897,4.6639834741419861,4.6639834741419861,7.105680812742655,7.105680812742655,0,2.6656482912684965,2.6656482912684965,0
Labour,CES0500000003,2,after_week_1,2025-05,Labour Bridge Ridge,Labour Bridge Ridge,2025-05-07,1277a270d8450380abcfaaad3ec190cb54f3a176d3573292c5ab982d2593bc8e,4.9771950240979024,4.3162901599895127,4.3162901599895127,0.436795239402129,0.436795239402129,0,0.66090486410838967,0.66090486410838967,0
Labour,CES0500000003,2,after_week_1,2025-06,Labour Bridge Ridge,Labour Bridge Ridge,2025-06-07,83beda7e8df1fea8713ab210f3e177bf0993ab54a8305a67d5576a637bd589a8,2.6475465786454322,4.2194065732378485,4.2194065732378485,2.4707438426000712,2.4707438426000712,0,1.5718599945924163,1.5718599945924163,0
Labour,CES0500000003,2,after_week_1,2025-07,Labour Bridge Ridge,Labour Bridge Ridge,2025-07-07,fcaf5bc138fe2f3332d5d1509669235199f952e3a2960a20504ac231e8463b50,3.9582223903979141,4.6051239102632513,4.6051239102632513,0.41848157640408323,0.41848157640408323,0,0.64690151986533717,0.64690151986533717,0
Labour,CES0500000003,2,after_week_1,2025-08,Labour Bridge Ridge,Labour Bridge Ridge,2025-08-07,e96b583c044cdd4e56c565cfe33c2b2a448d1affd9b2a1d4f123434714f8f419,3.2894757440626421,4.0672367946800918,4.0672367946800918,0.60491225185755915,0.60491225185755915,0,0.77776105061744971,0.77776105061744971,0
Labour,CES0500000003,2,after_week_1,2025-09,Labour Bridge Ridge,Labour Bridge Ridge,2025-09-07,de2edea823cb93c6737bf52e436d82048db9488695b8cfe07863468096cba4a0,2.948806944617921,4.5926466904881114,4.5926466904881114,2.7022091101025718,2.7022091101025718,0,1.6438397458701903,1.6438397458701903,0
Labour,CES0500000003,2,after_week_1,2025-10,Labour Bridge Ridge,Labour Bridge Ridge,2025-10-07,360b1bf55e81a63dface52829e6e00ba960cea56442717def8f2f6b1f1a7555d,5.2273428699233904,4.2842602476838998,4.2842602476838998,0.8894048323701137,0.8894048323701137,0,0.94308262223949058,0.94308262223949058,0
Labour,CES0500000003,2,after_week_1,2025-11,Labour Bridge Ridge,Labour Bridge Ridge,2025-11-07,ca8b81a0095c12210660a4fb6cc9660677d5e71f1aec8d56d540e31fa3056ad8,1.6288858208966417,4.3292296776996322,4.3292296776996322,7.2918569449736497,7.2918569449736497,0,2.7003438568029905,2.7003438568029905,0
Labour,CES0500000003,2,after_week_1,2025-12,Labour Bridge Ridge,Labour Bridge Ridge,2025-12-07,3e12e701e5a2d64154efe9bea276c8029ad622a52886daabaede35dd87e07236,3.8961073186440487,3.8824004584045473,3.8824004584045473,0.00018787801762522454,0.00018787801762522454,0,0.013706860239501406,0.013706860239501406,0
Labour,CES0500000003,2,after_week_1,2026-01,Labour Bridge Ridge,Labour Bridge Ridge,2026-01-07,d43da6537ff4bcad48bd47092b820d596fcb9c64db7fa6c95a58451e5a56770d,4.8524125965711207,4.6353960925688478,4.6353960925688478,0.04709616300936853,0.04709616300936853,0,0.2170165040022729,0.2170165040022729,0
Labour,CES0500000003,2,after_week_1,2026-02,Labour Bridge Ridge,Labour Bridge Ridge,2026-02-07,37c69c231cbac476995f7ae8103aef740098628d299161150c826005831eadd2,4.8328700039784067,4.3340436747278268,4.3340436747278268,0.24882770675360794,0.24882770675360794,0,0.4988263292505799,0.4988263292505799,0
Labour,CES0500000003,2,after_week_1,2026-03,Labour Bridge Ridge,Labour Bridge Ridge,2026-03-07,f7b758ab5cd15f34035c7f85593761ad6610b9cf39f92cf30fe1302005238127,2.8927294040249407,4.8052098272888815,4.8052098272888815,3.6575813693678221,3.6575813693678221,0,1.9124804232639407,1.9124804232639407,0
Labour,CES0500000003,2,after_week_1,2026-04,Labour Bridge Ridge,Labour Bridge Ridge,2026-04-07,756f7615f928dae9df0542acd7dbc63ca7013dc60608c838446f6205be7d8080,1.9261641374738403,4.0637489000984699,4.0637489000984699,4.5692686174049939,4.5692686174049939,0,2.1375847626246296,2.1375847626246296,0
Labour,CES0500000003,2,after_week_1,2026-05,Labour Bridge Ridge,Labour Bridge Ridge,2026-05-07,c1a70b31504609df70e57a8900964825b53d74c5d0f5fd5f3c774df3b96ba5b0,3.8430777442499675,4.3192730920287046,4.3192730920287046,0.22676200924611234,0.22676200924611234,0,0.47619534777873707,0.47619534777873707,0
Labour,CES0500000003,2,after_week_1,2026-06,Labour Bridge Ridge,Labour Bridge Ridge,2026-06-07,8784239341aa001ab1647806c07a3f0361b1419a04dfa39baa7e045cd22234ad,4.1517007480594614,3.7528679506671478,3.7528679506671478,0.15906760027577826,0.15906760027577826,0,0.39883279739231359,0.39883279739231359,0
Labour,CES0500000003,3,after_week_2,2023-02,Labour Bridge Ridge,Labour Bridge Ridge,2023-02-14,8493c3522808cec4223f6f3d60cef7f8cb31652eb221cdb7aeb18631eac2e8ad,2.9046912821033999,2.8611715090271082,2.8611715090271082,0.001893970648611927,0.001893970648611927,0,0.043519773076291735,0.043519773076291735,0
Labour,CES0500000003,3,after_week_2,2023-03,Labour Bridge Ridge,Labour Bridge Ridge,2023-03-14,20c40afbcca5c648db06a4273bcffc60ee94d000b3934a3793b1cb51918278bb,3.2593953945330156,4.3777331480532453,4.3777331480532453,1.2506793309486739,1.2506793309486739,0,1.1183377535202297,1.1183377535202297,0
Labour,CES0500000003,3,after_week_2,2023-04,Labour Bridge Ridge,Labour Bridge Ridge,2023-04-14,67ee23bbaa58d22cbf3c8878e5129f497073227cf66af8559e3990e7ed85be3f,5.7692418817232749,4.6016604797866218,4.6016604797866218,1.3632463301483602,1.3632463301483602,0,1.1675814019366531,1.1675814019366531,0
Labour,CES0500000003,3,after_week_2,2023-05,Labour Bridge Ridge,Labour Bridge Ridge,2023-05-14,b003a900f1a4b4c48d303b15f513372ec6de625c0248d6c2eaa4985d38abb73e,3.9538750762231345,4.0405991092466227,4.0405991092466227,0.0075210579038590703,0.0075210579038590703,0,0.08672403302348819,0.08672403302348819,0
Labour,CES0500000003,3,after_week_2,2023-06,Labour Bridge Ridge,Labour Bridge Ridge,2023-06-14,734ba86a6992f197f3ad1bf69bd17c3d9183d762c13d6d479bb70ac3ab3b0c76,4.2959473088599154,4.2701582480648703,4.2701582480648703,0.00066507565669053019,0.00066507565669053019,0,0.02578906079504506,0.02578906079504506,0
Labour,CES0500000003,3,after_week_2,2023-07,Labour Bridge Ridge,Labour Bridge Ridge,2023-07-14,e4811844862e309cfc8322d765ffa7a257731b6fe4cf0af7302c064d6f2e7608,4.9896121783962855,5.3861473407917533,5.3861473407917533,0.15724013501600004,0.15724013501600004,0,0.39653516239546782,0.39653516239546782,0
Labour,CES0500000003,3,after_week_2,2023-08,Labour Bridge Ridge,Labour Bridge Ridge,2023-08-14,ded400bd99d0525f109e312456fba5df514a4d773b390ecc853d70110c30193b,2.8419196231345367,4.3343772081684131,4.3343772081684131,2.2274296431251503,2.2274296431251503,0,1.4924575850338764,1.4924575850338764,0
Labour,CES0500000003,3,after_week_2,2023-09,Labour Bridge Ridge,Labour Bridge Ridge,2023-09-14,b92020924c9b8daef618fd1bf659b4548d6867910f86e626465a464ba71cce2d,2.4819036768708003,5.3155740159421079,5.3155740159421079,8.0296875905325003,8.0296875905325003,0,2.8336703390713076,2.8336703390713076,0
Labour,CES0500000003,3,after_week_2,2023-10,Labour Bridge Ridge,Labour Bridge Ridge,2023-10-14,c8bb26bc6ccd1e562376422f23b273f0897968f271d71fef3c2c57267c55258c,2.473134984027503,4.4201485844702617,4.4201485844702617,3.7908619603090745,3.7908619603090745,0,1.9470136004427587,1.9470136004427587,0
Labour,CES0500000003,3,after_week_2,2023-11,Labour Bridge Ridge,Labour Bridge Ridge,2023-11-14,f5c0f612dc58e9016dc44763f1e1b02ededc60d3770a17e50bdb3572bb610a1c,4.230321654821978,5.0648064507304049,5.0648064507304049,0.69636487460232899,0.69636487460232899,0,0.83448479590842695,0.83448479590842695,0
Labour,CES0500000003,3,after_week_2,2023-12,Labour Bridge Ridge,Labour Bridge Ridge,2023-12-14,aff022967a092f45ea0cc83de606b7add419d69251ad673c8850e401433d4a81,5.2639359156470888,3.2656347508094248,3.2656347508094248,3.9932075453915652,3.9932075453915652,0,1.9983011648376641,1.9983011648376641,0
Labour,CES0500000003,3,after_week_2,2024-01,Labour Bridge Ridge,Labour Bridge Ridge,2024-01-14,4137aca638b70cbdb714544313f398ba6149872c41a12595f85b84fec079499b,6.6173437171489269,4.0234149166767645,4.0234149166767645,6.7284666219189511,6.7284666219189511,0,2.5939288004721623,2.5939288004721623,0
Labour,CES0500000003,3,after_week_2,2024-02,Labour Bridge Ridge,Labour Bridge Ridge,2024-02-14,e66a3d829626762dc37bc2abaef61abbae0b316e83b458eb9e862f6e10aab1d2,1.7368652619673242,3.9018671705830892,3.9018671705830892,4.6872332643099055,4.6872332643099055,0,2.165001908615765,2.165001908615765,0
Labour,CES0500000003,3,after_week_2,2024-03,Labour Bridge Ridge,Labour Bridge Ridge,2024-03-14,6082a0e5af4d013b8a575a7e0c2f72c977bf815d00f07e82c024da13b8dbdd8c,4.1582484577501688,5.0738806579658728,5.0738806579658728,0.83838232607185104,0.83838232607185104,0,0.91563220021570402,0.91563220021570402,0
Labour,CES0500000003,3,after_week_2,2024-04,Labour Bridge Ridge,Labour Bridge Ridge,2024-04-14,f361a111d81ddea7281c1841c3e7377ead6751e7738e314e5c5a783bd67b93a7,2.4197041181523105,4.3833625457826564,4.3833625457826564,3.8559544204036826,3.8559544204036826,0,1.9636584276303459,1.9636584276303459,0
Labour,CES0500000003,3,after_week_2,2024-05,Labour Bridge Ridge,Labour Bridge Ridge,2024-05-14,8aaa812faa2efa57d1e16617bd809a906549a3d52532e4eb2aa5a91bf3174426,4.822050116609411,4.7123856525357537,4.7123856525357537,0.012026294680562464,0.012026294680562464,0,0.10966446407365726,0.10966446407365726,0
Labour,CES0500000003,3,after_week_2,2024-06,Labour Bridge Ridge,Labour Bridge Ridge,2024-06-14,5b118d1a38fdc61e0354d414940750989584533b032f3ebc5108ce5237a83dda,3.4334787372383602,4.8900505351465178,4.8900505351465178,2.1216014024614029,2.1216014024614029,0,1.4565717979081576,1.4565717979081576,0
Labour,CES0500000003,3,after_week_2,2024-07,Labour Bridge Ridge,Labour Bridge Ridge,2024-07-14,b9d9d06b76243fbeb3e3c4f0ee993d001c65ada355bcca8b593fcb3afbe8683b,2.7405093269878833,5.8931292227355971,5.8931292227355971,9.9390122070643265,9.9390122070643265,0,3.1526198957477138,3.1526198957477138,0
Labour,CES0500000003,3,after_week_2,2024-08,Labour Bridge Ridge,Labour Bridge Ridge,2024-08-14,68ab36fad37d8d08cf9611ee2be678ce8b335aca49799811a4838a7bdc8c0a82,4.7808828178496299,4.9042901759344675,4.9042901759344675,0.015229376029479333,0.015229376029479333,0,0.1234073580848376,0.1234073580848376,0
Labour,CES0500000003,3,after_week_2,2024-09,Labour Bridge Ridge,Labour Bridge Ridge,2024-09-14,814ee909d35ffc640fcbea52b33bfdb18fdaecd4e09d342999f2426fec159eec,4.4198944995560652,4.1828840590099468,4.1828840590099468,0.056173948927865133,0.056173948927865133,0,0.23701044054611842,0.23701044054611842,0
Labour,CES0500000003,3,after_week_2,2024-10,Labour Bridge Ridge,Labour Bridge Ridge,2024-10-14,61b8d5b40194c98196c5f929ef9c999e7e018da38356e02462e8016b1c5c8cb9,4.4074071300096662,4.4829748224419284,4.4829748224419284,0.0057104761395369678,0.0057104761395369678,0,0.075567692432262135,0.075567692432262135,0
Labour,CES0500000003,3,after_week_2,2024-11,Labour Bridge Ridge,Labour Bridge Ridge,2024-11-14,215c1be6722346fedf96008e93374abccf3a01c6c1ba6059675edd4b9ce324ea,4.3888078179692869,5.3630950984835994,5.3630950984835994,0.94923570497197474,0.94923570497197474,0,0.97428728051431257,0.97428728051431257,0
Labour,CES0500000003,3,after_week_2,2024-12,Labour Bridge Ridge,Labour Bridge Ridge,2024-12-14,d3c3c0e7405a14727e41d886ce321ba0ab55bd204b29cf9a0eeaca5c20ea4ea8,3.3670055759611017,4.486715895148107,4.486715895148107,1.2537511988938652,1.2537511988938652,0,1.1197103191870053,1.1197103191870053,0
Labour,CES0500000003,3,after_week_2,2025-01,Labour Bridge Ridge,Labour Bridge Ridge,2025-01-14,4b93e5cdf0425cd1cc7f61e84aa17c7dca1aaf5c8808b9ff6e9e159f8e2eb790,5.7007233103172794,3.4449177763657794,3.4449177763657794,5.0886586070062121,5.0886586070062121,0,2.2558055339515,2.2558055339515,0
Labour,CES0500000003,3,after_week_2,2025-02,Labour Bridge Ridge,Labour Bridge Ridge,2025-02-14,22b8da27f748fc8795008423c52ac6d06223d40a9b614318c2cdfde7d1a7f7e4,3.3444837702777619,4.4961503585404872,4.4961503585404872,1.3263359305207056,1.3263359305207056,0,1.1516665882627253,1.1516665882627253,0
Labour,CES0500000003,3,after_week_2,2025-03,Labour Bridge Ridge,Labour Bridge Ridge,2025-03-14,9cf450f9b31e54e708500e903cf3587e84972f39f67c485e2e322be211f2980e,3.0037562617421187,5.5338945909631274,5.5338945909631274,6.4015999649932773,6.4015999649932773,0,2.5301383292210087,2.5301383292210087,0
Labour,CES0500000003,3,after_week_2,2025-04,Labour Bridge Ridge,Labour Bridge Ridge,2025-04-14,9a23e979555fdbc6d14c6e1f43c1d3c6518de5890fe29d3f9aa359c8ccdec8a4,1.9983351828734897,4.6502271282151124,4.6502271282151124,7.0325308897677763,7.0325308897677763,0,2.6518919453416228,2.6518919453416228,0
Labour,CES0500000003,3,after_week_2,2025-05,Labour Bridge Ridge,Labour Bridge Ridge,2025-05-14,213c183aeee6eec37fe9f7d97708b57570c27ee87cfb24ea035a6736a5562a7f,4.9771950240979024,4.3155713860167655,4.3155713860167655,0.43774583846771919,0.43774583846771919,0,0.66162363808113689,0.66162363808113689,0
Labour,CES0500000003,3,after_week_2,2025-06,Labour Bridge Ridge,Labour Bridge Ridge,2025-06-14,2564788b5d1c10d7b86de0010b313903faea9132d4a494b277bcf0770590cc5b,2.6475465786454322,4.2335978611917593,4.2335978611917593,2.5155586708668491,2.5155586708668491,0,1.5860512825463271,1.5860512825463271,0
Labour,CES0500000003,3,after_week_2,2025-07,Labour Bridge Ridge,Labour Bridge Ridge,2025-07-14,1d642d82148daeb467d53ad4ca7cb5a0683458f104637af0db56793bf314b3b7,3.9582223903979141,4.630053516691941,4.630053516691941,0.45135706225750066,0.45135706225750066,0,0.67183112629402686,0.67183112629402686,0
Labour,CES0500000003,3,after_week_2,2025-08,Labour Bridge Ridge,Labour Bridge Ridge,2025-08-14,c3f066641b9fa527f7df4b280e9f7960a407b74c79d35fc133459acfda7eae9c,3.2894757440626421,4.0795713426932405,4.0795713426932405,0.62425105497544364,0.62425105497544364,0,0.79009559863059842,0.79009559863059842,0
Labour,CES0500000003,3,after_week_2,2025-09,Labour Bridge Ridge,Labour Bridge Ridge,2025-09-14,fb1375351bcb66a8ebe84262496380f7546d5de53dce37c8bb491382c2e5a504,2.948806944617921,4.5596450810551374,4.5596450810551374,2.5947995018005243,2.5947995018005243,0,1.6108381364372164,1.6108381364372164,0
Labour,CES0500000003,3,after_week_2,2025-10,Labour Bridge Ridge,Labour Bridge Ridge,2025-10-14,fb99f5e2d83988b21675b8e517a9d2ad3e1e5dbf58c99242db9372de579fc9de,5.2273428699233904,4.2842602476838998,4.2842602476838998,0.8894048323701137,0.8894048323701137,0,0.94308262223949058,0.94308262223949058,0
Labour,CES0500000003,3,after_week_2,2025-11,Labour Bridge Ridge,Labour Bridge Ridge,2025-11-14,fce261c232d8f7fc7176fbc41f5bc9f760fd4c375ab1f47f68118cb00ac9f65f,1.6288858208966417,4.3292296776996322,4.3292296776996322,7.2918569449736497,7.2918569449736497,0,2.7003438568029905,2.7003438568029905,0
Labour,CES0500000003,3,after_week_2,2025-12,Labour Bridge Ridge,Labour Bridge Ridge,2025-12-14,75d0ef6ecaab0a4dcc8eca7c1982f999d0fde8656a1445135f3843c530e18e15,3.8961073186440487,3.4944199351408036,3.4944199351408036,0.16135275406568308,0.16135275406568308,0,0.40168738350324507,0.40168738350324507,0
Labour,CES0500000003,3,after_week_2,2026-01,Labour Bridge Ridge,Labour Bridge Ridge,2026-01-14,f5b2998c2021fe2be01a4d559269087f59f319630d1c9c4e67dbf8d0e0073a04,4.8524125965711207,4.6325235518607037,4.6325235518607037,0.048351191983659732,0.048351191983659732,0,0.21988904471041693,0.21988904471041693,0
Labour,CES0500000003,3,after_week_2,2026-02,Labour Bridge Ridge,Labour Bridge Ridge,2026-02-14,80041a019a51c1f914d20ffc21c55e1aa914c77955be7e9ec773633233791864,4.8328700039784067,3.4249279436167113,3.4249279436167113,1.982300845335536,1.982300845335536,0,1.4079420603616954,1.4079420603616954,0
Labour,CES0500000003,3,after_week_2,2026-03,Labour Bridge Ridge,Labour Bridge Ridge,2026-03-14,80f673451026065a08158f9ad45264f9545624108dcbb152c0a0a194392e4665,2.8927294040249407,4.7453606234694519,4.7453606234694519,3.4322424352604566,3.4322424352604566,0,1.8526312194445111,1.8526312194445111,0
Labour,CES0500000003,3,after_week_2,2026-04,Labour Bridge Ridge,Labour Bridge Ridge,2026-04-14,8629ac2b41f90c9aeeb10f8c512b4f6fab7ad55f787730548b9a49b370b1d2da,1.9261641374738403,4.0068078152780089,4.0068078152780089,4.3290781139864567,4.3290781139864567,0,2.0806436778041686,2.0806436778041686,0
Labour,CES0500000003,3,after_week_2,2026-05,Labour Bridge Ridge,Labour Bridge Ridge,2026-05-14,0caf7bc06b0509c09b64ca8b897e8f5a13585e8a2ebddb51be170b64ab40ea7f,3.8430777442499675,4.5045176025526468,4.5045176025526468,0.43750268615146842,0.43750268615146842,0,0.66143985830267926,0.66143985830267926,0
Labour,CES0500000003,3,after_week_2,2026-06,Labour Bridge Ridge,Labour Bridge Ridge,2026-06-14,3e5fe4178128c4c9c691c210afb5c33042b4f830dfae2cf299efd5ce99376254,4.1517007480594614,3.7304815449600017,3.7304815449600017,0.17742561705974388,0.17742561705974388,0,0.4212192030994597,0.4212192030994597,0
Labour,CES0500000003,4,month_end,2023-02,Labour Equal-Weight Ensemble,Labour Bridge Ridge,2023-02-28,6279ba25f52d576567d18e8c8d0c041afe74443b1991c4639a039fa121bde214,2.9046912821033999,3.0633886184552463,2.8216062599893368,0.025184844565171088,0.0069031208996943542,0.018281723665476736,0.15869733635184646,0.083085022114063101,0.075612314237783362
Labour,CES0500000003,4,month_end,2023-03,Labour Equal-Weight Ensemble,Labour Bridge Ridge,2023-03-31,97c2667ce008751c1b7129bd44acbe9aa35adf09d5459c5a81e6a34249711428,3.2593953945330156,4.0909145018695101,4.4795914452305059,0.69142402586568064,1.4888784021377521,-0.7974543762720715,0.83151910733649448,1.2201960506974903,-0.38867694336099579
Labour,CES0500000003,4,month_end,2023-04,Labour Equal-Weight Ensemble,Labour Bridge Ridge,2023-04-30,e811f526b64f8e7326cd3d36e4d2062d605e0421fec2fb11ecf8d12b27b2c893,5.7692418817232749,4.0560865174452756,4.721887007320352,2.9349013021544845,1.0969522329355623,1.8379490692189222,1.7131553642779993,1.0473548744029229,0.66580048987507645
Labour,CES0500000003,4,month_end,2023-05,Labour Equal-Weight Ensemble,Labour Bridge Ridge,2023-05-31,47a3ec2530f58d9c3b9b533370d871a212d295cc2d8510e172b9cf67c635cc4e,3.9538750762231345,3.6886223017675732,4.1368184994044901,0.070359034356372863,0.033468296085312557,0.036890738271060305,0.26525277445556128,0.18294342318135559,0.082309351274205689
Labour,CES0500000003,4,month_end,2023-06,Labour Equal-Weight Ensemble,Labour Bridge Ridge,2023-06-30,84395dc96d4f2a5c9468cb5755d3d1d33991b8259cb83f65753aa4f99fc85048,4.2959473088599154,3.8743132343918241,4.3250479850280374,0.17777529275256398,0.00084684935344190746,0.17692844339912209,0.42163407446809131,0.029100676168122064,0.39253339829996925
Labour,CES0500000003,4,month_end,2023-07,Labour Equal-Weight Ensemble,Labour Bridge Ridge,2023-07-31,fbc319d6b5ac0fd2775cd9c76bd4dcd8de1f4360e65a63d4718ace7671787554,4.9896121783962855,4.1549715728036043,5.2227400536978594,0.69662494050411761,0.054348606242626225,0.64227633426149133,0.83464060559268116,0.23312787530157397,0.60151273029110719
Labour,CES0500000003,4,month_end,2023-08,Labour Equal-Weight Ensemble,Labour Bridge Ridge,2023-08-31,98f13c26d07eaf0eb0e880cd715440adc3fbae7968b44b9231773834cccf4443,2.8419196231345367,3.8128378525933848,4.4318535078284107,0.94268220829550442,2.527889757697753,-1.5852075494022486,0.97091822945884809,1.589933884693874,-0.61901565523502589
Labour,CES0500000003,4,month_end,2023-09,Labour Equal-Weight Ensemble,Labour Bridge Ridge,2023-09-30,67078a8f26e3a5e1d4f32ab4069129481cef2e548278a60daddb0f9108f5e2ed,2.4819036768708003,4.1830026768001822,5.1211384729257947,2.8937378075607434,6.965560308707448,-4.0718225011467046,1.701098999929382,2.6392347960549944,-0.93813579612561249
Labour,CES0500000003,4,month_end,2023-10,Labour Equal-Weight Ensemble,Labour Bridge Ridge,2023-10-31,dafc9e6a287c630203f0500d569d359231ed7e0bc3cadecea74f0289ddd91749,2.473134984027503,3.8534355012884376,4.7231076588512266,1.9052295179508036,5.0623770374534214,-3.157147519502618,1.3803005172609346,2.2499726748237237,-0.86967215756278904
Labour,CES0500000003,4,month_end,2023-11,Labour Equal-Weight Ensemble,Labour Bridge Ridge,2023-11-30,699604e989d8b352ecf5a2746628df7956010c4a22358acf6525a9a470e4964b,4.230321654821978,4.1816160575680525,4.8889280362340122,0.0023722352038615881,0.43376236563665388,-0.43139013043279228,0.048705597253925426,0.6586063814120342,-0.60990078415810878
Labour,CES0500000003,4,month_end,2023-12,Labour Equal-Weight Ensemble,Labour Bridge Ridge,2023-12-31,276f8d1dd873542255063c66d57a96bd3f3eb179ef1c67bd1b2b9304a8d82da6,5.2639359156470888,3.4802786834859791,3.1472816189076473,3.1814331218406307,4.4802254119055398,-1.2987922900649091,1.7836572321611097,2.1166542967394415,-0.33299706457833178
Labour,CES0500000003,4,month_end,2024-01,Labour Equal-Weight Ensemble,Labour Bridge Ridge,2024-01-31,8b7ca7ee27539c100809fb99a89db4363c964d7ce55b3e34fa72dabf6ba8438d,6.6173437171489269,3.6535059868772897,3.97597570668262,8.78433409138173,6.9768249667147364,1.8075091246669936,2.9638377302716372,2.6413680104663069,0.32246971980533035
Labour,CES0500000003,4,month_end,2024-02,Labour Equal-Weight Ensemble,Labour Bridge Ridge,2024-02-29,04841ef40dafcdc536a79240e7a22a4ea8336419419f1ec8074618f2a3963450,1.7368652619673242,3.7624345021224088,4.0607238501606098,4.1029307466624472,5.4003187379196902,-1.297387991257243,2.0255692401550847,2.3238585881932856,-0.29828934803820095
Labour,CES0500000003,4,month_end,2024-03,Labour Equal-Weight Ensemble,Labour Bridge Ridge,2024-03-31,d8f9cec934588cef4f635943e0a3012b5d783790202aef237ba7b866779390e9,4.1582484577501688,4.0754792230145096,4.948933883608416,0.0068507462187266579,0.62518344266463777,-0.61833269644591116,0.082769234735659225,0.79068542585824719,-0.70791619112258797
Labour,CES0500000003,4,month_end,2024-04,Labour Equal-Weight Ensemble,Labour Bridge Ridge,2024-04-30,c8a398c207425212c887b26d5dbe108904be6744256a227a3bf1b8630afe050c,2.4197041181523105,3.945312535792779,4.4812860733306907,2.3274810439754541,4.2501201579171131,-1.922639113941659,1.5256084176404685,2.0615819551783803,-0.53597353753791177
Labour,CES0500000003,4,month_end,2024-05,Labour Equal-Weight Ensemble,Labour Bridge Ridge,2024-05-31,4c4446c658be80fb35aa570dec5ca427851a31b7ddfe358ae6a03c9b0edc48ec,4.822050116609411,4.1252424295102772,4.6774991093507801,0.48554095280044429,0.020894993699484766,0.46464595910095952,0.69680768709913377,0.1445510072586309,0.55225667984050286
Labour,CES0500000003,4,month_end,2024-06,Labour Equal-Weight Ensemble,Labour Bridge Ridge,2024-06-30,66b68196eefe79db940752639d613747ca2ba48e5ea9ffb2463ea72cace78419,3.4334787372383602,4.1117929743640884,4.8932934743759011,0.46011020428745869,2.1310590667639477,-1.670948862476489,0.67831423712572825,1.459814737137541,-0.7815005000118127
Labour,CES0500000003,4,month_end,2024-07,Labour Equal-Weight Ensemble,Labour Bridge Ridge,2024-07-31,c3a0cfd07a89a9461ffab86252ae088529cb2362cc99b544dee29cdc48adf2f6,2.7405093269878833,4.2175397570386473,5.3828498645496916,2.1816188912959449,6.9819635164424261,-4.8003446251464812,1.477030430050764,2.6423405375618083,-1.1653101075110444
Labour,CES0500000003,4,month_end,2024-08,Labour Equal-Weight Ensemble,Labour Bridge Ridge,2024-08-31,732c63f7ec21aca5181fcbf6a7ce6e57eecc05a6e05ae98f806fe33824c84b98,4.7808828178496299,3.9165519426831019,4.6289801535859159,0.74706786176613615,0.023074419410414618,0.72399344235572149,0.86433087516652796,0.15190266426371402,0.71242821090281394
Labour,CES0500000003,4,month_end,2024-09,Labour Equal-Weight Ensemble,Labour Bridge Ridge,2024-09-30,01cfebddb7a8f5d4de9b24b54aa2c3119e470edbe7ad3c651429945bc92b3825,4.4198944995560652,3.5703736123769008,4.0253638419365094,0.72168573775367462,0.15565443980171911,0.5660312979519555,0.84952088717916441,0.39453065761955575,0.45499022955960866
Labour,CES0500000003,4,month_end,2024-10,Labour Equal-Weight Ensemble,Labour Bridge Ridge,2024-10-31,bb84d013a9a2a7b27d5fe0aa8e8d9395b3a3d825ace33a5cbb55efc1207025e5,4.4074071300096662,4.1327153999588511,4.5190197854652014,0.075455546558309911,0.012457384857836018,0.062998161700473898,0.27469173005081515,0.11161265545553523,0.16307907459527993
Labour,CES0500000003,4,month_end,2024-11,Labour Equal-Weight Ensemble,Labour Bridge Ridge,2024-11-30,47f401181e8f074bd710761ba1e46076c3e0995fa29431b0fde81a166a48cb18,4.3888078179692869,4.4100552891495459,5.3470482854956689,0.00045145503155593882,0.91822479360517917,-0.9177733385736232,0.021247471180259048,0.95824046752638203,-0.93699299634612299
Labour,CES0500000003,4,month_end,2024-12,Labour Equal-Weight Ensemble,Labour Bridge Ridge,2024-12-31,761459f7a6b227c41ed280a4a05d2437356630df52b11dc143100317fe789afd,3.3670055759611017,3.4712235562084359,4.3977539654580351,0.01086138740683374,1.0624422424505218,-1.051580855043688,0.1042179802473342,1.0307483894969334,-0.92653040924959917
Labour,CES0500000003,4,month_end,2025-01,Labour Equal-Weight Ensemble,Labour Bridge Ridge,2025-01-31,bc182377d8909f138a980f0f2af1a3b5342236e8fb97dc046d48ba4782727463,5.7007233103172794,3.6314795262795809,3.6821821722171739,4.2817698377786533,4.0745083262024693,0.207261511576184,2.0692437840376985,2.0185411381001055,0.050702645937592994
Labour,CES0500000003,4,month_end,2025-02,Labour Equal-Weight Ensemble,Labour Bridge Ridge,2025-02-28,008dc5003c888083c121f90abe86553ff4e5ca7037c97c44fa1bdda536129088,3.3444837702777619,4.0488567342119559,4.5124666204640596,0.4961412723214414,1.3641839383293075,-0.86804266600786617,0.70437296393419402,1.1679828501862977,-0.46360988625210364
Labour,CES0500000003,4,month_end,2025-03,Labour Equal-Weight Ensemble,Labour Bridge Ridge,2025-03-31,bc04457d4517591c1730c971e9ba798296295a2942edca566dc5fb768e1ee180,3.0037562617421187,3.9738324913594791,5.4738373182977185,0.94104789126863375,6.101300425954828,-5.1602525346861938,0.9700762296173604,2.4700810565555997,-1.5000048269382393
Labour,CES0500000003,4,month_end,2025-04,Labour Equal-Weight Ensemble,Labour Bridge Ridge,2025-04-30,6dcf1b1fbb1683899ae0571023bb9a23c38b5900f187f0d317ccba88c6a32075,1.9983351828734897,3.9115627685220158,4.5555120193722685,3.6604397944864884,6.5391533731259024,-2.878713578639414,1.9132275856485261,2.5571768364987788,-0.64394925085025267
Labour,CES0500000003,4,month_end,2025-05,Labour Equal-Weight Ensemble,Labour Bridge Ridge,2025-05-31,8814e19f98ccf79260e2df771557f49f21b55de93e6451e4f28fc8adfb2e4008,4.9771950240979024,3.8407559135193203,4.3809185253680454,1.2914938520526387,0.35554566293753714,0.93594818911510158,1.136439110578582,0.596276498729857,0.54016261184872505
Labour,CES0500000003,4,month_end,2025-06,Labour Equal-Weight Ensemble,Labour Bridge Ridge,2025-06-30,7b456dd2caa6006bbe768b4f8f087f1aeecd143f3c5cc3fa1bebc2b73e5c09d3,2.6475465786454322,3.9170370056932313,4.2946911205697118,1.6116059443660034,2.7130851419909447,-1.1014791976249414,1.2694904270477991,1.6471445419242796,-0.37765411487648048
Labour,CES0500000003,4,month_end,2025-07,Labour Equal-Weight Ensemble,Labour Bridge Ridge,2025-07-31,4d961af8bf48247227b9886247f41c6245bc2a7c214e9b6a5e509260eb549c2a,3.9582223903979141,3.6612779883501361,4.0662229597189627,0.088175977907512457,0.011664122973670629,0.076511854933841827,0.29694440204777806,0.10800056932104862,0.18894383272672943
Labour,CES0500000003,4,month_end,2025-08,Labour Equal-Weight Ensemble,Labour Bridge Ridge,2025-08-31,6c62b6995120e86b0d022a54a9fe4b3b17a236c6a063d185b725ab3453847f74,3.2894757440626421,3.6779154395828102,4.0611020436210481,0.1508853970558009,0.59540714617019896,-0.44452174911439807,0.3884396955201681,0.771626299558406,-0.3831866040382379
Labour,CES0500000003,4,month_end,2025-09,Labour Equal-Weight Ensemble,Labour Bridge Ridge,2025-09-30,8370e6bddaf1ac9bdd5f8039854e4d3bf31c27979ed1408ff01f7f76beffc2e6,2.948806944617921,3.8804067610056525,4.5058945716299519,0.86787821789365505,2.4245218781939575,-1.5566436603003024,0.93159981638773148,1.5570876270120309,-0.62548781062429937
Labour,CES0500000003,4,month_end,2025-10,Labour Equal-Weight Ensemble,Labour Bridge Ridge,2025-10-31,9de3aa1627a6c212eec7e285c9949b1a9f5f06e5b9d4a1f7141ab72ba522eb0a,5.2273428699233904,3.7859335708443749,4.2842602476838998,2.0776607674714587,0.8894048323701137,1.1882559351013451,1.4414092990790155,0.94308262223949058,0.49832667683952492
Labour,CES0500000003,4,month_end,2025-11,Labour Equal-Weight Ensemble,Labour Bridge Ridge,2025-11-30,0c896a2302e5e5210650a5bcc02de10294e49638d0e25e558104a6669ae65edd,1.6288858208966417,3.7636107365166382,4.2542172141739751,4.5570504653688015,6.8923649245275049,-2.3353144591587034,2.1347249156199966,2.6253313932773334,-0.49060647765733689
Labour,CES0500000003,4,month_end,2025-12,Labour Equal-Weight Ensemble,Labour Bridge Ridge,2025-12-31,17f9c04874b999f3808b7961e7affc0f1aac0cbea808e40e38082edb0d6d1831,3.8961073186440487,3.5778763688610575,3.6240728840298893,0.10127093739978464,0.07400273361584539,0.027268203783939252,0.31823094978299116,0.27203443461415944,0.04619651516883172
Labour,CES0500000003,4,month_end,2026-01,Labour Equal-Weight Ensemble,Labour Bridge Ridge,2026-01-31,5be923ed610a63b5e8d0127b7176fb220b55dd1a9efc221ebe5f38b499ee9a2d,4.8524125965711207,3.8918550312687401,4.7045142980798431,0.92267083625963708,0.021873906696615035,0.90079692956302204,0.96055756530238057,0.14789829849127756,0.81265926681110301
Labour,CES0500000003,4,month_end,2026-02,Labour Equal-Weight Ensemble,Labour Bridge Ridge,2026-02-28,da7fe850311202997c3df1f480d1ecd82e7a36fa5c90ab9bc02c6f4e527081cf,4.8328700039784067,3.5995302091546884,3.5189868543128822,1.5211270494958118,1.7262889309749991,-0.20516188147918735,1.2333397948237184,1.3138831496655246,-0.080543354841806192
Labour,CES0500000003,4,month_end,2026-03,Labour Equal-Weight Ensemble,Labour Bridge Ridge,2026-03-31,0b3941461f2aa9c93166e499ca454e286199ed8cb9170c88f5a48c886b779fc5,2.8927294040249407,3.883653954731217,4.2078408685129798,0.98193146519243546,1.7295181640278747,-0.74758669883543927,0.99092455070627627,1.3151114644880391,-0.32418691378176279
Labour,CES0500000003,4,month_end,2026-04,Labour Equal-Weight Ensemble,Labour Bridge Ridge,2026-04-30,e9b2931657ea7e2c64fdec1868969d68b6fa4f0098307b891f6492385ff27cfe,1.9261641374738403,3.7376417168498413,4.2189885708044104,3.2814510205819358,5.2570438820776495,-1.9755928614957137,1.811477579376001,2.2928244333305701,-0.48134685395456911
Labour,CES0500000003,4,month_end,2026-05,Labour Equal-Weight Ensemble,Labour Bridge Ridge,2026-05-31,1a433339712659ccc8304b58487b1d8576405e57dfadf386daff065d937734e8,3.8430777442499675,3.6630516492161274,4.6210989778755094,0.032409394893133242,0.60531703997220998,-0.57290764507907677,0.18002609503384015,0.77802123362554187,-0.59799513859170172
Labour,CES0500000003,4,month_end,2026-06,Labour Equal-Weight Ensemble,Labour Bridge Ridge,2026-06-30,cfc5d3f5304c510ad3b5c71a0b1da69b55da82e144777d9838460b3ef80935bd,4.1517007480594614,3.5347982593996101,3.7537641974488336,0.38056868051471798,0.15835349831188475,0.22221518220283323,0.61690248865985131,0.39793655061062783,0.21896593804922349
Labour,CES0500000003,5,pre_employment_report,2023-02,Labour Equal-Weight Ensemble,Labour Bridge Ridge,2023-03-09,ea1953db71ea93329228e0be21b528f4229ee4087001f532d032e7c08430992a,2.9046912821033999,3.1515956996831029,2.495662697586452,0.060961791420372377,0.167304382951938,-0.10634259153156563,0.24690441757970305,0.4090285845169479,-0.16212416693724485
Labour,CES0500000003,5,pre_employment_report,2023-03,Labour Equal-Weight Ensemble,Labour Bridge Ridge,2023-04-06,c56eac5a7e701385dda0a1d390a232e05d0df7e0b23351958797c02c8a6db216,3.2593953945330156,4.1378376757135831,4.7904572791224913,0.77166084136571911,2.344150494442677,-1.5724896530769579,0.87844228118056744,1.5310618845894757,-0.65261960340890823
Labour,CES0500000003,5,pre_employment_report,2023-04,Labour Equal-Weight Ensemble,Labour Bridge Ridge,2023-05-04,a45b23477f7ad3211864f8b90308b33a3f4a5dcbe3bc716e61bd4072869944fa,5.7692418817232749,4.0500160467945312,4.4410016384813353,2.9557374714864357,1.7642221437674068,1.1915153277190289,1.7192258349287437,1.3282402432419396,0.39098559168680413
Labour,CES0500000003,5,pre_employment_report,2023-05,Labour Equal-Weight Ensemble,Labour Bridge Ridge,2023-06-01,780a896b5ae77b003c614f12ec4890201f28be64859fea0aac6731484376ca2e,3.9538750762231345,3.6873249924302236,4.1303543047904157,0.071048947170007815,0.031144918115702663,0.039904029054305151,0.2665500837929109,0.17647922856728115,0.090070855225629742
Labour,CES0500000003,5,pre_employment_report,2023-06,Labour Equal-Weight Ensemble,Labour Bridge Ridge,2023-07-06,bf8f19819a871ad1c1d1cd6fc4b976ae7385ba2db41b40831f7e51fb5f1e5a12,4.2959473088599154,3.6712446280232953,3.8812457979022508,0.39025343944446,0.17197734319057001,0.21827609625389,0.62470268083662006,0.41470151095766461,0.21000116987895545
Labour,CES0500000003,5,pre_employment_report,2023-07,Labour Equal-Weight Ensemble,Labour Bridge Ridge,2023-08-03,1fbb51fcff7e9a26b23c58e68f7f791da8a62fbf6323c2c5f244c8a399327bee,4.9896121783962855,4.3765555801060598,5.3246926417922849,0.37583839270718306,0.11227891694967769,0.26355947575750538,0.61305659829022563,0.3350804633959994,0.27797613489422623
Labour,CES0500000003,5,pre_employment_report,2023-08,Labour Equal-Weight Ensemble,Labour Bridge Ridge,2023-08-31,98f13c26d07eaf0eb0e880cd715440adc3fbae7968b44b9231773834cccf4443,2.8419196231345367,3.8128378525933848,4.4318535078284107,0.94268220829550442,2.527889757697753,-1.5852075494022486,0.97091822945884809,1.589933884693874,-0.61901565523502589
Labour,CES0500000003,5,pre_employment_report,2023-09,Labour Equal-Weight Ensemble,Labour Bridge Ridge,2023-10-05,28723410f143be952a4248168e4ee6e9eacf07eb0d4d374ff5b2e1472ee4ed0b,2.4819036768708003,4.087544555578364,5.6098979912684213,2.5780826313767977,9.7843484309038438,-7.2062657995270456,1.6056408787075638,3.127994314397621,-1.5223534356900572
Labour,CES0500000003,5,pre_employment_report,2023-10,Labour Equal-Weight Ensemble,Labour Bridge Ridge,2023-11-02,d4fe0e651754d4e46172c21d3bfe0cc37f332928bbeddc93a54c9d86da74dfec,2.473134984027503,3.8407983513239472,4.3408671123017308,1.8705030862446486,3.4884233029877767,-1.6179202167431281,1.3676633672964442,1.8677321282742279,-0.50006876097778363
Labour,CES0500000003,5,pre_employment_report,2023-11,Labour Equal-Weight Ensemble,Labour Bridge Ridge,2023-12-07,48c8b1e298d62e2347ce60adc394dbf07031c5fc7ede397c06bc43220de5f2cf,4.230321654821978,4.1618678711574075,4.4756092228806201,0.0046859204979958118,0.060165991044123006,-0.055480070546127191,0.068453783664570445,0.24528756805864216,-0.17683378439407171
Labour,CES0500000003,5,pre_employment_report,2023-12,Labour Equal-Weight Ensemble,Labour Bridge Ridge,2024-01-04,c5e56cffe44735191f46e496aa0b24ddf4cd493263fa7c72f17608600b8da4fa,5.2639359156470888,3.496506062538113,3.3118551151845863,3.1238082856608158,3.8106194515343246,-0.68681116587350877,1.7674298531089758,1.9520808004625025,-0.18465094735352672
Labour,CES0500000003,5,pre_employment_report,2024-01,Labour Equal-Weight Ensemble,Labour Bridge Ridge,2024-02-01,3701b2b60e17f3a387ae6dd4e9bc665cc172f5749b445cec879e69b5b005416e,6.6173437171489269,3.7032100700519557,4.0786884614138135,8.4921749131426942,6.4447705074715138,2.0474044056711804,2.9141336470969712,2.5386552557351134,0.37547839136185779
Labour,CES0500000003,5,pre_employment_report,2024-02,Labour Equal-Weight Ensemble,Labour Bridge Ridge,2024-03-07,a8ee776c9f04382a27263870e48955c258b313cab6154421801a9a3c9d2d95cf,1.7368652619673242,3.9061399710661981,4.1930902637635725,4.7057527635360046,6.0330412594489804,-1.3272884959129758,2.169274709098874,2.4562250017962484,-0.28695029269737438
Labour,CES0500000003,5,pre_employment_report,2024-03,Labour Equal-Weight Ensemble,Labour Bridge Ridge,2024-04-04,3c614a922141ff47ddcbb53904e11bec16d45036125079e935570cd818d20308,4.1582484577501688,4.1078711304600413,5.1306366705577133,0.0025378751048966311,0.9455388364070505,-0.94300096130215383,0.05037732729012756,0.97238821280754451,-0.92201088551741694
Labour,CES0500000003,5,pre_employment_report,2024-04,Labour Equal-Weight Ensemble,Labour Bridge Ridge,2024-05-02,c19c383bf66ea97e8440e09bbf68fb6cae777bb3d7dda974dc99d85629750969,2.4197041181523105,3.9948850397440157,4.2509648958409265,2.4811949357464935,3.3535160359007148,-0.87232110015422126,1.5751809215917052,1.8312607776886161,-0.25607985609691086
Labour,CES0500000003,5,pre_employment_report,2024-05,Labour Equal-Weight Ensemble,Labour Bridge Ridge,2024-06-06,e5739ff7426bc2d03e33812e3dc053aafe2e99bdd80ee86b4d90b7ea686d5a11,4.822050116609411,4.1361643194752586,4.8742257995557372,0.47043932671035155,0.0027223018909155591,0.467717024819436,0.68588579713415232,0.052175682946326241,0.63371011418782608
Labour,CES0500000003,5,pre_employment_report,2024-06,Labour Equal-Weight Ensemble,Labour Bridge Ridge,2024-07-04,6497673dc139911c57af9fc6a34db5905086eb186e0aca8fadc5040ec52000fe,3.4334787372383602,4.0734840228833109,5.1901703146039724,0.40960676565347498,3.0859652979872827,-2.6763585323338077,0.64000528564495074,1.7566915773656122,-1.1166862917206615
Labour,CES0500000003,5,pre_employment_report,2024-07,Labour Equal-Weight Ensemble,Labour Bridge Ridge,2024-08-01,1cb149f34c3a59f532e4c49889de041b32bf26f923648d832d4fb47e89fccca4,2.7405093269878833,4.2292550379286462,5.3994618288384562,2.2163637918445178,7.0700284070974204,-4.853664615252903,1.4887457109407629,2.6589525018505729,-1.1702067909098099
Labour,CES0500000003,5,pre_employment_report,2024-08,Labour Equal-Weight Ensemble,Labour Bridge Ridge,2024-09-05,24a267aaceb23a104c9ca97b400f9fb58668961c2456c19611e82d7266e00b5e,4.7808828178496299,3.7985969021446042,4.4995755135661604,0.96488562019246082,0.079133799443232497,0.88575182074922831,0.98228591570502566,0.28130730428346951,0.70097861142155615
Labour,CES0500000003,5,pre_employment_report,2024-09,Labour Equal-Weight Ensemble,Labour Bridge Ridge,2024-10-03,85384614c03de2ae9110b37baa3cac585f55f2fcf76aaaa0322fc5ef4b037c14,4.4198944995560652,3.5153801746603901,3.8532581538655437,0.81814616394147888,0.32107674825750815,0.49706941568397073,0.90451432489567507,0.56663634569052146,0.33787797920515361
Labour,CES0500000003,5,pre_employment_report,2024-10,Labour Equal-Weight Ensemble,Labour Bridge Ridge,2024-10-31,bb84d013a9a2a7b27d5fe0aa8e8d9395b3a3d825ace33a5cbb55efc1207025e5,4.4074071300096662,4.1327153999588511,4.5190197854652014,0.075455546558309911,0.012457384857836018,0.062998161700473898,0.27469173005081515,0.11161265545553523,0.16307907459527993
Labour,CES0500000003,5,pre_employment_report,2024-11,Labour Equal-Weight Ensemble,Labour Bridge Ridge,2024-12-05,8508c1e46daa20337ca3613a5e44f3d99c40f85a4a8627509a10a97d7b3f22b7,4.3888078179692869,4.1490023231062052,5.9281324415601535,0.057506675366527489,2.3695202967931634,-2.3120136214266358,0.23980549486308167,1.5393246235908666,-1.299519128727785
Labour,CES0500000003,5,pre_employment_report,2024-12,Labour Equal-Weight Ensemble,Labour Bridge Ridge,2025-01-09,a9d997314e99be04688b87f0fa8abb96895adeb156522b3fd9b3bf5733a710ce,3.3670055759611017,3.6259649080399954,3.735225092322171,0.067059935670746723,0.13558561222917978,-0.068525676558433057,0.25895933207889366,0.36821951636106931,-0.10926018428217565
Labour,CES0500000003,5,pre_employment_report,2025-01,Labour Equal-Weight Ensemble,Labour Bridge Ridge,2025-02-06,d7a1933298a6c1eafdc265f1fcaef2b01689992bda7854961bda82dd6f236d48,5.7007233103172794,3.7212070687792083,3.792883083688261,3.918484550513011,3.6398543303438644,0.27863022016914663,1.9795162415380712,1.9078402266290184,0.071676014909052732
Labour,CES0500000003,5,pre_employment_report,2025-02,Labour Equal-Weight Ensemble,Labour Bridge Ridge,2025-03-06,9ffd3f9202ace8cf1da7b1c03d131c29c1c9dd1d8971d2ee9f2081b84239a5a3,3.3444837702777619,4.058767955792784,4.5348645828096394,0.51020189767685853,1.4170064788440531,-0.90680458116719453,0.71428418551502215,1.1903808125318776,-0.4760966270168554
Labour,CES0500000003,5,pre_employment_report,2025-03,Labour Equal-Weight Ensemble,Labour Bridge Ridge,2025-04-03,31ea4c9aa3e553fd66fc90d0dd85528f33587c204bc8248b227aca4b2e36df5d,3.0037562617421187,4.0429820005971813,4.8413978588982705,1.0799901362988507,3.3769266395986124,-2.2969365032997615,1.0392257388550625,1.8376415971561517,-0.79841585830108919
Labour,CES0500000003,5,pre_employment_report,2025-04,Labour Equal-Weight Ensemble,Labour Bridge Ridge,2025-05-01,75104d601135eddf8c1e3b6c360c34a122a3c061b69b7fae10f981935160c092,1.9983351828734897,3.9371475570436281,4.5938305415070761,3.7589934222352488,6.7365961566884893,-2.9776027344532405,1.9388123741701384,2.5954953586335865,-0.65668298446344808
Labour,CES0500000003,5,pre_employment_report,2025-05,Labour Equal-Weight Ensemble,Labour Bridge Ridge,2025-06-05,67b0243a3d7a58d67ae63e1e4f7c7e9ac44ec4b6923aa2f940a86dde6890a140,4.9771950240979024,3.9196308893054805,4.4020381842706371,1.1184418991992437,0.3308053904000865,0.78763650879915725,1.0575641347924218,0.57515683982726529,0.48240729496515655
Labour,CES0500000003,5,pre_employment_report,2025-06,Labour Equal-Weight Ensemble,Labour Bridge Ridge,2025-07-02,78d55cfdf9cd0d23d2462d64acbbde0fa06facc98833bfd6d481ac34ca86290b,2.6475465786454322,3.6850341742694099,4.3569246720179384,1.0763805110736224,2.9219734661018246,-1.8455929550282022,1.0374875956239777,1.7093780933725062,-0.67189049774852849
Labour,CES0500000003,5,pre_employment_report,2025-07,Labour Equal-Weight Ensemble,Labour Bridge Ridge,2025-07-31,4d961af8bf48247227b9886247f41c6245bc2a7c214e9b6a5e509260eb549c2a,3.9582223903979141,3.6612779883501361,4.0662229597189627,0.088175977907512457,0.011664122973670629,0.076511854933841827,0.29694440204777806,0.10800056932104862,0.18894383272672943
Labour,CES0500000003,5,pre_employment_report,2025-08,Labour Equal-Weight Ensemble,Labour Bridge Ridge,2025-09-04,bc9a81409939e0bfa9d677aeb16622edab37721b5b13a6522d9bb51234d21353,3.2894757440626421,3.6508324964227477,4.1016048200573509,0.13057870247624265,0.65955363607601958,-0.52897493359977688,0.36135675236010556,0.81212907599470885,-0.45077232363460329
Labour,CES0500000003,5,pre_employment_report,2025-09,Labour Equal-Weight Ensemble,Labour Bridge Ridge,2025-11-19,5a7cfc6a74b6b09b4fa07ebbd9b0e05841092b974ddb2f28af3796f79fcda4f3,2.948806944617921,3.8804067610056525,4.5058945716299519,0.86787821789365505,2.4245218781939575,-1.5566436603003024,0.93159981638773148,1.5570876270120309,-0.62548781062429937
Labour,CES0500000003,5,pre_employment_report,2025-10,Labour Equal-Weight Ensemble,Labour Bridge Ridge,2025-12-15,f98a1afbb63fe46a326528c231b267a54ab54163e5726a6c2ac0f36fad7972c3,5.2273428699233904,3.9819291526570439,5.1084328958966783,1.551055327155179,0.014139581923033348,1.5369157452321456,1.2454137172663464,0.11890997402671211,1.1265037432396343
Labour,CES0500000003,5,pre_employment_report,2025-11,Labour Equal-Weight Ensemble,Labour Bridge Ridge,2025-12-15,f98a1afbb63fe46a326528c231b267a54ab54163e5726a6c2ac0f36fad7972c3,1.6288858208966417,4.0137406596629575,4.4843747832010497,5.68753260198711,8.153817213842304,-2.466284611855194,2.3848548387663158,2.855488962304408,-0.4706341235380922
Labour,CES0500000003,5,pre_employment_report,2025-12,Labour Equal-Weight Ensemble,Labour Bridge Ridge,2026-01-08,7f2574b0e02739ebd85c44cb6e8a029224cac4418bcd3f9b7fd238cef0330635,3.8961073186440487,3.4940531793084055,3.9023150444635224,0.16164753095692477,3.8535859849760521e-05,0.16160899509707502,0.40205413933564316,0.0062077258194737084,0.39584641351616945
Labour,CES0500000003,5,pre_employment_report,2026-01,Labour Equal-Weight Ensemble,Labour Bridge Ridge,2026-02-10,fee22f4da32cbfc3f29b149dfc127e9e54c4e3051c2cf9b3852d4873286d2847,4.8524125965711207,4.0303251768828376,4.7767197465811426,0.67582772560973925,0.0057294075396053202,0.67009831807013398,0.82208741968828303,0.07569284998997805,0.74639456969830498
Labour,CES0500000003,5,pre_employment_report,2026-02,Labour Equal-Weight Ensemble,Labour Bridge Ridge,2026-03-05,36b785424159da4fdf5b6c9479a7b2a92ea365c14a7224f96e2d6728a732524f,4.8328700039784067,3.6025737308024524,3.5281787178182293,1.5136289197906425,1.7022193521822979,-0.1885904323916554,1.2302962731759544,1.3046912861601774,-0.074395012984223019
Labour,CES0500000003,5,pre_employment_report,2026-03,Labour Equal-Weight Ensemble,Labour Bridge Ridge,2026-04-02,45a17d7fe6bdfd8cff1f18fa59146367abf91a4f48b35e20fdf663b9168460ab,2.8927294040249407,3.8835039518147014,4.2141549314743498,0.98163420454800487,1.7461654245949492,-0.76453122004694429,0.99077454778976071,1.3214255274494091,-0.3306509796596484
Labour,CES0500000003,5,pre_employment_report,2026-04,Labour Equal-Weight Ensemble,Labour Bridge Ridge,2026-05-07,c1a70b31504609df70e57a8900964825b53d74c5d0f5fd5f3c774df3b96ba5b0,1.9261641374738403,3.5517854180694246,4.3251006962190131,2.6426445479252276,5.7548966128841315,-3.1122520649589038,1.6256212805955843,2.3989365587451728,-0.77331527814958845
Labour,CES0500000003,5,pre_employment_report,2026-05,Labour Equal-Weight Ensemble,Labour Bridge Ridge,2026-06-04,92a663192feec587f3176af523495241328ecabc278f467430e3efe81b876abe,3.8430777442499675,3.647201409666144,4.6022403259986877,0.038367538449993958,0.57632782552738226,-0.5379602870773883,0.19587633458382347,0.7591625817487202,-0.56328624716489673
Labour,CES0500000003,5,pre_employment_report,2026-06,Labour Equal-Weight Ensemble,Labour Bridge Ridge,2026-07-01,4ddd519170c9cffa44842a12fe5193c70298c5681d7a3335155c60f1a9b10bf1,4.1517007480594614,3.5347982593996101,3.7537641974488336,0.38056868051471798,0.15835349831188475,0.22221518220283323,0.61690248865985131,0.39793655061062783,0.21896593804922349
Labour,PAYEMS,1,month_open,2023-02,Labour 12-Month Mean,Labour Bridge Ridge,2023-02-01,a625e8022d1833e223ee211a4d0dc372e5fd183c04740ebbcd8913bb57033a61,311,375.25,344.92089020795555,4128.0625,1150.6267925001748,2977.4357074998252,64.25,33.920890207955551,30.329109792044449
Labour,PAYEMS,1,month_open,2023-03,Labour 12-Month Mean,Labour Bridge Ridge,2023-03-01,9c677fcb35ec200fbad5da0c1d6f9f47034a0a3b1ada1b288239b7872f68ac41,236,401.16666666666669,318.92910184804663,27280.027777777785,6877.2359333236909,20402.791844454092,165.16666666666669,82.929101848046628,82.237564818620058
Labour,PAYEMS,1,month_open,2023-04,Labour 12-Month Mean,Labour Bridge Ridge,2023-04-01,de14489ce738d0aa9d434beb29ac87c6b1c1045ae0496fb5e29591065aea364b,253,411.08333333333331,235.82368759446274,24990.34027777777,295.02570785261315,24695.314569925158,158.08333333333331,17.17631240553726,140.90702092779605
Labour,PAYEMS,1,month_open,2023-05,Labour 12-Month Mean,Labour Bridge Ridge,2023-05-01,7f83bf8482e2c2930f8ac46371522cd54958a30311b96105be2e9af7368463e5,339,360.25,177.51988131687835,451.5625,26075.828729915051,-25624.266229915051,21.25,161.48011868312165,-140.23011868312165
Labour,PAYEMS,1,month_open,2023-06,Labour 12-Month Mean,Labour Bridge Ridge,2023-06-01,780a896b5ae77b003c614f12ec4890201f28be64859fea0aac6731484376ca2e,209,332.91666666666669,301.07785680949053,15355.340277777783,8478.331714629041,6877.0085631487418,123.91666666666669,92.077856809490527,31.838809857176159
Labour,PAYEMS,1,month_open,2023-07,Labour 12-Month Mean,Labour Bridge Ridge,2023-07-01,3a4c14b4be18f6ceb889d4b76f185b7118870ecdf457828c530aa21dd96674ed,187,340.66666666666669,37.738790104212413,23613.444444444449,22278.908779554364,1334.5356648900852,153.66666666666669,149.2612098957876,4.4054567708790842
Labour,PAYEMS,1,month_open,2023-08,Labour 12-Month Mean,Labour Bridge Ridge,2023-08-01,ccb96bbce2db9e933322c92059d3ac77bd10deef41331c2b428204b788a4a218,187,316,472.60948841038197,16641,81572.779870040118,-64931.779870040118,129,285.60948841038197,-156.60948841038197
Labour,PAYEMS,1,month_open,2023-09,Labour 12-Month Mean,Labour Bridge Ridge,2023-09-01,34d4cc0b568fa2fe0432876aee9da9fcd5b749809db5f1eb09648c661964643c,336,271,252.11014089545353,4225,7037.5084605806587,-2812.5084605806587,65,83.889859104546474,-18.889859104546474
Labour,PAYEMS,1,month_open,2023-10,Labour 12-Month Mean,Labour Bridge Ridge,2023-10-01,2501f3ee713082b68040e08e0c96faa39b1d30ed992d5a5e135d82f85e635122,150,271,614.40312825856029,14641,215670.26553633681,-201029.26553633681,121,464.40312825856029,-343.40312825856029
Labour,PAYEMS,1,month_open,2023-11,Labour 12-Month Mean,Labour Bridge Ridge,2023-11-01,a54cb0106a3f48fc14619cacce2ee2c6a7574aa8f68f547408b64fcb04c16cfa,199,266,312.80869032386522,4489,12952.417993233454,-8463.4179932334537,67,113.80869032386522,-46.808690323865221
Labour,PAYEMS,1,month_open,2023-12,Labour 12-Month Mean,Labour Bridge Ridge,2023-12-01,c2c85a0812bf8a07ee4c04256da709a5e1b62f787e0859b5c27c65ff95fde2e3,216,257.58333333333331,28.017258315499731,1729.1736111111095,35337.511171221558,-33608.337560110449,41.583333333333314,187.98274168450027,-146.39940835116695
Labour,PAYEMS,1,month_open,2024-01,Labour 12-Month Mean,Labour Bridge Ridge,2024-01-01,3519333accd53327f1080036a15493a48742a0a34f4f87436c06d7119d3e3764,353,240.16666666666666,470.5823662796401,12731.361111111113,13825.612859919445,-1094.2517488083322,112.83333333333334,117.5823662796401,-4.7490329463067553
Labour,PAYEMS,1,month_open,2024-02,Labour 12-Month Mean,Labour Bridge Ridge,2024-02-01,3701b2b60e17f3a387ae6dd4e9bc665cc172f5749b445cec879e69b5b005416e,275,224.75,211.46548756948641,2525.0625,4036.6342697830855,-1511.5717697830855,50.25,63.534512430513587,-13.284512430513587
Labour,PAYEMS,1,month_open,2024-03,Labour 12-Month Mean,Labour Bridge Ridge,2024-03-01,77548f2852b75aef580efa27cc6c20479ec5dc3089e524f4893a7b89b3ff0f3c,303,254.66666666666666,238.30554644348126,2336.1111111111122,4185.3723209765603,-1849.2612098654481,48.333333333333343,64.694453556518738,-16.361120223185395
Labour,PAYEMS,1,month_open,2024-04,Labour 12-Month Mean,Labour Bridge Ridge,2024-04-01,f3e7ab5cea5b82b2ff68483aefae2427714a7b2b3172e6acc5bdef31debf210b,175,230,243.32435638808374,3025,4668.21767584588,-1643.21767584588,55,68.324356388083743,-13.324356388083743
Labour,PAYEMS,1,month_open,2024-05,Labour 12-Month Mean,Labour Bridge Ridge,2024-05-01,54bb7e70ea519f9b1d13ed3660f1d855156a427c1a91f45267677ad5bbe663f2,272,243.91666666666666,339.84704665225212,788.67361111111165,4603.2217394328754,-3814.5481283217637,28.083333333333343,67.847046652252118,-39.763713318918775
Labour,PAYEMS,1,month_open,2024-06,Labour 12-Month Mean,Labour Bridge Ridge,2024-06-01,1a29a50fce25676ba4df60dc2a227497d5912955dfc3391913627a002c9252a3,206,242.08333333333334,182.59012101605407,1302.006944444445,548.02243404299338,753.98451040145164,36.083333333333343,23.40987898394593,12.673454349387413
Labour,PAYEMS,1,month_open,2024-07,Labour 12-Month Mean,Labour Bridge Ridge,2024-07-01,4c87aae8629352590fc1e432e4813cbaff4f6e9f6b181cea657a60ee780a4e0c,114,232.25,71.139714369030258,13983.0625,1837.0040843683114,12146.058415631689,118.25,42.860285630969742,75.389714369030258
Labour,PAYEMS,1,month_open,2024-08,Labour 12-Month Mean,Labour Bridge Ridge,2024-08-01,1cb149f34c3a59f532e4c49889de041b32bf26f923648d832d4fb47e89fccca4,142,217.58333333333334,99.709582792805151,5712.8402777777792,1788.4793875586022,3924.3608902191772,75.583333333333343,42.290417207194849,33.292916126138493
Labour,PAYEMS,1,month_open,2024-09,Labour 12-Month Mean,Labour Bridge Ridge,2024-09-01,5fdfc5666824fdc0b1b10afc856fa2d9825c20b59931314ccf7bd7e9db343ae9,254,215.16666666666666,282.12121133608713,1508.0277777777785,790.80252700887524,717.22525076890327,38.833333333333343,28.121211336087129,10.712121997246214
Labour,PAYEMS,1,month_open,2024-10,Labour 12-Month Mean,Labour Bridge Ridge,2024-10-01,f7b88be0eee7738e05aa6fee1d30c15c4a80e51c0331616978de0f0bbf3cedcb,12,196.5,224.20822898699953,34040.25,45032.332449798829,-10992.082449798829,184.5,212.20822898699953,-27.708228986999529
Labour,PAYEMS,1,month_open,2024-11,Labour 12-Month Mean,Labour Bridge Ridge,2024-11-01,48f5e811c5e66226b53eaec64496c7be903b86ac794ef9d8d90efc169a49a304,227,193.83333333333334,-138.96005580201461,1100.0277777777771,133926.76244261363,-132826.73466483585,33.166666666666657,365.96005580201461,-332.79338913534798
Labour,PAYEMS,1,month_open,2024-12,Labour 12-Month Mean,Labour Bridge Ridge,2024-12-01,65bb2277f867bc39d04bd21dd903761138ec9b7b1607aa99aeb44ec8f6e16bc3,256,193.83333333333334,185.03748043182495,3864.6944444444434,5035.6791834636279,-1170.9847390191844,62.166666666666657,70.962519568175054,-8.7958529015083968
Labour,PAYEMS,1,month_open,2025-01,Labour 12-Month Mean,Labour Bridge Ridge,2025-01-01,232704b0d42e2a1666e5093bd494eef549eea6361b508fa98d4163161219c108,143,185.75,139.61221913790195,1827.5625,11.477059169597837,1816.0854408304021,42.75,3.3877808620980545,39.362219137901945
Labour,PAYEMS,1,month_open,2025-02,Labour 12-Month Mean,Labour Bridge Ridge,2025-02-01,54d87f057dbe572aa4d6800f9f043c021a1b5f0621ff2e5cb1ad699b26014af8,151,188.83333333333334,391.65432636499963,1431.3611111111118,57914.50479819176,-56483.14368708065,37.833333333333343,240.65432636499963,-202.82099303166629
Labour,PAYEMS,1,month_open,2025-03,Labour 12-Month Mean,Labour Bridge Ridge,2025-03-01,1bc4c18efc619ff94240cac4cabc8566a6add3141589d781de955ac10217975e,228,166.33333333333334,132.53981909871607,3802.7777777777765,9112.6461377058531,-5309.8683599280766,61.666666666666657,95.460180901283934,-33.793514234617277
Labour,PAYEMS,1,month_open,2025-04,Labour 12-Month Mean,Labour Bridge Ridge,2025-04-01,79549f7da5fac61d28805e92085456fd205ab626655c43ab48524b9d93b3ead2,177,162.25,248.64949511461535,217.5625,5133.6501501792891,-4916.0876501792891,14.75,71.649495114615348,-56.899495114615348
Labour,PAYEMS,1,month_open,2025-05,Labour 12-Month Mean,Labour Bridge Ridge,2025-05-01,75104d601135eddf8c1e3b6c360c34a122a3c061b69b7fae10f981935160c092,139,156.75,177.89463941293468,315.0625,1512.7929750622118,-1197.7304750622118,17.75,38.89463941293468,-21.14463941293468
Labour,PAYEMS,1,month_open,2025-06,Labour 12-Month Mean,Labour Bridge Ridge,2025-06-01,02b6774eb3f19b903187739584a159e96a8d8e7537de832aabd525a17ab6b6b0,147,151.91666666666666,167.89052853362477,24.173611111111018,436.41418241419086,-412.24057130307983,4.9166666666666572,20.890528533624774,-15.973861866958117
Labour,PAYEMS,1,month_open,2025-07,Labour 12-Month Mean,Labour Bridge Ridge,2025-07-01,b6b9c06c653e60e89f358828ec8730bc4e680f2fe36784bafa9d410e93efd003,73,144.41666666666666,-61.400129587974305,5100.3402777777765,18063.394833264287,-12963.054555486509,71.416666666666657,134.40012958797431,-62.983462921307648
Labour,PAYEMS,1,month_open,2025-08,Labour 12-Month Mean,Labour Bridge Ridge,2025-08-01,2fcac741c98a87ac4181a30967023a1886f8e59147a4827b2b0a1f5ab8858d18,22,129.25,322.91620768567077,11502.5625,90550.564047925742,-79048.001547925742,107.25,300.91620768567077,-193.66620768567077
Labour,PAYEMS,1,month_open,2025-09,Labour 12-Month Mean,Labour Bridge Ridge,2025-09-01,56a43cb6d4a83f7018a9e5c08194f26e20ec8059795f73a8315391ae48e158a9,119,129.25,78.055923141328975,105.0625,1676.4174298087601,-1571.3549298087601,10.25,40.944076858671025,-30.694076858671025
Labour,PAYEMS,1,month_open,2025-10,Labour 12-Month Mean,Labour Bridge Ridge,2025-10-01,52ea09ee5653c4b92176fe231383636eec9c7a0aabcb0a20f703476593b0a995,-105,122.16666666666667,95.773044196184742,51604.694444444453,40309.81527580315,11294.879168641302,227.16666666666669,200.77304419618474,26.393622470481944
Labour,PAYEMS,1,month_open,2025-11,Labour 12-Month Mean,Labour Bridge Ridge,2025-11-01,977a5c002ed197043d5d39ecac45bdef20d03cbe8aaa4e545052854d2b848f65,64,122.16666666666667,86.990651803379407,3383.3611111111118,528.57007034423282,2854.7910407668787,58.166666666666671,22.990651803379407,35.176014863287264
Labour,PAYEMS,1,month_open,2025-12,Labour 12-Month Mean,Labour Bridge Ridge,2025-12-01,58c0cb4c638b2295a728f26941de0aa0d421dc6d67fc92e942c0ebb0e8d4d96f,50,119.41666666666667,237.47254724255163,4818.6736111111122,35145.955969610754,-30327.28235849964,69.416666666666671,187.47254724255163,-118.05588057588496
Labour,PAYEMS,1,month_open,2026-01,Labour 12-Month Mean,Labour Bridge Ridge,2026-01-01,fac6f29d2b652c12cdf69a6e5efa5ffde4c492936a9adc66a209dc433e7273d7,130,106.58333333333333,325.31912327921026,548.34027777777806,38149.559918559338,-37601.219640781557,23.416666666666671,195.31912327921026,-171.90245661254357
Labour,PAYEMS,1,month_open,2026-02,Labour 12-Month Mean,Labour Bridge Ridge,2026-02-01,e5cdc81382c78fb1f258be68d762c3f7d2cdd962727c129f638e8a8db7f98c73,-92,106.58333333333333,230.01188923243447,39435.340277777774,103691.65680704163,-64256.316529263851,198.58333333333331,322.01188923243444,-123.42855589910113
Labour,PAYEMS,1,month_open,2026-03,Labour 12-Month Mean,Labour Bridge Ridge,2026-03-01,16b1a548967fdcffc384c08ec2ab49737230674e04f3d332ba7f12961213b0d7,178,53,169.73618331768563,15625,68.290666158897295,15556.709333841103,125,8.2638166823143706,116.73618331768563
Labour,PAYEMS,1,month_open,2026-04,Labour 12-Month Mean,Labour Bridge Ridge,2026-04-01,9df61ce80c86f71100d8b13eb9ef4d8b48d49deb3b3e5e9ce0cac90ff6c6844d,115,41.916666666666664,196.58413786133343,5341.1736111111122,6655.9715505770591,-1314.7979394659469,73.083333333333343,81.584137861333431,-8.5008045280000886
Labour,PAYEMS,1,month_open,2026-05,Labour 12-Month Mean,Labour Bridge Ridge,2026-05-01,6c034c922c5f56744e61d8c891e2a7b7f4a87342629911312ea4e92ca7e1ad5a,172,41.333333333333336,317.55948752409756,17073.777777777774,21187.564408277914,-4113.7866305001407,130.66666666666666,145.55948752409756,-14.892820857430905
Labour,PAYEMS,1,month_open,2026-06,Labour 12-Month Mean,Labour Bridge Ridge,2026-06-01,2a9dcc995e4322da4a57b74e2df32835f188a11d6f41b195fdcafd7580cb2d98,57,35.083333333333336,85.346121881921334,480.34027777777766,803.50262574473948,-323.16234796696182,21.916666666666664,28.346121881921334,-6.42945521525467
Labour,PAYEMS,2,after_week_1,2023-02,Labour Bridge Ridge,Labour Bridge Ridge,2023-02-07,bb41d6dfe98a395523c37c474f213db161202a21d6b68c213d32b3cd9487d8ff,311,679.1298757406455,679.1298757406455,135519.60541282309,135519.60541282309,0,368.1298757406455,368.1298757406455,0
Labour,PAYEMS,2,after_week_1,2023-03,Labour Bridge Ridge,Labour Bridge Ridge,2023-03-07,04d542ce609f6ce78f4fb75c8c7f297a3a3521c22fa3383998fa70977d5761ee,236,332.03152352259525,332.03152352259525,9222.0535100707657,9222.0535100707657,0,96.031523522595251,96.031523522595251,0
Labour,PAYEMS,2,after_week_1,2023-04,Labour Bridge Ridge,Labour Bridge Ridge,2023-04-07,d6291ecb4244544f0603af35576d597cf0ad0e6af414b0dd4da59e14033b9d8b,253,-81.660840557629271,-81.660840557629271,111997.87820273897,111997.87820273897,0,334.66084055762929,334.66084055762929,0
Labour,PAYEMS,2,after_week_1,2023-05,Labour Bridge Ridge,Labour Bridge Ridge,2023-05-07,534bcacc239f9d9bc0ce2ecfc6f4243a4cb1d4205daaf6b49325cb9c542ba6dc,339,272.69465347658377,272.69465347658377,4396.3989775903055,4396.3989775903055,0,66.305346523416233,66.305346523416233,0
Labour,PAYEMS,2,after_week_1,2023-06,Labour Bridge Ridge,Labour Bridge Ridge,2023-06-07,6e46d3399a89fbed7a12c75408ae6f4c803fdbf2f2b618c06662410c19837114,209,361.34212692593252,361.34212692593252,23208.123636316934,23208.123636316934,0,152.34212692593252,152.34212692593252,0
Labour,PAYEMS,2,after_week_1,2023-07,Labour Bridge Ridge,Labour Bridge Ridge,2023-07-07,77ba7fefe2849cfab833dadd8c869b78456ad996c7411b1a46556d234973fb79,187,-111.29978177033736,-111.29978177033736,88982.759804230882,88982.759804230882,0,298.29978177033735,298.29978177033735,0
Labour,PAYEMS,2,after_week_1,2023-08,Labour Bridge Ridge,Labour Bridge Ridge,2023-08-07,b12d207d247e6299aa4c05ccfc0651dad64482d8216ff838262719b475fe8bc0,187,435.63646086219046,435.63646086219046,61820.089670075569,61820.089670075569,0,248.63646086219046,248.63646086219046,0
Labour,PAYEMS,2,after_week_1,2023-09,Labour Bridge Ridge,Labour Bridge Ridge,2023-09-07,5dfa949842e927b33ada7d19d99bd4787428f2e189df197e651ba3958f39b74d,336,256.69599123812333,256.69599123812333,6289.1258057038121,6289.1258057038121,0,79.304008761876673,79.304008761876673,0
Labour,PAYEMS,2,after_week_1,2023-10,Labour Bridge Ridge,Labour Bridge Ridge,2023-10-07,d9d493e5ffc80c8624d08be9014bd596d65351a375f0f2610c0f89f612f96dda,150,552.41811505061276,552.41811505061276,161940.33932088819,161940.33932088819,0,402.41811505061276,402.41811505061276,0
Labour,PAYEMS,2,after_week_1,2023-11,Labour Bridge Ridge,Labour Bridge Ridge,2023-11-07,92bf152df1d49ecadde4f53d12cfe935f7739382310fdbaa04dac35fc39a3ece,199,75.606658478174808,75.606658478174808,15225.916731921789,15225.916731921789,0,123.39334152182519,123.39334152182519,0
Labour,PAYEMS,2,after_week_1,2023-12,Labour Bridge Ridge,Labour Bridge Ridge,2023-12-07,48c8b1e298d62e2347ce60adc394dbf07031c5fc7ede397c06bc43220de5f2cf,216,62.057179316488103,62.057179316488103,23698.392039995902,23698.392039995902,0,153.94282068351191,153.94282068351191,0
Labour,PAYEMS,2,after_week_1,2024-01,Labour Bridge Ridge,Labour Bridge Ridge,2024-01-07,a252c50a87f26aba33a12acedf7870a0a48f124684b844c1ad2f0650d5369cd4,353,322.19485460168812,322.19485460168812,948.95698301113555,948.95698301113555,0,30.805145398311879,30.805145398311879,0
Labour,PAYEMS,2,after_week_1,2024-02,Labour Bridge Ridge,Labour Bridge Ridge,2024-02-07,a4241ad2fc581d1496b94a0b1bec695555a3d43881a153582fa6b660ae64a15d,275,406.58436372554661,406.58436372554661,17314.444777056946,17314.444777056946,0,131.58436372554661,131.58436372554661,0
Labour,PAYEMS,2,after_week_1,2024-03,Labour Bridge Ridge,Labour Bridge Ridge,2024-03-07,a8ee776c9f04382a27263870e48955c258b313cab6154421801a9a3c9d2d95cf,303,282.4531895499407,282.4531895499407,422.17141967066595,422.17141967066595,0,20.546810450059297,20.546810450059297,0
Labour,PAYEMS,2,after_week_1,2024-04,Labour Bridge Ridge,Labour Bridge Ridge,2024-04-07,ca78175c4d5921f128c9ea62d66a38c43edce9fd95b11492bfdef46efef9422e,175,257.47394644514549,257.47394644514549,6801.9518422367255,6801.9518422367255,0,82.473946445145486,82.473946445145486,0
Labour,PAYEMS,2,after_week_1,2024-05,Labour Bridge Ridge,Labour Bridge Ridge,2024-05-07,ba741d1b161e87db6a8511e63833a6c04f0fcbf08a7534893c60302232e6ab6f,272,322.81579487884278,322.81579487884278,2582.2450091686242,2582.2450091686242,0,50.81579487884278,50.81579487884278,0
Labour,PAYEMS,2,after_week_1,2024-06,Labour Bridge Ridge,Labour Bridge Ridge,2024-06-07,a169daa65ea8b174d1c6c12af99fac4c2c993e382e163b9b729280e5bda003f2,206,112.72075168140729,112.72075168140729,8701.0181668816804,8701.0181668816804,0,93.279248318592707,93.279248318592707,0
Labour,PAYEMS,2,after_week_1,2024-07,Labour Bridge Ridge,Labour Bridge Ridge,2024-07-07,59d76c06705e6428cb53e639d275bd1c60f4cd814f4e38381f010eb1fbfb991c,114,-115.35993456981944,-115.35993456981944,52605.979585871857,52605.979585871857,0,229.35993456981944,229.35993456981944,0
Labour,PAYEMS,2,after_week_1,2024-08,Labour Bridge Ridge,Labour Bridge Ridge,2024-08-07,e42c04762dad2df063bb0350438ac0035341666051ecdfb9e487763adb761ed9,142,175.10868679173581,175.10868679173581,1096.1851410732611,1096.1851410732611,0,33.108686791735806,33.108686791735806,0
Labour,PAYEMS,2,after_week_1,2024-09,Labour Bridge Ridge,Labour Bridge Ridge,2024-09-07,6630db4ba0d712d7c49345b6885e146b8167fbe90b0cd4a7afdcd4f8399bcfb9,254,180.63874355348511,180.63874355348511,5381.8739474113218,5381.8739474113218,0,73.361256446514886,73.361256446514886,0
Labour,PAYEMS,2,after_week_1,2024-10,Labour Bridge Ridge,Labour Bridge Ridge,2024-10-07,db7b7696e6aae99e7694dd5e1c58c95683a8d4964287ec1a555371478da90ebc,12,282.76237474536919,282.76237474536919,73312.263577751743,73312.263577751743,0,270.76237474536919,270.76237474536919,0
Labour,PAYEMS,2,after_week_1,2024-11,Labour Bridge Ridge,Labour Bridge Ridge,2024-11-07,96e1ec0cf077d79a876d72878c52811dd67fc548936fe8bc4d7a31f5c16a0d3d,227,-146.00291769215949,-146.00291769215949,139131.17660686391,139131.17660686391,0,373.00291769215949,373.00291769215949,0
Labour,PAYEMS,2,after_week_1,2024-12,Labour Bridge Ridge,Labour Bridge Ridge,2024-12-07,b12f8d34692d44fd7280401e60abc407818c59de8c6522a02b37f0100be55cdb,256,319.96642429115167,319.96642429115167,4091.7034365956383,4091.7034365956383,0,63.966424291151668,63.966424291151668,0
Labour,PAYEMS,2,after_week_1,2025-01,Labour Bridge Ridge,Labour Bridge Ridge,2025-01-07,4922dff46c56aee99cc2df4e0191b2d1b1854b99292fc5080c21169b2a227bbe,143,408.02366429579359,408.02366429579359,70237.542636769504,70237.542636769504,0,265.02366429579359,265.02366429579359,0
Labour,PAYEMS,2,after_week_1,2025-02,Labour Bridge Ridge,Labour Bridge Ridge,2025-02-07,93edd098120094468c12061d68adb07729e2994766c3600755c23d0b76750c61,151,326.04549720664903,326.04549720664903,30640.926092322974,30640.926092322974,0,175.04549720664903,175.04549720664903,0
Labour,PAYEMS,2,after_week_1,2025-03,Labour Bridge Ridge,Labour Bridge Ridge,2025-03-07,054bd2f0a117ba037ef1e61ffa5443e5c43f4a7ac0859433ffb20157ae45a464,228,138.7157918335987,138.7157918335987,7971.6698279012808,7971.6698279012808,0,89.284208166401299,89.284208166401299,0
Labour,PAYEMS,2,after_week_1,2025-04,Labour Bridge Ridge,Labour Bridge Ridge,2025-04-07,38f9c3fd6b2e04c3e040adaa16477edc05783a6cc9be160a94499d836679f8b9,177,250.13243234500698,250.13243234500698,5348.3526606970227,5348.3526606970227,0,73.132432345006976,73.132432345006976,0
Labour,PAYEMS,2,after_week_1,2025-05,Labour Bridge Ridge,Labour Bridge Ridge,2025-05-07,1277a270d8450380abcfaaad3ec190cb54f3a176d3573292c5ab982d2593bc8e,139,201.97871484678905,201.97871484678905,3966.318523753167,3966.318523753167,0,62.978714846789046,62.978714846789046,0
Labour,PAYEMS,2,after_week_1,2025-06,Labour Bridge Ridge,Labour Bridge Ridge,2025-06-07,83beda7e8df1fea8713ab210f3e177bf0993ab54a8305a67d5576a637bd589a8,147,90.232851172730633,90.232851172730633,3222.5091859773497,3222.5091859773497,0,56.767148827269367,56.767148827269367,0
Labour,PAYEMS,2,after_week_1,2025-07,Labour Bridge Ridge,Labour Bridge Ridge,2025-07-07,fcaf5bc138fe2f3332d5d1509669235199f952e3a2960a20504ac231e8463b50,73,-3.007726467050972,-3.007726467050972,5777.1744826900413,5777.1744826900413,0,76.007726467050972,76.007726467050972,0
Labour,PAYEMS,2,after_week_1,2025-08,Labour Bridge Ridge,Labour Bridge Ridge,2025-08-07,e96b583c044cdd4e56c565cfe33c2b2a448d1affd9b2a1d4f123434714f8f419,22,322.99612090524283,322.99612090524283,90598.664800003564,90598.664800003564,0,300.99612090524283,300.99612090524283,0
Labour,PAYEMS,2,after_week_1,2025-09,Labour Bridge Ridge,Labour Bridge Ridge,2025-09-07,de2edea823cb93c6737bf52e436d82048db9488695b8cfe07863468096cba4a0,119,56.874462321106797,56.874462321106797,3859.5824318915788,3859.5824318915788,0,62.125537678893203,62.125537678893203,0
Labour,PAYEMS,2,after_week_1,2025-10,Labour Bridge Ridge,Labour Bridge Ridge,2025-10-07,360b1bf55e81a63dface52829e6e00ba960cea56442717def8f2f6b1f1a7555d,-105,95.773044196184742,95.773044196184742,40309.81527580315,40309.81527580315,0,200.77304419618474,200.77304419618474,0
Labour,PAYEMS,2,after_week_1,2025-11,Labour Bridge Ridge,Labour Bridge Ridge,2025-11-07,ca8b81a0095c12210660a4fb6cc9660677d5e71f1aec8d56d540e31fa3056ad8,64,86.990651803379407,86.990651803379407,528.57007034423282,528.57007034423282,0,22.990651803379407,22.990651803379407,0
Labour,PAYEMS,2,after_week_1,2025-12,Labour Bridge Ridge,Labour Bridge Ridge,2025-12-07,3e12e701e5a2d64154efe9bea276c8029ad622a52886daabaede35dd87e07236,50,296.84607660921898,296.84607660921898,60932.98553736441,60932.98553736441,0,246.84607660921898,246.84607660921898,0
Labour,PAYEMS,2,after_week_1,2026-01,Labour Bridge Ridge,Labour Bridge Ridge,2026-01-07,d43da6537ff4bcad48bd47092b820d596fcb9c64db7fa6c95a58451e5a56770d,130,146.74495150914237,146.74495150914237,280.39340104352925,280.39340104352925,0,16.744951509142368,16.744951509142368,0
Labour,PAYEMS,2,after_week_1,2026-02,Labour Bridge Ridge,Labour Bridge Ridge,2026-02-07,37c69c231cbac476995f7ae8103aef740098628d299161150c826005831eadd2,-92,246.27095383015075,246.27095383015075,114427.23820515997,114427.23820515997,0,338.27095383015075,338.27095383015075,0
Labour,PAYEMS,2,after_week_1,2026-03,Labour Bridge Ridge,Labour Bridge Ridge,2026-03-07,f7b758ab5cd15f34035c7f85593761ad6610b9cf39f92cf30fe1302005238127,178,32.033768090260395,32.033768090260395,21306.140857927883,21306.140857927883,0,145.96623190973961,145.96623190973961,0
Labour,PAYEMS,2,after_week_1,2026-04,Labour Bridge Ridge,Labour Bridge Ridge,2026-04-07,756f7615f928dae9df0542acd7dbc63ca7013dc60608c838446f6205be7d8080,115,326.84876244774176,326.84876244774176,44879.898150639718,44879.898150639718,0,211.84876244774176,211.84876244774176,0
Labour,PAYEMS,2,after_week_1,2026-05,Labour Bridge Ridge,Labour Bridge Ridge,2026-05-07,c1a70b31504609df70e57a8900964825b53d74c5d0f5fd5f3c774df3b96ba5b0,172,216.69372840494543,216.69372840494543,1997.5293587350261,1997.5293587350261,0,44.693728404945432,44.693728404945432,0
Labour,PAYEMS,2,after_week_1,2026-06,Labour Bridge Ridge,Labour Bridge Ridge,2026-06-07,8784239341aa001ab1647806c07a3f0361b1419a04dfa39baa7e045cd22234ad,57,162.94911168250195,162.94911168250195,11225.214266311272,11225.214266311272,0,105.94911168250195,105.94911168250195,0
Labour,PAYEMS,3,after_week_2,2023-02,Labour Factor Ridge,Labour Bridge Ridge,2023-02-14,8493c3522808cec4223f6f3d60cef7f8cb31652eb221cdb7aeb18631eac2e8ad,311,515.94364259341387,680.4975041756893,42001.896639456965,136528.40559206353,-94526.508952606557,204.94364259341387,369.4975041756893,-164.55386158227543
Labour,PAYEMS,3,after_week_2,2023-03,Labour Factor Ridge,Labour Bridge Ridge,2023-03-14,20c40afbcca5c648db06a4273bcffc60ee94d000b3934a3793b1cb51918278bb,236,-30.172287435149755,238.78522058785188,70847.686598459986,7.7574537229939811,70839.929144736991,266.17228743514977,2.7852205878518816,263.38706684729789
Labour,PAYEMS,3,after_week_2,2023-04,Labour Factor Ridge,Labour Bridge Ridge,2023-04-14,67ee23bbaa58d22cbf3c8878e5129f497073227cf66af8559e3990e7ed85be3f,253,49.558871912661232,-4.1509308725194671,41388.292597448977,66126.601248603271,-24738.308651154293,203.44112808733877,257.15093087251944,-53.709802785180671
Labour,PAYEMS,3,after_week_2,2023-05,Labour Factor Ridge,Labour Bridge Ridge,2023-05-14,b003a900f1a4b4c48d303b15f513372ec6de625c0248d6c2eaa4985d38abb73e,339,-32.113592344799642,278.04201570423595,137725.29842306214,3715.8758494026165,134009.42257365951,371.11359234479966,60.957984295764049,310.15560804903561
Labour,PAYEMS,3,after_week_2,2023-06,Labour Factor Ridge,Labour Bridge Ridge,2023-06-14,734ba86a6992f197f3ad1bf69bd17c3d9183d762c13d6d479bb70ac3ab3b0c76,209,242.92309913996777,370.16962309524195,1150.7766552600824,25975.647408662346,-24824.870753402261,33.923099139967775,161.16962309524195,-127.24652395527417
Labour,PAYEMS,3,after_week_2,2023-07,Labour Factor Ridge,Labour Bridge Ridge,2023-07-14,e4811844862e309cfc8322d765ffa7a257731b6fe4cf0af7302c064d6f2e7608,187,170.8808885969508,-137.41339874487664,259.82575242391084,105244.05328520233,-104984.22753277842,16.119111403049203,324.41339874487664,-308.29428734182744
Labour,PAYEMS,3,after_week_2,2023-08,Labour Factor Ridge,Labour Bridge Ridge,2023-08-14,ded400bd99d0525f109e312456fba5df514a4d773b390ecc853d70110c30193b,187,15.589833727832868,444.94389519141419,29381.445101451987,66535.053066519264,-37153.607965067276,171.41016627216715,257.94389519141419,-86.533728919247039
Labour,PAYEMS,3,after_week_2,2023-09,Labour Factor Ridge,Labour Bridge Ridge,2023-09-14,b92020924c9b8daef618fd1bf659b4548d6867910f86e626465a464ba71cce2d,336,136.81352145994094,271.98870359358449,39675.253233189404,4097.4460676299832,35577.807165559418,199.18647854005906,64.011296406415511,135.17518213364355
Labour,PAYEMS,3,after_week_2,2023-10,Labour Factor Ridge,Labour Bridge Ridge,2023-10-14,c8bb26bc6ccd1e562376422f23b273f0897968f271d71fef3c2c57267c55258c,150,456.84783833928861,542.04591854471892,94155.595893494203,153700.00224757238,-59544.406354078179,306.84783833928861,392.04591854471892,-85.198080205430301
Labour,PAYEMS,3,after_week_2,2023-11,Labour Factor Ridge,Labour Bridge Ridge,2023-11-14,f5c0f612dc58e9016dc44763f1e1b02ededc60d3770a17e50bdb3572bb610a1c,199,81.544989346939857,57.535318214555929,13795.679527510472,20012.256192656951,-6216.5766651464783,117.45501065306014,141.46468178544407,-24.009671132383929
Labour,PAYEMS,3,after_week_2,2023-12,Labour Factor Ridge,Labour Bridge Ridge,2023-12-14,aff022967a092f45ea0cc83de606b7add419d69251ad673c8850e401433d4a81,216,-24.600037012705698,351.24762643882758,57888.377810515347,18291.920457336651,39596.457353178695,240.60003701270568,135.24762643882758,105.3524105738781
Labour,PAYEMS,3,after_week_2,2024-01,Labour Factor Ridge,Labour Bridge Ridge,2024-01-14,4137aca638b70cbdb714544313f398ba6149872c41a12595f85b84fec079499b,353,90.859083674599077,322.895292300189,68717.860011920828,906.29342569105984,67811.566586229761,262.14091632540089,30.104707699811001,232.03620862558989
Labour,PAYEMS,3,after_week_2,2024-02,Labour Factor Ridge,Labour Bridge Ridge,2024-02-14,e66a3d829626762dc37bc2abaef61abbae0b316e83b458eb9e862f6e10aab1d2,275,237.30039354017504,393.84084779253914,1421.2603272256761,14123.147104049454,-12701.886776823778,37.699606459824963,118.84084779253914,-81.141241332714173
Labour,PAYEMS,3,after_week_2,2024-03,Labour Factor Ridge,Labour Bridge Ridge,2024-03-14,6082a0e5af4d013b8a575a7e0c2f72c977bf815d00f07e82c024da13b8dbdd8c,303,117.63272753751264,206.00456144166702,34361.025700182028,9408.1151011233487,24952.91059905868,185.36727246248736,96.995438558332978,88.371833904154386
Labour,PAYEMS,3,after_week_2,2024-04,Labour Factor Ridge,Labour Bridge Ridge,2024-04-14,f361a111d81ddea7281c1841c3e7377ead6751e7738e314e5c5a783bd67b93a7,175,162.66437155139695,252.76515923251239,152.16772922198479,6047.4199904580064,-5895.2522612360217,12.335628448603046,77.765159232512389,-65.429530783909343
Labour,PAYEMS,3,after_week_2,2024-05,Labour Factor Ridge,Labour Bridge Ridge,2024-05-14,8aaa812faa2efa57d1e16617bd809a906549a3d52532e4eb2aa5a91bf3174426,272,32.670590217735182,321.21806716776848,57278.566386727231,2422.4181357309699,54856.148250996259,239.3294097822648,49.218067167768481,190.11134261449632
Labour,PAYEMS,3,after_week_2,2024-06,Labour Factor Ridge,Labour Bridge Ridge,2024-06-14,5b118d1a38fdc61e0354d414940750989584533b032f3ebc5108ce5237a83dda,206,34.898819514139319,85.512344800214336,29275.613963655072,14517.275055542437,14758.338908112635,171.10118048586068,120.48765519978566,50.613525286075017
Labour,PAYEMS,3,after_week_2,2024-07,Labour Factor Ridge,Labour Bridge Ridge,2024-07-14,b9d9d06b76243fbeb3e3c4f0ee993d001c65ada355bcca8b593fcb3afbe8683b,114,223.47254080191308,-120.16226080851547,11984.237189626525,54831.964386955216,-42847.727197328692,109.47254080191308,234.16226080851547,-124.68972000660239
Labour,PAYEMS,3,after_week_2,2024-08,Labour Factor Ridge,Labour Bridge Ridge,2024-08-14,68ab36fad37d8d08cf9611ee2be678ce8b335aca49799811a4838a7bdc8c0a82,142,286.09737136586904,171.34514572122021,20764.052434553174,861.13757739964853,19902.914857153526,144.09737136586904,29.345145721220206,114.75222564464883
Labour,PAYEMS,3,after_week_2,2024-09,Labour Factor Ridge,Labour Bridge Ridge,2024-09-14,814ee909d35ffc640fcbea52b33bfdb18fdaecd4e09d342999f2426fec159eec,254,185.47766100331177,178.23005798174566,4695.3109415770614,5741.084113449625,-1045.7731718725636,68.522338996688234,75.769942018254341,-7.2476030215661069
Labour,PAYEMS,3,after_week_2,2024-10,Labour Factor Ridge,Labour Bridge Ridge,2024-10-14,61b8d5b40194c98196c5f929ef9c999e7e018da38356e02462e8016b1c5c8cb9,12,253.75168924186622,276.16789771092652,58443.879251295853,69784.678181010546,-11340.798929714692,241.75168924186622,264.16789771092652,-22.416208469060308
Labour,PAYEMS,3,after_week_2,2024-11,Labour Factor Ridge,Labour Bridge Ridge,2024-11-14,215c1be6722346fedf96008e93374abccf3a01c6c1ba6059675edd4b9ce324ea,227,-211.63726053004706,-94.312714381421188,192402.64632530438,103241.86042315674,89160.785902147632,438.63726053004706,321.31271438142119,117.32454614862587
Labour,PAYEMS,3,after_week_2,2024-12,Labour Factor Ridge,Labour Bridge Ridge,2024-12-14,d3c3c0e7405a14727e41d886ce321ba0ab55bd204b29cf9a0eeaca5c20ea4ea8,256,648.54433939535511,321.55988272151563,154091.05839133574,4298.0982224588843,149792.96016887686,392.54433939535511,65.559882721515635,326.98445667383947
Labour,PAYEMS,3,after_week_2,2025-01,Labour Factor Ridge,Labour Bridge Ridge,2025-01-14,4b93e5cdf0425cd1cc7f61e84aa17c7dca1aaf5c8808b9ff6e9e159f8e2eb790,143,120.08789819743214,308.12702991547701,524.96440901123344,27266.936008706838,-26741.971599695604,22.912101802567861,165.12702991547701,-142.21492811290915
Labour,PAYEMS,3,after_week_2,2025-02,Labour Factor Ridge,Labour Bridge Ridge,2025-02-14,22b8da27f748fc8795008423c52ac6d06223d40a9b614318c2cdfde7d1a7f7e4,151,28.143197932514596,353.04918353667972,15093.793814249286,40823.872567838887,-25730.078753589602,122.8568020674854,202.04918353667972,-79.192381469194316
Labour,PAYEMS,3,after_week_2,2025-03,Labour Factor Ridge,Labour Bridge Ridge,2025-03-14,9cf450f9b31e54e708500e903cf3587e84972f39f67c485e2e322be211f2980e,228,491.78746208794672,-13.997459808896892,69583.825154799924,58562.770553958675,11021.054600841249,263.78746208794672,241.99745980889691,21.790002279049816
Labour,PAYEMS,3,after_week_2,2025-04,Labour Factor Ridge,Labour Bridge Ridge,2025-04-14,9a23e979555fdbc6d14c6e1f43c1d3c6518de5890fe29d3f9aa359c8ccdec8a4,177,228.15619163587593,255.43550632610487,2616.9559426864621,6152.1286526324375,-3535.1727099459754,51.156191635875928,78.435506326104871,-27.279314690228944
Labour,PAYEMS,3,after_week_2,2025-05,Labour Factor Ridge,Labour Bridge Ridge,2025-05-14,213c183aeee6eec37fe9f7d97708b57570c27ee87cfb24ea035a6736a5562a7f,139,212.217829370473,202.72544018354387,5360.8505377236988,4060.9317265864274,1299.9188111372714,73.217829370472998,63.725440183543867,9.492389186929131
Labour,PAYEMS,3,after_week_2,2025-06,Labour Factor Ridge,Labour Bridge Ridge,2025-06-14,2564788b5d1c10d7b86de0010b313903faea9132d4a494b277bcf0770590cc5b,147,52.57208625696029,80.537918859606393,8916.6308938629481,4417.2082295122636,4499.4226643506845,94.42791374303971,66.462081140393607,27.965832602646103
Labour,PAYEMS,3,after_week_2,2025-07,Labour Factor Ridge,Labour Bridge Ridge,2025-07-14,1d642d82148daeb467d53ad4ca7cb5a0683458f104637af0db56793bf314b3b7,73,452.67370237916543,-5.7600125607919921,144152.1202783031,6203.1395785761124,137948.98069972699,379.67370237916543,78.760012560791992,300.91368981837343
Labour,PAYEMS,3,after_week_2,2025-08,Labour Factor Ridge,Labour Bridge Ridge,2025-08-14,c3f066641b9fa527f7df4b280e9f7960a407b74c79d35fc133459acfda7eae9c,22,291.95107103239002,318.35139483556088,72873.580751534479,87824.149220982494,-14950.568469448015,269.95107103239002,296.35139483556088,-26.400323803170863
Labour,PAYEMS,3,after_week_2,2025-09,Labour Factor Ridge,Labour Bridge Ridge,2025-09-14,fb1375351bcb66a8ebe84262496380f7546d5de53dce37c8bb491382c2e5a504,119,172.41413208866464,64.887626694057019,2853.0695067853139,2928.1489448017305,-75.079438016416589,53.414132088664644,54.112373305942981,-0.69824121727833699
Labour,PAYEMS,3,after_week_2,2025-10,Labour Factor Ridge,Labour Bridge Ridge,2025-10-14,fb99f5e2d83988b21675b8e517a9d2ad3e1e5dbf58c99242db9372de579fc9de,-105,163.29742977335496,95.773044196184742,71983.510822988334,40309.81527580315,31673.695547185183,268.29742977335496,200.77304419618474,67.524385577170221
Labour,PAYEMS,3,after_week_2,2025-11,Labour Factor Ridge,Labour Bridge Ridge,2025-11-14,fce261c232d8f7fc7176fbc41f5bc9f760fd4c375ab1f47f68118cb00ac9f65f,64,153.43516609240444,86.990651803379407,7998.6489339759692,528.57007034423282,7470.0788636317366,89.435166092404444,22.990651803379407,66.444514289025037
Labour,PAYEMS,3,after_week_2,2025-12,Labour Factor Ridge,Labour Bridge Ridge,2025-12-14,75d0ef6ecaab0a4dcc8eca7c1982f999d0fde8656a1445135f3843c530e18e15,50,55.771496597769492,384.00075220607039,33.31017297806482,111556.50247422083,-111523.19230124277,5.7714965977694916,334.00075220607039,-328.22925560830089
Labour,PAYEMS,3,after_week_2,2026-01,Labour Factor Ridge,Labour Bridge Ridge,2026-01-14,f5b2998c2021fe2be01a4d559269087f59f319630d1c9c4e67dbf8d0e0073a04,130,270.25781262945583,112.76719549556319,19672.254003599537,296.96955108813773,19375.284452511398,140.25781262945583,17.232804504436814,123.02500812501901
Labour,PAYEMS,3,after_week_2,2026-02,Labour Factor Ridge,Labour Bridge Ridge,2026-02-14,80041a019a51c1f914d20ffc21c55e1aa914c77955be7e9ec773633233791864,-92,110.94344160387666,354.01804941190096,41186.040490026098,198932.10040119692,-157746.05991117083,202.94344160387666,446.01804941190096,-243.0746078080243
Labour,PAYEMS,3,after_week_2,2026-03,Labour Factor Ridge,Labour Bridge Ridge,2026-03-14,80f673451026065a08158f9ad45264f9545624108dcbb152c0a0a194392e4665,178,434.00132990178872,11.662133585337955,65536.680911484465,27668.285803381954,37868.395108102515,256.00132990178872,166.33786641466205,89.663463487126677
Labour,PAYEMS,3,after_week_2,2026-04,Labour Factor Ridge,Labour Bridge Ridge,2026-04-14,8629ac2b41f90c9aeeb10f8c512b4f6fab7ad55f787730548b9a49b370b1d2da,115,264.92246388507147,337.83918002190586,22476.745177370558,49657.300152835371,-27180.554975464813,149.92246388507147,222.83918002190586,-72.916716136834395
Labour,PAYEMS,3,after_week_2,2026-05,Labour Factor Ridge,Labour Bridge Ridge,2026-05-14,0caf7bc06b0509c09b64ca8b897e8f5a13585e8a2ebddb51be170b64ab40ea7f,172,421.18935822718458,124.02556623917791,62095.336253676127,2301.546294671507,59793.789959004622,249.18935822718458,47.974433760822095,201.2149244663625
Labour,PAYEMS,3,after_week_2,2026-06,Labour Factor Ridge,Labour Bridge Ridge,2026-06-14,3e5fe4178128c4c9c691c210afb5c33042b4f830dfae2cf299efd5ce99376254,57,474.33281970938594,163.20514083372294,174166.68240658683,11279.531939510924,162887.1504670759,417.33281970938594,106.20514083372294,311.12767887566304
Labour,PAYEMS,4,month_end,2023-02,Labour Bridge Ridge,Labour Bridge Ridge,2023-02-28,6279ba25f52d576567d18e8c8d0c041afe74443b1991c4639a039fa121bde214,311,665.6478479893218,665.6478479893218,125775.0960834571,125775.0960834571,0,354.6478479893218,354.6478479893218,0
Labour,PAYEMS,4,month_end,2023-03,Labour Bridge Ridge,Labour Bridge Ridge,2023-03-31,97c2667ce008751c1b7129bd44acbe9aa35adf09d5459c5a81e6a34249711428,236,244.41862044385573,244.41862044385573,70.873170177705646,70.873170177705646,0,8.4186204438557297,8.4186204438557297,0
Labour,PAYEMS,4,month_end,2023-04,Labour Bridge Ridge,Labour Bridge Ridge,2023-04-30,e811f526b64f8e7326cd3d36e4d2062d605e0421fec2fb11ecf8d12b27b2c893,253,-40.968750147817545,-40.968750147817545,86417.626063469987,86417.626063469987,0,293.96875014781756,293.96875014781756,0
Labour,PAYEMS,4,month_end,2023-05,Labour Bridge Ridge,Labour Bridge Ridge,2023-05-31,47a3ec2530f58d9c3b9b533370d871a212d295cc2d8510e172b9cf67c635cc4e,339,343.98976172218829,343.98976172218829,24.89772204421546,24.89772204421546,0,4.9897617221882911,4.9897617221882911,0
Labour,PAYEMS,4,month_end,2023-06,Labour Bridge Ridge,Labour Bridge Ridge,2023-06-30,84395dc96d4f2a5c9468cb5755d3d1d33991b8259cb83f65753aa4f99fc85048,209,347.88506706093887,347.88506706093887,19289.061852521485,19289.061852521485,0,138.88506706093887,138.88506706093887,0
Labour,PAYEMS,4,month_end,2023-07,Labour Bridge Ridge,Labour Bridge Ridge,2023-07-31,fbc319d6b5ac0fd2775cd9c76bd4dcd8de1f4360e65a63d4718ace7671787554,187,-126.4036650911916,-126.4036650911916,98221.857292591798,98221.857292591798,0,313.40366509119161,313.40366509119161,0
Labour,PAYEMS,4,month_end,2023-08,Labour Bridge Ridge,Labour Bridge Ridge,2023-08-31,98f13c26d07eaf0eb0e880cd715440adc3fbae7968b44b9231773834cccf4443,187,417.67699877891579,417.67699877891579,53211.877765647914,53211.877765647914,0,230.67699877891579,230.67699877891579,0
Labour,PAYEMS,4,month_end,2023-09,Labour Bridge Ridge,Labour Bridge Ridge,2023-09-30,67078a8f26e3a5e1d4f32ab4069129481cef2e548278a60daddb0f9108f5e2ed,336,291.26670852895109,291.26670852895109,2001.0673658338176,2001.0673658338176,0,44.733291471048915,44.733291471048915,0
Labour,PAYEMS,4,month_end,2023-10,Labour Bridge Ridge,Labour Bridge Ridge,2023-10-31,dafc9e6a287c630203f0500d569d359231ed7e0bc3cadecea74f0289ddd91749,150,405.56635425741513,405.56635425741513,65314.161428426611,65314.161428426611,0,255.56635425741513,255.56635425741513,0
Labour,PAYEMS,4,month_end,2023-11,Labour Bridge Ridge,Labour Bridge Ridge,2023-11-30,699604e989d8b352ecf5a2746628df7956010c4a22358acf6525a9a470e4964b,199,90.979432503016113,90.979432503016113,11668.443002370452,11668.443002370452,0,108.02056749698389,108.02056749698389,0
Labour,PAYEMS,4,month_end,2023-12,Labour Bridge Ridge,Labour Bridge Ridge,2023-12-31,276f8d1dd873542255063c66d57a96bd3f3eb179ef1c67bd1b2b9304a8d82da6,216,371.69853692171483,371.69853692171483,24242.034399562595,24242.034399562595,0,155.69853692171483,155.69853692171483,0
Labour,PAYEMS,4,month_end,2024-01,Labour Bridge Ridge,Labour Bridge Ridge,2024-01-31,8b7ca7ee27539c100809fb99a89db4363c964d7ce55b3e34fa72dabf6ba8438d,353,346.70160527758821,346.70160527758821,39.669776079304633,39.669776079304633,0,6.2983947224117856,6.2983947224117856,0
Labour,PAYEMS,4,month_end,2024-02,Labour Bridge Ridge,Labour Bridge Ridge,2024-02-29,04841ef40dafcdc536a79240e7a22a4ea8336419419f1ec8074618f2a3963450,275,332.6551397617925,332.6551397617925,3324.1151409518261,3324.1151409518261,0,57.655139761792498,57.655139761792498,0
Labour,PAYEMS,4,month_end,2024-03,Labour Bridge Ridge,Labour Bridge Ridge,2024-03-31,d8f9cec934588cef4f635943e0a3012b5d783790202aef237ba7b866779390e9,303,207.38401238212663,207.38401238212663,9142.4170881413138,9142.4170881413138,0,95.615987617873373,95.615987617873373,0
Labour,PAYEMS,4,month_end,2024-04,Labour Bridge Ridge,Labour Bridge Ridge,2024-04-30,c8a398c207425212c887b26d5dbe108904be6744256a227a3bf1b8630afe050c,175,272.59287393326321,272.59287393326321,9524.3690425538043,9524.3690425538043,0,97.592873933263206,97.592873933263206,0
Labour,PAYEMS,4,month_end,2024-05,Labour Bridge Ridge,Labour Bridge Ridge,2024-05-31,4c4446c658be80fb35aa570dec5ca427851a31b7ddfe358ae6a03c9b0edc48ec,272,286.33791392704802,286.33791392704802,205.57577577943761,205.57577577943761,0,14.337913927048021,14.337913927048021,0
Labour,PAYEMS,4,month_end,2024-06,Labour Bridge Ridge,Labour Bridge Ridge,2024-06-30,66b68196eefe79db940752639d613747ca2ba48e5ea9ffb2463ea72cace78419,206,86.268820085421254,86.268820085421254,14335.555443737225,14335.555443737225,0,119.73117991457875,119.73117991457875,0
Labour,PAYEMS,4,month_end,2024-07,Labour Bridge Ridge,Labour Bridge Ridge,2024-07-31,c3a0cfd07a89a9461ffab86252ae088529cb2362cc99b544dee29cdc48adf2f6,114,-45.260584701137972,-45.260584701137972,25363.933839348349,25363.933839348349,0,159.26058470113799,159.26058470113799,0
Labour,PAYEMS,4,month_end,2024-08,Labour Bridge Ridge,Labour Bridge Ridge,2024-08-31,732c63f7ec21aca5181fcbf6a7ce6e57eecc05a6e05ae98f806fe33824c84b98,142,199.61239401290402,199.61239401290402,3319.1879438980991,3319.1879438980991,0,57.612394012904019,57.612394012904019,0
Labour,PAYEMS,4,month_end,2024-09,Labour Bridge Ridge,Labour Bridge Ridge,2024-09-30,01cfebddb7a8f5d4de9b24b54aa2c3119e470edbe7ad3c651429945bc92b3825,254,213.67031545924991,213.67031545924991,1626.4834551564172,1626.4834551564172,0,40.329684540750094,40.329684540750094,0
Labour,PAYEMS,4,month_end,2024-10,Labour Bridge Ridge,Labour Bridge Ridge,2024-10-31,bb84d013a9a2a7b27d5fe0aa8e8d9395b3a3d825ace33a5cbb55efc1207025e5,12,173.57913250507511,173.57913250507511,26107.816061092621,26107.816061092621,0,161.57913250507511,161.57913250507511,0
Labour,PAYEMS,4,month_end,2024-11,Labour Bridge Ridge,Labour Bridge Ridge,2024-11-30,47f401181e8f074bd710761ba1e46076c3e0995fa29431b0fde81a166a48cb18,227,-113.84891417152048,-113.84891417152048,116177.98229190455,116177.98229190455,0,340.84891417152051,340.84891417152051,0
Labour,PAYEMS,4,month_end,2024-12,Labour Bridge Ridge,Labour Bridge Ridge,2024-12-31,761459f7a6b227c41ed280a4a05d2437356630df52b11dc143100317fe789afd,256,331.54470502256078,331.54470502256078,5707.0024569457191,5707.0024569457191,0,75.544705022560777,75.544705022560777,0
Labour,PAYEMS,4,month_end,2025-01,Labour Bridge Ridge,Labour Bridge Ridge,2025-01-31,bc182377d8909f138a980f0f2af1a3b5342236e8fb97dc046d48ba4782727463,143,291.41073908492024,291.41073908492024,22025.747475732271,22025.747475732271,0,148.41073908492024,148.41073908492024,0
Labour,PAYEMS,4,month_end,2025-02,Labour Bridge Ridge,Labour Bridge Ridge,2025-02-28,008dc5003c888083c121f90abe86553ff4e5ca7037c97c44fa1bdda536129088,151,345.89650321701038,345.89650321701038,37984.646966218133,37984.646966218133,0,194.89650321701038,194.89650321701038,0
Labour,PAYEMS,4,month_end,2025-03,Labour Bridge Ridge,Labour Bridge Ridge,2025-03-31,bc04457d4517591c1730c971e9ba798296295a2942edca566dc5fb768e1ee180,228,-23.002503040640917,-23.002503040640917,63002.256532666957,63002.256532666957,0,251.00250304064093,251.00250304064093,0
Labour,PAYEMS,4,month_end,2025-04,Labour Bridge Ridge,Labour Bridge Ridge,2025-04-30,6dcf1b1fbb1683899ae0571023bb9a23c38b5900f187f0d317ccba88c6a32075,177,249.48552937902153,249.48552937902153,5254.1519693569935,5254.1519693569935,0,72.485529379021528,72.485529379021528,0
Labour,PAYEMS,4,month_end,2025-05,Labour Bridge Ridge,Labour Bridge Ridge,2025-05-31,8814e19f98ccf79260e2df771557f49f21b55de93e6451e4f28fc8adfb2e4008,139,188.16837339056192,188.16837339056192,2417.5289418737179,2417.5289418737179,0,49.168373390561925,49.168373390561925,0
Labour,PAYEMS,4,month_end,2025-06,Labour Bridge Ridge,Labour Bridge Ridge,2025-06-30,7b456dd2caa6006bbe768b4f8f087f1aeecd143f3c5cc3fa1bebc2b73e5c09d3,147,62.270688388203311,62.270688388203311,7179.0562462089456,7179.0562462089456,0,84.729311611796689,84.729311611796689,0
Labour,PAYEMS,4,month_end,2025-07,Labour Bridge Ridge,Labour Bridge Ridge,2025-07-31,4d961af8bf48247227b9886247f41c6245bc2a7c214e9b6a5e509260eb549c2a,73,105.32402562631216,105.32402562631216,1044.8426326904855,1044.8426326904855,0,32.324025626312164,32.324025626312164,0
Labour,PAYEMS,4,month_end,2025-08,Labour Bridge Ridge,Labour Bridge Ridge,2025-08-31,6c62b6995120e86b0d022a54a9fe4b3b17a236c6a063d185b725ab3453847f74,22,318.48666623755435,318.48666623755435,87904.343256658947,87904.343256658947,0,296.48666623755435,296.48666623755435,0
Labour,PAYEMS,4,month_end,2025-09,Labour Bridge Ridge,Labour Bridge Ridge,2025-09-30,8370e6bddaf1ac9bdd5f8039854e4d3bf31c27979ed1408ff01f7f76beffc2e6,119,92.931132931112614,92.931132931112614,679.58583025532118,679.58583025532118,0,26.068867068887386,26.068867068887386,0
Labour,PAYEMS,4,month_end,2025-10,Labour Bridge Ridge,Labour Bridge Ridge,2025-10-31,9de3aa1627a6c212eec7e285c9949b1a9f5f06e5b9d4a1f7141ab72ba522eb0a,-105,95.773044196184742,95.773044196184742,40309.81527580315,40309.81527580315,0,200.77304419618474,200.77304419618474,0
Labour,PAYEMS,4,month_end,2025-11,Labour Bridge Ridge,Labour Bridge Ridge,2025-11-30,0c896a2302e5e5210650a5bcc02de10294e49638d0e25e558104a6669ae65edd,64,255.89984173660741,255.89984173660741,36825.549258534971,36825.549258534971,0,191.89984173660741,191.89984173660741,0
Labour,PAYEMS,4,month_end,2025-12,Labour Bridge Ridge,Labour Bridge Ridge,2025-12-31,17f9c04874b999f3808b7961e7affc0f1aac0cbea808e40e38082edb0d6d1831,50,386.59151044643096,386.59151044643096,113293.84490460984,113293.84490460984,0,336.59151044643096,336.59151044643096,0
Labour,PAYEMS,4,month_end,2026-01,Labour Bridge Ridge,Labour Bridge Ridge,2026-01-31,5be923ed610a63b5e8d0127b7176fb220b55dd1a9efc221ebe5f38b499ee9a2d,130,111.73937408037909,111.73937408037909,333.45045897633088,333.45045897633088,0,18.260625919620907,18.260625919620907,0
Labour,PAYEMS,4,month_end,2026-02,Labour Bridge Ridge,Labour Bridge Ridge,2026-02-28,da7fe850311202997c3df1f480d1ecd82e7a36fa5c90ab9bc02c6f4e527081cf,-92,315.37201352427599,315.37201352427599,165951.95740282288,165951.95740282288,0,407.37201352427599,407.37201352427599,0
Labour,PAYEMS,4,month_end,2026-03,Labour Bridge Ridge,Labour Bridge Ridge,2026-03-31,0b3941461f2aa9c93166e499ca454e286199ed8cb9170c88f5a48c886b779fc5,178,38.49290607808522,38.49290607808522,19462.229254537953,19462.229254537953,0,139.50709392191479,139.50709392191479,0
Labour,PAYEMS,4,month_end,2026-04,Labour Bridge Ridge,Labour Bridge Ridge,2026-04-30,e9b2931657ea7e2c64fdec1868969d68b6fa4f0098307b891f6492385ff27cfe,115,318.35547837128274,318.35547837128274,41353.450583613245,41353.450583613245,0,203.35547837128274,203.35547837128274,0
Labour,PAYEMS,4,month_end,2026-05,Labour Bridge Ridge,Labour Bridge Ridge,2026-05-31,1a433339712659ccc8304b58487b1d8576405e57dfadf386daff065d937734e8,172,123.06461362352366,123.06461362352366,2394.6720398150264,2394.6720398150264,0,48.935386376476345,48.935386376476345,0
Labour,PAYEMS,4,month_end,2026-06,Labour Bridge Ridge,Labour Bridge Ridge,2026-06-30,cfc5d3f5304c510ad3b5c71a0b1da69b55da82e144777d9838460b3ef80935bd,57,95.051002285650711,95.051002285650711,1447.8787749425956,1447.8787749425956,0,38.051002285650711,38.051002285650711,0
Labour,PAYEMS,5,pre_employment_report,2023-02,Labour Bridge Ridge,Labour Bridge Ridge,2023-03-09,ea1953db71ea93329228e0be21b528f4229ee4087001f532d032e7c08430992a,311,675.17675287516965,675.17675287516965,132624.7073347024,132624.7073347024,0,364.17675287516965,364.17675287516965,0
Labour,PAYEMS,5,pre_employment_report,2023-03,Labour Bridge Ridge,Labour Bridge Ridge,2023-04-06,c56eac5a7e701385dda0a1d390a232e05d0df7e0b23351958797c02c8a6db216,236,28.464423121693443,28.464423121693443,43071.015670211491,43071.015670211491,0,207.53557687830656,207.53557687830656,0
Labour,PAYEMS,5,pre_employment_report,2023-04,Labour Bridge Ridge,Labour Bridge Ridge,2023-05-04,a45b23477f7ad3211864f8b90308b33a3f4a5dcbe3bc716e61bd4072869944fa,253,26.8263640089272,26.8263640089272,51154.513617422293,51154.513617422293,0,226.17363599107279,226.17363599107279,0
Labour,PAYEMS,5,pre_employment_report,2023-05,Labour Bridge Ridge,Labour Bridge Ridge,2023-06-01,780a896b5ae77b003c614f12ec4890201f28be64859fea0aac6731484376ca2e,339,346.75816835198918,346.75816835198918,60.189176177806573,60.189176177806573,0,7.758168351989184,7.758168351989184,0
Labour,PAYEMS,5,pre_employment_report,2023-06,Labour Bridge Ridge,Labour Bridge Ridge,2023-07-06,bf8f19819a871ad1c1d1cd6fc4b976ae7385ba2db41b40831f7e51fb5f1e5a12,209,304.85725399823883,304.85725399823883,9188.613144082874,9188.613144082874,0,95.857253998238832,95.857253998238832,0
Labour,PAYEMS,5,pre_employment_report,2023-07,Labour Bridge Ridge,Labour Bridge Ridge,2023-08-03,1fbb51fcff7e9a26b23c58e68f7f791da8a62fbf6323c2c5f244c8a399327bee,187,-43.962494337400628,-43.962494337400628,53343.673790553825,53343.673790553825,0,230.96249433740064,230.96249433740064,0
Labour,PAYEMS,5,pre_employment_report,2023-08,Labour Bridge Ridge,Labour Bridge Ridge,2023-08-31,98f13c26d07eaf0eb0e880cd715440adc3fbae7968b44b9231773834cccf4443,187,417.67699877891579,417.67699877891579,53211.877765647914,53211.877765647914,0,230.67699877891579,230.67699877891579,0
Labour,PAYEMS,5,pre_employment_report,2023-09,Labour Bridge Ridge,Labour Bridge Ridge,2023-10-05,28723410f143be952a4248168e4ee6e9eacf07eb0d4d374ff5b2e1472ee4ed0b,336,237.44347812566053,237.44347812566053,9713.3880039671531,9713.3880039671531,0,98.556521874339467,98.556521874339467,0
Labour,PAYEMS,5,pre_employment_report,2023-10,Labour Bridge Ridge,Labour Bridge Ridge,2023-11-02,d4fe0e651754d4e46172c21d3bfe0cc37f332928bbeddc93a54c9d86da74dfec,150,400.06061437240362,400.06061437240362,62530.310860303951,62530.310860303951,0,250.06061437240362,250.06061437240362,0
Labour,PAYEMS,5,pre_employment_report,2023-11,Labour Bridge Ridge,Labour Bridge Ridge,2023-12-07,48c8b1e298d62e2347ce60adc394dbf07031c5fc7ede397c06bc43220de5f2cf,199,113.3664004525794,113.3664004525794,7333.1133714479938,7333.1133714479938,0,85.633599547420602,85.633599547420602,0
Labour,PAYEMS,5,pre_employment_report,2023-12,Labour Bridge Ridge,Labour Bridge Ridge,2024-01-04,c5e56cffe44735191f46e496aa0b24ddf4cd493263fa7c72f17608600b8da4fa,216,370.49769629982154,370.49769629982154,23869.538161951892,23869.538161951892,0,154.49769629982154,154.49769629982154,0
Labour,PAYEMS,5,pre_employment_report,2024-01,Labour Bridge Ridge,Labour Bridge Ridge,2024-02-01,3701b2b60e17f3a387ae6dd4e9bc665cc172f5749b445cec879e69b5b005416e,353,317.29008415101873,317.29008415101873,1275.1980899413236,1275.1980899413236,0,35.709915848981268,35.709915848981268,0
Labour,PAYEMS,5,pre_employment_report,2024-02,Labour Bridge Ridge,Labour Bridge Ridge,2024-03-07,a8ee776c9f04382a27263870e48955c258b313cab6154421801a9a3c9d2d95cf,275,351.58515003589872,351.58515003589872,5865.285206021118,5865.285206021118,0,76.585150035898721,76.585150035898721,0
Labour,PAYEMS,5,pre_employment_report,2024-03,Labour Bridge Ridge,Labour Bridge Ridge,2024-04-04,3c614a922141ff47ddcbb53904e11bec16d45036125079e935570cd818d20308,303,173.98825375885303,173.98825375885303,16644.030668190098,16644.030668190098,0,129.01174624114697,129.01174624114697,0
Labour,PAYEMS,5,pre_employment_report,2024-04,Labour Bridge Ridge,Labour Bridge Ridge,2024-05-02,c19c383bf66ea97e8440e09bbf68fb6cae777bb3d7dda974dc99d85629750969,175,302.30656092305941,302.30656092305941,16206.960454056636,16206.960454056636,0,127.30656092305941,127.30656092305941,0
Labour,PAYEMS,5,pre_employment_report,2024-05,Labour Bridge Ridge,Labour Bridge Ridge,2024-06-06,e5739ff7426bc2d03e33812e3dc053aafe2e99bdd80ee86b4d90b7ea686d5a11,272,236.86563555939847,236.86563555939847,1234.4235646450052,1234.4235646450052,0,35.13436444060153,35.13436444060153,0
Labour,PAYEMS,5,pre_employment_report,2024-06,Labour Bridge Ridge,Labour Bridge Ridge,2024-07-04,6497673dc139911c57af9fc6a34db5905086eb186e0aca8fadc5040ec52000fe,206,84.527174057882917,84.527174057882917,14755.647442363874,14755.647442363874,0,121.47282594211708,121.47282594211708,0
Labour,PAYEMS,5,pre_employment_report,2024-07,Labour Bridge Ridge,Labour Bridge Ridge,2024-08-01,1cb149f34c3a59f532e4c49889de041b32bf26f923648d832d4fb47e89fccca4,114,-50.688757606608405,-50.688757606608405,27122.386882008221,27122.386882008221,0,164.68875760660842,164.68875760660842,0
Labour,PAYEMS,5,pre_employment_report,2024-08,Labour Bridge Ridge,Labour Bridge Ridge,2024-09-05,24a267aaceb23a104c9ca97b400f9fb58668961c2456c19611e82d7266e00b5e,142,220.69524085918187,220.69524085918187,6192.9409338846472,6192.9409338846472,0,78.695240859181865,78.695240859181865,0
Labour,PAYEMS,5,pre_employment_report,2024-09,Labour Bridge Ridge,Labour Bridge Ridge,2024-10-03,85384614c03de2ae9110b37baa3cac585f55f2fcf76aaaa0322fc5ef4b037c14,254,298.8884839997815,298.8884839997815,2014.9759957986396,2014.9759957986396,0,44.888483999781499,44.888483999781499,0
Labour,PAYEMS,5,pre_employment_report,2024-10,Labour Bridge Ridge,Labour Bridge Ridge,2024-10-31,bb84d013a9a2a7b27d5fe0aa8e8d9395b3a3d825ace33a5cbb55efc1207025e5,12,173.57913250507511,173.57913250507511,26107.816061092621,26107.816061092621,0,161.57913250507511,161.57913250507511,0
Labour,PAYEMS,5,pre_employment_report,2024-11,Labour Bridge Ridge,Labour Bridge Ridge,2024-12-05,8508c1e46daa20337ca3613a5e44f3d99c40f85a4a8627509a10a97d7b3f22b7,227,-167.64851877955761,-167.64851877955761,155747.45337489882,155747.45337489882,0,394.64851877955761,394.64851877955761,0
Labour,PAYEMS,5,pre_employment_report,2024-12,Labour Bridge Ridge,Labour Bridge Ridge,2025-01-09,a9d997314e99be04688b87f0fa8abb96895adeb156522b3fd9b3bf5733a710ce,256,448.6194631163699,448.6194631163699,37102.257571238588,37102.257571238588,0,192.6194631163699,192.6194631163699,0
Labour,PAYEMS,5,pre_employment_report,2025-01,Labour Bridge Ridge,Labour Bridge Ridge,2025-02-06,d7a1933298a6c1eafdc265f1fcaef2b01689992bda7854961bda82dd6f236d48,143,203.62715379779385,203.62715379779385,3675.6517776213495,3675.6517776213495,0,60.627153797793852,60.627153797793852,0
Labour,PAYEMS,5,pre_employment_report,2025-02,Labour Bridge Ridge,Labour Bridge Ridge,2025-03-06,9ffd3f9202ace8cf1da7b1c03d131c29c1c9dd1d8971d2ee9f2081b84239a5a3,151,336.92306178534875,336.92306178534875,34567.384903638609,34567.384903638609,0,185.92306178534875,185.92306178534875,0
Labour,PAYEMS,5,pre_employment_report,2025-03,Labour Bridge Ridge,Labour Bridge Ridge,2025-04-03,31ea4c9aa3e553fd66fc90d0dd85528f33587c204bc8248b227aca4b2e36df5d,228,40.165751813369162,40.165751813369162,35281.704791836833,35281.704791836833,0,187.83424818663084,187.83424818663084,0
Labour,PAYEMS,5,pre_employment_report,2025-04,Labour Bridge Ridge,Labour Bridge Ridge,2025-05-01,75104d601135eddf8c1e3b6c360c34a122a3c061b69b7fae10f981935160c092,177,232.54145993671855,232.54145993671855,3084.8537719021119,3084.8537719021119,0,55.541459936718553,55.541459936718553,0
Labour,PAYEMS,5,pre_employment_report,2025-05,Labour Bridge Ridge,Labour Bridge Ridge,2025-06-05,67b0243a3d7a58d67ae63e1e4f7c7e9ac44ec4b6923aa2f940a86dde6890a140,139,234.46400800548355,234.46400800548355,9113.3768244710263,9113.3768244710263,0,95.464008005483549,95.464008005483549,0
Labour,PAYEMS,5,pre_employment_report,2025-06,Labour Bridge Ridge,Labour Bridge Ridge,2025-07-02,78d55cfdf9cd0d23d2462d64acbbde0fa06facc98833bfd6d481ac34ca86290b,147,21.283617044294161,21.283617044294161,15804.608943465686,15804.608943465686,0,125.71638295570584,125.71638295570584,0
Labour,PAYEMS,5,pre_employment_report,2025-07,Labour Bridge Ridge,Labour Bridge Ridge,2025-07-31,4d961af8bf48247227b9886247f41c6245bc2a7c214e9b6a5e509260eb549c2a,73,105.32402562631216,105.32402562631216,1044.8426326904855,1044.8426326904855,0,32.324025626312164,32.324025626312164,0
Labour,PAYEMS,5,pre_employment_report,2025-08,Labour Bridge Ridge,Labour Bridge Ridge,2025-09-04,bc9a81409939e0bfa9d677aeb16622edab37721b5b13a6522d9bb51234d21353,22,327.90283703511193,327.90283703511193,93576.545706130244,93576.545706130244,0,305.90283703511193,305.90283703511193,0
Labour,PAYEMS,5,pre_employment_report,2025-09,Labour Bridge Ridge,Labour Bridge Ridge,2025-11-19,5a7cfc6a74b6b09b4fa07ebbd9b0e05841092b974ddb2f28af3796f79fcda4f3,119,92.931132931112614,92.931132931112614,679.58583025532118,679.58583025532118,0,26.068867068887386,26.068867068887386,0
Labour,PAYEMS,5,pre_employment_report,2025-10,Labour Bridge Ridge,Labour Bridge Ridge,2025-12-15,f98a1afbb63fe46a326528c231b267a54ab54163e5726a6c2ac0f36fad7972c3,-105,101.53886600268322,101.53886600268322,42658.303169674335,42658.303169674335,0,206.53886600268322,206.53886600268322,0
Labour,PAYEMS,5,pre_employment_report,2025-11,Labour Bridge Ridge,Labour Bridge Ridge,2025-12-15,f98a1afbb63fe46a326528c231b267a54ab54163e5726a6c2ac0f36fad7972c3,64,240.06155712050705,240.06155712050705,30997.671895697564,30997.671895697564,0,176.06155712050705,176.06155712050705,0
Labour,PAYEMS,5,pre_employment_report,2025-12,Labour Bridge Ridge,Labour Bridge Ridge,2026-01-08,7f2574b0e02739ebd85c44cb6e8a029224cac4418bcd3f9b7fd238cef0330635,50,264.94517011732171,264.94517011732171,46201.42615676437,46201.42615676437,0,214.94517011732171,214.94517011732171,0
Labour,PAYEMS,5,pre_employment_report,2026-01,Labour Bridge Ridge,Labour Bridge Ridge,2026-02-10,fee22f4da32cbfc3f29b149dfc127e9e54c4e3051c2cf9b3852d4873286d2847,130,150.09934233049984,150.09934233049984,403.98356211862261,403.98356211862261,0,20.099342330499837,20.099342330499837,0
Labour,PAYEMS,5,pre_employment_report,2026-02,Labour Bridge Ridge,Labour Bridge Ridge,2026-03-05,36b785424159da4fdf5b6c9479a7b2a92ea365c14a7224f96e2d6728a732524f,-92,312.22637926302343,312.22637926302343,163398.96569209365,163398.96569209365,0,404.22637926302343,404.22637926302343,0
Labour,PAYEMS,5,pre_employment_report,2026-03,Labour Bridge Ridge,Labour Bridge Ridge,2026-04-02,45a17d7fe6bdfd8cff1f18fa59146367abf91a4f48b35e20fdf663b9168460ab,178,37.150291095170026,37.150291095170026,19838.640498575343,19838.640498575343,0,140.84970890482998,140.84970890482998,0
Labour,PAYEMS,5,pre_employment_report,2026-04,Labour Bridge Ridge,Labour Bridge Ridge,2026-05-07,c1a70b31504609df70e57a8900964825b53d74c5d0f5fd5f3c774df3b96ba5b0,115,286.37506104204999,286.37506104204999,29369.411547166361,29369.411547166361,0,171.37506104204999,171.37506104204999,0
Labour,PAYEMS,5,pre_employment_report,2026-05,Labour Bridge Ridge,Labour Bridge Ridge,2026-06-04,92a663192feec587f3176af523495241328ecabc278f467430e3efe81b876abe,172,157.0282960838783,157.0282960838783,224.15191815201376,224.15191815201376,0,14.971703916121697,14.971703916121697,0
Labour,PAYEMS,5,pre_employment_report,2026-06,Labour Bridge Ridge,Labour Bridge Ridge,2026-07-01,4ddd519170c9cffa44842a12fe5193c70298c5681d7a3335155c60f1a9b10bf1,57,95.051002285650711,95.051002285650711,1447.8787749425956,1447.8787749425956,0,38.051002285650711,38.051002285650711,0
Labour,UNRATE,1,month_open,2023-02,Labour AR(1),Labour Equal-Weight Ensemble,2023-02-01,a625e8022d1833e223ee211a4d0dc372e5fd183c04740ebbcd8913bb57033a61,3.6000000000000001,3.6612899293685683,3.4471761139493799,0.0037564554420040854,0.023355140147612929,-0.019598684705608844,0.061289929368568252,0.15282388605062014,-0.091533956682051887
Labour,UNRATE,1,month_open,2023-03,Labour AR(1),Labour Equal-Weight Ensemble,2023-03-01,9c677fcb35ec200fbad5da0c1d6f9f47034a0a3b1ada1b288239b7872f68ac41,3.5,3.6612899293685683,3.2197495038641399,0.026014441315717764,0.078540340584395713,-0.052525899268677949,0.16128992936856834,0.28025049613586006,-0.11896056676729172
Labour,UNRATE,1,month_open,2023-04,Labour AR(1),Labour Equal-Weight Ensemble,2023-04-01,de14489ce738d0aa9d434beb29ac87c6b1c1045ae0496fb5e29591065aea364b,3.3999999999999999,3.5643396374394993,3.3575759855549028,0.027007516433746118,0.0017997970016378104,0.025207719432108307,0.16433963743949942,0.042424014445097136,0.12191562299440228
Labour,UNRATE,1,month_open,2023-05,Labour AR(1),Labour Equal-Weight Ensemble,2023-05-01,7f83bf8482e2c2930f8ac46371522cd54958a30311b96105be2e9af7368463e5,3.7000000000000002,3.7522907595414581,3.4208919413586529,0.0027343235334225703,0.07790130839854173,-0.075166984865119163,0.052290759541457899,0.27910805864134725,-0.22681729909988935
Labour,UNRATE,1,month_open,2023-06,Labour AR(1),Labour Equal-Weight Ensemble,2023-06-01,780a896b5ae77b003c614f12ec4890201f28be64859fea0aac6731484376ca2e,3.6000000000000001,3.558708373507359,3.3050409308293407,0.0017049984184077775,0.087000852486021837,-0.085295854067614058,0.041291626492641065,0.29495906917065939,-0.25366744267801833
Labour,UNRATE,1,month_open,2023-07,Labour AR(1),Labour Equal-Weight Ensemble,2023-07-01,3a4c14b4be18f6ceb889d4b76f185b7118870ecdf457828c530aa21dd96674ed,3.5,3.558708373507359,3.3447150593719326,0.0034466731198795749,0.024113412785862421,-0.020666739665982845,0.058708373507359024,0.15528494062806741,-0.09657656712070839
Labour,UNRATE,1,month_open,2023-08,Labour AR(1),Labour Equal-Weight Ensemble,2023-08-01,ccb96bbce2db9e933322c92059d3ac77bd10deef41331c2b428204b788a4a218,3.7999999999999998,3.7455131929395886,3.4318641482229242,0.002968812143638476,0.13552400536363302,-0.13255519321999454,0.054486807060411202,0.36813585177707564,-0.31364904471666444
Labour,UNRATE,1,month_open,2023-09,Labour AR(1),Labour Equal-Weight Ensemble,2023-09-01,34d4cc0b568fa2fe0432876aee9da9fcd5b749809db5f1eb09648c661964643c,3.7999999999999998,3.6488785587704804,3.3623780990025813,0.022837689999287095,0.19151292823259436,-0.16867523823330727,0.15112144122951943,0.43762190099741849,-0.28650045976789906
Labour,UNRATE,1,month_open,2023-10,Labour AR(1),Labour Equal-Weight Ensemble,2023-10-01,2501f3ee713082b68040e08e0c96faa39b1d30ed992d5a5e135d82f85e635122,3.8999999999999999,3.6488785587704804,3.3490818717893212,0.063061978245191025,0.30351078399115788,-0.24044880574596686,0.25112144122951952,0.55091812821067876,-0.29979668698115924
Labour,UNRATE,1,month_open,2023-11,Labour AR(1),Labour Equal-Weight Ensemble,2023-11-01,a54cb0106a3f48fc14619cacce2ee2c6a7574aa8f68f547408b64fcb04c16cfa,3.7000000000000002,3.9310630405168068,3.5242896188736386,0.053390128692871408,0.030874138035571257,0.022515990657300151,0.23106304051680659,0.17571038112636161,0.05535265939044498
Labour,UNRATE,1,month_open,2023-12,Labour AR(1),Labour Equal-Weight Ensemble,2023-12-01,c2c85a0812bf8a07ee4c04256da709a5e1b62f787e0859b5c27c65ff95fde2e3,3.7000000000000002,3.9310630405168068,3.7030549001377273,0.053390128692871408,9.3324148514852647e-06,0.053380796278019921,0.23106304051680659,0.0030549001377271345,0.22800814037907946
Labour,UNRATE,1,month_open,2024-01,Labour AR(1),Labour Equal-Weight Ensemble,2024-01-01,3519333accd53327f1080036a15493a48742a0a34f4f87436c06d7119d3e3764,3.7000000000000002,4.0247234316056186,3.4850183619698591,0.10544530703372876,0.046217104690122579,0.059228202343606179,0.32472343160561845,0.21498163803014103,0.10974179357547742
Labour,UNRATE,1,month_open,2024-02,Labour AR(1),Labour Equal-Weight Ensemble,2024-02-01,3701b2b60e17f3a387ae6dd4e9bc665cc172f5749b445cec879e69b5b005416e,3.8999999999999999,3.8343677875845561,3.5346265452620309,0.0043075873065459369,0.13349776142715869,-0.12919017412061276,0.065632212415443814,0.36537345473796901,-0.29974124232252519
Labour,UNRATE,1,month_open,2024-03,Labour AR(1),Labour Equal-Weight Ensemble,2024-03-01,77548f2852b75aef580efa27cc6c20479ec5dc3089e524f4893a7b89b3ff0f3c,3.7999999999999998,3.8343677875845561,3.5175083303227397,0.0011811448234571806,0.079801543437046249,-0.078620398613589063,0.034367787584556275,0.28249166967726014,-0.24812388209270386
Labour,UNRATE,1,month_open,2024-04,Labour AR(1),Labour Equal-Weight Ensemble,2024-04-01,f3e7ab5cea5b82b2ff68483aefae2427714a7b2b3172e6acc5bdef31debf210b,3.8999999999999999,3.8330539906491472,3.5707001990270162,0.0044817681680044581,0.10843835892084669,-0.10395659075284223,0.066946009350852709,0.32929980097298372,-0.26235379162213102
Labour,UNRATE,1,month_open,2024-05,Labour AR(1),Labour Equal-Weight Ensemble,2024-05-01,54bb7e70ea519f9b1d13ed3660f1d855156a427c1a91f45267677ad5bbe663f2,4,3.9256934518479012,3.5481748882192434,0.0055214630982801782,0.20414593163569317,-0.198624468537413,0.074306548152098806,0.45182511178075657,-0.37751856362865777
Labour,UNRATE,1,month_open,2024-06,Labour AR(1),Labour Equal-Weight Ensemble,2024-06-01,1a29a50fce25676ba4df60dc2a227497d5912955dfc3391913627a002c9252a3,4.0999999999999996,3.9256934518479012,3.6192191534880966,0.030382772728699815,0.23115022237270202,-0.2007674496440022,0.17430654815209845,0.480780846511903,-0.30647429835980455
Labour,UNRATE,1,month_open,2024-07,Labour AR(1),Labour Equal-Weight Ensemble,2024-07-01,4c87aae8629352590fc1e432e4813cbaff4f6e9f6b181cea657a60ee780a4e0c,4.2999999999999998,4.0194879520762496,3.684893381648624,0.078687009030376315,0.3783561519396651,-0.29966914290928881,0.28051204792375017,0.61510661835137581,-0.33459457042762564
Labour,UNRATE,1,month_open,2024-08,Labour AR(1),Labour Equal-Weight Ensemble,2024-08-01,1cb149f34c3a59f532e4c49889de041b32bf26f923648d832d4fb47e89fccca4,4.2000000000000002,4.2072771242095097,3.8787449495396378,5.2956536760629914e-05,0.10320480744628999,-0.10315185090952936,0.0072771242095095445,0.3212550504603624,-0.31397792625085286
Labour,UNRATE,1,month_open,2024-09,Labour AR(1),Labour Equal-Weight Ensemble,2024-09-01,5fdfc5666824fdc0b1b10afc856fa2d9825c20b59931314ccf7bd7e9db343ae9,4.0999999999999996,4.2072771242095097,3.8728468429095027,0.011508381378662653,0.051598556776180006,-0.040090175397517351,0.10727712420951008,0.22715315709049699,-0.11987603288098692
Labour,UNRATE,1,month_open,2024-10,Labour AR(1),Labour Equal-Weight Ensemble,2024-10-01,f7b88be0eee7738e05aa6fee1d30c15c4a80e51c0331616978de0f0bbf3cedcb,4.0999999999999996,4.300601936106986,3.95973375314647,0.040241136769871455,0.019674620006375307,0.020566516763496148,0.2006019361069864,0.14026624685352962,0.060335689253456781
Labour,UNRATE,1,month_open,2024-11,Labour AR(1),Labour Equal-Weight Ensemble,2024-11-01,48f5e811c5e66226b53eaec64496c7be903b86ac794ef9d8d90efc169a49a304,4.2000000000000002,4.205054557438574,3.9555592187329656,2.5548550899842329e-05,0.059751295546438259,-0.059725746995538419,0.005054557438573859,0.24444078126703461,-0.23938622382846075
Labour,UNRATE,1,month_open,2024-12,Labour AR(1),Labour Equal-Weight Ensemble,2024-12-01,65bb2277f867bc39d04bd21dd903761138ec9b7b1607aa99aeb44ec8f6e16bc3,4.0999999999999996,4.205054557438574,3.9509243034679824,0.011036460038614726,0.022223563296506099,-0.011187103257891374,0.10505455743857439,0.14907569653201724,-0.044021139093442851
Labour,UNRATE,1,month_open,2025-01,Labour AR(1),Labour Equal-Weight Ensemble,2025-01-01,232704b0d42e2a1666e5093bd494eef549eea6361b508fa98d4163161219c108,4,4.2042576964192797,3.8539178090234878,0.041721206546510632,0.021340006520498184,0.020381200026012448,0.20425769641927971,0.14608219097651221,0.058175505442767506
Labour,UNRATE,1,month_open,2025-02,Labour AR(1),Labour Equal-Weight Ensemble,2025-02-01,54d87f057dbe572aa4d6800f9f043c021a1b5f0621ff2e5cb1ad699b26014af8,4.0999999999999996,4.298251586519287,3.9040546772611671,0.039303691557414464,0.038394569503225263,0.00090912205418920006,0.19825158651928732,0.19594532273883258,0.0023062637804547315
Labour,UNRATE,1,month_open,2025-03,Labour AR(1),Labour Equal-Weight Ensemble,2025-03-01,1bc4c18efc619ff94240cac4cabc8566a6add3141589d781de955ac10217975e,4.2000000000000002,4.2026916370767751,3.8368488198140995,7.2449101530692684e-06,0.13187877967041248,-0.1318715347602594,0.0026916370767748887,0.36315118018590065,-0.36045954310912576
Labour,UNRATE,1,month_open,2025-04,Labour AR(1),Labour Equal-Weight Ensemble,2025-04-01,79549f7da5fac61d28805e92085456fd205ab626655c43ab48524b9d93b3ead2,4.2000000000000002,4.2011332435481075,3.8572168062654284,1.2842409393267947e-06,0.11750031790687297,-0.11749903366593364,0.0011332435481072878,0.34278319373457178,-0.34164995018646449
Labour,UNRATE,1,month_open,2025-05,Labour AR(1),Labour Equal-Weight Ensemble,2025-05-01,75104d601135eddf8c1e3b6c360c34a122a3c061b69b7fae10f981935160c092,4.2000000000000002,4.2953002691272619,3.9181596474201696,0.0090821412957285182,0.079433984342323183,-0.07035184304659467,0.09530026912726175,0.28184035257983053,-0.18654008345256878
Labour,UNRATE,1,month_open,2025-06,Labour AR(1),Labour Equal-Weight Ensemble,2025-06-01,02b6774eb3f19b903187739584a159e96a8d8e7537de832aabd525a17ab6b6b0,4.0999999999999996,4.2953002691272619,3.9219413047314049,0.038142195121181076,0.031704898960754284,0.006437296160426792,0.19530026912726228,0.17805869526859475,0.017241573858667536
Labour,UNRATE,1,month_open,2025-07,Labour AR(1),Labour Equal-Weight Ensemble,2025-07-01,b6b9c06c653e60e89f358828ec8730bc4e680f2fe36784bafa9d410e93efd003,4.2000000000000002,4.2939843483277977,4.0671966060460729,0.0088330577306007848,0.017636741445682003,-0.0088036837150812178,0.093984348327797562,0.13280339395392726,-0.0388190456261297
Labour,UNRATE,1,month_open,2025-08,Labour AR(1),Labour Equal-Weight Ensemble,2025-08-01,2fcac741c98a87ac4181a30967023a1886f8e59147a4827b2b0a1f5ab8858d18,4.2999999999999998,4.1984209601996412,3.9399154811440873,0.010318301326762846,0.12966086071969402,-0.11934255939293117,0.10157903980035865,0.36008451885591253,-0.25850547905555388
Labour,UNRATE,1,month_open,2025-09,Labour AR(1),Labour Equal-Weight Ensemble,2025-09-01,56a43cb6d4a83f7018a9e5c08194f26e20ec8059795f73a8315391ae48e158a9,4.4000000000000004,4.1984209601996412,3.920080669646985,0.040634109286834794,0.23032256364648671,-0.18968845435965193,0.20157903980035918,0.47991933035301537,-0.27834029055265619
Labour,UNRATE,1,month_open,2025-11,Labour AR(1),Labour Equal-Weight Ensemble,2025-11-01,977a5c002ed197043d5d39ecac45bdef20d03cbe8aaa4e545052854d2b848f65,4.5999999999999996,4.3869467836402611,4.0744599735542044,0.045391673001229545,0.27619231939664712,-0.23080064639541759,0.21305321635973851,0.52554002644579523,-0.31248681008605672
Labour,UNRATE,1,month_open,2025-12,Labour AR(1),Labour Equal-Weight Ensemble,2025-12-01,58c0cb4c638b2295a728f26941de0aa0d421dc6d67fc92e942c0ebb0e8d4d96f,4.4000000000000004,4.3869467836402611,4.0669359093548811,0.00017038645733416353,0.11093168847726019,-0.11076130201992603,0.013053216359739217,0.33306409064511922,-0.32001087428538
Labour,UNRATE,1,month_open,2026-01,Labour AR(1),Labour Equal-Weight Ensemble,2026-01-01,fac6f29d2b652c12cdf69a6e5efa5ffde4c492936a9adc66a209dc433e7273d7,4.2999999999999998,4.4812609064717037,4.1512128670585673,0.032855516214943786,0.022137610928931517,0.010717905286012269,0.1812609064717039,0.14878713294143253,0.032473773530271366
Labour,UNRATE,1,month_open,2026-02,Labour AR(1),Labour Equal-Weight Ensemble,2026-02-01,e5cdc81382c78fb1f258be68d762c3f7d2cdd962727c129f638e8a8db7f98c73,4.4000000000000004,4.481393647249563,4.0978078964317959,0.0066249258125862399,0.091320067458976417,-0.084695141646390179,0.081393647249562662,0.30219210356820447,-0.22079845631864181
Labour,UNRATE,1,month_open,2026-03,Labour AR(1),Labour Equal-Weight Ensemble,2026-03-01,16b1a548967fdcffc384c08ec2ab49737230674e04f3d332ba7f12961213b0d7,4.2999999999999998,4.481393647249563,4.0608989483152325,0.032903655262498964,0.057169312916761791,-0.024265657654262827,0.18139364724956319,0.23910105168476736,-0.057707404435204168
Labour,UNRATE,1,month_open,2026-04,Labour AR(1),Labour Equal-Weight Ensemble,2026-04-01,9df61ce80c86f71100d8b13eb9ef4d8b48d49deb3b3e5e9ce0cac90ff6c6844d,4.2999999999999998,4.480894729032137,4.1670794079826088,0.032722902991610348,0.017667883782253719,0.015055019209356629,0.18089472903213721,0.13292059201739104,0.047974137014746177
Labour,UNRATE,1,month_open,2026-05,Labour AR(1),Labour Equal-Weight Ensemble,2026-05-01,6c034c922c5f56744e61d8c891e2a7b7f4a87342629911312ea4e92ca7e1ad5a,4.2999999999999998,4.480894729032137,4.075721021436574,0.032722902991610348,0.050301060225453623,-0.017578157233843275,0.18089472903213721,0.22427897856342582,-0.04338424953128861
Labour,UNRATE,1,month_open,2026-06,Labour AR(1),Labour Equal-Weight Ensemble,2026-06-01,2a9dcc995e4322da4a57b74e2df32835f188a11d6f41b195fdcafd7580cb2d98,4.2000000000000002,4.3855365553831689,4.0867891907832288,0.034423813383451629,0.012816687323516212,0.021607126059935415,0.18553655538316871,0.1132108092167714,0.072325746166397309
Labour,UNRATE,2,after_week_1,2023-02,Labour Equal-Weight Ensemble,Labour Equal-Weight Ensemble,2023-02-07,bb41d6dfe98a395523c37c474f213db161202a21d6b68c213d32b3cd9487d8ff,3.6000000000000001,3.236093340106406,3.236093340106406,0.13242805711491193,0.13242805711491193,0,0.36390665989359405,0.36390665989359405,0
Labour,UNRATE,2,after_week_1,2023-03,Labour Equal-Weight Ensemble,Labour Equal-Weight Ensemble,2023-03-07,04d542ce609f6ce78f4fb75c8c7f297a3a3521c22fa3383998fa70977d5761ee,3.5,3.2163519754465848,3.2163519754465848,0.080456201833054838,0.080456201833054838,0,0.2836480245534152,0.2836480245534152,0
Labour,UNRATE,2,after_week_1,2023-04,Labour Equal-Weight Ensemble,Labour Equal-Weight Ensemble,2023-04-07,d6291ecb4244544f0603af35576d597cf0ad0e6af414b0dd4da59e14033b9d8b,3.3999999999999999,3.4831865672503177,3.4831865672503177,0.0069200049708916479,0.0069200049708916479,0,0.083186567250317811,0.083186567250317811,0
Labour,UNRATE,2,after_week_1,2023-05,Labour Equal-Weight Ensemble,Labour Equal-Weight Ensemble,2023-05-07,534bcacc239f9d9bc0ce2ecfc6f4243a4cb1d4205daaf6b49325cb9c542ba6dc,3.7000000000000002,3.4126225218134358,3.4126225218134358,0.082585814968869256,0.082585814968869256,0,0.28737747818656434,0.28737747818656434,0
Labour,UNRATE,2,after_week_1,2023-06,Labour Equal-Weight Ensemble,Labour Equal-Weight Ensemble,2023-06-07,6e46d3399a89fbed7a12c75408ae6f4c803fdbf2f2b618c06662410c19837114,3.6000000000000001,3.312727898826799,3.312727898826799,0.082525260112465901,0.082525260112465901,0,0.28727210117320112,0.28727210117320112,0
Labour,UNRATE,2,after_week_1,2023-07,Labour Equal-Weight Ensemble,Labour Equal-Weight Ensemble,2023-07-07,77ba7fefe2849cfab833dadd8c869b78456ad996c7411b1a46556d234973fb79,3.5,3.433337893579687,3.433337893579687,0.0044438364323931365,0.0044438364323931365,0,0.066662106420313005,0.066662106420313005,0
Labour,UNRATE,2,after_week_1,2023-08,Labour Equal-Weight Ensemble,Labour Equal-Weight Ensemble,2023-08-07,b12d207d247e6299aa4c05ccfc0651dad64482d8216ff838262719b475fe8bc0,3.7999999999999998,3.4105728092749228,3.4105728092749228,0.15165353687602554,0.15165353687602554,0,0.38942719072507703,0.38942719072507703,0
Labour,UNRATE,2,after_week_1,2023-09,Labour Equal-Weight Ensemble,Labour Equal-Weight Ensemble,2023-09-07,5dfa949842e927b33ada7d19d99bd4787428f2e189df197e651ba3958f39b74d,3.7999999999999998,3.3708041882031679,3.3708041882031679,0.1842090448639416,0.1842090448639416,0,0.42919581179683197,0.42919581179683197,0
Labour,UNRATE,2,after_week_1,2023-10,Labour Equal-Weight Ensemble,Labour Equal-Weight Ensemble,2023-10-07,d9d493e5ffc80c8624d08be9014bd596d65351a375f0f2610c0f89f612f96dda,3.8999999999999999,3.4301008278390932,3.4301008278390932,0.22080523199750543,0.22080523199750543,0,0.46989917216090671,0.46989917216090671,0
Labour,UNRATE,2,after_week_1,2023-11,Labour Equal-Weight Ensemble,Labour Equal-Weight Ensemble,2023-11-07,92bf152df1d49ecadde4f53d12cfe935f7739382310fdbaa04dac35fc39a3ece,3.7000000000000002,3.6543985249775517,3.6543985249775517,0.0020794945242229934,0.0020794945242229934,0,0.04560147502244849,0.04560147502244849,0
Labour,UNRATE,2,after_week_1,2023-12,Labour Equal-Weight Ensemble,Labour Equal-Weight Ensemble,2023-12-07,48c8b1e298d62e2347ce60adc394dbf07031c5fc7ede397c06bc43220de5f2cf,3.7000000000000002,3.73354655409578,3.73354655409578,0.0011253712917010791,0.0011253712917010791,0,0.033546554095779779,0.033546554095779779,0
Labour,UNRATE,2,after_week_1,2024-01,Labour Equal-Weight Ensemble,Labour Equal-Weight Ensemble,2024-01-07,a252c50a87f26aba33a12acedf7870a0a48f124684b844c1ad2f0650d5369cd4,3.7000000000000002,3.5376978079945496,3.5376978079945496,0.026342001529774152,0.026342001529774152,0,0.1623021920054506,0.1623021920054506,0
Labour,UNRATE,2,after_week_1,2024-02,Labour Equal-Weight Ensemble,Labour Equal-Weight Ensemble,2024-02-07,a4241ad2fc581d1496b94a0b1bec695555a3d43881a153582fa6b660ae64a15d,3.8999999999999999,3.4761160994324811,3.4761160994324811,0.17967756116033415,0.17967756116033415,0,0.42388390056751879,0.42388390056751879,0
Labour,UNRATE,2,after_week_1,2024-03,Labour Equal-Weight Ensemble,Labour Equal-Weight Ensemble,2024-03-07,a8ee776c9f04382a27263870e48955c258b313cab6154421801a9a3c9d2d95cf,3.7999999999999998,3.5279182459855041,3.5279182459855041,0.074028480867604579,0.074028480867604579,0,0.27208175401449575,0.27208175401449575,0
Labour,UNRATE,2,after_week_1,2024-04,Labour Equal-Weight Ensemble,Labour Equal-Weight Ensemble,2024-04-07,ca78175c4d5921f128c9ea62d66a38c43edce9fd95b11492bfdef46efef9422e,3.8999999999999999,3.5862669832688696,3.5862669832688696,0.098428405787215678,0.098428405787215678,0,0.3137330167311303,0.3137330167311303,0
Labour,UNRATE,2,after_week_1,2024-05,Labour Equal-Weight Ensemble,Labour Equal-Weight Ensemble,2024-05-07,ba741d1b161e87db6a8511e63833a6c04f0fcbf08a7534893c60302232e6ab6f,4,3.5922464591515699,3.5922464591515699,0.16626295007443234,0.16626295007443234,0,0.40775354084843007,0.40775354084843007,0
Labour,UNRATE,2,after_week_1,2024-06,Labour Equal-Weight Ensemble,Labour Equal-Weight Ensemble,2024-06-07,a169daa65ea8b174d1c6c12af99fac4c2c993e382e163b9b729280e5bda003f2,4.0999999999999996,3.6627730493838597,3.6627730493838597,0.19116740634508847,0.19116740634508847,0,0.43722695061613992,0.43722695061613992,0
Labour,UNRATE,2,after_week_1,2024-07,Labour Equal-Weight Ensemble,Labour Equal-Weight Ensemble,2024-07-07,59d76c06705e6428cb53e639d275bd1c60f4cd814f4e38381f010eb1fbfb991c,4.2999999999999998,3.8220608368385207,3.8220608368385207,0.22842584368349494,0.22842584368349494,0,0.47793916316147911,0.47793916316147911,0
Labour,UNRATE,2,after_week_1,2024-08,Labour Equal-Weight Ensemble,Labour Equal-Weight Ensemble,2024-08-07,e42c04762dad2df063bb0350438ac0035341666051ecdfb9e487763adb761ed9,4.2000000000000002,3.8833706745016534,3.8833706745016534,0.10025412976553803,0.10025412976553803,0,0.31662932549834677,0.31662932549834677,0
Labour,UNRATE,2,after_week_1,2024-09,Labour Equal-Weight Ensemble,Labour Equal-Weight Ensemble,2024-09-07,6630db4ba0d712d7c49345b6885e146b8167fbe90b0cd4a7afdcd4f8399bcfb9,4.0999999999999996,3.9551828417963613,3.9551828417963613,0.02097200931017763,0.02097200931017763,0,0.14481715820363839,0.14481715820363839,0
Labour,UNRATE,2,after_week_1,2024-10,Labour Equal-Weight Ensemble,Labour Equal-Weight Ensemble,2024-10-07,db7b7696e6aae99e7694dd5e1c58c95683a8d4964287ec1a555371478da90ebc,4.0999999999999996,3.8789887984782996,3.8789887984782996,0.048845951198065514,0.048845951198065514,0,0.22101120152170006,0.22101120152170006,0
Labour,UNRATE,2,after_week_1,2024-11,Labour Equal-Weight Ensemble,Labour Equal-Weight Ensemble,2024-11-07,96e1ec0cf077d79a876d72878c52811dd67fc548936fe8bc4d7a31f5c16a0d3d,4.2000000000000002,3.9740200921971649,3.9740200921971649,0.051066918730577934,0.051066918730577934,0,0.22597990780283528,0.22597990780283528,0
Labour,UNRATE,2,after_week_1,2024-12,Labour Equal-Weight Ensemble,Labour Equal-Weight Ensemble,2024-12-07,b12f8d34692d44fd7280401e60abc407818c59de8c6522a02b37f0100be55cdb,4.0999999999999996,3.8435978157561674,3.8435978157561674,0.065742080085008078,0.065742080085008078,0,0.25640218424383221,0.25640218424383221,0
Labour,UNRATE,2,after_week_1,2025-01,Labour Equal-Weight Ensemble,Labour Equal-Weight Ensemble,2025-01-07,4922dff46c56aee99cc2df4e0191b2d1b1854b99292fc5080c21169b2a227bbe,4,3.9014734888600806,3.9014734888600806,0.0097074733974046607,0.0097074733974046607,0,0.098526511139919393,0.098526511139919393,0
Labour,UNRATE,2,after_week_1,2025-02,Labour Equal-Weight Ensemble,Labour Equal-Weight Ensemble,2025-02-07,93edd098120094468c12061d68adb07729e2994766c3600755c23d0b76750c61,4.0999999999999996,3.8506140167273464,3.8506140167273464,0.062193368652868092,0.062193368652868092,0,0.24938598327265327,0.24938598327265327,0
Labour,UNRATE,2,after_week_1,2025-03,Labour Equal-Weight Ensemble,Labour Equal-Weight Ensemble,2025-03-07,054bd2f0a117ba037ef1e61ffa5443e5c43f4a7ac0859433ffb20157ae45a464,4.2000000000000002,3.8225514835374548,3.8225514835374548,0.1424673825797764,0.1424673825797764,0,0.3774485164625454,0.3774485164625454,0
Labour,UNRATE,2,after_week_1,2025-04,Labour Equal-Weight Ensemble,Labour Equal-Weight Ensemble,2025-04-07,38f9c3fd6b2e04c3e040adaa16477edc05783a6cc9be160a94499d836679f8b9,4.2000000000000002,3.869853379886953,3.869853379886953,0.1089967907720687,0.1089967907720687,0,0.33014662011304718,0.33014662011304718,0
Labour,UNRATE,2,after_week_1,2025-05,Labour Equal-Weight Ensemble,Labour Equal-Weight Ensemble,2025-05-07,1277a270d8450380abcfaaad3ec190cb54f3a176d3573292c5ab982d2593bc8e,4.2000000000000002,3.8957634420143101,3.8957634420143101,0.09255988321498014,0.09255988321498014,0,0.30423655798569005,0.30423655798569005,0
Labour,UNRATE,2,after_week_1,2025-06,Labour Equal-Weight Ensemble,Labour Equal-Weight Ensemble,2025-06-07,83beda7e8df1fea8713ab210f3e177bf0993ab54a8305a67d5576a637bd589a8,4.0999999999999996,4.0485789819234386,4.0485789819234386,0.0026441211000300209,0.0026441211000300209,0,0.051421018076561076,0.051421018076561076,0
Labour,UNRATE,2,after_week_1,2025-07,Labour Equal-Weight Ensemble,Labour Equal-Weight Ensemble,2025-07-07,fcaf5bc138fe2f3332d5d1509669235199f952e3a2960a20504ac231e8463b50,4.2000000000000002,4.0321954306201286,4.0321954306201286,0.02815837350476412,0.02815837350476412,0,0.16780456937987154,0.16780456937987154,0
Labour,UNRATE,2,after_week_1,2025-08,Labour Equal-Weight Ensemble,Labour Equal-Weight Ensemble,2025-08-07,e96b583c044cdd4e56c565cfe33c2b2a448d1affd9b2a1d4f123434714f8f419,4.2999999999999998,3.9271893949229475,3.9271893949229475,0.13898774725791788,0.13898774725791788,0,0.37281060507705233,0.37281060507705233,0
Labour,UNRATE,2,after_week_1,2025-09,Labour Equal-Weight Ensemble,Labour Equal-Weight Ensemble,2025-09-07,de2edea823cb93c6737bf52e436d82048db9488695b8cfe07863468096cba4a0,4.4000000000000004,3.9816185211341186,3.9816185211341186,0.17504306185800225,0.17504306185800225,0,0.41838147886588173,0.41838147886588173,0
Labour,UNRATE,2,after_week_1,2025-11,Labour Equal-Weight Ensemble,Labour Equal-Weight Ensemble,2025-11-07,ca8b81a0095c12210660a4fb6cc9660677d5e71f1aec8d56d540e31fa3056ad8,4.5999999999999996,4.0744599735542044,4.0744599735542044,0.27619231939664712,0.27619231939664712,0,0.52554002644579523,0.52554002644579523,0
Labour,UNRATE,2,after_week_1,2025-12,Labour Equal-Weight Ensemble,Labour Equal-Weight Ensemble,2025-12-07,3e12e701e5a2d64154efe9bea276c8029ad622a52886daabaede35dd87e07236,4.4000000000000004,4.0594343841670915,4.0594343841670915,0.11598493868764849,0.11598493868764849,0,0.3405656158329089,0.3405656158329089,0
Labour,UNRATE,2,after_week_1,2026-01,Labour Equal-Weight Ensemble,Labour Equal-Weight Ensemble,2026-01-07,d43da6537ff4bcad48bd47092b820d596fcb9c64db7fa6c95a58451e5a56770d,4.2999999999999998,4.1392652758271993,4.1392652758271993,0.025835651554906271,0.025835651554906271,0,0.16073472417280055,0.16073472417280055,0
Labour,UNRATE,2,after_week_1,2026-02,Labour Equal-Weight Ensemble,Labour Equal-Weight Ensemble,2026-02-07,37c69c231cbac476995f7ae8103aef740098628d299161150c826005831eadd2,4.4000000000000004,4.0921197121601791,4.0921197121601791,0.094790271640331186,0.094790271640331186,0,0.30788028783982124,0.30788028783982124,0
Labour,UNRATE,2,after_week_1,2026-03,Labour Equal-Weight Ensemble,Labour Equal-Weight Ensemble,2026-03-07,f7b758ab5cd15f34035c7f85593761ad6610b9cf39f92cf30fe1302005238127,4.2999999999999998,4.156506033427334,4.156506033427334,0.020590518442757322,0.020590518442757322,0,0.14349396657266578,0.14349396657266578,0
Labour,UNRATE,2,after_week_1,2026-04,Labour Equal-Weight Ensemble,Labour Equal-Weight Ensemble,2026-04-07,756f7615f928dae9df0542acd7dbc63ca7013dc60608c838446f6205be7d8080,4.2999999999999998,4.0816369755955657,4.0816369755955657,0.047682410427051486,0.047682410427051486,0,0.21836302440443411,0.21836302440443411,0
Labour,UNRATE,2,after_week_1,2026-05,Labour Equal-Weight Ensemble,Labour Equal-Weight Ensemble,2026-05-07,c1a70b31504609df70e57a8900964825b53d74c5d0f5fd5f3c774df3b96ba5b0,4.2999999999999998,4.0639724401681585,4.0639724401681585,0.055709009000173434,0.055709009000173434,0,0.23602755983184132,0.23602755983184132,0
Labour,UNRATE,2,after_week_1,2026-06,Labour Equal-Weight Ensemble,Labour Equal-Weight Ensemble,2026-06-07,8784239341aa001ab1647806c07a3f0361b1419a04dfa39baa7e045cd22234ad,4.2000000000000002,4.1038345797934959,4.1038345797934959,0.0092477880434935489,0.0092477880434935489,0,0.096165420206504315,0.096165420206504315,0
Labour,UNRATE,3,after_week_2,2023-02,Labour Equal-Weight Ensemble,Labour Equal-Weight Ensemble,2023-02-14,8493c3522808cec4223f6f3d60cef7f8cb31652eb221cdb7aeb18631eac2e8ad,3.6000000000000001,3.2233251218175236,3.2233251218175236,0.14188396385378349,0.14188396385378349,0,0.37667487818247647,0.37667487818247647,0
Labour,UNRATE,3,after_week_2,2023-03,Labour Equal-Weight Ensemble,Labour Equal-Weight Ensemble,2023-03-14,20c40afbcca5c648db06a4273bcffc60ee94d000b3934a3793b1cb51918278bb,3.5,3.2862374532775624,3.2862374532775624,0.045694426381262296,0.045694426381262296,0,0.21376254672243755,0.21376254672243755,0
Labour,UNRATE,3,after_week_2,2023-04,Labour Equal-Weight Ensemble,Labour Equal-Weight Ensemble,2023-04-14,67ee23bbaa58d22cbf3c8878e5129f497073227cf66af8559e3990e7ed85be3f,3.3999999999999999,3.456114945909357,3.456114945909357,0.0031488871544100689,0.0031488871544100689,0,0.056114945909357061,0.056114945909357061,0
Labour,UNRATE,3,after_week_2,2023-05,Labour Equal-Weight Ensemble,Labour Equal-Weight Ensemble,2023-05-14,b003a900f1a4b4c48d303b15f513372ec6de625c0248d6c2eaa4985d38abb73e,3.7000000000000002,3.3949735468051085,3.3949735468051085,0.093041137148655417,0.093041137148655417,0,0.30502645319489163,0.30502645319489163,0
Labour,UNRATE,3,after_week_2,2023-06,Labour Equal-Weight Ensemble,Labour Equal-Weight Ensemble,2023-06-14,734ba86a6992f197f3ad1bf69bd17c3d9183d762c13d6d479bb70ac3ab3b0c76,3.6000000000000001,3.288217125138317,3.288217125138317,0.097208561057015946,0.097208561057015946,0,0.3117828748616831,0.3117828748616831,0
Labour,UNRATE,3,after_week_2,2023-07,Labour Equal-Weight Ensemble,Labour Equal-Weight Ensemble,2023-07-14,e4811844862e309cfc8322d765ffa7a257731b6fe4cf0af7302c064d6f2e7608,3.5,3.4432597047873372,3.4432597047873372,0.0032194611008201221,0.0032194611008201221,0,0.056740295212662772,0.056740295212662772,0
Labour,UNRATE,3,after_week_2,2023-08,Labour Equal-Weight Ensemble,Labour Equal-Weight Ensemble,2023-08-14,ded400bd99d0525f109e312456fba5df514a4d773b390ecc853d70110c30193b,3.7999999999999998,3.3862976325671839,3.3862976325671839,0.17114964881951666,0.17114964881951666,0,0.41370236743281597,0.41370236743281597,0
Labour,UNRATE,3,after_week_2,2023-09,Labour Equal-Weight Ensemble,Labour Equal-Weight Ensemble,2023-09-14,b92020924c9b8daef618fd1bf659b4548d6867910f86e626465a464ba71cce2d,3.7999999999999998,3.3654341817042472,3.3654341817042472,0.18884745043105705,0.18884745043105705,0,0.43456581829575258,0.43456581829575258,0
Labour,UNRATE,3,after_week_2,2023-10,Labour Equal-Weight Ensemble,Labour Equal-Weight Ensemble,2023-10-14,c8bb26bc6ccd1e562376422f23b273f0897968f271d71fef3c2c57267c55258c,3.8999999999999999,3.4226478246324952,3.4226478246324952,0.22786509932808899,0.22786509932808899,0,0.47735217536750474,0.47735217536750474,0
Labour,UNRATE,3,after_week_2,2023-11,Labour Equal-Weight Ensemble,Labour Equal-Weight Ensemble,2023-11-14,f5c0f612dc58e9016dc44763f1e1b02ededc60d3770a17e50bdb3572bb610a1c,3.7000000000000002,3.6593013156403522,3.6593013156403522,0.0016563829086062537,0.0016563829086062537,0,0.040698684359647963,0.040698684359647963,0
Labour,UNRATE,3,after_week_2,2023-12,Labour Equal-Weight Ensemble,Labour Equal-Weight Ensemble,2023-12-14,aff022967a092f45ea0cc83de606b7add419d69251ad673c8850e401433d4a81,3.7000000000000002,3.5696787101421692,3.5696787101421692,0.016983638590208801,0.016983638590208801,0,0.13032128985783098,0.13032128985783098,0
Labour,UNRATE,3,after_week_2,2024-01,Labour Equal-Weight Ensemble,Labour Equal-Weight Ensemble,2024-01-14,4137aca638b70cbdb714544313f398ba6149872c41a12595f85b84fec079499b,3.7000000000000002,3.5342444701457389,3.5342444701457389,0.027474895677266888,0.027474895677266888,0,0.16575552985426123,0.16575552985426123,0
Labour,UNRATE,3,after_week_2,2024-02,Labour Equal-Weight Ensemble,Labour Equal-Weight Ensemble,2024-02-14,e66a3d829626762dc37bc2abaef61abbae0b316e83b458eb9e862f6e10aab1d2,3.8999999999999999,3.4732288100058462,3.4732288100058462,0.18213364860902609,0.18213364860902609,0,0.42677118999415375,0.42677118999415375,0
Labour,UNRATE,3,after_week_2,2024-03,Labour Equal-Weight Ensemble,Labour Equal-Weight Ensemble,2024-03-14,6082a0e5af4d013b8a575a7e0c2f72c977bf815d00f07e82c024da13b8dbdd8c,3.7999999999999998,3.524887422093586,3.524887422093586,0.075686930522312637,0.075686930522312637,0,0.27511257790641386,0.27511257790641386,0
Labour,UNRATE,3,after_week_2,2024-04,Labour Equal-Weight Ensemble,Labour Equal-Weight Ensemble,2024-04-14,f361a111d81ddea7281c1841c3e7377ead6751e7738e314e5c5a783bd67b93a7,3.8999999999999999,3.5925628823045099,3.5925628823045099,0.094517581336910558,0.094517581336910558,0,0.30743711769548998,0.30743711769548998,0
Labour,UNRATE,3,after_week_2,2024-05,Labour Equal-Weight Ensemble,Labour Equal-Weight Ensemble,2024-05-14,8aaa812faa2efa57d1e16617bd809a906549a3d52532e4eb2aa5a91bf3174426,4,3.5774190303077802,3.5774190303077802,0.17857467594601681,0.17857467594601681,0,0.42258096969221981,0.42258096969221981,0
Labour,UNRATE,3,after_week_2,2024-06,Labour Equal-Weight Ensemble,Labour Equal-Weight Ensemble,2024-06-14,5b118d1a38fdc61e0354d414940750989584533b032f3ebc5108ce5237a83dda,4.0999999999999996,3.6673883365541666,3.6673883365541666,0.18715285134937071,0.18715285134937071,0,0.43261166344583302,0.43261166344583302,0
Labour,UNRATE,3,after_week_2,2024-07,Labour Equal-Weight Ensemble,Labour Equal-Weight Ensemble,2024-07-14,b9d9d06b76243fbeb3e3c4f0ee993d001c65ada355bcca8b593fcb3afbe8683b,4.2999999999999998,3.8406308728978948,3.8406308728978948,0.21101999493454987,0.21101999493454987,0,0.45936912710210498,0.45936912710210498,0
Labour,UNRATE,3,after_week_2,2024-08,Labour Equal-Weight Ensemble,Labour Equal-Weight Ensemble,2024-08-14,68ab36fad37d8d08cf9611ee2be678ce8b335aca49799811a4838a7bdc8c0a82,4.2000000000000002,3.888253088755846,3.888253088755846,0.097186136670270568,0.097186136670270568,0,0.31174691124415421,0.31174691124415421,0
Labour,UNRATE,3,after_week_2,2024-09,Labour Equal-Weight Ensemble,Labour Equal-Weight Ensemble,2024-09-14,814ee909d35ffc640fcbea52b33bfdb18fdaecd4e09d342999f2426fec159eec,4.0999999999999996,3.9523210080902493,3.9523210080902493,0.021809084651480098,0.021809084651480098,0,0.14767899190975031,0.14767899190975031,0
Labour,UNRATE,3,after_week_2,2024-10,Labour Equal-Weight Ensemble,Labour Equal-Weight Ensemble,2024-10-14,61b8d5b40194c98196c5f929ef9c999e7e018da38356e02462e8016b1c5c8cb9,4.0999999999999996,3.8608951058978174,3.8608951058978174,0.057171150383615803,0.057171150383615803,0,0.23910489410218227,0.23910489410218227,0
Labour,UNRATE,3,after_week_2,2024-11,Labour Equal-Weight Ensemble,Labour Equal-Weight Ensemble,2024-11-14,215c1be6722346fedf96008e93374abccf3a01c6c1ba6059675edd4b9ce324ea,4.2000000000000002,3.9587108045585246,3.9587108045585246,0.058220475836794579,0.058220475836794579,0,0.24128919544147553,0.24128919544147553,0
Labour,UNRATE,3,after_week_2,2024-12,Labour Equal-Weight Ensemble,Labour Equal-Weight Ensemble,2024-12-14,d3c3c0e7405a14727e41d886ce321ba0ab55bd204b29cf9a0eeaca5c20ea4ea8,4.0999999999999996,3.8196619273953059,3.8196619273953059,0.078589434951714568,0.078589434951714568,0,0.28033807260469379,0.28033807260469379,0
Labour,UNRATE,3,after_week_2,2025-01,Labour Equal-Weight Ensemble,Labour Equal-Weight Ensemble,2025-01-14,4b93e5cdf0425cd1cc7f61e84aa17c7dca1aaf5c8808b9ff6e9e159f8e2eb790,4,3.8923046775171808,3.8923046775171808,0.011598282484678426,0.011598282484678426,0,0.10769532248281921,0.10769532248281921,0
Labour,UNRATE,3,after_week_2,2025-02,Labour Equal-Weight Ensemble,Labour Equal-Weight Ensemble,2025-02-14,22b8da27f748fc8795008423c52ac6d06223d40a9b614318c2cdfde7d1a7f7e4,4.0999999999999996,3.8455036121749884,3.8455036121749884,0.064768411415978541,0.064768411415978541,0,0.25449638782501127,0.25449638782501127,0
Labour,UNRATE,3,after_week_2,2025-03,Labour Equal-Weight Ensemble,Labour Equal-Weight Ensemble,2025-03-14,9cf450f9b31e54e708500e903cf3587e84972f39f67c485e2e322be211f2980e,4.2000000000000002,3.8266965059966083,3.8266965059966083,0.13935549863514046,0.13935549863514046,0,0.37330349400339191,0.37330349400339191,0
Labour,UNRATE,3,after_week_2,2025-04,Labour Equal-Weight Ensemble,Labour Equal-Weight Ensemble,2025-04-14,9a23e979555fdbc6d14c6e1f43c1d3c6518de5890fe29d3f9aa359c8ccdec8a4,4.2000000000000002,3.8646617662816891,3.8646617662816891,0.11245173099331661,0.11245173099331661,0,0.33533823371831106,0.33533823371831106,0
Labour,UNRATE,3,after_week_2,2025-05,Labour Equal-Weight Ensemble,Labour Equal-Weight Ensemble,2025-05-14,213c183aeee6eec37fe9f7d97708b57570c27ee87cfb24ea035a6736a5562a7f,4.2000000000000002,3.8955836559679295,3.8955836559679295,0.09266931051385198,0.09266931051385198,0,0.30441634403207063,0.30441634403207063,0
Labour,UNRATE,3,after_week_2,2025-06,Labour Equal-Weight Ensemble,Labour Equal-Weight Ensemble,2025-06-14,2564788b5d1c10d7b86de0010b313903faea9132d4a494b277bcf0770590cc5b,4.0999999999999996,4.0522971829495971,4.0522971829495971,0.0022755587545441789,0.0022755587545441789,0,0.047702817050402579,0.047702817050402579,0
Labour,UNRATE,3,after_week_2,2025-07,Labour Equal-Weight Ensemble,Labour Equal-Weight Ensemble,2025-07-14,1d642d82148daeb467d53ad4ca7cb5a0683458f104637af0db56793bf314b3b7,4.2000000000000002,4.0450071115502135,4.0450071115502135,0.024022795470008008,0.024022795470008008,0,0.15499288844978665,0.15499288844978665,0
Labour,UNRATE,3,after_week_2,2025-08,Labour Equal-Weight Ensemble,Labour Equal-Weight Ensemble,2025-08-14,c3f066641b9fa527f7df4b280e9f7960a407b74c79d35fc133459acfda7eae9c,4.2999999999999998,3.9283623908376857,3.9283623908376857,0.13811451254388096,0.13811451254388096,0,0.37163760916231414,0.37163760916231414,0
Labour,UNRATE,3,after_week_2,2025-09,Labour Equal-Weight Ensemble,Labour Equal-Weight Ensemble,2025-09-14,fb1375351bcb66a8ebe84262496380f7546d5de53dce37c8bb491382c2e5a504,4.4000000000000004,3.9670501695458817,3.9670501695458817,0.18744555569025007,0.18744555569025007,0,0.43294983045411861,0.43294983045411861,0
Labour,UNRATE,3,after_week_2,2025-11,Labour Equal-Weight Ensemble,Labour Equal-Weight Ensemble,2025-11-14,fce261c232d8f7fc7176fbc41f5bc9f760fd4c375ab1f47f68118cb00ac9f65f,4.5999999999999996,4.0744599735542044,4.0744599735542044,0.27619231939664712,0.27619231939664712,0,0.52554002644579523,0.52554002644579523,0
Labour,UNRATE,3,after_week_2,2025-12,Labour Equal-Weight Ensemble,Labour Equal-Weight Ensemble,2025-12-14,75d0ef6ecaab0a4dcc8eca7c1982f999d0fde8656a1445135f3843c530e18e15,4.4000000000000004,4.065105308173588,4.065105308173588,0.11215445461350773,0.11215445461350773,0,0.33489469182641241,0.33489469182641241,0
Labour,UNRATE,3,after_week_2,2026-01,Labour Equal-Weight Ensemble,Labour Equal-Weight Ensemble,2026-01-14,f5b2998c2021fe2be01a4d559269087f59f319630d1c9c4e67dbf8d0e0073a04,4.2999999999999998,4.1153655917983381,4.1153655917983381,0.034089864691977868,0.034089864691977868,0,0.18463440820166177,0.18463440820166177,0
Labour,UNRATE,3,after_week_2,2026-02,Labour Equal-Weight Ensemble,Labour Equal-Weight Ensemble,2026-02-14,80041a019a51c1f914d20ffc21c55e1aa914c77955be7e9ec773633233791864,4.4000000000000004,4.0509415984110264,4.0509415984110264,0.12184176771984941,0.12184176771984941,0,0.34905840158897394,0.34905840158897394,0
Labour,UNRATE,3,after_week_2,2026-03,Labour Equal-Weight Ensemble,Labour Equal-Weight Ensemble,2026-03-14,80f673451026065a08158f9ad45264f9545624108dcbb152c0a0a194392e4665,4.2999999999999998,4.2069910948342706,4.2069910948342706,0.0086506564401276145,0.0086506564401276145,0,0.093008905165729239,0.093008905165729239,0
Labour,UNRATE,3,after_week_2,2026-04,Labour Equal-Weight Ensemble,Labour Equal-Weight Ensemble,2026-04-14,8629ac2b41f90c9aeeb10f8c512b4f6fab7ad55f787730548b9a49b370b1d2da,4.2999999999999998,4.0616335939538599,4.0616335939538599,0.056818543531353238,0.056818543531353238,0,0.2383664060461399,0.2383664060461399,0
Labour,UNRATE,3,after_week_2,2026-05,Labour Equal-Weight Ensemble,Labour Equal-Weight Ensemble,2026-05-14,0caf7bc06b0509c09b64ca8b897e8f5a13585e8a2ebddb51be170b64ab40ea7f,4.2999999999999998,4.087171850761389,4.087171850761389,0.045295821108332399,0.045295821108332399,0,0.21282814923861082,0.21282814923861082,0
Labour,UNRATE,3,after_week_2,2026-06,Labour Equal-Weight Ensemble,Labour Equal-Weight Ensemble,2026-06-14,3e5fe4178128c4c9c691c210afb5c33042b4f830dfae2cf299efd5ce99376254,4.2000000000000002,4.0966873724390531,4.0966873724390531,0.010673499013546958,0.010673499013546958,0,0.10331262756094706,0.10331262756094706,0
Labour,UNRATE,4,month_end,2023-02,Labour Equal-Weight Ensemble,Labour Equal-Weight Ensemble,2023-02-28,6279ba25f52d576567d18e8c8d0c041afe74443b1991c4639a039fa121bde214,3.6000000000000001,3.2225025094619753,3.2225025094619753,0.14250435536250616,0.14250435536250616,0,0.37749749053802484,0.37749749053802484,0
Labour,UNRATE,4,month_end,2023-03,Labour Equal-Weight Ensemble,Labour Equal-Weight Ensemble,2023-03-31,97c2667ce008751c1b7129bd44acbe9aa35adf09d5459c5a81e6a34249711428,3.5,3.2931890327518691,3.2931890327518691,0.042770776174107454,0.042770776174107454,0,0.20681096724813086,0.20681096724813086,0
Labour,UNRATE,4,month_end,2023-04,Labour Equal-Weight Ensemble,Labour Equal-Weight Ensemble,2023-04-30,e811f526b64f8e7326cd3d36e4d2062d605e0421fec2fb11ecf8d12b27b2c893,3.3999999999999999,3.4659727615391875,3.4659727615391875,0.0043524052651065142,0.0043524052651065142,0,0.06597276153918763,0.06597276153918763,0
Labour,UNRATE,4,month_end,2023-05,Labour Equal-Weight Ensemble,Labour Equal-Weight Ensemble,2023-05-31,47a3ec2530f58d9c3b9b533370d871a212d295cc2d8510e172b9cf67c635cc4e,3.7000000000000002,3.3674074681147022,3.3674074681147022,0.11061779226587298,0.11061779226587298,0,0.33259253188529803,0.33259253188529803,0
Labour,UNRATE,4,month_end,2023-06,Labour Equal-Weight Ensemble,Labour Equal-Weight Ensemble,2023-06-30,84395dc96d4f2a5c9468cb5755d3d1d33991b8259cb83f65753aa4f99fc85048,3.6000000000000001,3.2997956268785846,3.2997956268785846,0.090122665641222038,0.090122665641222038,0,0.30020437312141546,0.30020437312141546,0
Labour,UNRATE,4,month_end,2023-07,Labour Equal-Weight Ensemble,Labour Equal-Weight Ensemble,2023-07-31,fbc319d6b5ac0fd2775cd9c76bd4dcd8de1f4360e65a63d4718ace7671787554,3.5,3.4446005367391663,3.4446005367391663,0.0030691005295884594,0.0030691005295884594,0,0.05539946326083367,0.05539946326083367,0
Labour,UNRATE,4,month_end,2023-08,Labour Equal-Weight Ensemble,Labour Equal-Weight Ensemble,2023-08-31,98f13c26d07eaf0eb0e880cd715440adc3fbae7968b44b9231773834cccf4443,3.7999999999999998,3.3509625016512161,3.3509625016512161,0.20163467492333392,0.20163467492333392,0,0.4490374983487837,0.4490374983487837,0
Labour,UNRATE,4,month_end,2023-09,Labour Equal-Weight Ensemble,Labour Equal-Weight Ensemble,2023-09-30,67078a8f26e3a5e1d4f32ab4069129481cef2e548278a60daddb0f9108f5e2ed,3.7999999999999998,3.3649341359994813,3.3649341359994813,0.18928230601851767,0.18928230601851767,0,0.4350658640005185,0.4350658640005185,0
Labour,UNRATE,4,month_end,2023-10,Labour Equal-Weight Ensemble,Labour Equal-Weight Ensemble,2023-10-31,dafc9e6a287c630203f0500d569d359231ed7e0bc3cadecea74f0289ddd91749,3.8999999999999999,3.4624730970731559,3.4624730970731559,0.191429790784756,0.191429790784756,0,0.43752690292684404,0.43752690292684404,0
Labour,UNRATE,4,month_end,2023-11,Labour Equal-Weight Ensemble,Labour Equal-Weight Ensemble,2023-11-30,699604e989d8b352ecf5a2746628df7956010c4a22358acf6525a9a470e4964b,3.7000000000000002,3.6505238357822378,3.6505238357822378,0.0024478908257029876,0.0024478908257029876,0,0.049476164217762353,0.049476164217762353,0
Labour,UNRATE,4,month_end,2023-12,Labour Equal-Weight Ensemble,Labour Equal-Weight Ensemble,2023-12-31,276f8d1dd873542255063c66d57a96bd3f3eb179ef1c67bd1b2b9304a8d82da6,3.7000000000000002,3.5569119933807762,3.5569119933807762,0.020474177638263074,0.020474177638263074,0,0.14308800661922394,0.14308800661922394,0
Labour,UNRATE,4,month_end,2024-01,Labour Equal-Weight Ensemble,Labour Equal-Weight Ensemble,2024-01-31,8b7ca7ee27539c100809fb99a89db4363c964d7ce55b3e34fa72dabf6ba8438d,3.7000000000000002,3.5192178776339857,3.5192178776339857,0.032682175767160614,0.032682175767160614,0,0.18078212236601443,0.18078212236601443,0
Labour,UNRATE,4,month_end,2024-02,Labour Equal-Weight Ensemble,Labour Equal-Weight Ensemble,2024-02-29,04841ef40dafcdc536a79240e7a22a4ea8336419419f1ec8074618f2a3963450,3.8999999999999999,3.4938753557763413,3.4938753557763413,0.16493722664579324,0.16493722664579324,0,0.40612464422365857,0.40612464422365857,0
Labour,UNRATE,4,month_end,2024-03,Labour Equal-Weight Ensemble,Labour Equal-Weight Ensemble,2024-03-31,d8f9cec934588cef4f635943e0a3012b5d783790202aef237ba7b866779390e9,3.7999999999999998,3.5355922113387788,3.5355922113387788,0.069911478704716937,0.069911478704716937,0,0.26440778866122105,0.26440778866122105,0
Labour,UNRATE,4,month_end,2024-04,Labour Equal-Weight Ensemble,Labour Equal-Weight Ensemble,2024-04-30,c8a398c207425212c887b26d5dbe108904be6744256a227a3bf1b8630afe050c,3.8999999999999999,3.5880050736437714,3.5880050736437714,0.09734083407202844,0.09734083407202844,0,0.3119949263562285,0.3119949263562285,0
Labour,UNRATE,4,month_end,2024-05,Labour Equal-Weight Ensemble,Labour Equal-Weight Ensemble,2024-05-31,4c4446c658be80fb35aa570dec5ca427851a31b7ddfe358ae6a03c9b0edc48ec,4,3.5917522800460162,3.5917522800460162,0.16666620084762637,0.16666620084762637,0,0.40824771995398379,0.40824771995398379,0
Labour,UNRATE,4,month_end,2024-06,Labour Equal-Weight Ensemble,Labour Equal-Weight Ensemble,2024-06-30,66b68196eefe79db940752639d613747ca2ba48e5ea9ffb2463ea72cace78419,4.0999999999999996,3.6655048139234183,3.6655048139234183,0.18878606672372303,0.18878606672372303,0,0.43449518607658133,0.43449518607658133,0
Labour,UNRATE,4,month_end,2024-07,Labour Equal-Weight Ensemble,Labour Equal-Weight Ensemble,2024-07-31,c3a0cfd07a89a9461ffab86252ae088529cb2362cc99b544dee29cdc48adf2f6,4.2999999999999998,3.8582351600499378,3.8582351600499378,0.1951561738161039,0.1951561738161039,0,0.44176483995006199,0.44176483995006199,0
Labour,UNRATE,4,month_end,2024-08,Labour Equal-Weight Ensemble,Labour Equal-Weight Ensemble,2024-08-31,732c63f7ec21aca5181fcbf6a7ce6e57eecc05a6e05ae98f806fe33824c84b98,4.2000000000000002,3.879478541610657,3.879478541610657,0.10273400528803146,0.10273400528803146,0,0.32052145838934321,0.32052145838934321,0
Labour,UNRATE,4,month_end,2024-09,Labour Equal-Weight Ensemble,Labour Equal-Weight Ensemble,2024-09-30,01cfebddb7a8f5d4de9b24b54aa2c3119e470edbe7ad3c651429945bc92b3825,4.0999999999999996,3.9402602681638541,3.9402602681638541,0.02551678192708369,0.02551678192708369,0,0.15973973183614554,0.15973973183614554,0
Labour,UNRATE,4,month_end,2024-10,Labour Equal-Weight Ensemble,Labour Equal-Weight Ensemble,2024-10-31,bb84d013a9a2a7b27d5fe0aa8e8d9395b3a3d825ace33a5cbb55efc1207025e5,4.0999999999999996,3.8394559484500825,3.8394559484500825,0.067883202798045869,0.067883202798045869,0,0.26054405154991711,0.26054405154991711,0
Labour,UNRATE,4,month_end,2024-11,Labour Equal-Weight Ensemble,Labour Equal-Weight Ensemble,2024-11-30,47f401181e8f074bd710761ba1e46076c3e0995fa29431b0fde81a166a48cb18,4.2000000000000002,3.9645073212562529,3.9645073212562529,0.055456801741905745,0.055456801741905745,0,0.23549267874374724,0.23549267874374724,0
Labour,UNRATE,4,month_end,2024-12,Labour Equal-Weight Ensemble,Labour Equal-Weight Ensemble,2024-12-31,761459f7a6b227c41ed280a4a05d2437356630df52b11dc143100317fe789afd,4.0999999999999996,3.8234157002565854,3.8234157002565854,0.076498874864554825,0.076498874864554825,0,0.27658429974341425,0.27658429974341425,0
Labour,UNRATE,4,month_end,2025-01,Labour Equal-Weight Ensemble,Labour Equal-Weight Ensemble,2025-01-31,bc182377d8909f138a980f0f2af1a3b5342236e8fb97dc046d48ba4782727463,4,3.8895466661463529,3.8895466661463529,0.012199938959385221,0.012199938959385221,0,0.11045333385364708,0.11045333385364708,0
Labour,UNRATE,4,month_end,2025-02,Labour Equal-Weight Ensemble,Labour Equal-Weight Ensemble,2025-02-28,008dc5003c888083c121f90abe86553ff4e5ca7037c97c44fa1bdda536129088,4.0999999999999996,3.8435718855384344,3.8435718855384344,0.065755377886313596,0.065755377886313596,0,0.25642811446156522,0.25642811446156522,0
Labour,UNRATE,4,month_end,2025-03,Labour Equal-Weight Ensemble,Labour Equal-Weight Ensemble,2025-03-31,bc04457d4517591c1730c971e9ba798296295a2942edca566dc5fb768e1ee180,4.2000000000000002,3.8254413546429582,3.8254413546429582,0.14029417881170234,0.14029417881170234,0,0.37455864535704197,0.37455864535704197,0
Labour,UNRATE,4,month_end,2025-04,Labour Equal-Weight Ensemble,Labour Equal-Weight Ensemble,2025-04-30,6dcf1b1fbb1683899ae0571023bb9a23c38b5900f187f0d317ccba88c6a32075,4.2000000000000002,3.8999455311177047,3.8999455311177047,0.090032684296236426,0.090032684296236426,0,0.30005446888229548,0.30005446888229548,0
Labour,UNRATE,4,month_end,2025-05,Labour Equal-Weight Ensemble,Labour Equal-Weight Ensemble,2025-05-31,8814e19f98ccf79260e2df771557f49f21b55de93e6451e4f28fc8adfb2e4008,4.2000000000000002,3.8967891254789233,3.8967891254789233,0.09193683442783622,0.09193683442783622,0,0.30321087452107687,0.30321087452107687,0
Labour,UNRATE,4,month_end,2025-06,Labour Equal-Weight Ensemble,Labour Equal-Weight Ensemble,2025-06-30,7b456dd2caa6006bbe768b4f8f087f1aeecd143f3c5cc3fa1bebc2b73e5c09d3,4.0999999999999996,4.0609555910175539,4.0609555910175539,0.0015244658727884917,0.0015244658727884917,0,0.039044408982445766,0.039044408982445766,0
Labour,UNRATE,4,month_end,2025-07,Labour Equal-Weight Ensemble,Labour Equal-Weight Ensemble,2025-07-31,4d961af8bf48247227b9886247f41c6245bc2a7c214e9b6a5e509260eb549c2a,4.2000000000000002,3.9721348043298073,3.9721348043298073,0.051922547397815308,0.051922547397815308,0,0.22786519567019292,0.22786519567019292,0
Labour,UNRATE,4,month_end,2025-08,Labour Equal-Weight Ensemble,Labour Equal-Weight Ensemble,2025-08-31,6c62b6995120e86b0d022a54a9fe4b3b17a236c6a063d185b725ab3453847f74,4.2999999999999998,3.9287296322501173,3.9287296322501173,0.13784168596913302,0.13784168596913302,0,0.37127036774988253,0.37127036774988253,0
Labour,UNRATE,4,month_end,2025-09,Labour Equal-Weight Ensemble,Labour Equal-Weight Ensemble,2025-09-30,8370e6bddaf1ac9bdd5f8039854e4d3bf31c27979ed1408ff01f7f76beffc2e6,4.4000000000000004,4.0200965889588591,4.0200965889588591,0.14432660172069431,0.14432660172069431,0,0.37990341104114123,0.37990341104114123,0
Labour,UNRATE,4,month_end,2025-11,Labour Equal-Weight Ensemble,Labour Equal-Weight Ensemble,2025-11-30,0c896a2302e5e5210650a5bcc02de10294e49638d0e25e558104a6669ae65edd,4.5999999999999996,4.0718289599448632,4.0718289599448632,0.27896464755292461,0.27896464755292461,0,0.52817104005513649,0.52817104005513649,0
Labour,UNRATE,4,month_end,2025-12,Labour Equal-Weight Ensemble,Labour Equal-Weight Ensemble,2025-12-31,17f9c04874b999f3808b7961e7affc0f1aac0cbea808e40e38082edb0d6d1831,4.4000000000000004,4.0957019505918186,4.0957019505918186,0.092597302873624207,0.092597302873624207,0,0.30429804940818173,0.30429804940818173,0
Labour,UNRATE,4,month_end,2026-01,Labour Equal-Weight Ensemble,Labour Equal-Weight Ensemble,2026-01-31,5be923ed610a63b5e8d0127b7176fb220b55dd1a9efc221ebe5f38b499ee9a2d,4.2999999999999998,4.1155110840212332,4.1155110840212332,0.034036160119020401,0.034036160119020401,0,0.1844889159787666,0.1844889159787666,0
Labour,UNRATE,4,month_end,2026-02,Labour Equal-Weight Ensemble,Labour Equal-Weight Ensemble,2026-02-28,da7fe850311202997c3df1f480d1ecd82e7a36fa5c90ab9bc02c6f4e527081cf,4.4000000000000004,4.0663031982210205,4.0663031982210205,0.11135355551751978,0.11135355551751978,0,0.33369680177897987,0.33369680177897987,0
Labour,UNRATE,4,month_end,2026-03,Labour Equal-Weight Ensemble,Labour Equal-Weight Ensemble,2026-03-31,0b3941461f2aa9c93166e499ca454e286199ed8cb9170c88f5a48c886b779fc5,4.2999999999999998,4.1804359441727996,4.1804359441727996,0.014295563445849846,0.014295563445849846,0,0.1195640558272002,0.1195640558272002,0
Labour,UNRATE,4,month_end,2026-04,Labour Equal-Weight Ensemble,Labour Equal-Weight Ensemble,2026-04-30,e9b2931657ea7e2c64fdec1868969d68b6fa4f0098307b891f6492385ff27cfe,4.2999999999999998,4.0805389596237411,4.0805389596237411,0.048163148243029849,0.048163148243029849,0,0.21946104037625869,0.21946104037625869,0
Labour,UNRATE,4,month_end,2026-05,Labour Equal-Weight Ensemble,Labour Equal-Weight Ensemble,2026-05-31,1a433339712659ccc8304b58487b1d8576405e57dfadf386daff065d937734e8,4.2999999999999998,4.0790027609995567,4.0790027609995567,0.048839779645818968,0.048839779645818968,0,0.2209972390004431,0.2209972390004431,0
Labour,UNRATE,4,month_end,2026-06,Labour Equal-Weight Ensemble,Labour Equal-Weight Ensemble,2026-06-30,cfc5d3f5304c510ad3b5c71a0b1da69b55da82e144777d9838460b3ef80935bd,4.2000000000000002,4.0888858858658228,4.0888858858658228,0.012346346359822997,0.012346346359822997,0,0.11111411413417738,0.11111411413417738,0
Labour,UNRATE,5,pre_employment_report,2023-02,Labour Equal-Weight Ensemble,Labour Equal-Weight Ensemble,2023-03-09,ea1953db71ea93329228e0be21b528f4229ee4087001f532d032e7c08430992a,3.6000000000000001,3.1855427469840181,3.1855427469840181,0.17177481457755372,0.17177481457755372,0,0.41445725301598202,0.41445725301598202,0
Labour,UNRATE,5,pre_employment_report,2023-03,Labour Equal-Weight Ensemble,Labour Equal-Weight Ensemble,2023-04-06,c56eac5a7e701385dda0a1d390a232e05d0df7e0b23351958797c02c8a6db216,3.5,3.4105830531737955,3.4105830531737955,0.007995390379720281,0.007995390379720281,0,0.089416946826204491,0.089416946826204491,0
Labour,UNRATE,5,pre_employment_report,2023-04,Labour Equal-Weight Ensemble,Labour Equal-Weight Ensemble,2023-05-04,a45b23477f7ad3211864f8b90308b33a3f4a5dcbe3bc716e61bd4072869944fa,3.3999999999999999,3.4515210014350743,3.4515210014350743,0.0026544135888729417,0.0026544135888729417,0,0.051521001435074432,0.051521001435074432,0
Labour,UNRATE,5,pre_employment_report,2023-05,Labour Equal-Weight Ensemble,Labour Equal-Weight Ensemble,2023-06-01,780a896b5ae77b003c614f12ec4890201f28be64859fea0aac6731484376ca2e,3.7000000000000002,3.3660028766968604,3.3660028766968604,0.11155407837477277,0.11155407837477277,0,0.3339971233031398,0.3339971233031398,0
Labour,UNRATE,5,pre_employment_report,2023-06,Labour Equal-Weight Ensemble,Labour Equal-Weight Ensemble,2023-07-06,bf8f19819a871ad1c1d1cd6fc4b976ae7385ba2db41b40831f7e51fb5f1e5a12,3.6000000000000001,3.3635682804879443,3.3635682804879443,0.055899957991427413,0.055899957991427413,0,0.23643171951205577,0.23643171951205577,0
Labour,UNRATE,5,pre_employment_report,2023-07,Labour Equal-Weight Ensemble,Labour Equal-Weight Ensemble,2023-08-03,1fbb51fcff7e9a26b23c58e68f7f791da8a62fbf6323c2c5f244c8a399327bee,3.5,3.4534211532546202,3.4534211532546202,0.0021695889641295805,0.0021695889641295805,0,0.046578846745379821,0.046578846745379821,0
Labour,UNRATE,5,pre_employment_report,2023-08,Labour Equal-Weight Ensemble,Labour Equal-Weight Ensemble,2023-08-31,98f13c26d07eaf0eb0e880cd715440adc3fbae7968b44b9231773834cccf4443,3.7999999999999998,3.3509625016512161,3.3509625016512161,0.20163467492333392,0.20163467492333392,0,0.4490374983487837,0.4490374983487837,0
Labour,UNRATE,5,pre_employment_report,2023-09,Labour Equal-Weight Ensemble,Labour Equal-Weight Ensemble,2023-10-05,28723410f143be952a4248168e4ee6e9eacf07eb0d4d374ff5b2e1472ee4ed0b,3.7999999999999998,3.4835211917816178,3.4835211917816178,0.10015883605132743,0.10015883605132743,0,0.31647880821838204,0.31647880821838204,0
Labour,UNRATE,5,pre_employment_report,2023-10,Labour Equal-Weight Ensemble,Labour Equal-Weight Ensemble,2023-11-02,d4fe0e651754d4e46172c21d3bfe0cc37f332928bbeddc93a54c9d86da74dfec,3.8999999999999999,3.4642618449885982,3.4642618449885982,0.18986773973274032,0.18986773973274032,0,0.43573815501140167,0.43573815501140167,0
Labour,UNRATE,5,pre_employment_report,2023-11,Labour Equal-Weight Ensemble,Labour Equal-Weight Ensemble,2023-12-07,48c8b1e298d62e2347ce60adc394dbf07031c5fc7ede397c06bc43220de5f2cf,3.7000000000000002,3.6747481440239729,3.6747481440239729,0.00063765623023402586,0.00063765623023402586,0,0.025251855976027304,0.025251855976027304,0
Labour,UNRATE,5,pre_employment_report,2023-12,Labour Equal-Weight Ensemble,Labour Equal-Weight Ensemble,2024-01-04,c5e56cffe44735191f46e496aa0b24ddf4cd493263fa7c72f17608600b8da4fa,3.7000000000000002,3.5161215664386383,3.5161215664386383,0.033811278328980184,0.033811278328980184,0,0.18387843356136191,0.18387843356136191,0
Labour,UNRATE,5,pre_employment_report,2024-01,Labour Equal-Weight Ensemble,Labour Equal-Weight Ensemble,2024-02-01,3701b2b60e17f3a387ae6dd4e9bc665cc172f5749b445cec879e69b5b005416e,3.7000000000000002,3.5246614251757085,3.5246614251757085,0.030743615821413744,0.030743615821413744,0,0.17533857482429172,0.17533857482429172,0
Labour,UNRATE,5,pre_employment_report,2024-02,Labour Equal-Weight Ensemble,Labour Equal-Weight Ensemble,2024-03-07,a8ee776c9f04382a27263870e48955c258b313cab6154421801a9a3c9d2d95cf,3.8999999999999999,3.5011826709528044,3.5011826709528044,0.15905526194833899,0.15905526194833899,0,0.39881732904719547,0.39881732904719547,0
Labour,UNRATE,5,pre_employment_report,2024-03,Labour Equal-Weight Ensemble,Labour Equal-Weight Ensemble,2024-04-04,3c614a922141ff47ddcbb53904e11bec16d45036125079e935570cd818d20308,3.7999999999999998,3.5953513741447645,3.5953513741447645,0.041881060064436107,0.041881060064436107,0,0.20464862585523536,0.20464862585523536,0
Labour,UNRATE,5,pre_employment_report,2024-04,Labour Equal-Weight Ensemble,Labour Equal-Weight Ensemble,2024-05-02,c19c383bf66ea97e8440e09bbf68fb6cae777bb3d7dda974dc99d85629750969,3.8999999999999999,3.557353804310186,3.557353804310186,0.11740641542070225,0.11740641542070225,0,0.34264619568981391,0.34264619568981391,0
Labour,UNRATE,5,pre_employment_report,2024-05,Labour Equal-Weight Ensemble,Labour Equal-Weight Ensemble,2024-06-06,e5739ff7426bc2d03e33812e3dc053aafe2e99bdd80ee86b4d90b7ea686d5a11,4,3.6248668879474817,3.6248668879474817,0.14072485175820726,0.14072485175820726,0,0.37513311205251831,0.37513311205251831,0
Labour,UNRATE,5,pre_employment_report,2024-06,Labour Equal-Weight Ensemble,Labour Equal-Weight Ensemble,2024-07-04,6497673dc139911c57af9fc6a34db5905086eb186e0aca8fadc5040ec52000fe,4.0999999999999996,3.7231568681143519,3.7231568681143519,0.14201074604938371,0.14201074604938371,0,0.37684313188564778,0.37684313188564778,0
Labour,UNRATE,5,pre_employment_report,2024-07,Labour Equal-Weight Ensemble,Labour Equal-Weight Ensemble,2024-08-01,1cb149f34c3a59f532e4c49889de041b32bf26f923648d832d4fb47e89fccca4,4.2999999999999998,3.8579346030451176,3.8579346030451176,0.19542181518487758,0.19542181518487758,0,0.44206539695488223,0.44206539695488223,0
Labour,UNRATE,5,pre_employment_report,2024-08,Labour Equal-Weight Ensemble,Labour Equal-Weight Ensemble,2024-09-05,24a267aaceb23a104c9ca97b400f9fb58668961c2456c19611e82d7266e00b5e,4.2000000000000002,3.9414452074123223,3.9414452074123223,0.066850580770057136,0.066850580770057136,0,0.25855479258767788,0.25855479258767788,0
Labour,UNRATE,5,pre_employment_report,2024-09,Labour Equal-Weight Ensemble,Labour Equal-Weight Ensemble,2024-10-03,85384614c03de2ae9110b37baa3cac585f55f2fcf76aaaa0322fc5ef4b037c14,4.0999999999999996,3.941688115035566,3.941688115035566,0.025062652920992058,0.025062652920992058,0,0.1583118849644336,0.1583118849644336,0
Labour,UNRATE,5,pre_employment_report,2024-10,Labour Equal-Weight Ensemble,Labour Equal-Weight Ensemble,2024-10-31,bb84d013a9a2a7b27d5fe0aa8e8d9395b3a3d825ace33a5cbb55efc1207025e5,4.0999999999999996,3.8394559484500825,3.8394559484500825,0.067883202798045869,0.067883202798045869,0,0.26054405154991711,0.26054405154991711,0
Labour,UNRATE,5,pre_employment_report,2024-11,Labour Equal-Weight Ensemble,Labour Equal-Weight Ensemble,2024-12-05,8508c1e46daa20337ca3613a5e44f3d99c40f85a4a8627509a10a97d7b3f22b7,4.2000000000000002,3.9721990059386769,3.9721990059386769,0.051893292895327035,0.051893292895327035,0,0.22780099406132326,0.22780099406132326,0
Labour,UNRATE,5,pre_employment_report,2024-12,Labour Equal-Weight Ensemble,Labour Equal-Weight Ensemble,2025-01-09,a9d997314e99be04688b87f0fa8abb96895adeb156522b3fd9b3bf5733a710ce,4.0999999999999996,3.8758136412525555,3.8758136412525555,0.050259523448437746,0.050259523448437746,0,0.22418635874744419,0.22418635874744419,0
Labour,UNRATE,5,pre_employment_report,2025-01,Labour Equal-Weight Ensemble,Labour Equal-Weight Ensemble,2025-02-06,d7a1933298a6c1eafdc265f1fcaef2b01689992bda7854961bda82dd6f236d48,4,3.8252773517314558,3.8252773517314558,0.03052800381797342,0.03052800381797342,0,0.17472264826854422,0.17472264826854422,0
Labour,UNRATE,5,pre_employment_report,2025-02,Labour Equal-Weight Ensemble,Labour Equal-Weight Ensemble,2025-03-06,9ffd3f9202ace8cf1da7b1c03d131c29c1c9dd1d8971d2ee9f2081b84239a5a3,4.0999999999999996,3.8463048739351957,3.8463048739351957,0.064361216989036754,0.064361216989036754,0,0.25369512606480393,0.25369512606480393,0
Labour,UNRATE,5,pre_employment_report,2025-03,Labour Equal-Weight Ensemble,Labour Equal-Weight Ensemble,2025-04-03,31ea4c9aa3e553fd66fc90d0dd85528f33587c204bc8248b227aca4b2e36df5d,4.2000000000000002,3.8564368840004861,3.8564368840004861,0.11803561467529555,0.11803561467529555,0,0.34356311599951406,0.34356311599951406,0
Labour,UNRATE,5,pre_employment_report,2025-04,Labour Equal-Weight Ensemble,Labour Equal-Weight Ensemble,2025-05-01,75104d601135eddf8c1e3b6c360c34a122a3c061b69b7fae10f981935160c092,4.2000000000000002,3.9021265171826336,3.9021265171826336,0.088728611765747992,0.088728611765747992,0,0.29787348281736659,0.29787348281736659,0
Labour,UNRATE,5,pre_employment_report,2025-05,Labour Equal-Weight Ensemble,Labour Equal-Weight Ensemble,2025-06-05,67b0243a3d7a58d67ae63e1e4f7c7e9ac44ec4b6923aa2f940a86dde6890a140,4.2000000000000002,3.9285502522475313,3.9285502522475313,0.073684965554878981,0.073684965554878981,0,0.27144974775246888,0.27144974775246888,0
Labour,UNRATE,5,pre_employment_report,2025-06,Labour Equal-Weight Ensemble,Labour Equal-Weight Ensemble,2025-07-02,78d55cfdf9cd0d23d2462d64acbbde0fa06facc98833bfd6d481ac34ca86290b,4.0999999999999996,4.0663943025692655,4.0663943025692655,0.0011293428998060526,0.0011293428998060526,0,0.03360569743073416,0.03360569743073416,0
Labour,UNRATE,5,pre_employment_report,2025-07,Labour Equal-Weight Ensemble,Labour Equal-Weight Ensemble,2025-07-31,4d961af8bf48247227b9886247f41c6245bc2a7c214e9b6a5e509260eb549c2a,4.2000000000000002,3.9721348043298073,3.9721348043298073,0.051922547397815308,0.051922547397815308,0,0.22786519567019292,0.22786519567019292,0
Labour,UNRATE,5,pre_employment_report,2025-08,Labour Equal-Weight Ensemble,Labour Equal-Weight Ensemble,2025-09-04,bc9a81409939e0bfa9d677aeb16622edab37721b5b13a6522d9bb51234d21353,4.2999999999999998,3.9634265170268534,3.9634265170268534,0.11328170944067485,0.11328170944067485,0,0.33657348297314638,0.33657348297314638,0
Labour,UNRATE,5,pre_employment_report,2025-09,Labour Equal-Weight Ensemble,Labour Equal-Weight Ensemble,2025-11-19,5a7cfc6a74b6b09b4fa07ebbd9b0e05841092b974ddb2f28af3796f79fcda4f3,4.4000000000000004,4.0200965889588591,4.0200965889588591,0.14432660172069431,0.14432660172069431,0,0.37990341104114123,0.37990341104114123,0
Labour,UNRATE,5,pre_employment_report,2025-11,Labour Equal-Weight Ensemble,Labour Equal-Weight Ensemble,2025-12-15,f98a1afbb63fe46a326528c231b267a54ab54163e5726a6c2ac0f36fad7972c3,4.5999999999999996,4.1126282413702278,4.1126282413702278,0.23753123110987662,0.23753123110987662,0,0.48737175862977189,0.48737175862977189,0
Labour,UNRATE,5,pre_employment_report,2025-12,Labour Equal-Weight Ensemble,Labour Equal-Weight Ensemble,2026-01-08,7f2574b0e02739ebd85c44cb6e8a029224cac4418bcd3f9b7fd238cef0330635,4.4000000000000004,4.0810269907169028,4.0810269907169028,0.10174378065111506,0.10174378065111506,0,0.31897300928309757,0.31897300928309757,0
Labour,UNRATE,5,pre_employment_report,2026-01,Labour Equal-Weight Ensemble,Labour Equal-Weight Ensemble,2026-02-10,fee22f4da32cbfc3f29b149dfc127e9e54c4e3051c2cf9b3852d4873286d2847,4.2999999999999998,4.105591758030263,4.105591758030263,0.037794564545763742,0.037794564545763742,0,0.19440824196973683,0.19440824196973683,0
Labour,UNRATE,5,pre_employment_report,2026-02,Labour Equal-Weight Ensemble,Labour Equal-Weight Ensemble,2026-03-05,36b785424159da4fdf5b6c9479a7b2a92ea365c14a7224f96e2d6728a732524f,4.4000000000000004,4.0676463609915823,4.0676463609915823,0.11045894136213788,0.11045894136213788,0,0.33235363900841808,0.33235363900841808,0
Labour,UNRATE,5,pre_employment_report,2026-03,Labour Equal-Weight Ensemble,Labour Equal-Weight Ensemble,2026-04-02,45a17d7fe6bdfd8cff1f18fa59146367abf91a4f48b35e20fdf663b9168460ab,4.2999999999999998,4.1818501720944923,4.1818501720944923,0.013959381834101049,0.013959381834101049,0,0.11814982790550754,0.11814982790550754,0
Labour,UNRATE,5,pre_employment_report,2026-04,Labour Equal-Weight Ensemble,Labour Equal-Weight Ensemble,2026-05-07,c1a70b31504609df70e57a8900964825b53d74c5d0f5fd5f3c774df3b96ba5b0,4.2999999999999998,4.0584461648275871,4.0584461648275871,0.058348255286501116,0.058348255286501116,0,0.24155383517241269,0.24155383517241269,0
Labour,UNRATE,5,pre_employment_report,2026-05,Labour Equal-Weight Ensemble,Labour Equal-Weight Ensemble,2026-06-04,92a663192feec587f3176af523495241328ecabc278f467430e3efe81b876abe,4.2999999999999998,4.1167170308630121,4.1167170308630121,0.03359264677566999,0.03359264677566999,0,0.18328296913698772,0.18328296913698772,0
Labour,UNRATE,5,pre_employment_report,2026-06,Labour Equal-Weight Ensemble,Labour Equal-Weight Ensemble,2026-07-01,4ddd519170c9cffa44842a12fe5193c70298c5681d7a3335155c60f1a9b10bf1,4.2000000000000002,4.0888858858658228,4.0888858858658228,0.012346346359822997,0.012346346359822997,0,0.11111411413417738,0.11111411413417738,0
