domain_name,target_series,stage_order,forecast_stage,target_period,forecast_date,selected_model,actual,rt_point_forecast,lv_point_forecast,forecast_revision,rt_error,lv_error,rt_squared_error,lv_squared_error,delta_squared_error,rt_abs_error,lv_abs_error,delta_abs_error,rt_info_hash,lv_info_hash,rt_mask_hash,lv_mask_hash,mask_equal,rt_hash_verified,raw_changed_rows,raw_fallback_rows,final_missing_values,rolling_rt_repro_gap,rolling_rt_w_bridge,rolling_lv_w_bridge
GDP,GDPC1,1,early_quarter,2023Q2,2023-04-15,Dynamic Factor Model,2.3856035174837587,2.4868470617010976,2.4379332573825492,-0.048913804318548415,-0.10124354421733894,-0.052329739898790528,0.010250255245688266,0.0027384016778750691,-0.0075118535678131973,0.10124354421733894,0.052329739898790528,-0.048913804318548415,97052d29d1e71671d498ad806edcade585a14f270027abf402e131ee4ec301c2,e94ffe85583f111ecf27f66916f22e080971d7d2b54247b1233770319d29bf57,863f591c827336300d6d12af2cf97f42fa95591797de7ba2d92be72af807d78f,863f591c827336300d6d12af2cf97f42fa95591797de7ba2d92be72af807d78f,1,1,1520,0,0,,,
GDP,GDPC1,2,after_month_1,2023Q2,2023-05-15,Dynamic Factor Model,2.3856035174837587,2.4992570090371475,2.8262640731884385,0.32700706415129099,-0.11365349155338889,-0.44066055570467988,0.012917116142276239,0.19418172535395728,0.18126460921168103,0.11365349155338889,0.44066055570467988,0.32700706415129099,185a96db51d8310aa003fdfdec1f331b1816bfd346f47452689cc7165421d7c1,0eed068b630bc72a97a8697ee13698ba8844607465e23eefd72fa64cfbe67058,ac09def66fcfe3b6e2c49a6e0b10f1c5654afe59364b6187161dac5266fef619,ac09def66fcfe3b6e2c49a6e0b10f1c5654afe59364b6187161dac5266fef619,1,1,1524,0,0,,,
GDP,GDPC1,3,after_month_2,2023Q2,2023-06-15,Bridge–DFM Ensemble,2.3856035174837587,2.3459478743075555,2.4623039026820672,0.11635602837451176,0.039655643176203181,-0.076700385198308574,0.0015725700357183498,0.0058829490895689132,0.0043103790538505634,0.039655643176203181,0.076700385198308574,0.037044742022105392,a8b961264008cc1541772e36da84e1d842149200fb47a562a9ea314c5d761d45,d6245993cfab4d26bd36d69b52b9e100a1004c208dd77c15e8106ec3e6c27ac8,b3960a1c64a6d912525bb5fcd9721c13ed93e0f36c6b456b261d3f9c34a9881f,b3960a1c64a6d912525bb5fcd9721c13ed93e0f36c6b456b261d3f9c34a9881f,1,1,1518,0,0,,,
GDP,GDPC1,4,quarter_end,2023Q2,2023-06-30,Rolling Bridge–DFM Ensemble,2.3856035174837587,2.5758594883958725,2.7795432712196648,0.20368378282379229,-0.19025597091211388,-0.39393975373590617,0.036197334467711124,0.1551885295735064,0.11899119510579528,0.19025597091211388,0.39393975373590617,0.20368378282379229,d2a4faf8f2f065dc1fcb8c9fe6b90b47cc74154982e316fc98dbe01a716c5dcd,77139ac16fea0464d7c9a80718d8aadf6b148e91df0fd5009517c1c91b17ed10,67d5bb1b34bbb4be4abacdccaf34cdc838f3349f6e26f682acb083c27c4c9387,67d5bb1b34bbb4be4abacdccaf34cdc838f3349f6e26f682acb083c27c4c9387,1,1,1519,0,0,0,0.52258495236133495,0.54672122375782717
GDP,GDPC1,5,pre_advance_release,2023Q2,2023-07-26,Dynamic Factor Model,2.3856035174837587,2.3510759369600653,2.665713067509385,0.31463713054931963,0.034527580523693313,-0.28010955002562632,0.0011921538168201259,0.078461360015558854,0.077269206198738727,0.034527580523693313,0.28010955002562632,0.24558196950193301,60c1db290f75d36ad115d1fde40c00acbf1079eaa10fa7c38aa69ca52b51358f,0a35d929b2efc6f91ecbd84ac8cdaf77d0cc0ae14e1c03a1d8490c523aab801b,30b7cae1b4e36137cb7e65a2524e21413666017210ae326f73d515346f928439,30b7cae1b4e36137cb7e65a2524e21413666017210ae326f73d515346f928439,1,1,1524,0,0,,,
GDP,GDPC1,1,early_quarter,2023Q3,2023-07-15,Dynamic Factor Model,4.7627638591336563,2.4301648462742493,2.4959114320176603,0.065746585743410968,2.332599012859407,2.266852427115996,5.4410181547926797,5.1386199263216819,-0.30239822847099784,2.332599012859407,2.266852427115996,-0.065746585743410968,20be4290c6d3a959e03d9a290768095bb7a2e61d71db805608c0c690b2997f81,50bd7ba3fa3dd9ec3ec74045abd4c7ac2305e51d9b815342e05b185c1ed955f4,2110ec6974fabab8ed52465bd1f937b50ff7feeab71bc0276242814ec360bf4d,2110ec6974fabab8ed52465bd1f937b50ff7feeab71bc0276242814ec360bf4d,1,1,1521,0,0,,,
GDP,GDPC1,2,after_month_1,2023Q3,2023-08-15,Dynamic Factor Model,4.7627638591336563,2.5481136604813108,2.5539210196596343,0.0058073591783234235,2.2146501986523455,2.208842839474022,4.904675502390873,4.8789866894956599,-0.025688812895213076,2.2146501986523455,2.208842839474022,-0.0058073591783234235,d00cd325dcaa84eb781ca545a2809a877d07bacbc040dc8619d55246a0a18475,8e0c9490b8469fe1a43362bf131f339dbe8332f9d2cc30efd5a1ab71b369e616,1be0f2175997221aed1a44fc4e2614dfad3c2faf0492646aa6f67519049c47f9,1be0f2175997221aed1a44fc4e2614dfad3c2faf0492646aa6f67519049c47f9,1,1,1529,0,0,,,
GDP,GDPC1,3,after_month_2,2023Q3,2023-09-15,Bridge–DFM Ensemble,4.7627638591336563,2.1794200406009305,2.6716425504439494,0.49222250984301885,2.5833438185327258,2.0911213086897069,6.6736652847512445,4.3727883276561528,-2.3008769570950918,2.5833438185327258,2.0911213086897069,-0.49222250984301885,68b8f5b6e39dec114be0cd067ff17a64ff5eec9c9dd8adc5d419e681381ebaab,6909a059cfad362d741184e4c981e7c6794c0dfa04bd78f3928d1a1d552ff515,264f0bdfbbb564dda686c6adf01aeda71f918f6b8c67d7716cde747f37ad1a53,264f0bdfbbb564dda686c6adf01aeda71f918f6b8c67d7716cde747f37ad1a53,1,1,1537,0,0,,,
GDP,GDPC1,4,quarter_end,2023Q3,2023-09-30,Rolling Bridge–DFM Ensemble,4.7627638591336563,1.9381876977046764,2.4717336335206102,0.53354593581593379,2.8245761614289799,2.2910302256130461,7.9782304917128712,5.2488194946725653,-2.729410997040306,2.8245761614289799,2.2910302256130461,-0.53354593581593379,588e1f94b2938e60a97d99487f041f3d765875319fb8b98c6caad9ac2b5d9a4e,b6d81480cfe50ffd734ac25cf488492dd97f7aa3d6f17610aed267d8eedf9fc9,58342391e90310099122d51e6d1b7bccf62b0f7c50b381123e018211aace32d9,58342391e90310099122d51e6d1b7bccf62b0f7c50b381123e018211aace32d9,1,1,1402,0,0,0,0.48927945685688112,0.51634427474567179
GDP,GDPC1,5,pre_advance_release,2023Q3,2023-10-25,Dynamic Factor Model,4.7627638591336563,2.2665938227062492,2.3979708397463018,0.13137701704005256,2.4961700364274071,2.3647930193873545,6.2308648507580031,5.5922460245431607,-0.63861882621484245,2.4961700364274071,2.3647930193873545,-0.13137701704005256,574ecc1edcd1778087aa997e15cf770f271e63be12540ec8d0f19f49090394cd,b7f6106f1bf34772312e9420ae62360d90a62258a2560ad0efeec73f1f4d129a,7c91559c713e79e30fed4a0d1eba30107836c444e26765c64d9e9b658669732f,7c91559c713e79e30fed4a0d1eba30107836c444e26765c64d9e9b658669732f,1,1,1408,0,0,,,
GDP,GDPC1,1,early_quarter,2023Q4,2023-10-15,Dynamic Factor Model,3.2268142583689041,2.4567534688899682,2.4069981876029054,-0.049755281287062747,0.77006078947893597,0.81981607076599872,0.59299361949292217,0.67209838988620096,0.079104770393278789,0.77006078947893597,0.81981607076599872,0.049755281287062747,1368f9461847c0ef28f0e4e40e524224a5e0c8fb7526118cbb369e5c3a602ad3,caae93ec10445515f85dad4a514da25543c03ce6a3c7578796a89fe68a7e375a,79849c1aef36acbf981a47aeb3454dd6f4d55d011b5a34dd6c0cfd4e5c49dacc,79849c1aef36acbf981a47aeb3454dd6f4d55d011b5a34dd6c0cfd4e5c49dacc,1,1,1405,0,0,,,
GDP,GDPC1,2,after_month_1,2023Q4,2023-11-15,Dynamic Factor Model,3.2268142583689041,2.5015111157239915,2.2526672706756132,-0.24884384504837831,0.72530314264491258,0.97414698769329089,0.52606464873058645,0.94896235363191261,0.42289770490132617,0.72530314264491258,0.97414698769329089,0.24884384504837831,366dd9422899a40caf9ef5f980ce77b11eb61dde525b3b589a79ef565270c9a9,f4a81ffde37e40fd4be5504196b62e40a4998725d2d54166c5c2f8e974e4922e,4af882274d18b4306baf95150f2e8e1d8d03323bdd870e1980ec511ad359362b,4af882274d18b4306baf95150f2e8e1d8d03323bdd870e1980ec511ad359362b,1,1,1412,0,0,,,
GDP,GDPC1,3,after_month_2,2023Q4,2023-12-15,Bridge–DFM Ensemble,3.2268142583689041,2.3825579122736817,1.8956128347550434,-0.48694507751863836,0.84425634609522238,1.3312014236138607,0.71276877792205595,1.7720972302315694,1.0593284523095134,0.84425634609522238,1.3312014236138607,0.48694507751863836,5797ab6ad14b2f66c30698acee8cb2b2f26f3342d4c41aeb4f756ac9cfe62be4,e5e17110d948fa04bfe23cf37c1c0a66ceb16000bdbff26970aef73aad79b7d7,670b0ff9c15d06f15cc868435ade1813095525c6b4913a672d4759517eaf80bf,670b0ff9c15d06f15cc868435ade1813095525c6b4913a672d4759517eaf80bf,1,1,1419,0,0,,,
GDP,GDPC1,4,quarter_end,2023Q4,2023-12-31,Rolling Bridge–DFM Ensemble,3.2268142583689041,2.5620464730925132,2.0367769481724691,-0.52526952492004408,0.66476778527639091,1.190037310196435,0.44191620834127776,1.4161887996595661,0.97427259131828836,0.66476778527639091,1.190037310196435,0.52526952492004408,600cd2c28ef4e95515c8b407d5b6ebfd790e007f65aea60ab51321b6705c0649,bfc9784deefd2f2f0112bd37b39d18214ff607fc7cd2cd65b033fca117cdcafc,4e4f79dc71952ac7d7e79e78f1240f6f1f4a87751398df8f723862e62d77b5fc,4e4f79dc71952ac7d7e79e78f1240f6f1f4a87751398df8f723862e62d77b5fc,1,1,1420,0,0,0,0.462383483271817,0.49427137432290963
GDP,GDPC1,5,pre_advance_release,2023Q4,2024-01-24,Dynamic Factor Model,3.2268142583689041,2.578204568898951,2.3732712508296139,-0.20493331806933712,0.64860968946995312,0.85354300753929024,0.420694529274309,0.72853566571921691,0.3078411364449079,0.64860968946995312,0.85354300753929024,0.20493331806933712,ec75059ad4fac68c4ae07c5a6549e78083a3c21a41466dfc9cb1fdfd26f455c6,4c949946aa186ca7726811653fc0292c1495aef4b3f95da178f7daa01a17ddcf,d2cbb875e4cf4137766294027b8f7415b9cee0e91fc823abd9975f4e80143f1c,d2cbb875e4cf4137766294027b8f7415b9cee0e91fc823abd9975f4e80143f1c,1,1,1415,0,0,,,
GDP,GDPC1,1,early_quarter,2024Q1,2024-01-15,Dynamic Factor Model,1.5773785873641089,2.6107423850476468,2.4999185499835059,-0.11082383506414084,-1.0333637976835379,-0.92253996261939708,1.0678407383629438,0.85107998262979856,-0.21676075573314524,1.0333637976835379,0.92253996261939708,-0.11082383506414084,041eb1a4b5d8f71022febf79d70887a3dcc2db791732ad2dc8705dd7ee914e9d,8119f72bacf5f198bec0087a94ec7b200be08d74e26709dcf8131d60f91d512c,4522b42cfc3f55efa006d12ded50de2ac6e705e1f38beb5296acddbafea7c8bd,4522b42cfc3f55efa006d12ded50de2ac6e705e1f38beb5296acddbafea7c8bd,1,1,1412,0,0,,,
GDP,GDPC1,2,after_month_1,2024Q1,2024-02-15,Dynamic Factor Model,1.5773785873641089,2.7168169218981379,2.4762567972448108,-0.2405601246533271,-1.1394383345340291,-0.89887820988070199,1.298319718205682,0.80798203619833531,-0.49033768200734673,1.1394383345340291,0.89887820988070199,-0.2405601246533271,1d74feacf71dfe3def2d98a1df8e2bf95dbbfaa08a07fdb8665700b2a09cf77f,f2a1869a00bb9b254a96e04631e7dd8da108698ede93537ddd6dac4abedcb962,0aa7e882477f6eca0950231ff8c36564de373e482fa736f6cf556166a4a11360,0aa7e882477f6eca0950231ff8c36564de373e482fa736f6cf556166a4a11360,1,1,1395,0,0,,,
GDP,GDPC1,3,after_month_2,2024Q1,2024-03-15,Bridge–DFM Ensemble,1.5773785873641089,1.5695699885769705,2.2664514829925677,0.69688149441559721,0.0078085987871383544,-0.68907289562845886,6.097421501849858e-05,0.47482145548978894,0.47476048127477044,0.0078085987871383544,0.68907289562845886,0.6812642968413205,f9f2bb1d737deb3582e7a3d6289523e6216cbd88764af99b6d7b0812ccf0509f,aa10473f2eeb4df8220eed4927f1d0b35fb546f1cf97e1c2f4e571fba1d90ee7,0f5644b7455254b3aaead25ca8c46333a5104cbee3109ba0650913a3709b1e66,0f5644b7455254b3aaead25ca8c46333a5104cbee3109ba0650913a3709b1e66,1,1,1401,0,0,,,
GDP,GDPC1,4,quarter_end,2024Q1,2024-03-31,Rolling Bridge–DFM Ensemble,1.5773785873641089,2.1749332201062299,2.601675724564716,0.42674250445848605,-0.59755463274212106,-1.0242971372006071,0.35707153911157119,1.0491846252773593,0.69211308616578815,0.59755463274212106,1.0242971372006071,0.42674250445848605,1658fbeddc2752fb8c25c2388ba43bc05d0233164413c39e7a14e97ee2b0a3d0,865231f0ca61249261376bbb11b1d4a132c37301c61b7e83b29ad69139de0798,59a398ee75314d1995e1c6ae723e334753c79c3d707b6e23028e06a88d8c31bb,59a398ee75314d1995e1c6ae723e334753c79c3d707b6e23028e06a88d8c31bb,1,1,1402,0,0,0,0.45312283896268635,0.47311250621850165
GDP,GDPC1,5,pre_advance_release,2024Q1,2024-04-24,Dynamic Factor Model,1.5773785873641089,2.4891613323420634,2.440151639149851,-0.049009693192212378,-0.91178274497795453,-0.86277305178574215,0.83134777403953364,0.74437733888768287,-0.086970435151850767,0.91178274497795453,0.86277305178574215,-0.049009693192212378,24c18e676da3696b50110cf87ff544c84243bea1624dc51a9c0b25d429ba1d0c,493d436d428e93a38799744698f7d54504c20229c486168d89b80ba2af327fed,b640ca0614a44cbb13d8e56c37ead4ab390cff5d42d5aa61744d88b1962739d6,b640ca0614a44cbb13d8e56c37ead4ab390cff5d42d5aa61744d88b1962739d6,1,1,1408,0,0,,,
GDP,GDPC1,1,early_quarter,2024Q2,2024-04-15,Dynamic Factor Model,2.8020392666775251,2.7778115888870167,2.6281006564433089,-0.14971093244370781,0.024227677790508384,0.1739386102342162,0.00058698037112069317,0.030254640130210578,0.029667659759089884,0.024227677790508384,0.1739386102342162,0.14971093244370781,3a266ef691028333a442e543c5d94fccb20fefd818814709090889719d0ed566,bc0234fe266b007ff0acb1d18acc6f400b895b5f02fa510e2fb3e575f200b7d9,1ae777082eef445a3a21712ed09fbdc4efa8df0db6dea0aa2155f3dd56437013,1ae777082eef445a3a21712ed09fbdc4efa8df0db6dea0aa2155f3dd56437013,1,1,1406,0,0,,,
GDP,GDPC1,2,after_month_1,2024Q2,2024-05-15,Dynamic Factor Model,2.8020392666775251,2.4160073852916923,2.2700125795675645,-0.14599480572412782,0.38603188138583278,0.53202668710996059,0.14902061344628567,0.28305239579719993,0.13403178235091426,0.38603188138583278,0.53202668710996059,0.14599480572412782,ac5de9680f939aaeb08cf5a58836fa7de7e2be76e0e5d75777e9e8b861ba916d,e81bee4e6856b795b9bfdb0144d73ccc1ecc0aeb288c3ecdc3cfd784f284020c,da5813b2d53c55e40fbfc927bde8368b32dcf2f306370472e7312dc6c7b05a59,da5813b2d53c55e40fbfc927bde8368b32dcf2f306370472e7312dc6c7b05a59,1,1,1412,0,0,,,
GDP,GDPC1,3,after_month_2,2024Q2,2024-06-15,Bridge–DFM Ensemble,2.8020392666775251,2.2801762982087608,2.4866746562261843,0.20649835801742356,0.52186296846876434,0.31536461045134079,0.27234095785903051,0.099454837525125919,-0.1728861203339046,0.52186296846876434,0.31536461045134079,-0.20649835801742356,1a0463c654a82f156ecd741b2edeeeac379563a27527da814901df90dfe62a91,e5f7879b4fb3a7f459213c9c59d28c47749819a55027a840d33cfa4ae77d14c4,a0d285e96e787f4a7503dc8ce0c245198c7330b65d9f9ad3c97a433da674ddc2,a0d285e96e787f4a7503dc8ce0c245198c7330b65d9f9ad3c97a433da674ddc2,1,1,1405,0,0,,,
GDP,GDPC1,4,quarter_end,2024Q2,2024-06-30,Rolling Bridge–DFM Ensemble,2.8020392666775251,2.1608104972489843,2.5939422993084067,0.43313180205942237,0.64122876942854079,0.20809696736911842,0.41117433474284071,0.043304347828223941,-0.36786998691461675,0.64122876942854079,0.20809696736911842,-0.43313180205942237,ba0029243e834874f05403d27bc5b3d73696ca03aab348d721cade95fb249ae9,bea507beaf464d1edce6707f16aad0f14021e25d282d9f15635d0cf5ee721c32,34265c937427728c3ce7c5f30075fdc4d6aff7b95aff19e827b1068d9fe602d5,34265c937427728c3ce7c5f30075fdc4d6aff7b95aff19e827b1068d9fe602d5,1,1,1408,0,0,0,0.44468904318785168,0.46712640490933133
GDP,GDPC1,5,pre_advance_release,2024Q2,2024-07-24,Dynamic Factor Model,2.8020392666775251,2.2868633831457497,2.2837644209072305,-0.0030989622385191318,0.51517588353177546,0.51827484577029459,0.26540619097274548,0.26860881575822265,0.0032026247854771706,0.51517588353177546,0.51827484577029459,0.0030989622385191318,1f383ededc5c247e5a4e6a54cd758cc67ce1505fedd2b239d9a2523bbe9ec6c4,0cf55b66927b000d1a40a72924e91ae900c263af0f7c27aaa65a6976721239cf,169369086cc482a13576566ef7dcd9446012030be912e1f4954e51cacc72efa7,169369086cc482a13576566ef7dcd9446012030be912e1f4954e51cacc72efa7,1,1,1415,0,0,,,
GDP,GDPC1,1,early_quarter,2024Q3,2024-07-15,Dynamic Factor Model,2.7863912480171393,2.4147085887846713,2.2095059846928544,-0.2052026040918169,0.37168265923246802,0.57688526332428491,0.13814799917411894,0.33279660704072955,0.19464860786661062,0.37168265923246802,0.57688526332428491,0.2052026040918169,7ffbaa741c865f35fb13e25dc70894cb9828f7c1775f55d4563711a3d26e977b,27c30babe711ea447abd00464c1ce4c7014c0af2c9ed9a5658c8835d18d3e90f,8abb36592f56a446daed604b54d49df8e6ea02b48fc5e271c89ba5f892127ab3,8abb36592f56a446daed604b54d49df8e6ea02b48fc5e271c89ba5f892127ab3,1,1,1412,0,0,,,
GDP,GDPC1,2,after_month_1,2024Q3,2024-08-15,Dynamic Factor Model,2.7863912480171393,1.8813085519709605,1.8585369618185714,-0.022771590152389054,0.90508269604617886,0.92785428619856791,0.81917468668221982,0.86091357641705402,0.041738889734834195,0.90508269604617886,0.92785428619856791,0.022771590152389054,6e416ee46bf91520c991264b75452e514fbbe61251ee64c8134199f04e191c88,9c6ffc53a7fddd162184667303e862fa6155ccb1f8a61fa95787d7fc67e1fb57,ff3ca29bc9c23e0209327bca57aaea85a0b5795f2e3b981f42a855cd5d50fefb,ff3ca29bc9c23e0209327bca57aaea85a0b5795f2e3b981f42a855cd5d50fefb,1,1,1420,0,0,,,
GDP,GDPC1,3,after_month_2,2024Q3,2024-09-15,Bridge–DFM Ensemble,2.7863912480171393,1.1486244347223555,0.96035787852066168,-0.18826655620169386,1.6377668132947838,1.8260333694964777,2.6822801347297514,3.3343978665146596,0.65211773178490828,1.6377668132947838,1.8260333694964777,0.18826655620169386,f62a0e022c76f08f0ac74560a98cb583e5ba844cf7ab968bd8a0b024f26d88f7,7dc9d2b97099bfc24d9da1c40bc271a1a52f9f0c4aeea13f0466116c63693055,53e22644b71a700531f43670c8a2fe340ba7c7824e512064911e8b63a3cc7f60,53e22644b71a700531f43670c8a2fe340ba7c7824e512064911e8b63a3cc7f60,1,1,1423,0,0,,,
GDP,GDPC1,4,quarter_end,2024Q3,2024-09-30,Rolling Bridge–DFM Ensemble,2.7863912480171393,1.7912006643019205,1.5488560493915262,-0.24234461491039427,0.99519058371521885,1.2375351986256131,0.99040429791543805,1.5314933678373357,0.54108906992189765,0.99519058371521885,1.2375351986256131,0.24234461491039427,ff82e80036e5da9663853b0954826f1da046f49b1a9b73047a4ac229626f4afc,80ca785a9387100b08d0174d5d3d9aa8b6476f14ee62029f975919c46cdb6f89,f4b26ba603f3a3f87100806484122d893d521caaa514ba16f1f26c6c8935d3ea,f4b26ba603f3a3f87100806484122d893d521caaa514ba16f1f26c6c8935d3ea,1,1,1422,0,0,0,0.44319334610190098,0.46479285735411902
GDP,GDPC1,5,pre_advance_release,2024Q3,2024-10-29,Dynamic Factor Model,2.7863912480171393,2.0176625696966592,1.7786830889795331,-0.23897948071712616,0.76872867832048009,1.0077081590376062,0.59094378087235211,1.0154757337909615,0.42453195291860935,0.76872867832048009,1.0077081590376062,0.23897948071712616,c02e18ccb870d5579389b3f837620ae383a0af40ede65123f21d4aa873f3f0f5,8aa970bee1167f3a67b6714c18ed2e89f0dacd7d11c061ae47ac0ac5b932da44,24c167207090ecc28720dcdef3a8da1885378ce11320d65d18bcfd34d237a738,24c167207090ecc28720dcdef3a8da1885378ce11320d65d18bcfd34d237a738,1,1,1427,0,0,,,
GDP,GDPC1,1,early_quarter,2024Q4,2024-10-15,Dynamic Factor Model,2.2264988560046106,2.8399705638099797,2.6930464032899457,-0.14692416052003399,-0.61347170780536908,-0.4665475472853351,0.37634753627763612,0.21766661387796199,-0.15868092239967413,0.61347170780536908,0.4665475472853351,-0.14692416052003399,6a572e1a901bff826331902980c13708a43416331b4fa9900e9319a3c5b15652,df36f23acdd59b745140453c9490df250267fa1a698c495d66db99027d3825ad,cb12906bd355c607c680e800d2229d4443330914848567dec4bafdea8a7dc813,cb12906bd355c607c680e800d2229d4443330914848567dec4bafdea8a7dc813,1,1,1424,0,0,,,
GDP,GDPC1,2,after_month_1,2024Q4,2024-11-15,Dynamic Factor Model,2.2264988560046106,2.4958852419776352,2.5003929321193175,0.0045076901416822857,-0.26938638597302456,-0.27389407611470684,0.072569024947607363,0.07501796493072882,0.0024489399831214564,0.26938638597302456,0.27389407611470684,0.0045076901416822857,b10b79740792bdcb1f2e1b2f5645e961bebdddc1ae20402b24c0914574a1943a,21aaa939c099dcf9f36fe834888ab12251aaa8520450d309957ee3fecf2c080e,f9d41eeea786b52390befe0b3567fc433497d4c4f3474cf04eab33622c644a0a,f9d41eeea786b52390befe0b3567fc433497d4c4f3474cf04eab33622c644a0a,1,1,1431,0,0,,,
GDP,GDPC1,3,after_month_2,2024Q4,2024-12-15,Bridge–DFM Ensemble,2.2264988560046106,1.962646656556656,2.0443904630316929,0.081743806475036873,0.26385219944795457,0.1821083929729177,0.069617983153523202,0.033163466791178618,-0.036454516362344584,0.26385219944795457,0.1821083929729177,-0.081743806475036873,3e5df345871aa435469d99befddf11d5c1aa3867733f1e986f9182e8fe0f11eb,ff1382e3e7a2945816066fd33fc7ce73c68f1701b4c669c1778d728b44bddea8,bb6d1e6c6f8249a240d6d8a7474311a5bc25bd01a0b49b83479d046f8318a787,bb6d1e6c6f8249a240d6d8a7474311a5bc25bd01a0b49b83479d046f8318a787,1,1,1436,0,0,,,
GDP,GDPC1,4,quarter_end,2024Q4,2024-12-31,Rolling Bridge–DFM Ensemble,2.2264988560046106,2.0331562983931417,1.9573133223385808,-0.075842976054560918,0.1933425576114689,0.26918553366602982,0.037381344583744168,0.072460851535065277,0.035079506951321109,0.1933425576114689,0.26918553366602982,0.075842976054560918,b901b76f09ab0c3a28a8b155015fe3e15f062329708375a148ce72ea6c7eb60a,2f96cf2815389260331d967e8bd95fbff7a6a429bc6e20daf8bab3c6fc9e41cb,c3770d4bc02d9605eaaa07c8d34ba92a3292fcf31859dc5f0d3051537649585c,c3770d4bc02d9605eaaa07c8d34ba92a3292fcf31859dc5f0d3051537649585c,1,1,1439,0,0,0,0.45487423724293607,0.47949948980309093
GDP,GDPC1,5,pre_advance_release,2024Q4,2025-01-29,Dynamic Factor Model,2.2264988560046106,2.4514065363205746,2.3575944983893855,-0.093812037931189085,-0.22490768031596398,-0.13109564238477489,0.050583464665107852,0.017186067452276788,-0.033397397212831068,0.22490768031596398,0.13109564238477489,-0.093812037931189085,60ce7e0ddbfa889efd14fb252117431ed6ce95231c4c801be218200d4fb63103,016bb866f20fd7cb7772dfc7f687899765689e3d428048912c69725a9fdd5c6d,22c0f33bed9310d0d31856769725926dbf444d4c2fa88c584ff92fb68702deac,22c0f33bed9310d0d31856769725926dbf444d4c2fa88c584ff92fb68702deac,1,1,1435,0,0,,,
GDP,GDPC1,1,early_quarter,2025Q1,2025-01-15,Dynamic Factor Model,-0.27643155746019943,2.7735007573044714,2.7448672145703519,-0.028633542734119555,-3.0499323147646709,-3.0212987720305513,9.3020871246457837,9.1282462698733173,-0.17384085477246636,3.0499323147646709,3.0212987720305513,-0.028633542734119555,cc7868bcd9e04a1bf4a1285ec98493ebbf57727b571aa9257e329f1a33364d28,794da81a866c9f27020450a90d8689e73829825f75f84742a31cc4b97070507a,2467bbcf5efa4ff3853d7350fb7b63318e6da6975b19c690f933b8a8fcb4d4eb,2467bbcf5efa4ff3853d7350fb7b63318e6da6975b19c690f933b8a8fcb4d4eb,1,1,1432,0,0,,,
GDP,GDPC1,2,after_month_1,2025Q1,2025-02-15,Dynamic Factor Model,-0.27643155746019943,2.9832929871803047,2.5626188653992972,-0.42067412178100749,-3.2597245446405041,-2.8390504228594966,10.625804106931742,8.0602073035386859,-2.5655968033930563,3.2597245446405041,2.8390504228594966,-0.42067412178100749,a68a4e42d0695d51d102bcfedd1d199609fa61a40ea27d6cb344a0ad86eb7eb7,e32faf930fbade36cbe0752471714fab9c34d2d89fc60c6646c229675d5617ec,4bc90f98c635d65297987f67a5456f995ec5bd7fed40e23ebdc9e23a7d135d2e,4bc90f98c635d65297987f67a5456f995ec5bd7fed40e23ebdc9e23a7d135d2e,1,1,1233,0,0,,,
GDP,GDPC1,3,after_month_2,2025Q1,2025-03-15,Bridge–DFM Ensemble,-0.27643155746019943,2.3145635657787023,1.4607859372471692,-0.85377762853153305,-2.5909951232389017,-1.7372174947073686,6.7132557286477716,3.0179246239173465,-3.6953311047304251,2.5909951232389017,1.7372174947073686,-0.85377762853153305,b0f2dc6ca91e754f555e396502fddf5f2284374abdbcb6f03f71efe4ed88cfa1,1337936af83ad88d492655ed82b39b1aca484d75f374a6affebc04b73fcd59ff,beaa49997bab465da3d8b4148f4061015cc51cbaa6887101108d3ea93753e52f,beaa49997bab465da3d8b4148f4061015cc51cbaa6887101108d3ea93753e52f,1,1,1237,0,0,,,
GDP,GDPC1,4,quarter_end,2025Q1,2025-03-31,Rolling Bridge–DFM Ensemble,-0.27643155746019943,2.7652363678292318,2.2631595492891083,-0.50207681854012343,-3.0416679252894312,-2.5395911067493078,9.2517437677345136,6.4495229894801742,-2.8022207782543394,3.0416679252894312,2.5395911067493078,-0.50207681854012343,8c8cd884bf69611dfdc2a3e9b30e5fd689cbfd92d7cd47a0f97c54e88359a7cf,58216ea416993f7182fd39b30e9925f2ddd7ca65e4b99148d1374e4ab08e7e37,445a9daa33f6e90ed03b164fc71a1300074846b79ee32e01c2cbbf93b2f43c10,445a9daa33f6e90ed03b164fc71a1300074846b79ee32e01c2cbbf93b2f43c10,1,1,1240,0,0,0,0.44835865466349722,0.49182548321715808
GDP,GDPC1,5,pre_advance_release,2025Q1,2025-04-29,Dynamic Factor Model,-0.27643155746019943,2.9741429691758174,2.4198165371476623,-0.55432643202815512,-3.2505745266360169,-2.6962480946078617,10.566234753214966,7.2697537876765246,-3.2964809655384411,3.2505745266360169,2.6962480946078617,-0.55432643202815512,d72f63793f30fe37b0ba0f32772380fb66aa0d4b9fb2f400ecb2087b15e3c774,f4f8b333745c8d46b75a9ffe8ca6d9611d1e332def287899739491beea35acdc,3aebd226d4086921b1a9f6262411f6edd99ebd6413425b6fe4df82e848834380,3aebd226d4086921b1a9f6262411f6edd99ebd6413425b6fe4df82e848834380,1,1,858,0,0,,,
GDP,GDPC1,1,early_quarter,2025Q2,2025-04-15,Dynamic Factor Model,2.9250519832658028,2.4835642539617417,2.399244651326252,-0.084319602635489765,0.44148772930406111,0.52580733193955087,0.19491141512605595,0.27647335032138903,0.081561935195333085,0.44148772930406111,0.52580733193955087,0.084319602635489765,1c87ea7d59c641078cc22ac2e429e3be781cbe5abd2806ad1beea4cca5672f2f,f74d82627ccf808f6d5d8b73a9539d9dd788d8dc001850e3dd7e74e75ccb38eb,a3e9c681c3b3056094d89677e5ec121e60127f4cdcb51747e5fc63aa6ca6a91d,a3e9c681c3b3056094d89677e5ec121e60127f4cdcb51747e5fc63aa6ca6a91d,1,1,1241,0,0,,,
GDP,GDPC1,2,after_month_1,2025Q2,2025-05-15,Dynamic Factor Model,2.9250519832658028,2.0034269768871531,1.9365226638513744,-0.066904313035778706,0.92162500637864975,0.98852931941442845,0.84939265238244621,0.97719021534195316,0.12779756295950695,0.92162500637864975,0.98852931941442845,0.066904313035778706,32e7550c5daeedf8df46042cb189f2347ca73e543d1ffd90be17b021a34560f8,be6b7a28324926d9ddae6e86d7eed470e324230d8759a232f3ec047dce77db3f,e0247faa4a7f385e54bffc5ca8c16b17ce56bcfb1881d9a989b7b12876cef469,e0247faa4a7f385e54bffc5ca8c16b17ce56bcfb1881d9a989b7b12876cef469,1,1,862,0,0,,,
GDP,GDPC1,3,after_month_2,2025Q2,2025-06-15,Bridge–DFM Ensemble,2.9250519832658028,1.990361667207023,1.6986883833778874,-0.2916732838291356,0.93469031605877984,1.2263635998879154,0.8736459869340617,1.5039676791300471,0.63032169219598544,0.93469031605877984,1.2263635998879154,0.2916732838291356,6bed1b832b7e14c8c4d7028fadb497806bd86851cd6db358d4fac57f7ed17910,23cc479a179988fe69ff45b882e22e8e6c88e01bfd4b6ada15637f0ed2bdcc5f,0b3f785336307db26f00c4575eb6ecd66880452a5993e9e571029fc0c5d42cb5,0b3f785336307db26f00c4575eb6ecd66880452a5993e9e571029fc0c5d42cb5,1,1,856,0,0,,,
GDP,GDPC1,4,quarter_end,2025Q2,2025-06-30,Rolling Bridge–DFM Ensemble,2.9250519832658028,1.6292375252773108,1.2913189206328182,-0.33791860464449264,1.295814457988492,1.6337330626329847,1.6791351095320095,2.669083719940152,0.98994861040814253,1.295814457988492,1.6337330626329847,0.33791860464449264,a4ea51a64cdb93cacf997cc10427cc83afe4ebb964468cbbe2850b037620ccc6,63a4ac378b0673f8fdfb9d4bd51b549ecf893e7d759ecbe35d04bf2418cc17ae,83b69a109105b3c7d1615ce90bb22c12b2f0ad896d6cc43deafd013bf02abe52,83b69a109105b3c7d1615ce90bb22c12b2f0ad896d6cc43deafd013bf02abe52,1,1,858,0,0,0,0.47842265982851057,0.50477829853567557
GDP,GDPC1,5,pre_advance_release,2025Q2,2025-07-29,Dynamic Factor Model,2.9250519832658028,1.8313188729557819,1.6228006110702875,-0.20851826188549438,1.093733110310021,1.3022513721955153,1.1962521165884326,1.6958586363851027,0.49960651979667015,1.093733110310021,1.3022513721955153,0.20851826188549438,364f92c145d08ccef85a61d43b6c8716c1ec443c02244c4178f279cdd2485d29,dd4b5ec9cde7b236046bc97f3c2de2385aa0af04e848eef4ae33ca91ec737c72,3c806d65f530d3c52b27161688c4f7cf144d3580ca692bf204eaee9413603df3,3c806d65f530d3c52b27161688c4f7cf144d3580ca692bf204eaee9413603df3,1,1,862,0,0,,,
GDP,GDPC1,1,early_quarter,2025Q3,2025-07-15,Dynamic Factor Model,4.2511297453771135,2.5451584654074622,2.4493510170631647,-0.095807448344297441,1.7059712799696514,1.8017787283139488,2.9103380080812906,3.2464065858046305,0.33606857772333987,1.7059712799696514,1.8017787283139488,0.095807448344297441,e7def4e38af92f8fb4d68f55a1228107df651ddf5274c0e66d46d31a2deaa559,3a1c091997130389fa053c16b7f867b03fa4d7b976d181d0bd37a97e5ab86121,56434e2b3c84da0d2e277b0f559afb6d75a09922bfb074c2fa4ce1569e99eeb2,56434e2b3c84da0d2e277b0f559afb6d75a09922bfb074c2fa4ce1569e99eeb2,1,1,860,0,0,,,
GDP,GDPC1,2,after_month_1,2025Q3,2025-08-15,Dynamic Factor Model,4.2511297453771135,2.256528272269362,2.3900969101420082,0.13356863787264617,1.9946014731077515,1.8610328352351053,3.9784350365236123,3.4634432138232145,-0.51499182270039778,1.9946014731077515,1.8610328352351053,-0.13356863787264617,7b3e95f884b36b09d4745877772cd041eecd5a47112306e3327bbb71664e70a5,a46743642e9e2104ae84266a619386bbbc6cdba24d891559465f17187a0e0805,3b55ed278bd8d1c04cfb348ccea80f137aee2a3dfbb1a02354926b05163e032b,3b55ed278bd8d1c04cfb348ccea80f137aee2a3dfbb1a02354926b05163e032b,1,1,868,0,0,,,
GDP,GDPC1,3,after_month_2,2025Q3,2025-09-15,Bridge–DFM Ensemble,4.2511297453771135,1.6711641922597553,2.1162468547634439,0.44508266250368855,2.5799655531173582,2.1348828906136696,6.6562222552721559,4.5577249566349778,-2.0984972986371782,2.5799655531173582,2.1348828906136696,-0.44508266250368855,ea82d19c2bb1d0c015dd8baa335cd3370b0b7a1577715386d59ab4c165aa20d6,f419423dd4f7c6d3e3b93021982b532ce400408d70737e337e2dce5a10672e1f,4f68361b2b658b83fcb8d1d9e0320be7a26ce40095632c5f3db67458b5b70d27,4f68361b2b658b83fcb8d1d9e0320be7a26ce40095632c5f3db67458b5b70d27,1,1,871,0,0,,,
GDP,GDPC1,4,quarter_end,2025Q3,2025-09-30,Rolling Bridge–DFM Ensemble,4.2511297453771135,1.4710991975581944,1.6522419280906633,0.18114273053246888,2.7800305478189191,2.5988878172864505,7.7285698468063595,6.754217886839931,-0.97435195996642854,2.7800305478189191,2.5988878172864505,-0.18114273053246865,61a2f111cd6d546eb8f42c02e95464e5ab3db2ec0e511c44277d357fd308e9d2,37cab6497dded969820019ef8a11b4976e6169126939938a4a5a3ab38af52d76,e067de69d4ca3029c92a7f27be2b4f7bbf1b992b351c96163c63eae2aeaa402c,e067de69d4ca3029c92a7f27be2b4f7bbf1b992b351c96163c63eae2aeaa402c,1,1,851,0,0,0,0.45245164058853016,0.4505746959112813
GDP,GDPC1,5,pre_advance_release,2025Q3,2025-12-22,Dynamic Factor Model,4.2511297453771135,2.2561662933363342,2.156975694544963,-0.099190598791371265,1.9949634520407793,2.0941540508321506,3.9798791749784628,4.3854811886167058,0.405602013638243,1.9949634520407793,2.0941540508321506,0.099190598791371265,2d04211d093ff7091d66a0b57b8dcef74b2a751b0022415a956b23d332d5a739,90bee2d93d12e61c7a34eb1ca6ac3eb8bf18e81f3bf2babfa345e03dbcbe8152,b1e1c6ca04c47f6dcc9de7f2674ec8019108e94dbc24a5914d2884333803afb0,b1e1c6ca04c47f6dcc9de7f2674ec8019108e94dbc24a5914d2884333803afb0,1,1,372,0,0,,,
GDP,GDPC1,1,early_quarter,2025Q4,2025-10-15,Dynamic Factor Model,1.4125209345351664,1.962860695264586,1.9229192725304389,-0.039941422734147025,-0.55033976072941959,-0.51039833799527257,0.3028738522397148,0.2605064634283365,-0.042367388811378304,0.55033976072941959,0.51039833799527257,-0.039941422734147025,c6b9ec2eea097207dac72c9b562a122174f53e5cb4dc21529723525b8ce897f0,bf89450cbe2c8445c49d10d86dabd94b08c151367ff775069188f08d4b58031c,8e8545cd4b424af0df17ef4763de9b010d98c296c2d1576c3161197e2a1685d6,8e8545cd4b424af0df17ef4763de9b010d98c296c2d1576c3161197e2a1685d6,1,1,851,0,0,,,
GDP,GDPC1,2,after_month_1,2025Q4,2025-11-15,Dynamic Factor Model,1.4125209345351664,1.7365958319597818,1.7283302796233273,-0.0082655523364545402,-0.32407489742461548,-0.31580934508816094,0.10502453914077504,0.09973554244501312,-0.0052889966957619244,0.32407489742461548,0.31580934508816094,-0.0082655523364545402,d89e7f2e0a2512a63cc9fa6b1c53604130ef4671ddc2337e6841aaada1eb9de2,0a182220724f60ca6be43f1fdda90b5a79efc788f27bc0e1a0b5584d27bea460,a951651767a84441d5aa67d9c35336fa2fa7194f425715d2399c5be62a7314c1,a951651767a84441d5aa67d9c35336fa2fa7194f425715d2399c5be62a7314c1,1,1,852,0,0,,,
GDP,GDPC1,3,after_month_2,2025Q4,2025-12-15,Bridge–DFM Ensemble,1.4125209345351664,1.3434763958319373,1.3277598634529277,-0.015716532379009607,0.069044538703229019,0.084761071082238626,0.0047671483247416898,0.007184439171008309,0.0024172908462666192,0.069044538703229019,0.084761071082238626,0.015716532379009607,31be881528c069f87a41fd489e0fe6a4007aae61c4e5823e06793bfc2e6dc4d9,4620988b0c4abc10c4d5c3ff61ecac13d86ba6f6d3fadab5b91f4b70eaa7d9e2,58e22b55c35c3be2bd4dacc30f2aa31d6ab31a05ba0a422d0910234c5572230e,58e22b55c35c3be2bd4dacc30f2aa31d6ab31a05ba0a422d0910234c5572230e,1,1,368,0,0,,,
GDP,GDPC1,4,quarter_end,2025Q4,2025-12-31,Rolling Bridge–DFM Ensemble,1.4125209345351664,1.2440376293243163,1.4986589851880949,0.25462135586377865,0.16848330521085009,-0.086138050652928566,0.028386624134772463,0.0074197637702864876,-0.020966860364485976,0.16848330521085009,0.086138050652928566,-0.082345254557921521,3f921aff67b1bdd9a20c1566e18cd6b802df54416bc8771c71e73ba3dc229693,33813fb652216cfb42b242b0bf8879875d20706c35245f7def84cb1b56500148,782703e31be4534ee8c8d1d4fc5663876b2d4005e8d6457bc8bc69eb36ec70ca,782703e31be4534ee8c8d1d4fc5663876b2d4005e8d6457bc8bc69eb36ec70ca,1,1,373,0,0,0,0.43845531031208795,0.43792827741109841
GDP,GDPC1,5,pre_advance_release,2025Q4,2026-02-19,Dynamic Factor Model,1.4125209345351664,1.8005327659206583,1.757239534040139,-0.043293231880519256,-0.38801183138549189,-0.34471859950497263,0.15055318129512338,0.11883091284466972,-0.031722268450453658,0.38801183138549189,0.34471859950497263,-0.043293231880519256,0278feb160f44b023d860b5053e7c7bbeeeb8db6bf8f4dd0deb3974f35e892f0,c7e75ee3a542a02ad748ecce70124964295513decb7090108f1bdf6115c0ec56,24548fc67f7790cfb9952902b8a49ebd59d2fa23b9270e4a8f8642218feda3b9,24548fc67f7790cfb9952902b8a49ebd59d2fa23b9270e4a8f8642218feda3b9,1,1,74,0,0,,,
GDP,GDPC1,1,early_quarter,2026Q1,2026-01-15,Dynamic Factor Model,1.9701855346021091,2.5193798658793018,2.4296138269381511,-0.089766038941150761,-0.54919433127719275,-0.45942829233604199,0.30161441350700291,0.21107435579881165,-0.090540057708191263,0.54919433127719275,0.45942829233604199,-0.089766038941150761,45dd404584619b54df9d08325bcd88c3d45398a3edf347e5cf76632d58e5c22a,52c5aec649c984f7d059e6d11d2688973b26a289b92c284d856ed0e8edc63ec5,b6c7da42f4c365191525319200a9688b4795eecf815460c234b6c65ab35d72d5,b6c7da42f4c365191525319200a9688b4795eecf815460c234b6c65ab35d72d5,1,1,368,0,0,,,
GDP,GDPC1,2,after_month_1,2026Q1,2026-02-15,Dynamic Factor Model,1.9701855346021091,2.8159737333676316,2.7872513535530472,-0.028722379814584365,-0.84578819876552247,-0.81706581895093811,0.71535767717102694,0.66759655249796712,-0.047761124673059818,0.84578819876552247,0.81706581895093811,-0.028722379814584365,7e4bb5ccffc875ee05bb59f8f24bd7da52e50f2d62c6d5c5056684a5448317ca,6af985175172bc240274759514c06f10a84b1a86ce1d32b3ce55ec212c6bae7d,866f0997fb2bb6c9d620f3255ae0b5ad3c0d8431633ce2777689674ccd3feccf,866f0997fb2bb6c9d620f3255ae0b5ad3c0d8431633ce2777689674ccd3feccf,1,1,72,0,0,,,
GDP,GDPC1,3,after_month_2,2026Q1,2026-03-15,Bridge–DFM Ensemble,1.9701855346021091,3.3208306644829619,2.4979928739221302,-0.82283779056083173,-1.3506451298808528,-0.52780733932002111,1.8242422668708658,0.27858058744007991,-1.5456616794307858,1.3506451298808528,0.52780733932002111,-0.82283779056083173,6edb1c0eca6c4f43375ff90581f955eaa237da3077c0ee9bf8ad48ccf16bebd9,5cf1bbb2bffd0009b1ba538fb898dbc00a5fc078013d56129040895a11a21fda,0f7928b74e4794b976c315fee0054cd8ab9b0a919efb7d1493f21b55f5750f46,0f7928b74e4794b976c315fee0054cd8ab9b0a919efb7d1493f21b55f5750f46,1,1,76,0,0,,,
GDP,GDPC1,4,quarter_end,2026Q1,2026-03-31,Rolling Bridge–DFM Ensemble,1.9701855346021091,3.1302605046477519,2.8406705041914266,-0.28959000045632521,-1.1600749700456428,-0.87048496958931754,1.345773936126399,0.75774408228091505,-0.5880298538454839,1.1600749700456428,0.87048496958931754,-0.28959000045632521,c4a02f0026a9fe88fd4ddd26fd297d3c97936ae5780c3d8d4f793d9d3bdc075d,df9993076fb3f1d209702203cd148b0186a94f4177254da80d4baa656dde7101,186479f932aa460bcf9348a55eba1ad2096a6514a2613c6f10d21d4c0bbcd74e,186479f932aa460bcf9348a55eba1ad2096a6514a2613c6f10d21d4c0bbcd74e,1,1,76,0,0,0,0.45534027093185359,0.44741011928899055
GDP,GDPC1,5,pre_advance_release,2026Q1,2026-04-29,Dynamic Factor Model,1.9701855346021091,2.4233479275160388,2.3756526612151401,-0.047695266300898709,-0.45316239291392968,-0.40546712661303097,0.20535615435147878,0.16440359076382768,-0.040952563587651092,0.45316239291392968,0.40546712661303097,-0.047695266300898709,523f72b5935c3f3c8a9e7760cfcfab5626484cc86bd821e5128197d7e26a8200,ff6d17849784389f98db111bc17d60603f64f1de218d052d0e24a7689b26722e,a0c090afa009c90b443a53d32126d6f5a9a31a782c2b0f4b2b9ee52bf1d93688,a0c090afa009c90b443a53d32126d6f5a9a31a782c2b0f4b2b9ee52bf1d93688,1,1,76,0,0,,,
Inflation,CPIAUCSL,1,month_open,2023-02,2023-02-01,Inflation Ridge-AR Ensemble,4.4318730380084048,1.8666441852025841,2.5622808989373387,0.69563671373475455,2.5652288528058209,1.8695921390710661,6.5803990672674679,3.4953747664763246,-3.0850243007911433,2.5652288528058209,1.8695921390710661,-0.69563671373475477,30bd2a746b5627992ad31d6598e4a35a8669f48041c568df44c48cf034f7b626,d9deb4a3608581c022c6b21b1126d86a318a2b298829a7b84e493f3cd679fd33,ef970de4f70179de72c01362ee6ee7771ac29812f6be8f5a98ebfda3f19a59fb,ef970de4f70179de72c01362ee6ee7771ac29812f6be8f5a98ebfda3f19a59fb,1,1,1333,0,0,,,
Inflation,CPIAUCSL,2,mid_month,2023-02,2023-02-15,Inflation Bridge Ridge,4.4318730380084048,3.2228808132249891,3.6833365816912571,0.46045576846626801,1.2089922247834157,0.74853645631714771,1.4616621995867531,0.56030682643583318,-0.90135537315091996,1.2089922247834157,0.74853645631714771,-0.46045576846626801,8a6aa5b331d2800440fc5070284d13bec46ca8e8cf8f0b64f2d774d7a346d845,9c811b41abf1f0a09af3f797add7b3d5469a95fe2f8932bd1de8af5452471a2e,dabfe64599e3776a5854eb340efd02704116e3ce8b132c5b7a2000b3a771a6f6,dabfe64599e3776a5854eb340efd02704116e3ce8b132c5b7a2000b3a771a6f6,1,1,1258,0,0,,,
Inflation,CPIAUCSL,3,month_end,2023-02,2023-02-28,Inflation Bridge Ridge,4.4318730380084048,4.1255911250407973,4.0175079076052445,-0.10808321743555283,0.30628191296760754,0.41436513040316036,0.093808610211097113,0.1716984612940281,0.077889851082930991,0.30628191296760754,0.41436513040316036,0.10808321743555283,cb70f1083227814a12434e0b70c1200ca41999978ef528db99612996b9f10dfd,843a9992afe03c80f95ae1bdae8bd63b34c7b9de70f71dbb8c4519bbfb62a5b2,a92da34da69ed1b560febae9de711fd40247ee01668175979981cd2aa98cc3dc,a92da34da69ed1b560febae9de711fd40247ee01668175979981cd2aa98cc3dc,1,1,1262,0,0,,,
Inflation,CPIAUCSL,4,pre_release,2023-02,2023-03-13,Inflation Bridge Ridge,4.4318730380084048,4.0805814745681142,4.0175079076052445,-0.063073566962869698,0.35129156344029067,0.41436513040316036,0.12340576254432375,0.1716984612940281,0.048292698749704349,0.35129156344029067,0.41436513040316036,0.063073566962869698,c91425f67efe5d51fa6c27e95c6daeb7211d5f17f38bbcfc50975816d8e59904,70e8048b4b35e0e52aee6ba41ce77b0a1b66b9cc0450f8eb1b1c089ff58a5f46,4e8a496cf9d51a3757bcb514240048e38d9b77caf5241b5e268cbaf7e04af869,4e8a496cf9d51a3757bcb514240048e38d9b77caf5241b5e268cbaf7e04af869,1,1,1263,0,0,,,
Inflation,CPIAUCSL,1,month_open,2023-03,2023-03-01,Inflation Ridge-AR Ensemble,0.63633472696977833,4.6972658040869746,3.9221943356008389,-0.77507146848613573,-4.0609310771171963,-3.2858596086310605,16.49116121309623,10.796873367633067,-5.6942878454631636,4.0609310771171963,3.2858596086310605,-0.77507146848613573,db99f1f4d4d3334eaef59b89950f48ee9bb1f8678fcf1d30d0bfaa5b720ee4df,52c51c99756d9eb0456f7ce862f0b919ab434d90d883f114f40b4d1ef53b79ac,0dfc642a50ac8a9917618a26f2442c08ef652f99134c03cf7019eee0b285d8b6,0dfc642a50ac8a9917618a26f2442c08ef652f99134c03cf7019eee0b285d8b6,1,1,1262,0,0,,,
Inflation,CPIAUCSL,2,mid_month,2023-03,2023-03-15,Inflation Bridge Ridge,0.63633472696977833,3.7537713775668817,3.6059182383289281,-0.14785313923795362,-3.1174366505971034,-2.9695835113591498,9.7184112704860866,8.8184262309361383,-0.89998503954994824,3.1174366505971034,2.9695835113591498,-0.14785313923795362,c24597678917fa9998f96e86831764202da9a46463c27a4e17b3e2dbde45d766,c67775c317c32d604d8cc8eef6e60083852d0604e603bc0f20dd44385a76c75b,baa4b1fa94f0154c28c9f535e620d8bfd5387abe04813564a13b5d80bdc52bcc,baa4b1fa94f0154c28c9f535e620d8bfd5387abe04813564a13b5d80bdc52bcc,1,1,1268,0,0,,,
Inflation,CPIAUCSL,3,month_end,2023-03,2023-03-31,Inflation Bridge Ridge,0.63633472696977833,3.7537713775668817,3.6059182383289281,-0.14785313923795362,-3.1174366505971034,-2.9695835113591498,9.7184112704860866,8.8184262309361383,-0.89998503954994824,3.1174366505971034,2.9695835113591498,-0.14785313923795362,dbd9eef0029676b046856fff4475ab9b8493c33323f171e88807ce15d8dfd6c8,4c1f821a6e5039eab5383db364533421b4e3a91f3612c7155180d60b5b8af3f0,9a181cf613e2de9c5098325f2944d3d0d514556e5c95aa59e4d485041658f75c,9a181cf613e2de9c5098325f2944d3d0d514556e5c95aa59e4d485041658f75c,1,1,1270,0,0,,,
Inflation,CPIAUCSL,4,pre_release,2023-03,2023-04-11,Inflation Bridge Ridge,0.63633472696977833,3.7645340498841433,3.6059182383289281,-0.1586158115552152,-3.128199322914365,-2.9695835113591498,9.7856310038818908,8.8184262309361383,-0.96720477294575247,3.128199322914365,2.9695835113591498,-0.1586158115552152,dd6b39c918271d98b4c0205aaf3ae8860e4f295e048987ee9f3eecb5caa2b4e1,a9587060eb140a551c24e0374c3cd79cfaf370f1d946fe203c39735df9451e56,826d5d53740686fd584ca50cc7d1e6ece0c61c8d2e91603486dd03817debdfbd,826d5d53740686fd584ca50cc7d1e6ece0c61c8d2e91603486dd03817debdfbd,1,1,1270,0,0,,,
Inflation,CPIAUCSL,1,month_open,2023-04,2023-04-01,Inflation Ridge-AR Ensemble,4.4053058606191797,2.7693402781276886,3.0513008520969978,0.28196057396930918,1.6359655824914912,1.354005008522182,2.676383387096724,1.8333295631031541,-0.84305382399356987,1.6359655824914912,1.354005008522182,-0.28196057396930918,32673152a99d3263f3f9ed8560cc6ba755c24bb424dae7e956134f442cc46d9a,2aba6bb3773f49429ed36fdd1b8ce6cd7b8b8843550e2cc5f266e9fe9da1f698,9a181cf613e2de9c5098325f2944d3d0d514556e5c95aa59e4d485041658f75c,9a181cf613e2de9c5098325f2944d3d0d514556e5c95aa59e4d485041658f75c,1,1,1270,0,0,,,
Inflation,CPIAUCSL,2,mid_month,2023-04,2023-04-15,Inflation Bridge Ridge,4.4053058606191797,-0.42593691255574795,0.51013939540645725,0.9360763079622052,4.8312427731749281,3.8951664652127223,23.34090673335497,15.172321791717774,-8.1685849416371958,4.8312427731749281,3.8951664652127223,-0.93607630796220587,24f87b813e26fb3b81c056ed9d88901f2c30ae987130cda85ad254b128511a68,a6b25afbd690bb5f1a60409f2c8c9eae3104625d392d70977739a9efa888a7a5,3bbbefd21c3fb506207f09d4328687d801a0c707da37af8d70b59baa3498448b,3bbbefd21c3fb506207f09d4328687d801a0c707da37af8d70b59baa3498448b,1,1,1275,0,0,,,
Inflation,CPIAUCSL,3,month_end,2023-04,2023-04-30,Inflation Bridge Ridge,4.4053058606191797,-0.42593691255574795,0.51013939540645725,0.9360763079622052,4.8312427731749281,3.8951664652127223,23.34090673335497,15.172321791717774,-8.1685849416371958,4.8312427731749281,3.8951664652127223,-0.93607630796220587,b21663aae72afaada0e5e4c60247f75fc2908ae0e0a8fac2b14e3eb37a170755,fb47096d18da29a89cdbd4eb91d033f70eff098777573bfc3269a1ff54b9cf65,a39d4c0a20d69e25053db7911bcd19a846b202995b4fc93fe9a60f4e633f9b7f,a39d4c0a20d69e25053db7911bcd19a846b202995b4fc93fe9a60f4e633f9b7f,1,1,1278,0,0,,,
Inflation,CPIAUCSL,4,pre_release,2023-04,2023-05-09,Inflation Bridge Ridge,4.4053058606191797,-0.36242735873923015,0.51013939540645725,0.87256675414568741,4.7677332193584103,3.8951664652127223,22.731280050973712,15.172321791717774,-7.5589582592559381,4.7677332193584103,3.8951664652127223,-0.87256675414568807,70701eb87515f29a738d6afead804bcdb00ca733c833b7095fc8089cf0302b75,fe8eb48173439449a3547ef6818e5bdec663978bf5f4c17cfbb72081bc5791f7,b922ad171ce763003b2cc7a6dd9c9d0eeb8420396b607153f2fdc945cfdde6a2,b922ad171ce763003b2cc7a6dd9c9d0eeb8420396b607153f2fdc945cfdde6a2,1,1,1279,0,0,,,
Inflation,CPIAUCSL,1,month_open,2023-05,2023-05-01,Inflation Ridge-AR Ensemble,1.4885883415676204,2.1349793531768544,2.9934047581754895,0.85842540499863507,-0.64639101160923396,-1.504816416607869,0.41782133988920883,2.2644724476925475,1.8466511078033387,0.64639101160923396,1.504816416607869,0.85842540499863507,c40dc0e288acf44de093f257dd91ced1a042449c69581796e5c72d64a383200e,a353b6e24cabfbe4c1f7a3035f45c5c5dfcfbb55f8f63e56c1a32ae6914aa225,f4666a5ae4c52e6315ab9f94c6c096b942930f4fae1720215295de51e3f5dc62,f4666a5ae4c52e6315ab9f94c6c096b942930f4fae1720215295de51e3f5dc62,1,1,1278,0,0,,,
Inflation,CPIAUCSL,2,mid_month,2023-05,2023-05-15,Inflation Bridge Ridge,1.4885883415676204,4.6653386479855783,5.2644956911582268,0.59915704317264851,-3.1767503064179579,-3.7759073495906064,10.09174250932659,14.257476312692358,4.165733803365768,3.1767503064179579,3.7759073495906064,0.59915704317264851,5a53e4c54994844b836b9488eadd3536e0c958570641ae4d93cd978d90c91e5c,6bf71bab357f9838abba9c9d089ddbd964d6ce2376819a78d8e946e22a8b437c,2c8016fe954cd9020c378091d492f26b2a5a081ab72bbaabb3aaa5bb7c7d20c2,2c8016fe954cd9020c378091d492f26b2a5a081ab72bbaabb3aaa5bb7c7d20c2,1,1,1284,0,0,,,
Inflation,CPIAUCSL,3,month_end,2023-05,2023-05-31,Inflation Bridge Ridge,1.4885883415676204,4.6653386479855783,5.2644956911582268,0.59915704317264851,-3.1767503064179579,-3.7759073495906064,10.09174250932659,14.257476312692358,4.165733803365768,3.1767503064179579,3.7759073495906064,0.59915704317264851,d1d37f7b62b103a5c74d2bf435831aaeb9e86c1d4234ce128b98eb56d3f035b8,3328343759e5f2fa2c69c14b765be84cc1046bcc9b26897895c779eca7c2dd41,d8d5dda1f274474dff479051aef36264246290905832b66292b23e57ce8d7b60,d8d5dda1f274474dff479051aef36264246290905832b66292b23e57ce8d7b60,1,1,1286,0,0,,,
Inflation,CPIAUCSL,4,pre_release,2023-05,2023-06-12,Inflation Bridge Ridge,1.4885883415676204,4.6066229494516087,5.2644956911582268,0.65787274170661814,-3.1180346078839882,-3.7759073495906064,9.7221398159622563,14.257476312692358,4.5353364967301015,3.1180346078839882,3.7759073495906064,0.65787274170661814,9ce9a11105821e09ff3008847fd55292b5213ee91304d12308ed111816d924ef,e4e163aefe74180641057d60ca72552bd2283392c517e851aafc8ae07d6fb2f2,2e4acc9eb4706d52ca0d794a154e6f5fec0f23f2895bf8bab58582942104d8d8,2e4acc9eb4706d52ca0d794a154e6f5fec0f23f2895bf8bab58582942104d8d8,1,1,1288,0,0,,,
Inflation,CPIAUCSL,1,month_open,2023-06,2023-06-01,Inflation Ridge-AR Ensemble,2.1622873911194773,3.1834252193096595,3.111111795846913,-0.072313423462746496,-1.0211378281901822,-0.94882440472743568,1.042722464160962,0.90026775100637269,-0.14245471315458935,1.0211378281901822,0.94882440472743568,-0.072313423462746496,7651bf41614253de85a8ccd1403b43ce653e69223fde0edfebb94e51992102ba,a2e7da90e0cba1a623bcb08cfff385b414914ad17586fffc9efdcfd0f9631a9c,94676259880cf8366bf24b7ec7e330d090ff5ccd59c6ae3da676305e291013b1,94676259880cf8366bf24b7ec7e330d090ff5ccd59c6ae3da676305e291013b1,1,1,1286,0,0,,,
Inflation,CPIAUCSL,2,mid_month,2023-06,2023-06-15,Inflation Bridge Ridge,2.1622873911194773,1.7248623542939545,1.5459918500476024,-0.17887050424635209,0.43742503682552281,0.6162955410718749,0.19134066284180998,0.37982019394507505,0.18847953110326507,0.43742503682552281,0.6162955410718749,0.17887050424635209,1d08b874d7bce4f6418361d7e9e35acbb28fb786e60bda8c15f016e0a267febc,c43db380c4dfbd878cdd2d10dac665d3bd4f8754550d232c5ff3866c81b1a32c,5ceddefad5badcaad26f7de0e1365ddacfe2e426da3e8de97782240211dace5e,5ceddefad5badcaad26f7de0e1365ddacfe2e426da3e8de97782240211dace5e,1,1,1293,0,0,,,
Inflation,CPIAUCSL,3,month_end,2023-06,2023-06-30,Inflation Bridge Ridge,2.1622873911194773,1.7248623542939545,1.5459918500476024,-0.17887050424635209,0.43742503682552281,0.6162955410718749,0.19134066284180998,0.37982019394507505,0.18847953110326507,0.43742503682552281,0.6162955410718749,0.17887050424635209,b92ae93bc8ff4e7485c1447cd9cb23ba00c85f6fed425f139954b509402dc803,0068cd3c38020a318e527c19d942248530e0c8eba4c2cfbfc4a0dc5dacf7405c,a6511e03d786bfe6e3fe0d78fb67ef9cf4aa58331e50545e36c9217227532357,a6511e03d786bfe6e3fe0d78fb67ef9cf4aa58331e50545e36c9217227532357,1,1,1295,0,0,,,
Inflation,CPIAUCSL,4,pre_release,2023-06,2023-07-11,Inflation Bridge Ridge,2.1622873911194773,1.7725588297610395,1.5459918500476024,-0.22656697971343709,0.38972856135843781,0.6162955410718749,0.15188835153851762,0.37982019394507505,0.22793184240655742,0.38972856135843781,0.6162955410718749,0.22656697971343709,2a791de08fcd83b9da63bfc41e2aa43b28f7fa855d6cb2e4109483b71383a620,e6622a5dce6f38db77dfc882c2617aa67fcc586aa074759dbce0131a371a308b,cd2d286c40cbd92d6aa5113af7d665e28916a3bebf43070f5b7e3adb38d01f45,cd2d286c40cbd92d6aa5113af7d665e28916a3bebf43070f5b7e3adb38d01f45,1,1,1296,0,0,,,
Inflation,CPIAUCSL,1,month_open,2023-07,2023-07-01,Inflation Ridge-AR Ensemble,2.0006943267020461,2.4347883462412021,2.4178084264114288,-0.016979919829773316,-0.43409401953915605,-0.41711409970938274,0.1884376177996612,0.17398417217636888,-0.014453445623292316,0.43409401953915605,0.41711409970938274,-0.016979919829773316,772d853be45298023544f2d92b64ba3a8f809b150ffaa189716d3bcf8d0d4e4d,8146317ea26be3fd13e3d6f69a85141ab2235ec1c9877c2a3090e3ce5b3462e0,a6511e03d786bfe6e3fe0d78fb67ef9cf4aa58331e50545e36c9217227532357,a6511e03d786bfe6e3fe0d78fb67ef9cf4aa58331e50545e36c9217227532357,1,1,1295,0,0,,,
Inflation,CPIAUCSL,2,mid_month,2023-07,2023-07-15,Inflation Bridge Ridge,2.0006943267020461,2.8068642491670963,3.4512612656751229,0.64439701650802661,-0.80616992246505026,-1.4505669389730769,0.64990994388730516,2.1041444444417223,1.4542345005544171,0.80616992246505026,1.4505669389730769,0.64439701650802661,89027fe9e485f8e383ea0d772ef18067f845d85a2ef90610397154b79eacb5e0,e5b51fae57e5f8fd86390939d7404200e0ac2e639d10f2e0aacf8a03d956357f,f76cf915a06ba462fb3827a5332017d503a67ac36270c0d8242eda167df4687b,f76cf915a06ba462fb3827a5332017d503a67ac36270c0d8242eda167df4687b,1,1,1301,0,0,,,
Inflation,CPIAUCSL,3,month_end,2023-07,2023-07-31,Inflation Bridge Ridge,2.0006943267020461,2.8068642491670963,3.4512612656751229,0.64439701650802661,-0.80616992246505026,-1.4505669389730769,0.64990994388730516,2.1041444444417223,1.4542345005544171,0.80616992246505026,1.4505669389730769,0.64439701650802661,8abf16ba027a6d7454bffeb54143bf215ce42b236ff9002b8da5a7bc61e1a7e1,0dae2e3f5a3029c5971f161a3fd8d5ebe12132c698e98e56f55f5028f5851209,b85afdc388154a478994401ebef157787c5436ea06bd402a4b9a460b99b267ba,b85afdc388154a478994401ebef157787c5436ea06bd402a4b9a460b99b267ba,1,1,1303,0,0,,,
Inflation,CPIAUCSL,4,pre_release,2023-07,2023-08-09,Inflation Bridge Ridge,2.0006943267020461,2.8313497838680934,3.4512612656751229,0.61991148180702949,-0.83065545716604738,-1.4505669389730769,0.68998848851973515,2.1041444444417223,1.4141559559219872,0.83065545716604738,1.4505669389730769,0.61991148180702949,fbfcd5e1bcab8eba5d5eb6f41cf1dee16231cac9b6fc80ef24dcbc88d6667b6c,664a1b8e7dfa0ff470fb4dbe053c43a83fd875bfa9b171f86883f6972fa3f45c,69be158e0b1365d626422c3252fa4f243755c360e70dbee2f14b346d90a20cf2,69be158e0b1365d626422c3252fa4f243755c360e70dbee2f14b346d90a20cf2,1,1,1304,0,0,,,
Inflation,CPIAUCSL,1,month_open,2023-08,2023-08-01,Inflation Ridge-AR Ensemble,7.5504206569227961,3.4340780500206596,3.8429717262534862,0.40889367623282658,4.1163426069021369,3.7074489306693099,16.94427645739788,13.74517757352101,-3.1990988838768697,4.1163426069021369,3.7074489306693099,-0.40889367623282702,14e5e80143efbaecbec28ae3af68a385e1236611e647b34a42dcabbed821774f,5848d3d90d8fb3cb83305553b11559372eedfad2967ca0c6593a72150bf2bed8,8dab094f5bdcbfff875dd0826ad96d33a9b4e062e019836430e36982ce51971c,8dab094f5bdcbfff875dd0826ad96d33a9b4e062e019836430e36982ce51971c,1,1,1303,0,0,,,
Inflation,CPIAUCSL,2,mid_month,2023-08,2023-08-15,Inflation Bridge Ridge,7.5504206569227961,4.8343448155525497,5.3744928201360542,0.54014800458350454,2.7160758413702464,2.1759278367867418,7.3770679760750921,4.7346619509034298,-2.6424060251716623,2.7160758413702464,2.1759278367867418,-0.54014800458350454,9cc2c2745a298698df6c4f34ca2408a44f30fa474f8671fa4f1e4295603404a2,8bf42348241ea93b70afc1bdca9936cb80d130a39ffb6f692ea15d2789024178,352986a98748b8b518cdc05afc969df167ce7ce24505eb68cccedf2a54c730fa,352986a98748b8b518cdc05afc969df167ce7ce24505eb68cccedf2a54c730fa,1,1,1309,0,0,,,
Inflation,CPIAUCSL,3,month_end,2023-08,2023-08-31,Inflation Bridge Ridge,7.5504206569227961,4.8343448155525497,5.3744928201360542,0.54014800458350454,2.7160758413702464,2.1759278367867418,7.3770679760750921,4.7346619509034298,-2.6424060251716623,2.7160758413702464,2.1759278367867418,-0.54014800458350454,c299c45efa306601544e041365cc364368d1840074da8d2a35e92e74b808789c,e41aa2d2c7aaca44a5724d358074f5f74151c5612e88fb6f18377c969a94c4f6,4a059c3e858ca1bfce981e01c3ab67c98660107278ce9ecf2bb4bffb044225db,4a059c3e858ca1bfce981e01c3ab67c98660107278ce9ecf2bb4bffb044225db,1,1,1311,0,0,,,
Inflation,CPIAUCSL,4,pre_release,2023-08,2023-09-12,Inflation Bridge Ridge,7.5504206569227961,4.8343448155525497,5.3744928201360542,0.54014800458350454,2.7160758413702464,2.1759278367867418,7.3770679760750921,4.7346619509034298,-2.6424060251716623,2.7160758413702464,2.1759278367867418,-0.54014800458350454,25036deadb3b0974afcbd24f1c13ad75fca3516d83838819ad05562fc6cf1f50,f834bb16b01ddb7721ef57dddb19523a68fdf9e268b3bc6d688ab6e374afcdff,1128bffd82f6be8ac7febddfe079663eab3b3696119eb9e4f053be7ffcde542d,1128bffd82f6be8ac7febddfe079663eab3b3696119eb9e4f053be7ffcde542d,1,1,1313,0,0,,,
Inflation,CPIAUCSL,1,month_open,2023-09,2023-09-01,Inflation Ridge-AR Ensemble,4.7393951626556685,3.7606285144972906,4.177071493688997,0.41644297919170636,0.97876664815837788,0.56232366896667152,0.95798415154718586,0.31620790868013876,-0.64177624286704704,0.97876664815837788,0.56232366896667152,-0.41644297919170636,b85a328ae132025b941fa72de3c6759b46734f451777c72148c74dfd12a5e3ce,2b590fa20fcd468751462341d3c9d664b262644c7d6e6c3de70cdd6cb885088e,ee8dbaa69d0dd74138e1ef1a4c31899226723bc2934483cc81c9033af016dece,ee8dbaa69d0dd74138e1ef1a4c31899226723bc2934483cc81c9033af016dece,1,1,1313,0,0,,,
Inflation,CPIAUCSL,2,mid_month,2023-09,2023-09-15,Inflation Bridge Ridge,4.7393951626556685,5.4288142821168464,5.3951442427021252,-0.033670039414721131,-0.68941911946117784,-0.65574908004645671,0.4752987222786258,0.43000685598177429,-0.045291866296851502,0.68941911946117784,0.65574908004645671,-0.033670039414721131,61e5ff22c1712efb73e9d56a561747473a23ba97f849c34eb9865177f289d33f,3daa95505696e48f8f73cbb90288337eacba6440ac9f5ae2453279f005448311,e8d510ef09d0a397a43c47233f8be7a02592b392c006db06ad19d80f61f78734,e8d510ef09d0a397a43c47233f8be7a02592b392c006db06ad19d80f61f78734,1,1,1318,0,0,,,
Inflation,CPIAUCSL,3,month_end,2023-09,2023-09-30,Inflation Bridge Ridge,4.7393951626556685,5.434618905422079,5.3951442427021252,-0.039474662719953812,-0.69522374276641052,-0.65574908004645671,0.48333605250613615,0.43000685598177429,-0.053329196524361855,0.69522374276641052,0.65574908004645671,-0.039474662719953812,a8b9090e854655e2a7df78c3a56653fd01ce034c9dc56dbec062b83091192828,7b0f251085bebdb90c2390113067c368144c9e4de51549aa86e35bd66629c739,cf5c515f0031178cfd7d9840ecc834028989c94b0c180647e4890c8b6df6c57f,cf5c515f0031178cfd7d9840ecc834028989c94b0c180647e4890c8b6df6c57f,1,1,500,0,0,,,
Inflation,CPIAUCSL,4,pre_release,2023-09,2023-10-11,Inflation Bridge Ridge,4.7393951626556685,5.9245621870887959,5.3951442427021252,-0.52941794438667067,-1.1851670244331274,-0.65574908004645671,1.4046208758036731,0.43000685598177429,-0.97461401982189888,1.1851670244331274,0.65574908004645671,-0.52941794438667067,21e8f51745d87973df7091e4c63e8d6e289c7b50ac4eaf3a2bf13a70b5955472,41cd8d133c37ff46575fdc7ca4e8f7f57a30004e7bbccc1626a73015aeb029e6,34f783bee5d5427fed6965fc39f2bd23875e63facaedc16aaf012dd5989aae67,34f783bee5d5427fed6965fc39f2bd23875e63facaedc16aaf012dd5989aae67,1,1,503,0,0,,,
Inflation,CPIAUCSL,1,month_open,2023-10,2023-10-01,Inflation Ridge-AR Ensemble,0.53844904171214125,4.8284941639858969,4.0223122745037561,-0.80618188948214087,-4.2900451222737557,-3.4838632327916148,18.404487151144842,12.137303024797241,-6.2671841263476011,4.2900451222737557,3.4838632327916148,-0.80618188948214087,3a26df0d3895e07bab51d56556b6001227ed70942d6dda4e93c5ebce84cdeebc,f1429f2ae5e03c0edc44d9ed8f6728372dc07188c354af7530374bc465276ba7,cf5c515f0031178cfd7d9840ecc834028989c94b0c180647e4890c8b6df6c57f,cf5c515f0031178cfd7d9840ecc834028989c94b0c180647e4890c8b6df6c57f,1,1,500,0,0,,,
Inflation,CPIAUCSL,2,mid_month,2023-10,2023-10-15,Inflation Bridge Ridge,0.53844904171214125,5.9405372338341405,5.407678261268515,-0.53285897256562542,-5.4020881921219992,-4.8692292195563738,29.182556835463931,23.709393192581572,-5.4731636428823585,5.4020881921219992,4.8692292195563738,-0.53285897256562542,a424c78a7cd11f5b4ff41db85df2beea0102fc337d3c877f62063e1e9488380d,917d556e24a7944b9bbf9bc6bd345d88d0f921712684ab74523ae6eb5a37be49,c8b47b4db05f85c00ed6c117e5b87a9dd33b46f764b454bab09f2f4a0acbceee,c8b47b4db05f85c00ed6c117e5b87a9dd33b46f764b454bab09f2f4a0acbceee,1,1,507,0,0,,,
Inflation,CPIAUCSL,3,month_end,2023-10,2023-10-31,Inflation Bridge Ridge,0.53844904171214125,5.9405372338341405,5.407678261268515,-0.53285897256562542,-5.4020881921219992,-4.8692292195563738,29.182556835463931,23.709393192581572,-5.4731636428823585,5.4020881921219992,4.8692292195563738,-0.53285897256562542,2949285386a43565a033f492f774a76efe02f8f074faff23a4539ac02b94dea7,1355f8d927f34812da8728848638ae0a9b4db9597730360eebdbcb2546a00f38,16cdea2a7bea79dc5673174cfbd3849e30c2f45cc210da351d08bdd5750fe4e1,16cdea2a7bea79dc5673174cfbd3849e30c2f45cc210da351d08bdd5750fe4e1,1,1,509,0,0,,,
Inflation,CPIAUCSL,4,pre_release,2023-10,2023-11-13,Inflation Bridge Ridge,0.53844904171214125,6.0489502111041293,5.407678261268515,-0.64127194983561431,-5.5105011693919881,-4.8692292195563738,30.365623137870468,23.709393192581572,-6.6562299452888958,5.5105011693919881,4.8692292195563738,-0.64127194983561431,508a6fa229a72de922c208cdcf66979fb0652faae6f37031c057f20f41931596,34de83c635d998a03a5ad4dcbbd81c5efe6e5a9d59f699a521bbd6a623f0ca94,6adb91b44e232acf307e404a66f4d1f11d55213a5a70845fe7e96a5e3d28c0a3,6adb91b44e232acf307e404a66f4d1f11d55213a5a70845fe7e96a5e3d28c0a3,1,1,510,0,0,,,
Inflation,CPIAUCSL,1,month_open,2023-11,2023-11-01,Inflation Ridge-AR Ensemble,1.1619142598910059,4.39271512093792,4.0396670098235656,-0.35304811111435441,-3.2308008610469141,-2.8777527499325597,10.438074203741481,8.2814608897444089,-2.156613313997072,3.2308008610469141,2.8777527499325597,-0.35304811111435441,a5393d6ec69e1d357cf1f32af81147b0f60146446a8004226b89cc12f838810d,afd65b49bd82e9de8a732ee80dcc3472c58bfccf57a44d68f4683d94eebf3411,1f826f98ecf595aed0a10562b8bb392cdb40624a8a721662d1e5b432e821ffa4,1f826f98ecf595aed0a10562b8bb392cdb40624a8a721662d1e5b432e821ffa4,1,1,509,0,0,,,
Inflation,CPIAUCSL,2,mid_month,2023-11,2023-11-15,Inflation Bridge Ridge,1.1619142598910059,2.681796419379685,2.9087752730091139,0.22697885362942882,-1.5198821594886791,-1.7468610131181079,2.3100417787319705,3.0515233991520225,0.74148162042005206,1.5198821594886791,1.7468610131181079,0.22697885362942882,e8d35d9b894396dbacce853bbcba41da9c87e799884c4d13d86a672843c9a2f9,960c9d63830a896d1e77d11e62f6f2e8ab61f406d61f76f55255904ad6a18a30,c3bf8627ba4b01c8006781079d173793ec5661c1fd050d19885c014d1e267158,c3bf8627ba4b01c8006781079d173793ec5661c1fd050d19885c014d1e267158,1,1,515,0,0,,,
Inflation,CPIAUCSL,3,month_end,2023-11,2023-11-30,Inflation Bridge Ridge,1.1619142598910059,2.681796419379685,2.9087752730091139,0.22697885362942882,-1.5198821594886791,-1.7468610131181079,2.3100417787319705,3.0515233991520225,0.74148162042005206,1.5198821594886791,1.7468610131181079,0.22697885362942882,10b81e01adda2a8d5cfb24c7264c7fc5a0a37d36fb8da475fa1bd9f9b40dd447,7a5d4a2ab613d7deb1a839b5a395128dfa7926544fa7b6fbfcbf0b1d5d69d800,ea666c62013dd3ae7cd0632865882f71d68e8d525736b1bf1348be143e3e5fdc,ea666c62013dd3ae7cd0632865882f71d68e8d525736b1bf1348be143e3e5fdc,1,1,517,0,0,,,
Inflation,CPIAUCSL,4,pre_release,2023-11,2023-12-11,Inflation Bridge Ridge,1.1619142598910059,2.6044799994600552,2.9087752730091139,0.30429527354905872,-1.4425657395690492,-1.7468610131181079,2.0809959129783979,3.0515233991520225,0.97052748617362461,1.4425657395690492,1.7468610131181079,0.30429527354905872,b1d936cd65211c1b933891530f1a91b5ea36297c7469e408579fb74042f24d0c,35bcc06e3148c8f192f70253d7139c1b922b6e3f1276c4e495a792a948375381,9b395265bfd8617b5af1174ff8ad012bb6bbc71abb9172d01fb8e93e99fd2fb4,9b395265bfd8617b5af1174ff8ad012bb6bbc71abb9172d01fb8e93e99fd2fb4,1,1,518,0,0,,,
Inflation,CPIAUCSL,1,month_open,2023-12,2023-12-01,Inflation Ridge-AR Ensemble,3.6305472050568,1.6576627430541697,2.3273647831960131,0.66970204014184342,1.9728844620026302,1.3031824218607868,3.8922731004114079,1.6982844246469457,-2.1939886757644622,1.9728844620026302,1.3031824218607868,-0.66970204014184342,743e6919713900b76e677717cd1a66869d15bf5ff291e59b557bcbce3da349f9,a9df255e1cc3b6bb0d7232fdd5d4de60cdf2036e9ddae70c150f3e7ad74b4fa9,79796b7adf2c690b44d52981e66382b64ecf9c96fc819f3d7ae14dc2998142c8,79796b7adf2c690b44d52981e66382b64ecf9c96fc819f3d7ae14dc2998142c8,1,1,517,0,0,,,
Inflation,CPIAUCSL,2,mid_month,2023-12,2023-12-15,Inflation Bridge Ridge,3.6305472050568,2.7923017136407724,3.1651827816676903,0.37288106802691789,0.83824549141602755,0.46536442338910966,0.70265550387929754,0.21656404655627851,-0.48609145732301906,0.83824549141602755,0.46536442338910966,-0.37288106802691789,5df490ec980999cf3b758b948dbb6f3f3a4033a284583dd5839079d626dfd73c,1e66603e5e6e03040654dea93644737b76e1731a99a0a94615299024e50a39a7,6e4fdb85fe36c3e497f07778f8f0bc4d05cf0cc6f50299f10fc97bba6593175f,6e4fdb85fe36c3e497f07778f8f0bc4d05cf0cc6f50299f10fc97bba6593175f,1,1,523,0,0,,,
Inflation,CPIAUCSL,3,month_end,2023-12,2023-12-31,Inflation Bridge Ridge,3.6305472050568,2.7923017136407724,3.1651827816676903,0.37288106802691789,0.83824549141602755,0.46536442338910966,0.70265550387929754,0.21656404655627851,-0.48609145732301906,0.83824549141602755,0.46536442338910966,-0.37288106802691789,f7b61655455882d5c1efa87a7335a050e0b97a1ca437ec972e0b8e402ece3e3e,e7e1d1e90101cbe3b37b475960244ad8f54bd299b58ea5ed4239498d090c8bef,dda46da02e3f59419d02503cb0aa64b0a346cb2848c41bdd9bf56d5475d04160,dda46da02e3f59419d02503cb0aa64b0a346cb2848c41bdd9bf56d5475d04160,1,1,525,0,0,,,
Inflation,CPIAUCSL,4,pre_release,2023-12,2024-01-10,Inflation Bridge Ridge,3.6305472050568,2.925313473547114,3.1651827816676903,0.23986930812057627,0.70523373150968593,0.46536442338910966,0.49735461605907577,0.21656404655627851,-0.28079056950279724,0.70523373150968593,0.46536442338910966,-0.23986930812057627,593cd9c098e01d09baa005c378be568ef6cd4675bbf4c1ef0a7e03241c3af37a,6045cc0633d459632402365fb43af4a267b7bfd822aec172bb9bfcfb5aa822e0,035a4bcde14f10db3aab67b7c84541424ffac3c846ac8dadb81db3ca4dd791e0,035a4bcde14f10db3aab67b7c84541424ffac3c846ac8dadb81db3ca4dd791e0,1,1,516,0,0,,,
Inflation,CPIAUCSL,1,month_open,2024-01,2024-01-01,Inflation Ridge-AR Ensemble,3.6596101950234328,2.6507719044608749,2.8672557117883057,0.21648380732743089,1.0088382905625579,0.79235448323512703,1.017754696505184,0.62782562710280521,-0.38992906940237881,1.0088382905625579,0.79235448323512703,-0.21648380732743089,1c9d7a507fb5ecf3beece8ebfe371399356d8179c0ea445c88bafdbb78fed0f5,683926235244048597ae1df4449d1a461ce86d3455077318dee26ba62680a55b,dda46da02e3f59419d02503cb0aa64b0a346cb2848c41bdd9bf56d5475d04160,dda46da02e3f59419d02503cb0aa64b0a346cb2848c41bdd9bf56d5475d04160,1,1,525,0,0,,,
Inflation,CPIAUCSL,2,mid_month,2024-01,2024-01-15,Inflation Bridge Ridge,3.6596101950234328,3.4890365421259566,3.1329768734781851,-0.3560596686477715,0.17057365289747617,0.52663332154524767,0.029095371062788679,0.27734265536178021,0.24824728429899154,0.17057365289747617,0.52663332154524767,0.3560596686477715,82d6c3d39139ad4d032d65475f1827d5719054f56653a8b93a2e9cff9dc268d7,e8bbcf2de104a060f9bba7049d88c00b2bd483f500833b169e79807a5cb06d62,173415f4a9a2667f29bef2b408aa1a8bff70a1d10c3f46f3e0ed508986bb57f7,173415f4a9a2667f29bef2b408aa1a8bff70a1d10c3f46f3e0ed508986bb57f7,1,1,521,0,0,,,
Inflation,CPIAUCSL,3,month_end,2024-01,2024-01-31,Inflation Bridge Ridge,3.6596101950234328,3.4890365421259566,3.1329768734781851,-0.3560596686477715,0.17057365289747617,0.52663332154524767,0.029095371062788679,0.27734265536178021,0.24824728429899154,0.17057365289747617,0.52663332154524767,0.3560596686477715,bd4850b054c3eb496d5f50f993746b4865bae6c15ef731f72f55168c4d365e20,e09d429702ae4d4362b7170d30c19f60c023dfa56646718c8c5ebf174ad3ad01,ef9903f205352336d791c17afdad0df732406980e9307c230507ee61b8fbd0a8,ef9903f205352336d791c17afdad0df732406980e9307c230507ee61b8fbd0a8,1,1,523,0,0,,,
Inflation,CPIAUCSL,4,pre_release,2024-01,2024-02-12,Inflation Bridge Ridge,3.6596101950234328,3.1353736257692963,3.1329768734781851,-0.0023967522911112482,0.52423656925413642,0.52663332154524767,0.27482398054334695,0.27734265536178021,0.0025186748184332641,0.52423656925413642,0.52663332154524767,0.0023967522911112482,c67b4c5c714111f4012f45549254a6c32d7eaa433a717cd59ca31b1234a2c4cc,c170a80b72cbb479bf15324eac4b7a8dc49e3f4f7e8cce5ce5369bbf8de5c21b,47f73f2d401dcfe6d218a7f3cb9d5a730b617dcf03c8c6cab90eb358bbe311c8,47f73f2d401dcfe6d218a7f3cb9d5a730b617dcf03c8c6cab90eb358bbe311c8,1,1,474,0,0,,,
Inflation,CPIAUCSL,1,month_open,2024-02,2024-02-01,Inflation Ridge-AR Ensemble,5.2930544512420852,3.1570378397136345,2.5884430184769505,-0.56859482123668403,2.1360166115284507,2.7046114327651347,4.5625669647254838,7.3149230022438747,2.7523560375183909,2.1360166115284507,2.7046114327651347,0.56859482123668403,4acd561b9e983aecffffe0fb830530af2b93463dfc296c45ebca9c5842b184ab,8f1e330ed51dade796484598da6b98d1d99bea2b00286cafc0c9233b60dd1b9a,f8155f400e1a737fefe7241773f6bf215d45121db274090b73c7899d8bcc04ae,f8155f400e1a737fefe7241773f6bf215d45121db274090b73c7899d8bcc04ae,1,1,523,0,0,,,
Inflation,CPIAUCSL,2,mid_month,2024-02,2024-02-15,Inflation Bridge Ridge,5.2930544512420852,3.9870257058296557,3.5592596678966171,-0.42776603793303858,1.3060287454124295,1.7337947833454681,1.7057110838435647,3.0060443507559587,1.3003332669123939,1.3060287454124295,1.7337947833454681,0.42776603793303858,ae89d3ae96b6270f5992f8c6f7491518dcf032586320f2b75a3b0fa9c8312b34,2052c272bfc0fc539daf5b1f3cc50c5796bed592e4ba6cd7e91e27de12bf1b6a,4d75aafcf08e46a4cdb46132f8b7f4a90a596eaa62574e13ca4513684a3cc85e,4d75aafcf08e46a4cdb46132f8b7f4a90a596eaa62574e13ca4513684a3cc85e,1,1,472,0,0,,,
Inflation,CPIAUCSL,3,month_end,2024-02,2024-02-29,Inflation Bridge Ridge,5.2930544512420852,4.3175245412419478,3.802555658950491,-0.51496888229145688,0.97552991000013733,1.4904987922915942,0.951658605304876,2.2215866498227008,1.2699280445178247,0.97552991000013733,1.4904987922915942,0.51496888229145688,94b0121ab2e59c8cd66e8ebbe56a6b7f55071b97d156e84142e41ce7c1772b2f,31f0a4fc82ebd80d52e858fd4c94e2e1ddb93c26e8c8c05a474def6f77d3b554,ba70b5c1509c031f1ee5fa10c2986986c1448a3b9c32b38cd69afbc22bef7894,ba70b5c1509c031f1ee5fa10c2986986c1448a3b9c32b38cd69afbc22bef7894,1,1,475,0,0,,,
Inflation,CPIAUCSL,4,pre_release,2024-02,2024-03-11,Inflation Bridge Ridge,5.2930544512420852,4.2429130651995752,3.802555658950491,-0.44035740624908426,1.05014138604251,1.4904987922915942,1.102796930679284,2.2215866498227008,1.1187897191434168,1.05014138604251,1.4904987922915942,0.44035740624908426,64eb8b3e8e40f520a5bec425ce6d83750dae8082514d7f2907c8ba36a5eaf194,1f47bba7a21d900ffbdfcab14911a104795be0152ab993dd57acf20963a706d2,866d24c66f31c850e586258b96b4af53d4da264f5fe09c66f7fa32d9c9d262b7,866d24c66f31c850e586258b96b4af53d4da264f5fe09c66f7fa32d9c9d262b7,1,1,476,0,0,,,
Inflation,CPIAUCSL,1,month_open,2024-03,2024-03-01,Inflation Ridge-AR Ensemble,4.52827819934285,4.4255062642257315,4.1147786801470012,-0.31072758407873025,0.10277193511711857,0.41349951919584882,0.01056207064771723,0.17098185237519814,0.16041978172748092,0.10277193511711857,0.41349951919584882,0.31072758407873025,f9ba877379756fdb8fb080f7d9c3d4a9398f93a116a9f04c27f138d329ec8492,2b3976610d1bfd36fd50acf31bfe3d62a3eef2fdfff59900621b99435eb3af2d,bca78d374b379776ac8014aebb1e716985b1a06c9bd18cf51bc3419bc9b4f44a,bca78d374b379776ac8014aebb1e716985b1a06c9bd18cf51bc3419bc9b4f44a,1,1,475,0,0,,,
Inflation,CPIAUCSL,2,mid_month,2024-03,2024-03-15,Inflation Bridge Ridge,4.52827819934285,4.8360658262085012,4.6829675590677908,-0.1530982671407104,-0.3077876268656512,-0.1546893597249408,0.094733223251589338,0.023928798012112135,-0.070804425239477206,0.3077876268656512,0.1546893597249408,-0.1530982671407104,579708298d18115ae7a6ec5713142c458e6f1054da00080213fc09c492efe402,e90545c039b859f3034e979802b16fb80c68007e663120facf1b0e9337d5c522,0969944b03a9be7f8e00193c2c171ef97e22329c46f9e0561178fbd07b06b01c,0969944b03a9be7f8e00193c2c171ef97e22329c46f9e0561178fbd07b06b01c,1,1,481,0,0,,,
Inflation,CPIAUCSL,3,month_end,2024-03,2024-03-31,Inflation Bridge Ridge,4.52827819934285,4.8360658262085012,4.6829675590677908,-0.1530982671407104,-0.3077876268656512,-0.1546893597249408,0.094733223251589338,0.023928798012112135,-0.070804425239477206,0.3077876268656512,0.1546893597249408,-0.1530982671407104,2c9265b86c22ac75b6b440afc4255aaaf6e9144c87eb36fe2f27cf8020b2bd66,bfe10096ae83a37605a7a8614929d15e0f5f1ae666ffde76b7580a4073cfc85a,5f0ae4a0514501e97c6bc3a1c39110439eacef398d562b12a27f322bfd3b7a1d,5f0ae4a0514501e97c6bc3a1c39110439eacef398d562b12a27f322bfd3b7a1d,1,1,483,0,0,,,
Inflation,CPIAUCSL,4,pre_release,2024-03,2024-04-09,Inflation Bridge Ridge,4.52827819934285,4.8324480069685274,4.6829675590677908,-0.14948044790073656,-0.30416980762567736,-0.1546893597249408,0.092519271871041572,0.023928798012112135,-0.06859047385892944,0.30416980762567736,0.1546893597249408,-0.14948044790073656,81300715ea8c17f006072264728a850f799b2cfe6d33b097c9a2d90df5c84355,dda72de484d9feb5d9048911623438bdda2c58e37f67fb99fbb5fa6b86256ed9,0af06f970a1c7f84f86abd21bbdfb778614cf970e3fee2d3caf910cf718f4d4c,0af06f970a1c7f84f86abd21bbdfb778614cf970e3fee2d3caf910cf718f4d4c,1,1,485,0,0,,,
Inflation,CPIAUCSL,1,month_open,2024-04,2024-04-01,Inflation Ridge-AR Ensemble,3.7490617076503696,3.8415214723765136,3.7243912873150764,-0.11713018506143724,-0.092459764726144034,0.024670420335293208,0.0085488080932139086,0.00060862963952004864,-0.0079401784536938594,0.092459764726144034,0.024670420335293208,-0.067789344390850825,0765f629012b7882da9b07236737a448cea652d24c7d60f9c5500570f2be42f0,b0f02ff3b2fc0b4562d043d6cd1b237b7e300750e39a1320956be52600765396,6958e02f2f8ad707f31544c5e80d0608ec30dec889e238c0484f9b0095bf3676,6958e02f2f8ad707f31544c5e80d0608ec30dec889e238c0484f9b0095bf3676,1,1,483,0,0,,,
Inflation,CPIAUCSL,2,mid_month,2024-04,2024-04-15,Inflation Bridge Ridge,3.7490617076503696,3.3976295108394243,3.4291855700592175,0.031556059219793209,0.35143219681094529,0.31987613759115208,0.12350458895536698,0.10232074340023366,-0.021183845555133321,0.35143219681094529,0.31987613759115208,-0.031556059219793209,4d2fb4af32164d7f9a5e2ce4cb4b96b3bb1b170fb3146c81bc70cc545eb356a4,4e3e8691fee80a0a27bd357fbb82bffc522422411f2259fe705dec6420f32039,8023416b4779bfa6cee81b548b929553f1a0889d1a5f5a4ed7ce449105ba9ff5,8023416b4779bfa6cee81b548b929553f1a0889d1a5f5a4ed7ce449105ba9ff5,1,1,490,0,0,,,
Inflation,CPIAUCSL,3,month_end,2024-04,2024-04-30,Inflation Bridge Ridge,3.7490617076503696,3.3976295108394243,3.4291855700592175,0.031556059219793209,0.35143219681094529,0.31987613759115208,0.12350458895536698,0.10232074340023366,-0.021183845555133321,0.35143219681094529,0.31987613759115208,-0.031556059219793209,2bc305f36c3ba0e98f4ecc69dc238a3f07b3bf0a383760a4532ed7ac5ba82ab7,51f844037bbe282e95e0e95d99c53100f208af4363c3888def69080c698bd20e,f0b5ebc55e34fe7584f5c836f2345f957af7a687a208a9cf66758cd181e547a5,f0b5ebc55e34fe7584f5c836f2345f957af7a687a208a9cf66758cd181e547a5,1,1,492,0,0,,,
Inflation,CPIAUCSL,4,pre_release,2024-04,2024-05-14,Inflation Bridge Ridge,3.7490617076503696,3.24079597998906,3.4291855700592175,0.18838959007015754,0.50826572766130962,0.31987613759115208,0.25833404991508058,0.10232074340023366,-0.15601330651484691,0.50826572766130962,0.31987613759115208,-0.18838959007015754,69b562985c72ea58a6f109f19be17757104184293040c15f86548a388761b6d6,036cf26652132df8cb3ae77b77459fa590cef8b5429c85b3e112b45250fdb0db,ea31fcfb00f6c394c04f3df508eff2796d92971e7ec9bc8e8c650d8712dfa7a2,ea31fcfb00f6c394c04f3df508eff2796d92971e7ec9bc8e8c650d8712dfa7a2,1,1,494,0,0,,,
Inflation,CPIAUCSL,1,month_open,2024-05,2024-05-01,Inflation Ridge-AR Ensemble,0.068961994298533114,3.6265154642031567,3.5944481519188787,-0.03206731228427806,-3.5575534699046236,-3.5254861576203456,12.656186691230427,12.429052647572668,-0.22713404365775958,3.5575534699046236,3.5254861576203456,-0.03206731228427806,01c59925fab16ba62b08a4763c2108a3b840145569e7ae080f15c6b5d2a754f9,bbfc006de201d60058c0bee992c760e46682215e3aebe209c45ae136cc9d40a5,22866f08ae0d3c94d3b2104f58192ac77f55e14849759a918732aa9ef577b39f,22866f08ae0d3c94d3b2104f58192ac77f55e14849759a918732aa9ef577b39f,1,1,492,0,0,,,
Inflation,CPIAUCSL,2,mid_month,2024-05,2024-05-15,Inflation Bridge Ridge,0.068961994298533114,3.0703217149271853,2.8794705702920695,-0.19085114463511577,-3.0013597206286522,-2.8105085759935364,9.0081601726121008,7.898958455733216,-1.1092017168788848,3.0013597206286522,2.8105085759935364,-0.19085114463511577,f8524ab49b321d39909136fdc89da4dd16e9e21c7dc4142a838e625a326a841a,c9f9794d45b1bcd984e08ce51d532627b864f29db2b4a64b833745710c4363bc,487f0399bda369af6e20d11015903df3b34aef424a9ad791db7f003428fae93a,487f0399bda369af6e20d11015903df3b34aef424a9ad791db7f003428fae93a,1,1,498,0,0,,,
Inflation,CPIAUCSL,3,month_end,2024-05,2024-05-31,Inflation Bridge Ridge,0.068961994298533114,3.0703217149271853,2.8794705702920695,-0.19085114463511577,-3.0013597206286522,-2.8105085759935364,9.0081601726121008,7.898958455733216,-1.1092017168788848,3.0013597206286522,2.8105085759935364,-0.19085114463511577,c7e6964b907aa355aff058ac24e3731618d442b832672a50e47f940da5d99bae,c4f9e61429e2243f6d3f7bf97264999f8509e49290de31d2dffc96cfde5acd71,02ec1cf62042bc5d9837e2da71f44339abe1d518b4f00319e5b6bfe63b5f6a80,02ec1cf62042bc5d9837e2da71f44339abe1d518b4f00319e5b6bfe63b5f6a80,1,1,500,0,0,,,
Inflation,CPIAUCSL,4,pre_release,2024-05,2024-06-11,Inflation Bridge Ridge,0.068961994298533114,3.1179220374840471,2.8794705702920695,-0.23845146719197752,-3.0489600431855139,-2.8105085759935364,9.2961573449418111,7.898958455733216,-1.3971988892085951,3.0489600431855139,2.8105085759935364,-0.23845146719197752,b0165e42263269201ce12104f2a4007fff14112853d63ff28577dd787a10aa26,930a070fd53c74028949c1fa299559a536194ba1c8491241d318390b467edec0,dd8a3a2b63c6d8a2bf659a0db2b9d0a0df55cb46ae53b745c8838e8c9f80cb58,dd8a3a2b63c6d8a2bf659a0db2b9d0a0df55cb46ae53b745c8838e8c9f80cb58,1,1,502,0,0,,,
Inflation,CPIAUCSL,1,month_open,2024-06,2024-06-01,Inflation Ridge-AR Ensemble,-0.67446518795364341,3.2497043836814505,3.0199685024962601,-0.22973588118519039,-3.9241695716350939,-3.6944336904499036,15.399106826946756,13.648840293131293,-1.7502665338154628,3.9241695716350939,3.6944336904499036,-0.22973588118519039,8df009ea9d2a3f9378f43651fc146c649cbd57f03acc45894e67af75e79ca32e,5b6d2edfabc174f96eb09fc86ba553be7a620792b764819936f26d53c7ce0eb6,02ec1cf62042bc5d9837e2da71f44339abe1d518b4f00319e5b6bfe63b5f6a80,02ec1cf62042bc5d9837e2da71f44339abe1d518b4f00319e5b6bfe63b5f6a80,1,1,500,0,0,,,
Inflation,CPIAUCSL,2,mid_month,2024-06,2024-06-15,Inflation Bridge Ridge,-0.67446518795364341,2.4004994573660055,2.9935987600167504,0.59309930265074495,-3.0749646453196489,-3.6680639479703938,9.4554075699657947,13.454693126400151,3.9992855564343568,3.0749646453196489,3.6680639479703938,0.59309930265074495,8f3e0cacb6f5af3c402bd46a804aa094a4b9e3ff43005992f708204b5d9b79d0,7e19138499c2343fd4f0a6eee5784632ab120f3e1edf30b736b1cd6a8e1bdb26,69e0678023e0b1364822fff222c60536ddf3ffca46300059deff81c320aca51b,69e0678023e0b1364822fff222c60536ddf3ffca46300059deff81c320aca51b,1,1,507,0,0,,,
Inflation,CPIAUCSL,3,month_end,2024-06,2024-06-30,Inflation Bridge Ridge,-0.67446518795364341,2.4004994573660055,2.9935987600167504,0.59309930265074495,-3.0749646453196489,-3.6680639479703938,9.4554075699657947,13.454693126400151,3.9992855564343568,3.0749646453196489,3.6680639479703938,0.59309930265074495,f61e25d323addbc947aef69d4a6645eee37fe34e04218f81f074d92d6f25fdbc,12e808b9f43e22f2914882c44f118b1b2e962cea82cd48285f7343de366a1703,d5f7ccf4f6a9dd438f7993bfcf1fd4d074372a317e6a71caa8b10a288af3126a,d5f7ccf4f6a9dd438f7993bfcf1fd4d074372a317e6a71caa8b10a288af3126a,1,1,509,0,0,,,
Inflation,CPIAUCSL,4,pre_release,2024-06,2024-07-10,Inflation Bridge Ridge,-0.67446518795364341,2.3591587913050271,2.978538822408769,0.61938003110374185,-3.0336239792586706,-3.6530040103624124,9.20287444753321,13.344438299723867,4.1415638521906573,3.0336239792586706,3.6530040103624124,0.61938003110374185,feb20eafe417ed2c35ebf583174b5456926d2d5aa7d42713c3f7e5164901e1a8,fb3ba2aaa613d5e73a2a6d351ff00d8ef4806c93bb16aa7d7a93251782c54a6f,3b3289551e0e4c9fa6c2518ffbbcf11c8054362d6bfcc33e010e273a1a6b26d5,3b3289551e0e4c9fa6c2518ffbbcf11c8054362d6bfcc33e010e273a1a6b26d5,1,1,510,0,0,,,
Inflation,CPIAUCSL,1,month_open,2024-07,2024-07-01,Inflation Ridge-AR Ensemble,1.8576952015390447,1.475471748151056,2.004255758454315,0.52878401030325906,0.38222345338798869,-0.14656055691527037,0.14609476831983997,0.021479996843314204,-0.12461477147652578,0.38222345338798869,0.14656055691527037,-0.23566289647271832,51458cda1e8975e0ed110d3f82c5cf2cf16a0d63c40603694e9ed66d3bc9304b,ee0baf1e2b8877d97f207b935e72ad7b07a38e7d766c8c42e6cc1f9a92e63db8,b92426799ddb60fdda5f588cad83e9fbfd61dc01978d13067f50cc5091870e01,b92426799ddb60fdda5f588cad83e9fbfd61dc01978d13067f50cc5091870e01,1,1,509,0,0,,,
Inflation,CPIAUCSL,2,mid_month,2024-07,2024-07-15,Inflation Bridge Ridge,1.8576952015390447,1.9986421176203157,2.3590605618047986,0.36041844418448288,-0.14094691608127108,-0.50136536026575396,0.019866033152820872,0.25136722447440923,0.23150119132158836,0.14094691608127108,0.50136536026575396,0.36041844418448288,8b37166569a0120b18ae657209b4910e4e7ef479ae0a46c72bee134c5d001a17,1924f87e9a3b6967657cc9840fa655b014972feab6fd3444f60f74b4c506a4f9,e432c195bf644029ae86fee9299cc8911c50933b0006df40a459a9f4947b9419,e432c195bf644029ae86fee9299cc8911c50933b0006df40a459a9f4947b9419,1,1,515,0,0,,,
Inflation,CPIAUCSL,3,month_end,2024-07,2024-07-31,Inflation Bridge Ridge,1.8576952015390447,1.9986421176203157,2.3590605618047986,0.36041844418448288,-0.14094691608127108,-0.50136536026575396,0.019866033152820872,0.25136722447440923,0.23150119132158836,0.14094691608127108,0.50136536026575396,0.36041844418448288,4444c837b9e1bb7e2369c4e3f7525b22b8b23c68632f7995ae7f6e154980a9b5,aeb77c956d730a42d16039ee0da41b9d319fba2a4eeece6f9de8a8f96b8c7326,f3f9fa2d127fa5c51a87d213116c58628d896225e8645e75652581eab69ed554,f3f9fa2d127fa5c51a87d213116c58628d896225e8645e75652581eab69ed554,1,1,517,0,0,,,
Inflation,CPIAUCSL,4,pre_release,2024-07,2024-08-13,Inflation Bridge Ridge,1.8576952015390447,2.0145940894801755,2.3590605618047986,0.34446647232462313,-0.15689888794113083,-0.50136536026575396,0.024617261037163527,0.25136722447440923,0.22674996343724571,0.15689888794113083,0.50136536026575396,0.34446647232462313,c04c5f081a7c1083c0aaf1c7356c3f3100ca5445c1a8baafca429072dcbeee6f,a38b10167ad168ac23067008fde55049ce4814abe3928c76248f7f9c678c9d9c,ab6d61f8ed9dce90c2ab56ab93f502723206341c546b535a4bd6d04d1b6fd4c0,ab6d61f8ed9dce90c2ab56ab93f502723206341c546b535a4bd6d04d1b6fd4c0,1,1,520,0,0,,,
Inflation,CPIAUCSL,1,month_open,2024-08,2024-08-01,Inflation Ridge-AR Ensemble,2.244545826505373,1.8196362199092095,2.3203802196049992,0.50074399969578964,0.4249096065961635,-0.075834393099626141,0.18054817377770643,0.0057508551767886246,-0.17479731860091779,0.4249096065961635,0.075834393099626141,-0.34907521349653736,a112ff08058f0ed6b24978daadcc77bb5ae2d8ab5ba3c1e31f65365a8134444f,fb5b9bb0399e3a945cdd2db98805dc1fc9000a6245062b96890878a427b8e9d5,9c1bf98539c6f20bf31234ddc3bf2652fcf26139fa25e03d866326d6e8490610,9c1bf98539c6f20bf31234ddc3bf2652fcf26139fa25e03d866326d6e8490610,1,1,517,0,0,,,
Inflation,CPIAUCSL,2,mid_month,2024-08,2024-08-15,Inflation Bridge Ridge,2.244545826505373,3.3980361091665356,3.956324654140345,0.55828854497380931,-1.1534902826611626,-1.7117788276349719,1.3305398321937287,2.930186754739359,1.5996469225456302,1.1534902826611626,1.7117788276349719,0.55828854497380931,fa9e12b484b7d8bc14896092f0ddc4148dd4794cc6e70e6c1c1a4703b49a12ec,72ebd3c6b7a5afea4a5b57f2ed76c8bf90074f4e3a074fade21ff9a681728efd,1bd295dd87deabe94bf3ec1f8757b8804743ba9f6e9613df04afb1103d340af3,1bd295dd87deabe94bf3ec1f8757b8804743ba9f6e9613df04afb1103d340af3,1,1,524,0,0,,,
Inflation,CPIAUCSL,3,month_end,2024-08,2024-08-31,Inflation Bridge Ridge,2.244545826505373,3.3980361091665356,3.956324654140345,0.55828854497380931,-1.1534902826611626,-1.7117788276349719,1.3305398321937287,2.930186754739359,1.5996469225456302,1.1534902826611626,1.7117788276349719,0.55828854497380931,975f0f7bce29d3578fe95867292a231210d9665e24b282f3c98cd445a4013738,61e92124c509a7d3b1e5c779dc0a85f39a611ef9b76da21c00a0e9c8c2ed2be5,005c4acd57e5fe62cc47c2e381915bf50f1a159e4530d3600f63bad69ac3f145,005c4acd57e5fe62cc47c2e381915bf50f1a159e4530d3600f63bad69ac3f145,1,1,526,0,0,,,
Inflation,CPIAUCSL,4,pre_release,2024-08,2024-09-10,Inflation Bridge Ridge,2.244545826505373,3.3980361091665356,3.956324654140345,0.55828854497380931,-1.1534902826611626,-1.7117788276349719,1.3305398321937287,2.930186754739359,1.5996469225456302,1.1534902826611626,1.7117788276349719,0.55828854497380931,8325a4c7cdf0b28d25fc412263b269053dadff35986ccac6f3c1431c401d41e3,f4b819ba6ba3a69a29923e97f3119d5445d38f96fdabcf85eea65594657796a5,dab7a49dca74b2e7a10727fd13404be7457b6470ec2dd718bcde6f02192030a8,dab7a49dca74b2e7a10727fd13404be7457b6470ec2dd718bcde6f02192030a8,1,1,527,0,0,,,
Inflation,CPIAUCSL,1,month_open,2024-09,2024-09-01,Inflation Ridge-AR Ensemble,2.1564651235159715,1.3471319256623808,1.2672505840330666,-0.079881341629314262,0.8093331978535907,0.88921453948290496,0.65502022514791935,0.79070249722779473,0.13568227207987538,0.8093331978535907,0.88921453948290496,0.079881341629314262,a4f2ce8b6294e6f997b4fa92a73e47d06c9f8dd431c4c1d7c0d58e46b718aec4,1c8dc73a1ac2c45a1c1235be255272e127569df4c936a9bed71fc0c8ea95bcf4,005c4acd57e5fe62cc47c2e381915bf50f1a159e4530d3600f63bad69ac3f145,005c4acd57e5fe62cc47c2e381915bf50f1a159e4530d3600f63bad69ac3f145,1,1,526,0,0,,,
Inflation,CPIAUCSL,2,mid_month,2024-09,2024-09-15,Inflation Bridge Ridge,2.1564651235159715,1.4465338272942099,0.97779689189075358,-0.46873693540345629,0.70993129622176165,1.1786682316252179,0.50400244535511074,1.3892588002425184,0.88525635488740761,0.70993129622176165,1.1786682316252179,0.46873693540345629,9eaddcf55f5ea463c414d7a32478e44de862df2cbe57a61fa8fe6c57c33a23af,b27ba7ce1c5faa2f5e68c97cebf236b017c0f0ca0baccb63402f7be15c529fcd,d0fb760c7bc6be95848e25754e96f5d1a14e46d04886c9699bc40dc3d690d3b8,d0fb760c7bc6be95848e25754e96f5d1a14e46d04886c9699bc40dc3d690d3b8,1,1,532,0,0,,,
Inflation,CPIAUCSL,3,month_end,2024-09,2024-09-30,Inflation Bridge Ridge,2.1564651235159715,1.4465338272942099,0.97779689189075358,-0.46873693540345629,0.70993129622176165,1.1786682316252179,0.50400244535511074,1.3892588002425184,0.88525635488740761,0.70993129622176165,1.1786682316252179,0.46873693540345629,b6bee9ad676dc47da00976fdab4f72e2dff4dfe25f601d84c903e65ea49d6619,20c60bdaa70087dee4435b3d2cbee2032bffdd92ee1a63b6bc6d131e238d76e4,c34ad2e10a661517cd54c2045512aed3567894cb5c80c082be93851263d2fe33,c34ad2e10a661517cd54c2045512aed3567894cb5c80c082be93851263d2fe33,1,1,509,0,0,,,
Inflation,CPIAUCSL,4,pre_release,2024-09,2024-10-09,Inflation Bridge Ridge,2.1564651235159715,1.4969192081432048,0.97779689189075358,-0.5191223162524512,0.65954591537276674,1.1786682316252179,0.4350008144849008,1.3892588002425184,0.95425798575761756,0.65954591537276674,1.1786682316252179,0.5191223162524512,c9401f67e6ad4670ac24bb91c911ccfdea1f98ebee9b1a954d9cd2384b04b3c7,29342101911b09098f4215ce19eef2183fd0d9b68a940b11de9667ef7b2b39f3,09094827b27fda59a14779d46804ba6125b7db2a1c1d3b1a7c776b5cba6f5d71,09094827b27fda59a14779d46804ba6125b7db2a1c1d3b1a7c776b5cba6f5d71,1,1,510,0,0,,,
Inflation,CPIAUCSL,1,month_open,2024-10,2024-10-01,Inflation Ridge-AR Ensemble,2.9250657197465557,2.9364875057628934,2.6833402117009584,-0.25314729406193504,-0.011421786016337698,0.24172550804559734,0.00013045719580300738,0.058431221239902145,0.058300764044099139,0.011421786016337698,0.24172550804559734,0.23030372202925964,0bde9a780e20438090ae0e0b5c7664c57538f6fb2853ee43e735662b6f0ae5ed,a6b8affcc565ad6e6b67c02a4be7bd4685d5b5039c25b15b80b6af5f712d5241,7aa51a783baf81d08c8437d0a1b438d02286434938446baba07c8f546669d083,7aa51a783baf81d08c8437d0a1b438d02286434938446baba07c8f546669d083,1,1,509,0,0,,,
Inflation,CPIAUCSL,2,mid_month,2024-10,2024-10-15,Inflation Bridge Ridge,2.9250657197465557,2.2267361403672932,2.74697012293149,0.52023398256419684,0.69832957937926254,0.1780955968150657,0.48766420143601774,0.03171804160491444,-0.45594615983110331,0.69832957937926254,0.1780955968150657,-0.52023398256419684,281ef6d0ed34ad60e3a6479629efbf14508596ff807cbfede4c02a667a6a9c09,42d07c719f99a642bd051cef38204d3226a3add5166ffdfa8aed555ef401ce8a,ab66837a80ca8e0486d92fa1cc33fc53b940d1a391b9ac67b51f67bb23b27a8f,ab66837a80ca8e0486d92fa1cc33fc53b940d1a391b9ac67b51f67bb23b27a8f,1,1,515,0,0,,,
Inflation,CPIAUCSL,3,month_end,2024-10,2024-10-31,Inflation Bridge Ridge,2.9250657197465557,2.2267361403672932,2.74697012293149,0.52023398256419684,0.69832957937926254,0.1780955968150657,0.48766420143601774,0.03171804160491444,-0.45594615983110331,0.69832957937926254,0.1780955968150657,-0.52023398256419684,315aa6a0e3c63760a0afafac1887fe823da9d7b61d94e35e52efe814a60bb91c,c451172297cc9bd3aabc3bc1a8092ee4e84b07c4caadb85b926379c540196d29,4810be9b728094b2d5b921276cabb496b52ef9e1fbf2df1565fddb6f65739d06,4810be9b728094b2d5b921276cabb496b52ef9e1fbf2df1565fddb6f65739d06,1,1,517,0,0,,,
Inflation,CPIAUCSL,4,pre_release,2024-10,2024-11-12,Inflation Bridge Ridge,2.9250657197465557,2.1467435604628378,2.74697012293149,0.60022656246865225,0.77832215928371795,0.1780955968150657,0.60578538363206924,0.03171804160491444,-0.57406734202715481,0.77832215928371795,0.1780955968150657,-0.60022656246865225,036ca471d19012cf8313570a1011de96afd4f5e3fde14c45b4757c66338d7e7b,8eb69991e6616dc758d6ef5534d89852d52ed03505ae387108dae09930744b9d,bfa819218ee13dca49c8b5fc524156dcb8d797134eaa3381678c3878c97dd5f7,bfa819218ee13dca49c8b5fc524156dcb8d797134eaa3381678c3878c97dd5f7,1,1,516,0,0,,,
Inflation,CPIAUCSL,1,month_open,2024-11,2024-11-01,Inflation Ridge-AR Ensemble,3.7487271246416043,3.1143321349001818,3.501920326943647,0.38758819204346517,0.6343949897414225,0.24680679769795733,0.40245700300901954,0.06091359538992043,-0.34154340761909913,0.6343949897414225,0.24680679769795733,-0.38758819204346517,8fbc267d6510a2526ff236f920e15de7594349e15a1107540271af3c6f63de6b,b94d4f77594a9bebcf48f25c7ba5828800280806ac4541e4e0d3177bf2d90e65,98ed9c2bb39e34e4238e739bea756204ffe66f8cb346bd135a22ebc90fce3506,98ed9c2bb39e34e4238e739bea756204ffe66f8cb346bd135a22ebc90fce3506,1,1,516,0,0,,,
Inflation,CPIAUCSL,2,mid_month,2024-11,2024-11-15,Inflation Bridge Ridge,3.7487271246416043,4.5441170549946204,5.1031515423566844,0.55903448736206407,-0.79538993035301608,-1.3544244177150802,0.6326451413069758,1.8344655033028339,1.2018203619958581,0.79538993035301608,1.3544244177150802,0.55903448736206407,36fd9369adf963255b6d0dc6bfedf8df0cd8f430d322cb6c028fc59762580e69,7a44e34bf7df2c379f131ffbaf28a394002cd997081139a06f26201ac552b56e,af9732e6221dd27cdd16f7b40fdbe337e104e7ab563eec9ee15668db32c30f65,af9732e6221dd27cdd16f7b40fdbe337e104e7ab563eec9ee15668db32c30f65,1,1,521,1,0,,,
Inflation,CPIAUCSL,3,month_end,2024-11,2024-11-30,Inflation Bridge Ridge,3.7487271246416043,4.5441170549946204,5.1031515423566844,0.55903448736206407,-0.79538993035301608,-1.3544244177150802,0.6326451413069758,1.8344655033028339,1.2018203619958581,0.79538993035301608,1.3544244177150802,0.55903448736206407,f67b4451a859fc166da895fd1d8dccc8037ac41a1e16090faf7e836d82e4ef22,28523e395764f1520aeacae35e41287459073f04551279e9d078a2cf92790510,21a8964ae1b8c63c3402e5b15e757d8d240bc109731c362c9ce8529a3df89edf,21a8964ae1b8c63c3402e5b15e757d8d240bc109731c362c9ce8529a3df89edf,1,1,523,0,0,,,
Inflation,CPIAUCSL,4,pre_release,2024-11,2024-12-10,Inflation Bridge Ridge,3.7487271246416043,4.5943501131828404,5.1031515423566844,0.50880142917384408,-0.84562298854123608,-1.3544244177150802,0.71507823874941145,1.8344655033028339,1.1193872645534224,0.84562298854123608,1.3544244177150802,0.50880142917384408,c51ca46b65532da316e0321617a851132efebe0d8012805f7b4ddd1c6ac0a449,af018723a403aac813e7d86ac1a49160a418d3e233ce907422d33cc6b281ae98,0dadf738f9240b28c871d1a2d063a5a294d9f3792e609e9cfd01fad7f37aa0a8,0dadf738f9240b28c871d1a2d063a5a294d9f3792e609e9cfd01fad7f37aa0a8,1,1,525,0,0,,,
Inflation,CPIAUCSL,1,month_open,2024-12,2024-12-01,Inflation Ridge-AR Ensemble,4.7082186032746165,3.2464652934125939,3.5908252715602158,0.34435997814762187,1.4617533098620226,1.1173933317144007,2.136722738892578,1.2485678577598087,-0.8881548811327693,1.4617533098620226,1.1173933317144007,-0.34435997814762187,6f071f53641ab5669bd9c3e9ac58244f7ce194bf4d227b5a47d3306dd9d31e8c,c3bf1f8314c5ce5fbfed36589a0c002b0caefdd365c965fd09529701a14c0199,21a8964ae1b8c63c3402e5b15e757d8d240bc109731c362c9ce8529a3df89edf,21a8964ae1b8c63c3402e5b15e757d8d240bc109731c362c9ce8529a3df89edf,1,1,523,0,0,,,
Inflation,CPIAUCSL,2,mid_month,2024-12,2024-12-15,Inflation Bridge Ridge,4.7082186032746165,2.6184970813073263,2.482246996217651,-0.13625008508967529,2.0897215219672902,2.2259716070569655,4.3669360393732877,4.9549495954237699,0.58801355605048222,2.0897215219672902,2.2259716070569655,0.13625008508967529,4925dfcc401cd3311c63ac760762c3439a1d77b3c135b122d2eaf7506fc49e9f,55969b82a6f50148cfd9caa85b855ee1405d0245f59fb184d5fd7a4313bd7f7d,1a1f2a7328063a05165b9bc4fbf5cfb124c164379797ac28a15bc5322184219f,1a1f2a7328063a05165b9bc4fbf5cfb124c164379797ac28a15bc5322184219f,1,1,529,0,0,,,
Inflation,CPIAUCSL,3,month_end,2024-12,2024-12-31,Inflation Bridge Ridge,4.7082186032746165,2.6184970813073263,2.482246996217651,-0.13625008508967529,2.0897215219672902,2.2259716070569655,4.3669360393732877,4.9549495954237699,0.58801355605048222,2.0897215219672902,2.2259716070569655,0.13625008508967529,8574a194618655b44eb397389c5b4a7bce7898daa54e9edad0c97cb2628ee6d0,d142f816c2214d8126c71b0e0414587e0675642d451a87c4b6075821c4e5bb0d,6c19036198f76f36028c22386bb2cd0746f7a647580a2ba53e36a48eda3910d5,6c19036198f76f36028c22386bb2cd0746f7a647580a2ba53e36a48eda3910d5,1,1,531,0,0,,,
Inflation,CPIAUCSL,4,pre_release,2024-12,2025-01-14,Inflation Bridge Ridge,4.7082186032746165,2.4906309103464661,2.482246996217651,-0.0083839141288151176,2.2175876929281504,2.2259716070569655,4.9176951758263963,4.9549495954237699,0.037254419597373634,2.2175876929281504,2.2259716070569655,0.0083839141288151176,a43f51314268b7c4f486e9eec75b112cf7838256290a77b402b2982bddd9d714,76d989f5996d4d172c9d0a25825080b0703c8c52df366ec568f6a4d776c80fd1,5d6cc04a951dcbbc94d84306cb41ee510e73032f1fb2e9bcfe7a5fc0c1e0cd4a,5d6cc04a951dcbbc94d84306cb41ee510e73032f1fb2e9bcfe7a5fc0c1e0cd4a,1,1,523,0,0,,,
Inflation,CPIAUCSL,1,month_open,2025-01,2025-01-01,Inflation Ridge-AR Ensemble,5.5901805067371413,2.9472097924397458,2.4751224638023941,-0.4720873286373517,2.6429707142973955,3.1150580429347472,6.985294196633685,9.703586610852458,2.718292414218773,2.6429707142973955,3.1150580429347472,0.4720873286373517,389b699d6ba53b4ddc2823f5497c49f5c4f63a4d2e4a79feaff2786ceb71e114,076dffd540d2a7e95036750cce946f2f0123ed47f15b4233d8cbda5fee2c2b85,6c19036198f76f36028c22386bb2cd0746f7a647580a2ba53e36a48eda3910d5,6c19036198f76f36028c22386bb2cd0746f7a647580a2ba53e36a48eda3910d5,1,1,531,0,0,,,
Inflation,CPIAUCSL,2,mid_month,2025-01,2025-01-15,Inflation Bridge Ridge,5.5901805067371413,3.2239881873736835,2.5470848256492613,-0.67690336172442223,2.3661923193634578,3.04309568108788,5.5988660922146201,9.2604313242557073,3.6615652320410872,2.3661923193634578,3.04309568108788,0.67690336172442223,3ff4b4a58df1a34813b2d029a9dc117317582329e8dc28eb4cfba8db95609656,3a01a162b3029946183ae40ab949ebf4d2aff590734342274446927290179847,0123268b840400435ebeafb494634990201778d6d57437d5ade181ceba6158d2,0123268b840400435ebeafb494634990201778d6d57437d5ade181ceba6158d2,1,1,527,0,0,,,
Inflation,CPIAUCSL,3,month_end,2025-01,2025-01-31,Inflation Bridge Ridge,5.5901805067371413,3.2239881873736835,2.5470848256492613,-0.67690336172442223,2.3661923193634578,3.04309568108788,5.5988660922146201,9.2604313242557073,3.6615652320410872,2.3661923193634578,3.04309568108788,0.67690336172442223,cf745204f8c9d26b75d81c1780ea4f01273605a5ead0b81dc2e61019860aaf1f,a7781843b05ab9e84d49cc778a3d2410cc70653ca0b5fd8dc1d2c703ca0cbb4e,3136dc622572980771f9414d979cc4f8ea0460c8c1a301642e6ae7b2460b10d9,3136dc622572980771f9414d979cc4f8ea0460c8c1a301642e6ae7b2460b10d9,1,1,529,0,0,,,
Inflation,CPIAUCSL,4,pre_release,2025-01,2025-02-11,Inflation Bridge Ridge,5.5901805067371413,3.1674396277840868,2.5470848256492613,-0.62035480213482552,2.4227408789530545,3.04309568108788,5.8696733665502192,9.2604313242557073,3.390757957705488,2.4227408789530545,3.04309568108788,0.62035480213482552,efb15a76a4f20c96957632b8a1dd2f0fb4eabda20986f8f74b4159785eedca75,fbb9b728f5ce54aa5f419b18e23342396518ae88ed4e3273730214745d5448ff,5c7d85bce7ece6a3965049e1d17a349b2fd93f569029e605540e72d5aa3f225f,5c7d85bce7ece6a3965049e1d17a349b2fd93f569029e605540e72d5aa3f225f,1,1,474,0,0,,,
Inflation,CPIAUCSL,1,month_open,2025-02,2025-02-01,Inflation Ridge-AR Ensemble,2.58835746917363,3.6949255660253817,3.7756144016642201,0.080688835638838441,-1.1065680968517517,-1.1872569324905902,1.2244929529701079,1.4095790237469659,0.18508607077685801,1.1065680968517517,1.1872569324905902,0.080688835638838441,520eafa0eb29b1e17eb789a2a666532291471ee0160e11583aac20c80f2780e3,51615adde35a4134f0ffffce2c35e466c524a0595e0218ae01a1548543ac4689,3136dc622572980771f9414d979cc4f8ea0460c8c1a301642e6ae7b2460b10d9,3136dc622572980771f9414d979cc4f8ea0460c8c1a301642e6ae7b2460b10d9,1,1,529,0,0,,,
Inflation,CPIAUCSL,2,mid_month,2025-02,2025-02-15,Inflation Bridge Ridge,2.58835746917363,4.8022254275769853,4.6181992204465709,-0.1840262071304144,-2.2138679584033554,-2.029841751272941,4.9012113372450408,4.1202575352107997,-0.78095380203424103,2.2138679584033554,2.029841751272941,-0.1840262071304144,77935a6b7e8590ae56b673746dd11c03e8013a8116de06bcf9e7a2e79722dbab,cf98f3ea5393b03102b0e1f459af38ccc72f754dde02c3c796f798ef6acdcb34,0af501e453b6148e92735d2b1116ab48bec0d3823163ae79446446cdebfbd4e3,0af501e453b6148e92735d2b1116ab48bec0d3823163ae79446446cdebfbd4e3,1,1,432,0,0,,,
Inflation,CPIAUCSL,3,month_end,2025-02,2025-02-28,Inflation Bridge Ridge,2.58835746917363,4.8022254275769853,4.6181992204465709,-0.1840262071304144,-2.2138679584033554,-2.029841751272941,4.9012113372450408,4.1202575352107997,-0.78095380203424103,2.2138679584033554,2.029841751272941,-0.1840262071304144,e26de1349bb35395a2d76fd9e3b5ca4fc45149090d088cbf20a5d243b236d6a0,f96f0fce12d5ad2511e2a348c0a8429f8a5ba2fc378016def3ca3fe376cadea5,a5a24abc0c4b7469e961d35d72213ab3598c715f33fc0b9aeaefc0e881a10bfc,a5a24abc0c4b7469e961d35d72213ab3598c715f33fc0b9aeaefc0e881a10bfc,1,1,434,0,0,,,
Inflation,CPIAUCSL,4,pre_release,2025-02,2025-03-11,Inflation Bridge Ridge,2.58835746917363,4.6661729683441679,4.6181992204465709,-0.047973747897597008,-2.077815499170538,-2.029841751272941,4.3173172485933122,4.1202575352107997,-0.19705971338251249,2.077815499170538,2.029841751272941,-0.047973747897597008,13bfc7fbf793c2e38d708d17bfd066c186a8351be81df43aec800ce4733c6dd5,31cd1d239c145d89c3e48f0da74f989badf068324975f96d5c18ba56b637507e,92dde703f97ad3f96a949fb120ac30b2f8b7ece159c72cd978762042a6de6fb8,92dde703f97ad3f96a949fb120ac30b2f8b7ece159c72cd978762042a6de6fb8,1,1,436,0,0,,,
Inflation,CPIAUCSL,1,month_open,2025-03,2025-03-01,Inflation Ridge-AR Ensemble,-0.60057243312350295,3.9580185421924252,4.0677255304180662,0.10970698822564096,-4.5585909753159282,-4.6682979635415691,20.780751680231827,21.793005876406362,1.0122541961745348,4.5585909753159282,4.6682979635415691,0.10970698822564096,99002d090aac3c99b6a5e65528af95de7db34a797d8721a66bf57268fba73838,c5ed045c64307bc1e056f7c2a4f2974d29bdbf92b36c68d44e4a9181760894e2,a5a24abc0c4b7469e961d35d72213ab3598c715f33fc0b9aeaefc0e881a10bfc,a5a24abc0c4b7469e961d35d72213ab3598c715f33fc0b9aeaefc0e881a10bfc,1,1,434,0,0,,,
Inflation,CPIAUCSL,2,mid_month,2025-03,2025-03-15,Inflation Bridge Ridge,-0.60057243312350295,2.6512643889871801,2.9104609460884432,0.2591965571012631,-3.251836822110683,-3.5110333792119461,10.574442717634906,12.327355389940458,1.7529126723055519,3.251836822110683,3.5110333792119461,0.2591965571012631,a4596cd791cf25c2e3be094fbed422c8ea71bba5088165fa51c3f55bc98a05b1,f4ad3b49597a1156959834330eab230670708d5d9d1332637bae2a5bd285b5ad,dad453434f763a790c4e3c8db62908e7ebcd1f002395da6e18278e684bb912ad,dad453434f763a790c4e3c8db62908e7ebcd1f002395da6e18278e684bb912ad,1,1,440,0,0,,,
Inflation,CPIAUCSL,3,month_end,2025-03,2025-03-31,Inflation Bridge Ridge,-0.60057243312350295,2.6512643889871801,2.9104609460884432,0.2591965571012631,-3.251836822110683,-3.5110333792119461,10.574442717634906,12.327355389940458,1.7529126723055519,3.251836822110683,3.5110333792119461,0.2591965571012631,ff1e125c2651ba28a35d3b52ac457f2ffe9b5f311a64fbf6ae36791a2bbc4c93,01059745492aee3718e703c901a9c1c2f713fe090897d45cd209d464c8b0abdc,7b5e7106b35d822f168ce326f1bfcb853243897529db01ad5b731ba032d1d2f6,7b5e7106b35d822f168ce326f1bfcb853243897529db01ad5b731ba032d1d2f6,1,1,442,0,0,,,
Inflation,CPIAUCSL,4,pre_release,2025-03,2025-04-09,Inflation Bridge Ridge,-0.60057243312350295,2.5868269558528314,2.9104609460884432,0.32363399023561179,-3.1873993889763343,-3.5110333792119461,10.15951486484671,12.327355389940458,2.167840525093748,3.1873993889763343,3.5110333792119461,0.32363399023561179,6ee57b25a8f1560c08a912a4e1c781ff4a065f3296cfe2b411e6a85e2c8f9edf,a9ab341ade93456916256f7307e0e2e626b26c38d37fa8d702ad71552031b7eb,23f010b172ad3757ae32f6a9ac7d2a90c7c9b335c8bbf75dee030b7ef73667c8,23f010b172ad3757ae32f6a9ac7d2a90c7c9b335c8bbf75dee030b7ef73667c8,1,1,443,0,0,,,
Inflation,CPIAUCSL,1,month_open,2025-04,2025-04-01,Inflation Ridge-AR Ensemble,2.6477658507008783,2.8198662764447029,3.1292635655054624,0.30939728906075947,-0.17210042574382456,-0.48149771480458403,0.029618556541205671,0.23184004936203653,0.20222149282083085,0.17210042574382456,0.48149771480458403,0.30939728906075947,3fac28a31e3115ea7a05c745cc72d0d68471fb790ec671f5a3fd961496a7d37b,b9345e35c9cbb9d22b19103b9803c80395b487dba96fdea457bd4af388b135fc,7c7f5e36ada19e5e72e6b0a7728abb8a6f07dd606946565ccfc4d2c574e8d81c,7c7f5e36ada19e5e72e6b0a7728abb8a6f07dd606946565ccfc4d2c574e8d81c,1,1,442,0,0,,,
Inflation,CPIAUCSL,2,mid_month,2025-04,2025-04-15,Inflation Bridge Ridge,2.6477658507008783,3.0437550069501249,3.7387181705518988,0.6949631636017739,-0.39598915624924658,-1.0909523198510205,0.15680741186699021,1.1901769641883233,1.0333695523213331,0.39598915624924658,1.0909523198510205,0.6949631636017739,fe544582802ce78164d2f9946be70ae8f561acf20ee60340ea51cdc031bfad68,2a93272a19cb9cf2f232b84758cad4a930374212b3677edb9e1d87af697f66e8,2e76da00c660241475f1c067782643495bb9dbf01e336d1e2baa5efc825ad7a2,2e76da00c660241475f1c067782643495bb9dbf01e336d1e2baa5efc825ad7a2,1,1,449,0,0,,,
Inflation,CPIAUCSL,3,month_end,2025-04,2025-04-30,Inflation Bridge Ridge,2.6477658507008783,3.0437550069501249,3.7387181705518988,0.6949631636017739,-0.39598915624924658,-1.0909523198510205,0.15680741186699021,1.1901769641883233,1.0333695523213331,0.39598915624924658,1.0909523198510205,0.6949631636017739,01869ca8e91ca3e95bec284761aedf74b03544d1243f3e2a886db2375c506dae,b8257641138f67a60b0ddf2263cc280f5ccd6f2d6f040aaa4f03a47cbbea387f,a5ab7ea76a8742ec71e4657edd9c95287add1ed0d1e318265a77328ff7a266eb,a5ab7ea76a8742ec71e4657edd9c95287add1ed0d1e318265a77328ff7a266eb,1,1,451,0,0,,,
Inflation,CPIAUCSL,4,pre_release,2025-04,2025-05-12,Inflation Bridge Ridge,2.6477658507008783,3.0418573007583718,3.7387181705518988,0.69686086979352702,-0.39409145005749346,-1.0909523198510205,0.15530807100841787,1.1901769641883233,1.0348688931799055,0.39409145005749346,1.0909523198510205,0.69686086979352702,cef4370625020bb3e3f95d6999a4ed1addfe150b7a3c12ccecf7c41a4ea97c36,4b4e41965da436d70b67af3356a1ca44b8b90117c7d9d8f0212d9c1279cdd182,8abf7126030c40c3a455557356b37eb588914b5260653a39d1cd13a8fda584a2,8abf7126030c40c3a455557356b37eb588914b5260653a39d1cd13a8fda584a2,1,1,452,0,0,,,
Inflation,CPIAUCSL,1,month_open,2025-05,2025-05-01,Inflation Ridge-AR Ensemble,0.96988463715668161,2.5071594387786313,3.4029052405966769,0.89574580181804553,-1.5372748016219497,-2.4330206034399953,2.3632138157018048,5.9195892567635191,3.5563754410617143,1.5372748016219497,2.4330206034399953,0.89574580181804553,38513725ec1266da0ac97cd68420c2f9f6030f68252cc43abc3fb2c49d9f5d72,b976e706a8d33af3045b71a26310738de77ca4b737c04b02ad7229c300847e69,6e73c41be733645c58c1add5edd1dc73e889c6b826cee090f2f954c4db47689e,6e73c41be733645c58c1add5edd1dc73e889c6b826cee090f2f954c4db47689e,1,1,451,0,0,,,
Inflation,CPIAUCSL,2,mid_month,2025-05,2025-05-15,Inflation Bridge Ridge,0.96988463715668161,4.8897224747734462,4.392379409503766,-0.4973430652696802,-3.9198378376167646,-3.4224947723470844,15.365128673212073,11.713470466743122,-3.6516582064689516,3.9198378376167646,3.4224947723470844,-0.4973430652696802,beb2033f3f4408775fdb588cf33aa1c013f251b8121752be6abcc6971daabee5,447cf64629f668985353bc9b7a33ec0a99102c4f316a1a0b3c7e897402e8712b,0a841c5f4a135737e67f99cd292f8792aaecfb45337878bb11df573e35f842c7,0a841c5f4a135737e67f99cd292f8792aaecfb45337878bb11df573e35f842c7,1,1,457,0,0,,,
Inflation,CPIAUCSL,3,month_end,2025-05,2025-05-31,Inflation Bridge Ridge,0.96988463715668161,4.8897224747734462,4.392379409503766,-0.4973430652696802,-3.9198378376167646,-3.4224947723470844,15.365128673212073,11.713470466743122,-3.6516582064689516,3.9198378376167646,3.4224947723470844,-0.4973430652696802,1f607479c05382ea374c7b50f04d5f017c832d7641854a9de18ecb19cdac9ad8,2be6dd09f98b41d150ccec913a4091f15547669a8924e916726d5aad1268a3e7,ad74aeb97106c33213bf81356bb17876a8303b45a9d696575912c99fda56b512,ad74aeb97106c33213bf81356bb17876a8303b45a9d696575912c99fda56b512,1,1,459,0,0,,,
Inflation,CPIAUCSL,4,pre_release,2025-05,2025-06-10,Inflation Bridge Ridge,0.96988463715668161,4.9892807312578356,4.392379409503766,-0.59690132175406951,-4.0193960941011539,-3.4224947723470844,16.155544961275613,11.713470466743122,-4.4420744945324913,4.0193960941011539,3.4224947723470844,-0.59690132175406951,7dcec96e0a8708a06ce4ce778883c605a8413744f037739f26b3893ae87b58c4,c594f3734bdbae0d05cf0969c803c62993da0e6deaa8a02a17fb30952fdc821d,37138bd978b398ce1e142d19fc26b69305bfb783e0f5d985e0f6bea8672f2c1f,37138bd978b398ce1e142d19fc26b69305bfb783e0f5d985e0f6bea8672f2c1f,1,1,461,0,0,,,
Inflation,CPIAUCSL,1,month_open,2025-06,2025-06-01,Inflation Ridge-AR Ensemble,3.4388261759264793,4.1227400346073928,3.9508197324216487,-0.17192030218574406,-0.68391385868091348,-0.51199355649516942,0.46773816609581648,0.26213740189257223,-0.20560076420324425,0.68391385868091348,0.51199355649516942,-0.17192030218574406,8d91cc0728b8c06e53a9622cdfcbcc61efaa18b181eeb87e724f180a66aab16b,133faacd87f103b48141c01e0822893ef4e47a5a223958e7a741c20628b357e4,ad74aeb97106c33213bf81356bb17876a8303b45a9d696575912c99fda56b512,ad74aeb97106c33213bf81356bb17876a8303b45a9d696575912c99fda56b512,1,1,459,0,0,,,
Inflation,CPIAUCSL,2,mid_month,2025-06,2025-06-15,Inflation Bridge Ridge,3.4388261759264793,5.4070421559945334,5.4959305417945936,0.088888385800060199,-1.9682159800680541,-2.0571043658681143,3.8738741441952507,4.2316783720736568,0.35780422787840616,1.9682159800680541,2.0571043658681143,0.088888385800060199,1deb686f98f2c1468c9d8e9a93f2d32fd49221c0670748676ff98f18ce5f4847,2eb6bfc10b61335f2b452da60a8d4e21659f89dd621ed8c1e76f11d6f3a39b55,c7fd9a402fb7dc555f498c49cd5016336ac82cd06c3ee416fe5fff4472eae4ec,c7fd9a402fb7dc555f498c49cd5016336ac82cd06c3ee416fe5fff4472eae4ec,1,1,466,0,0,,,
Inflation,CPIAUCSL,3,month_end,2025-06,2025-06-30,Inflation Bridge Ridge,3.4388261759264793,5.4070421559945334,5.4959305417945936,0.088888385800060199,-1.9682159800680541,-2.0571043658681143,3.8738741441952507,4.2316783720736568,0.35780422787840616,1.9682159800680541,2.0571043658681143,0.088888385800060199,3a596ce8bd19787adfea2353c83c68ff87059b095ef44b36309a152b1ded1535,63d4cd73e0d4250811c08e5c3da78fe34b4a97489218407c1f82d6a19ea2348d,107d88681716a98808f591d5744f27e6533d6df4728d1dddabf93910462d8b5b,107d88681716a98808f591d5744f27e6533d6df4728d1dddabf93910462d8b5b,1,1,468,0,0,,,
Inflation,CPIAUCSL,4,pre_release,2025-06,2025-07-14,Inflation Bridge Ridge,3.4388261759264793,5.342849368356438,5.4959305417945936,0.15308117343815564,-1.9040231924299587,-2.0571043658681143,3.6253043173111714,4.2316783720736568,0.6063740547624854,1.9040231924299587,2.0571043658681143,0.15308117343815564,59721ef3b05b09fb4738c0c60e768b9b11f4444fcf6bc6572002a529028c0dea,2ce8e5ba1e5fa1c72e5add4a6354f8df65f1993de3e6d1e79e687e89bee6705c,9698e0c43e681a74d1a54fe318edbcf70410930810d50306b91ae7043c5aec11,9698e0c43e681a74d1a54fe318edbcf70410930810d50306b91ae7043c5aec11,1,1,469,0,0,,,
Inflation,CPIAUCSL,1,month_open,2025-07,2025-07-01,Inflation Ridge-AR Ensemble,2.3566269040241394,5.2564911607965357,5.5511343748984947,0.29464321410195904,-2.8998642567723962,-3.1945074708743553,8.4092127077061214,10.20487798147207,1.7956652737659482,2.8998642567723962,3.1945074708743553,0.29464321410195904,81ecbbe883965eb9bddb6fe8c361df19948898a537ee9f03d17e4588a3db6147,97a91fa57a8ffeca53757549fd97e1876befecd8f9ae3d913f72bf2956a9e197,ad02048d56a3e3853ba5c756026e7e9ff87abea07bf481ccd52a8224a7e5e7c1,ad02048d56a3e3853ba5c756026e7e9ff87abea07bf481ccd52a8224a7e5e7c1,1,1,468,0,0,,,
Inflation,CPIAUCSL,2,mid_month,2025-07,2025-07-15,Inflation Bridge Ridge,2.3566269040241394,8.5023513103184598,8.792678332393745,0.29032702207528516,-6.1457244062943204,-6.4360514283696055,37.769928478121678,41.422757988618443,3.6528295104967654,6.1457244062943204,6.4360514283696055,0.29032702207528516,d5a81ce68e562b1b92e44ba335e058dbb779bc21f2c1956ad31a4af9bcaa6c51,b3fc3b4dce46f374a4e25c28f91aba0c581027788cc4496440ee6487634b8e98,4ad8026b5536f874a15e1e2b9e94bafe4edf600e437c7b0b25d33389031c2171,4ad8026b5536f874a15e1e2b9e94bafe4edf600e437c7b0b25d33389031c2171,1,1,473,0,0,,,
Inflation,CPIAUCSL,3,month_end,2025-07,2025-07-31,Inflation Bridge Ridge,2.3566269040241394,8.7806393449302789,8.6565511654159391,-0.12408817951433981,-6.4240124409061394,-6.2999242613917996,41.267935840916856,39.689045699273009,-1.5788901416438463,6.4240124409061394,6.2999242613917996,-0.12408817951433981,c599993131755f7f523fd9c095d4570ed3be10d315a40a0314e17e5506ec8fbc,3899fc740fa0c81030cb29f5c5db246edfa25c6c812cd25d0829b45dad9fc840,e60f2ff4e012da0d62bc16246bf165e3fc64ac4d28154e75323c2246a67b25d3,e60f2ff4e012da0d62bc16246bf165e3fc64ac4d28154e75323c2246a67b25d3,1,1,476,0,0,,,
Inflation,CPIAUCSL,4,pre_release,2025-07,2025-08-11,Inflation Bridge Ridge,2.3566269040241394,8.8484483723666347,8.6565511654159391,-0.19189720695069568,-6.4918214683424953,-6.2999242613917996,42.143745976832513,39.689045699273009,-2.4547002775595033,6.4918214683424953,6.2999242613917996,-0.19189720695069568,6ee08cccf5bf6d92e31cc207c866be6f578c82e87deacb54920f68035ee6929f,9960a23611c74ad3e1bab5ecc32d94153ff3334fec8830028e6df02735edbdab,2c1003688714df66d95557d93b4cd68b6a4c64cd9d60d5ec64eb6a4740e10cce,2c1003688714df66d95557d93b4cd68b6a4c64cd9d60d5ec64eb6a4740e10cce,1,1,478,0,0,,,
Inflation,CPIAUCSL,1,month_open,2025-08,2025-08-01,Inflation Ridge-AR Ensemble,4.5806691138956523,3.8041855695281956,3.8906443122115313,0.086458742683335643,0.7764835443674567,0.69002480168412106,0.60292669467344806,0.47613422693921059,-0.12679246773423747,0.7764835443674567,0.69002480168412106,-0.086458742683335643,2868338271635f2e33b6bd4259bb12fd3a8d8bd6015f077624f0fb6c1906a95f,7afa7c8e52f42df6e0ff7558d4693c9ffbaa2b57354e26298d957a5e2c3d30f8,737a8f2e0e0af414f13a31617163e84b79b008be710e1f5813823fd0579c23bf,737a8f2e0e0af414f13a31617163e84b79b008be710e1f5813823fd0579c23bf,1,1,478,0,0,,,
Inflation,CPIAUCSL,2,mid_month,2025-08,2025-08-15,Inflation Bridge Ridge,4.5806691138956523,4.5514333697076754,4.6808014658350725,0.12936809612739708,0.02923574418797692,-0.10013235193942016,0.00085472873822482623,0.0100264879049199,0.0091717591666950742,0.02923574418797692,0.10013235193942016,0.070896607751443241,e47c815a59b47610b59e20d6e220a73ba12cec1a412d75391fea041062127ff1,5d49b8c147c770dea450d60443c04ba5cf6c00b57b2690a3c40b45f95de65353,8c280ca43750bebd721de33e5c932d91178d97a584b64cd58580d072a2a0bb9e,8c280ca43750bebd721de33e5c932d91178d97a584b64cd58580d072a2a0bb9e,1,1,483,0,0,,,
Inflation,CPIAUCSL,3,month_end,2025-08,2025-08-31,Inflation Bridge Ridge,4.5806691138956523,4.5514333697076754,4.6808014658350725,0.12936809612739708,0.02923574418797692,-0.10013235193942016,0.00085472873822482623,0.0100264879049199,0.0091717591666950742,0.02923574418797692,0.10013235193942016,0.070896607751443241,b1a9e98e2e3262cc13c5b11665f2077ce68ca878b5a5c06b399ce23652bfce39,d7d76389f5d1e3627d366a235319e72216ccf1ed0f8ca304d88fba5d6135ec68,d837a151c606db5206092c8e914e561773335ebf1cb58a89a9e10d228df7b407,d837a151c606db5206092c8e914e561773335ebf1cb58a89a9e10d228df7b407,1,1,485,0,0,,,
Inflation,CPIAUCSL,4,pre_release,2025-08,2025-09-10,Inflation Bridge Ridge,4.5806691138956523,4.3402959048580003,4.6808014658350725,0.34050556097707219,0.24037320903765202,-0.10013235193942016,0.05777927962305876,0.0100264879049199,-0.047752791718138857,0.24037320903765202,0.10013235193942016,-0.14024085709823186,baf934395f0cc498a909e0e54e40c5c6436593944be45f097769a2fde8346241,64764271ced481c204110697f0f698a14b486ed1705b00555f5852fa1991c2b1,444699af11d02c141cb42ad7c5f2cd20f5f99d878d3f71b35e31b0a6e8f9fb84,444699af11d02c141cb42ad7c5f2cd20f5f99d878d3f71b35e31b0a6e8f9fb84,1,1,487,0,0,,,
Inflation,CPIAUCSL,1,month_open,2025-09,2025-09-01,Inflation Ridge-AR Ensemble,3.7200600398769268,4.182558109507025,3.9328026983258182,-0.24975541118120681,-0.46249806963009821,-0.2127426584488914,0.21390446441156716,0.04525943872390166,-0.16864502568766548,0.46249806963009821,0.2127426584488914,-0.24975541118120681,27cf3cc721e01366a148aa02a178f1d65934bbe2524f53b11dc66d2aae8469cf,cfcae854de97162e0607b45f77db25c6152cc216d118183ce78dec4391eda9d9,d837a151c606db5206092c8e914e561773335ebf1cb58a89a9e10d228df7b407,d837a151c606db5206092c8e914e561773335ebf1cb58a89a9e10d228df7b407,1,1,485,0,0,,,
Inflation,CPIAUCSL,2,mid_month,2025-09,2025-09-15,Inflation Bridge Ridge,3.7200600398769268,5.2282010006046171,5.1366607910870581,-0.091540209517559035,-1.5081409607276903,-1.4166007512101313,2.2744891574246409,2.0067576883291083,-0.26773146909553258,1.5081409607276903,1.4166007512101313,-0.091540209517559035,8fa2211d8d49c444f0fa6a3540e6d69708634a565703c8a53134dad86b3cd623,c39a2707b25755b29f62309a97047443ac753821973618b6eb61670945494f13,f893e91d63ec83b3d982e44b9d92c4c512803420c6acb399babb3e4f3971378a,f893e91d63ec83b3d982e44b9d92c4c512803420c6acb399babb3e4f3971378a,1,1,491,0,0,,,
Inflation,CPIAUCSL,3,month_end,2025-09,2025-09-30,Inflation Bridge Ridge,3.7200600398769268,5.2282010006046171,5.1366607910870581,-0.091540209517559035,-1.5081409607276903,-1.4166007512101313,2.2744891574246409,2.0067576883291083,-0.26773146909553258,1.5081409607276903,1.4166007512101313,-0.091540209517559035,4951a7a0c610a8376679beb26661d0117edd1c1a5c25f1d918cbe313039d1f5a,a804e76bef741ebc98c898b9237ef61087132f3fb1049e2edf1cf982173ec006,d3ba7c09d6c562aa2f9472a985c6022bcc912c5973b90aeae0f289c4043c510b,d3ba7c09d6c562aa2f9472a985c6022bcc912c5973b90aeae0f289c4043c510b,1,1,362,0,0,,,
Inflation,CPIAUCSL,4,pre_release,2025-09,2025-10-23,Inflation Bridge Ridge,3.7200600398769268,5.2282010006046171,5.1366607910870581,-0.091540209517559035,-1.5081409607276903,-1.4166007512101313,2.2744891574246409,2.0067576883291083,-0.26773146909553258,1.5081409607276903,1.4166007512101313,-0.091540209517559035,3497d92bc4f4c05de960b5c11017722f6b9f6e10ccd75825232041b9ae0e9365,91001bb6d58873be6917e6a5439e3b5c31b32f74e5eb5eb7904a6c67739877fd,0cb67ed2861acabaa1b77ec05c776ded9e4d55aa88582cbfb13ef7cb788f7be9,0cb67ed2861acabaa1b77ec05c776ded9e4d55aa88582cbfb13ef7cb788f7be9,1,1,362,0,0,,,
Inflation,CPIAUCSL,1,month_open,2025-11,2025-11-01,Inflation Ridge-AR Ensemble,2.4502664045531475,2.6153379805492465,2.7147945270014153,0.099456546452168837,-0.16507157599609901,-0.26452812244826784,0.02724862520183589,0.069975127566005782,0.042726502364169888,0.16507157599609901,0.26452812244826784,0.099456546452168837,57f8728243173a1dd4bd43995690d4a1595bc35b855470de81b388149c7a8cb7,99239d31f7bda31b802cb243981ed814c858006bb6dafef8d7c01128684e4f8e,54770d9ef95d7262e71a478b8645169cfc044826cf8d6764d7ac5e1e7d165f0a,54770d9ef95d7262e71a478b8645169cfc044826cf8d6764d7ac5e1e7d165f0a,1,1,366,0,0,,,
Inflation,CPIAUCSL,2,mid_month,2025-11,2025-11-15,Inflation Bridge Ridge,2.4502664045531475,2.0608644898857942,2.3635392751382862,0.30267478525249203,0.3894019146673533,0.08672712941486127,0.15163385114660069,0.007521594976542095,-0.1441122561700586,0.3894019146673533,0.08672712941486127,-0.30267478525249203,a30b24c3aec0c444516e10ac972a8f39f5ca6f30519ff5671d4d5ed7d8868b9c,6d2de225044e094ff80a00bc43177f7711497c3e0f3f62d922884e401013951e,427d6a6a4472e41997b0dbf463b57dc9a3ab56c4aedd5146ca6e84e8fac373f9,427d6a6a4472e41997b0dbf463b57dc9a3ab56c4aedd5146ca6e84e8fac373f9,1,1,366,0,0,,,
Inflation,CPIAUCSL,3,month_end,2025-11,2025-11-30,Inflation Bridge Ridge,2.4502664045531475,3.2950541719944346,4.1472124157231152,0.85215824372868054,-0.84478776744128714,-1.6969460111699677,0.71366637201843419,2.879625764825664,2.1659593928072298,0.84478776744128714,1.6969460111699677,0.85215824372868054,97aef115dc6f92dced31def01056939bfb7aab522f4603e63143a71eb9ae46ff,187a7799d680887f6deae714bcca622c3ff325e78ea11b1292b53272ad5ea53e,c87a9e74e7a8dee31c1822ccec01c6d0cd42b6577b6b536994849d2f197223c9,c87a9e74e7a8dee31c1822ccec01c6d0cd42b6577b6b536994849d2f197223c9,1,1,368,0,0,,,
Inflation,CPIAUCSL,4,pre_release,2025-11,2025-12-17,Inflation Bridge Ridge,2.4502664045531475,3.4658743510397305,4.3763248232105285,0.910450472170798,-1.015607946486583,-1.926058418657381,1.031459500966694,3.7097010320809711,2.6782415311142769,1.015607946486583,1.926058418657381,0.910450472170798,090267d51086d80eeb00018aad6ab0058f0a67d4c87176cf13f3a794831a1f48,805ae1c72a8128036adf37d449e12d27964b9e2664eb124626606aab82813be0,148649a98502a233562abed714ce5023cdb09437e920b1b0afe660e7ace6f051,148649a98502a233562abed714ce5023cdb09437e920b1b0afe660e7ace6f051,1,1,371,0,0,,,
Inflation,CPIAUCSL,1,month_open,2025-12,2025-12-01,Inflation Ridge-AR Ensemble,3.6826071315459785,3.4522724478756155,3.8627985407487433,0.4105260928731278,0.23033468367036303,-0.18019140920276477,0.053054066501526199,0.032468943950478224,-0.020585122551047975,0.23033468367036303,0.18019140920276477,-0.050143274467598253,ee6e91bc7e7cad2988c033393fa68b30e4ffa0373ce5fcb2d141041c4aa65895,9d64a9f90a58ca43cfa07729d69acb91de3ea69ac9593c64fc233c2d281e051d,075551abbfdd310fc28b91c506789b854319cdb461adbfec09a1fe399ebf5e5c,075551abbfdd310fc28b91c506789b854319cdb461adbfec09a1fe399ebf5e5c,1,1,368,0,0,,,
Inflation,CPIAUCSL,2,mid_month,2025-12,2025-12-15,Inflation Bridge Ridge,3.6826071315459785,3.6414558188575898,4.5585702289967891,0.91711441013919925,0.041151312688388675,-0.87596309745081058,0.0016934305359775387,0.7673113480956183,0.7656179175596407,0.041151312688388675,0.87596309745081058,0.8348117847624219,3389a3ec5508babdfe1230051c4ba6510ad8f8da1e4dd7149f40c47c5df03f07,045af89ccd429882a1279ffbe1b3365f7074b011463a03ff6919c771fae5a90f,24f5f1df3e929ee2b6710974baec3f166ce09a51b3eed8e1eac66fd1288ff124,24f5f1df3e929ee2b6710974baec3f166ce09a51b3eed8e1eac66fd1288ff124,1,1,368,0,0,,,
Inflation,CPIAUCSL,3,month_end,2025-12,2025-12-31,Inflation Bridge Ridge,3.6826071315459785,3.7512282646765924,5.0548241915749577,1.3035959268983652,-0.068621133130613909,-1.3722170600289791,0.0047088599121294381,1.8829796598345749,1.8782707999224455,0.068621133130613909,1.3722170600289791,1.3035959268983652,dc60f4cd3bce75ce0efc64f31e6f9de8061443310b9ae870ddf49df14f2cfbde,eda1c223d1431d73074c5df1f6fccc5d7dd27becfa376a54dadd85880cec83a4,beaf354135b1706974028776ea8e0e75250403008e74e6a4df31a3b014af82af,beaf354135b1706974028776ea8e0e75250403008e74e6a4df31a3b014af82af,1,1,377,0,0,,,
Inflation,CPIAUCSL,4,pre_release,2025-12,2026-01-12,Inflation Bridge Ridge,3.6826071315459785,3.9081599393360986,5.0548241915749577,1.146664252238859,-0.2255528077901201,-1.3722170600289791,0.050874069102006862,1.8829796598345749,1.8321055907325681,0.2255528077901201,1.3722170600289791,1.146664252238859,06c6f5cad8ca94360e2b4860fb696c4ccf56d0d88b6d5b2fc71c7d33a027606c,c98d0db1c39a050745454fc6ae0428a67724ef46b4b19da9fcb782290e081438,40b449957139b91a69c36945dd43da1c2f444836ea49dadbd0353a5d10ae88ff,40b449957139b91a69c36945dd43da1c2f444836ea49dadbd0353a5d10ae88ff,1,1,369,0,0,,,
Inflation,CPIAUCSL,2,mid_month,2026-01,2026-01-15,Inflation Bridge Ridge,2.0483625585395515,3.9650540623152768,4.3474684359681728,0.38241437365289599,-1.9166915037757253,-2.2991058774286213,3.6737063206460512,5.2858878356268306,1.6121815149807794,1.9166915037757253,2.2991058774286213,0.38241437365289599,cfb289d3004dff8b82f1b1283696bf08de8b77938400844f89ea386e5f86fc9f,055dbb2e32cffaa9eb2632f08120ef262ffd846d8480367ef9900723a9ff6932,49e2be4bd0055a7a7fa18b4d976e1471482ef570e5372f525a4919825bdf5039,49e2be4bd0055a7a7fa18b4d976e1471482ef570e5372f525a4919825bdf5039,1,1,375,0,0,,,
Inflation,CPIAUCSL,3,month_end,2026-01,2026-01-31,Inflation Bridge Ridge,2.0483625585395515,4.1834368658581234,4.3029670940428151,0.11953022818469172,-2.1350743073185718,-2.2546045355032636,4.5585422977718792,5.0832416115118866,0.52469931374000733,2.1350743073185718,2.2546045355032636,0.11953022818469172,0736c15c75330e9d810eac066a22ee0073738685446c386b435a850ed06dd859,c18a4bf7e4ba18cb0bcc5a2629f01de4d436ac4e5b89c46386a6103cdc78fe5d,3f019238e20f27311601e11b883480438f9abeee223736ea3a602ba41d81c269,3f019238e20f27311601e11b883480438f9abeee223736ea3a602ba41d81c269,1,1,374,0,0,,,
Inflation,CPIAUCSL,4,pre_release,2026-01,2026-02-12,Inflation Bridge Ridge,2.0483625585395515,4.0674584306313175,4.3029670940428151,0.23550866341149757,-2.019095872091766,-2.2546045355032636,4.0767481406980091,5.0832416115118866,1.0064934708138775,2.019095872091766,2.2546045355032636,0.23550866341149757,59f01cf051efe0c9bd6b99e7bafe82f1061b26faa2fba8ddc8cd34111e35a06e,eec09792d015159d78e0d9a0158bbffdb535405fc9c9ad8bbe5da20cb2630b24,f1f60754922fd86fbb9fc593bc9a24c4700130963cb8b785ba97d6d20bf0a9f8,f1f60754922fd86fbb9fc593bc9a24c4700130963cb8b785ba97d6d20bf0a9f8,1,1,296,0,0,,,
Inflation,CPIAUCSL,1,month_open,2026-02,2026-02-01,Inflation Ridge-AR Ensemble,3.1997670507312392,4.2398283050988113,3.6266013166318603,-0.61322698846695101,-1.040061254367572,-0.42683426590062101,1.0817274128366474,0.18218749054692204,-0.89953992228972535,1.040061254367572,0.42683426590062101,-0.61322698846695101,73baf19b287be04e4e6938422cd5d63c7ea06adda39d5054a35d9a768d3017e9,eea1cf4030d7d9a5af1fa62ce4043f83f77b8b9a2df7f6b547c4e1e87d14ce5a,3f019238e20f27311601e11b883480438f9abeee223736ea3a602ba41d81c269,3f019238e20f27311601e11b883480438f9abeee223736ea3a602ba41d81c269,1,1,374,0,0,,,
Inflation,CPIAUCSL,2,mid_month,2026-02,2026-02-15,Inflation Bridge Ridge,3.1997670507312392,4.2978718197903687,3.8078337917523815,-0.49003802803798724,-1.0981047690591295,-0.60806674102114222,1.205834083830404,0.36974516153607284,-0.83608892229433118,1.0981047690591295,0.60806674102114222,-0.49003802803798724,cd51542895b567294160f02ecc7906eed6b35270ef578fe4677bf606ed4c31e6,de53819ce095c08254a634d112b39969cca42698568e44b0c9b8fbc5ac0cc1f7,630febcb4765c39cfa42698ef52db97725cd1f413e123706a31d1ecd0209e268,630febcb4765c39cfa42698ef52db97725cd1f413e123706a31d1ecd0209e268,1,1,60,0,0,,,
Inflation,CPIAUCSL,3,month_end,2026-02,2026-02-28,Inflation Bridge Ridge,3.1997670507312392,4.1354703360910445,3.9951032301120266,-0.14036710597901791,-0.93570328535980529,-0.79533617938078738,0.87554063823313322,0.63255963823202799,-0.24298100000110523,0.93570328535980529,0.79533617938078738,-0.14036710597901791,41bd86fc73bf948e4c3bf08a2672d2e03a1e39f36302592e36cea3ecf9c33843,499aebca90c2fd3bd8242921d3b801b7ce9b38df6831bf64028053eae974c3a1,6495d56c657c569d9e413fd27e24435f73f3dc66343fec9f57493bf7493ede81,6495d56c657c569d9e413fd27e24435f73f3dc66343fec9f57493bf7493ede81,1,1,11,0,0,,,
Inflation,CPIAUCSL,4,pre_release,2026-02,2026-03-10,Inflation Bridge Ridge,3.1997670507312392,4.1354703360910445,3.9951032301120266,-0.14036710597901791,-0.93570328535980529,-0.79533617938078738,0.87554063823313322,0.63255963823202799,-0.24298100000110523,0.93570328535980529,0.79533617938078738,-0.14036710597901791,e986dc890a793a3554d53121448ed2d86fb6f45d9163e133f9427d304bf6e548,213ca4c58b9b542c64d4c6d276364b6400bc166f97cb6fbcfac0a23264f68cec,95ef2d86f7fa58fc029d0be9b3e9939169ee669f53cf23a1e4314eaf14616a14,95ef2d86f7fa58fc029d0be9b3e9939169ee669f53cf23a1e4314eaf14616a14,1,1,12,0,0,,,
Inflation,CPIAUCSL,1,month_open,2026-03,2026-03-01,Inflation Ridge-AR Ensemble,10.337074927015166,4.1302475580686835,4.2034488672537442,0.073201309185060737,6.2068273689464828,6.1336260597614221,38.524705987903118,37.621368640984429,-0.90333734691868983,6.2068273689464828,6.1336260597614221,-0.073201309185060737,c4485dd6273eeb7f4e3ae5268017d64f68ec76849aea6bd5ad20ed6987aa5b9b,8d4f5476fa4ead82ba82b46e1e46402312d852990792fca8cd9aeff4c853c2eb,6495d56c657c569d9e413fd27e24435f73f3dc66343fec9f57493bf7493ede81,6495d56c657c569d9e413fd27e24435f73f3dc66343fec9f57493bf7493ede81,1,1,11,0,0,,,
Inflation,CPIAUCSL,2,mid_month,2026-03,2026-03-15,Inflation Bridge Ridge,10.337074927015166,5.1826470224366368,5.2971302762629691,0.11448325382633229,5.1544279045785295,5.0399446507521972,26.568127023497812,25.401042082645688,-1.1670849408521242,5.1544279045785295,5.0399446507521972,-0.11448325382633229,a716019482770d8d4f56e8c48b980d939a63d38b3494709513c425e46466b436,80b7a993af97d94cc408ee1ecb2836bd4ac706120d933cfbb8b7a93d7ad1f3e1,bd5aec70aa6532d4754ea39da92db45a0bd23f4ddc84be286be3e6d0b611ffd9,bd5aec70aa6532d4754ea39da92db45a0bd23f4ddc84be286be3e6d0b611ffd9,1,1,14,0,0,,,
Inflation,CPIAUCSL,3,month_end,2026-03,2026-03-31,Inflation Bridge Ridge,10.337074927015166,5.4510838652181643,5.2168151659929123,-0.23426869922525206,4.8859910617970019,5.120259761022254,23.872908655960195,26.21706002034367,2.3441513643834746,4.8859910617970019,5.120259761022254,0.23426869922525206,81bd444227eff91c88ecdb6492c29771f11ab96aa5a422e5d09a72f1e610316e,b8c2fd03639a1a11b009cad72fd7b97795e7c0089d2847fc5c1eaac20974ebc5,a3cf7eac16d7d205a25f56978628fc7f1064f7458bc13c2287095ab6049c16bf,a3cf7eac16d7d205a25f56978628fc7f1064f7458bc13c2287095ab6049c16bf,1,1,14,0,0,,,
Inflation,CPIAUCSL,4,pre_release,2026-03,2026-04-09,Inflation Bridge Ridge,10.337074927015166,5.3425802759138907,5.2168151659929123,-0.12576510992097845,4.9944946511012756,5.120259761022254,24.944976819879251,26.21706002034367,1.2720832004644187,4.9944946511012756,5.120259761022254,0.12576510992097845,1d43e6aabd38f4ea3cc2c2a23b661b33fd8503daf4dc9a0701709bec9e62af7b,a8654cf37eca7e18061110b034c7dacacc4d679f03927642895247b4854ba912,7a7e242d5516540be42d3fb2cb9afff5d29fb36490eb5a2f7b00934eeb625e08,7a7e242d5516540be42d3fb2cb9afff5d29fb36490eb5a2f7b00934eeb625e08,1,1,10,0,0,,,
Inflation,CPIAUCSL,1,month_open,2026-04,2026-04-01,Inflation Ridge-AR Ensemble,7.6559788889596803,5.6505067187716422,5.2471724879826649,-0.40333423078897734,2.005472170188038,2.4088064009770154,4.0219186253987189,5.8023482773878419,1.780429651989123,2.005472170188038,2.4088064009770154,0.40333423078897734,5607ec8bb9be56ed471fea98ce825532c79d22ff0e9ff105adc5cd7fd0ce8640,d0adbc9b326c359ed2b3a5937a7b539c210a76ee65dc5429987a6091d8c7b548,aa5ae64a510adcfc9878c532c89b2ee52906bdebdfa75e5a94419ffbf4191f86,aa5ae64a510adcfc9878c532c89b2ee52906bdebdfa75e5a94419ffbf4191f86,1,1,14,0,0,,,
Inflation,CPIAUCSL,2,mid_month,2026-04,2026-04-15,Inflation Bridge Ridge,7.6559788889596803,9.1683410046561011,9.2722385008657984,0.10389749620969724,-1.5123621156964209,-1.6162596119061181,2.2872391689937541,2.6122951330789155,0.32505596408516135,1.5123621156964209,1.6162596119061181,0.10389749620969724,0f309fffb4256000594f4a61b6cf248566025fd62a7ee11ec444b991e5dc2ea8,5141142feaeb76bfb36e91bfd171ae15443ec7edb3d96154ca540a5fea710236,fc54fde8398663c4c42dc2cbf2a7abd181508f617674df1f9a5741b460678d84,fc54fde8398663c4c42dc2cbf2a7abd181508f617674df1f9a5741b460678d84,1,1,10,0,0,,,
Inflation,CPIAUCSL,3,month_end,2026-04,2026-04-30,Inflation Bridge Ridge,7.6559788889596803,9.1683410046561011,9.2722385008657984,0.10389749620969724,-1.5123621156964209,-1.6162596119061181,2.2872391689937541,2.6122951330789155,0.32505596408516135,1.5123621156964209,1.6162596119061181,0.10389749620969724,d2bcf6a3dd2d72ab4fdfc3aea17e5d3513254a63dba602b2c252f030c6a9ced3,e9464d63308e0c3ae4ef56e09f50b7ff2253ba882827a0576f06912048b742db,38011761fafaa72091e42fb347ad316c0c554d07d35c1f91b1c19cdfc535d10e,38011761fafaa72091e42fb347ad316c0c554d07d35c1f91b1c19cdfc535d10e,1,1,12,0,0,,,
Inflation,CPIAUCSL,4,pre_release,2026-04,2026-05-11,Inflation Bridge Ridge,7.6559788889596803,9.0591309682754577,9.2722385008657984,0.21310753259034065,-1.4031520793157775,-1.6162596119061181,1.9688357576881899,2.6122951330789155,0.64345937539072562,1.4031520793157775,1.6162596119061181,0.21310753259034065,2d8036b0f3006633ecba032108a6cfc51fc1b9b1ddcaf398b8cc517f0f32d691,6182dd8b68377ab55681613fd1250dc6ed7b3a4142b5a93a067ecd796620b843,a6ed4c0d987d9829be81a602803e28c4b662c232c5d9cce93c1d8cf9cc5853cf,a6ed4c0d987d9829be81a602803e28c4b662c232c5d9cce93c1d8cf9cc5853cf,1,1,10,0,0,,,
Inflation,CPIAUCSL,1,month_open,2026-05,2026-05-01,Inflation Ridge-AR Ensemble,5.6615940286512512,5.5005696601914664,5.890039672372116,0.38947001218064958,0.16102436845978474,-0.22844564372086484,0.025928847237872518,0.052187412135040315,0.026258564897167797,0.16102436845978474,0.22844564372086484,0.067421275261080105,ecce58d78881f1fa52eea024f09cf047c9ca1eea60292d769f6573282836f872,a4937dccd2dbdbafbdcdc1a1227324078a6a5df8b18cd96540d59c1a081fa1d6,b7d3dda062690d35e1c421f5743e0783c7ab231c92c9754fc9035ebc3946074c,b7d3dda062690d35e1c421f5743e0783c7ab231c92c9754fc9035ebc3946074c,1,1,12,0,0,,,
Inflation,CPIAUCSL,2,mid_month,2026-05,2026-05-15,Inflation Bridge Ridge,5.6615940286512512,6.5370909233916583,6.4117054383617296,-0.12538548502992874,-0.87549689474040715,-0.75011140971047841,0.76649481270009556,0.56266712697784116,-0.2038276857222544,0.87549689474040715,0.75011140971047841,-0.12538548502992874,09c0637b340d3561ff0b0bb18908b61a785ebba2ab34b086e758b763931bda60,64208c81d5129ed4e44d77bc70a2f7ad340cfba0e43b2d0ebc515f829d6c87b9,4b42ace52cc2355a16aa2d9af2ee4b01efac1fb3709079e05a542e4db173914e,4b42ace52cc2355a16aa2d9af2ee4b01efac1fb3709079e05a542e4db173914e,1,1,10,0,0,,,
Inflation,CPIAUCSL,3,month_end,2026-05,2026-05-31,Inflation Bridge Ridge,5.6615940286512512,6.5370909233916583,6.4117054383617296,-0.12538548502992874,-0.87549689474040715,-0.75011140971047841,0.76649481270009556,0.56266712697784116,-0.2038276857222544,0.87549689474040715,0.75011140971047841,-0.12538548502992874,553bf3f082f734a2a8963337ee9d14d499e35a41ec8fb28aeac183d8744b1f4c,1adab88e50602d7ca6e26c1d3aa5024d56962ddc7814df286ab75250067025f8,c926e27d0d5f7b3ed7cb57432df6b8a88e8933611ff4327d69b637d17fe132dd,c926e27d0d5f7b3ed7cb57432df6b8a88e8933611ff4327d69b637d17fe132dd,1,1,12,0,0,,,
Inflation,CPIAUCSL,4,pre_release,2026-05,2026-06-09,Inflation Bridge Ridge,5.6615940286512512,6.5370909233916583,6.4117054383617296,-0.12538548502992874,-0.87549689474040715,-0.75011140971047841,0.76649481270009556,0.56266712697784116,-0.2038276857222544,0.87549689474040715,0.75011140971047841,-0.12538548502992874,4429753f988a428fe54757cdcb1e35a02aad40ed2845ebc6222a4d500633b537,ced990008269266453e72d6c4eaeeb252a3e6c47f4ef37ab0c1b9521fdc36da6,723f8e4730b86d790681fbe6e91cc769b415674cb637c378f7ea31b868e50cd4,723f8e4730b86d790681fbe6e91cc769b415674cb637c378f7ea31b868e50cd4,1,1,13,0,0,,,
Inflation,CPIAUCSL,1,month_open,2026-06,2026-06-01,Inflation Ridge-AR Ensemble,-5.0805195408127446,7.3528206009709756,6.831925554648139,-0.52089504632283656,-12.43334014178372,-11.912445095460884,154.58794708129042,141.90634815237007,-12.681598928920351,12.43334014178372,11.912445095460884,-0.52089504632283656,f0df781ab2f261271b2366f61a81fc49bbdfc7e9b97072503f64ad3b16b226f6,665af9464afd5696df4ef58a3d4a87d7da1533289cfaa3e95cd1ec7ec7ed4cde,5d2be57c5bfb4c311bf34cb38509f95bb508a6b19ba0af1499fdf10db0379ed7,5d2be57c5bfb4c311bf34cb38509f95bb508a6b19ba0af1499fdf10db0379ed7,1,1,12,0,0,,,
Inflation,CPIAUCSL,2,mid_month,2026-06,2026-06-15,Inflation Bridge Ridge,-5.0805195408127446,5.0568945567606427,4.5295434757786381,-0.52735108098200456,-10.137414097573387,-9.6100630165913827,102.76716458567965,92.353311182857468,-10.413853402822184,10.137414097573387,9.6100630165913827,-0.52735108098200456,f4397e66e5c38a308cf0c52dcc87caad0d2761acffbce156b355b4d1a7eb71b3,461b5d46b4ceac6b8cb518a6fba61f7ead2531d51bcce1066287e858e70766aa,550adbc7f993502ddb5fdbc23bfc09329876d6b3c59d683760fa0e2e0409070b,550adbc7f993502ddb5fdbc23bfc09329876d6b3c59d683760fa0e2e0409070b,1,1,13,0,0,,,
Inflation,CPIAUCSL,3,month_end,2026-06,2026-06-30,Inflation Bridge Ridge,-5.0805195408127446,5.0568945567606427,4.5295434757786381,-0.52735108098200456,-10.137414097573387,-9.6100630165913827,102.76716458567965,92.353311182857468,-10.413853402822184,10.137414097573387,9.6100630165913827,-0.52735108098200456,940b4ce22c10e895338bda0a11319316665ac5f2c98f8c30b9ca1a7f95c4cd7c,c280df13a16b9fc52433f3776ec4a4a5cbb881ff7bd664a5fa2aab62ba0dcf63,2c47b8444b8f75522c1d37b1124a6f452cc6060801b176eb600fe395d5a1aad1,2c47b8444b8f75522c1d37b1124a6f452cc6060801b176eb600fe395d5a1aad1,1,1,9,0,0,,,
Inflation,CPIAUCSL,4,pre_release,2026-06,2026-07-13,Inflation Bridge Ridge,-5.0805195408127446,4.9929139763518613,4.5295434757786381,-0.46337050057322315,-10.073433517164606,-9.6100630165913827,101.47406282473528,92.353311182857468,-9.120751641877817,10.073433517164606,9.6100630165913827,-0.46337050057322315,6a79eecb50495e80698ce87648ca902391c45569dae7e021997c036212197499,e86b876429c25fbe9ecd91e557ebf57d8c7d57545835d3c81b4c43c059d4cfd3,3c8b7191e848efd23c763fdcf9f79068da67fed015a869a512c06105ee378ab9,3c8b7191e848efd23c763fdcf9f79068da67fed015a869a512c06105ee378ab9,1,1,10,0,0,,,
Inflation,CPILFESL,1,month_open,2023-02,2023-02-01,Inflation 12-Month Mean,5.4109378199150626,5.5342045369646264,5.529781904007347,-0.0044226329572794043,-0.12326671704956382,-0.11884408409228442,0.015194683532177228,0.01412391632373397,-0.0010707672084432577,0.12326671704956382,0.11884408409228442,-0.0044226329572794043,30bd2a746b5627992ad31d6598e4a35a8669f48041c568df44c48cf034f7b626,d9deb4a3608581c022c6b21b1126d86a318a2b298829a7b84e493f3cd679fd33,ef970de4f70179de72c01362ee6ee7771ac29812f6be8f5a98ebfda3f19a59fb,ef970de4f70179de72c01362ee6ee7771ac29812f6be8f5a98ebfda3f19a59fb,1,1,1333,0,0,,,
Inflation,CPILFESL,2,mid_month,2023-02,2023-02-15,Inflation Ridge-AR Ensemble,5.4109378199150626,4.2597767031627445,4.1623436335730641,-0.097433069589680343,1.1511611167523181,1.2485941863419985,1.3251719167224443,1.5589874421670373,0.23381552544459305,1.1511611167523181,1.2485941863419985,0.097433069589680343,8a6aa5b331d2800440fc5070284d13bec46ca8e8cf8f0b64f2d774d7a346d845,9c811b41abf1f0a09af3f797add7b3d5469a95fe2f8932bd1de8af5452471a2e,dabfe64599e3776a5854eb340efd02704116e3ce8b132c5b7a2000b3a771a6f6,dabfe64599e3776a5854eb340efd02704116e3ce8b132c5b7a2000b3a771a6f6,1,1,1258,0,0,,,
Inflation,CPILFESL,3,month_end,2023-02,2023-02-28,Inflation Ridge-AR Ensemble,5.4109378199150626,4.5299707217486356,4.3588980958131831,-0.17107262593545247,0.88096709816642704,1.0520397241018795,0.77610302805177511,1.1067875810883587,0.33068455303658362,0.88096709816642704,1.0520397241018795,0.17107262593545247,cb70f1083227814a12434e0b70c1200ca41999978ef528db99612996b9f10dfd,843a9992afe03c80f95ae1bdae8bd63b34c7b9de70f71dbb8c4519bbfb62a5b2,a92da34da69ed1b560febae9de711fd40247ee01668175979981cd2aa98cc3dc,a92da34da69ed1b560febae9de711fd40247ee01668175979981cd2aa98cc3dc,1,1,1262,0,0,,,
Inflation,CPILFESL,4,pre_release,2023-02,2023-03-13,Inflation Ridge-AR Ensemble,5.4109378199150626,4.5272670103841399,4.3588980958131831,-0.16836891457095682,0.8836708095309227,1.0520397241018795,0.78087409961703624,1.1067875810883587,0.32591348147132249,0.8836708095309227,1.0520397241018795,0.16836891457095682,c91425f67efe5d51fa6c27e95c6daeb7211d5f17f38bbcfc50975816d8e59904,70e8048b4b35e0e52aee6ba41ce77b0a1b66b9cc0450f8eb1b1c089ff58a5f46,4e8a496cf9d51a3757bcb514240048e38d9b77caf5241b5e268cbaf7e04af869,4e8a496cf9d51a3757bcb514240048e38d9b77caf5241b5e268cbaf7e04af869,1,1,1263,0,0,,,
Inflation,CPILFESL,1,month_open,2023-03,2023-03-01,Inflation 12-Month Mean,4.6084972365690646,5.3991608874064845,5.391542159489493,-0.0076187279169914746,-0.79066365083741985,-0.78304492292042838,0.62514900875555734,0.6131593513114596,-0.011989657444097745,0.79066365083741985,0.78304492292042838,-0.0076187279169914746,db99f1f4d4d3334eaef59b89950f48ee9bb1f8678fcf1d30d0bfaa5b720ee4df,52c51c99756d9eb0456f7ce862f0b919ab434d90d883f114f40b4d1ef53b79ac,0dfc642a50ac8a9917618a26f2442c08ef652f99134c03cf7019eee0b285d8b6,0dfc642a50ac8a9917618a26f2442c08ef652f99134c03cf7019eee0b285d8b6,1,1,1262,0,0,,,
Inflation,CPILFESL,2,mid_month,2023-03,2023-03-15,Inflation Ridge-AR Ensemble,4.6084972365690646,4.990866999372912,5.2367759330600983,0.24590893368718625,-0.38236976280384738,-0.62827869649103363,0.14620663550667051,0.39473412046447237,0.24852748495780186,0.38236976280384738,0.62827869649103363,0.24590893368718625,c24597678917fa9998f96e86831764202da9a46463c27a4e17b3e2dbde45d766,c67775c317c32d604d8cc8eef6e60083852d0604e603bc0f20dd44385a76c75b,baa4b1fa94f0154c28c9f535e620d8bfd5387abe04813564a13b5d80bdc52bcc,baa4b1fa94f0154c28c9f535e620d8bfd5387abe04813564a13b5d80bdc52bcc,1,1,1268,0,0,,,
Inflation,CPILFESL,3,month_end,2023-03,2023-03-31,Inflation Ridge-AR Ensemble,4.6084972365690646,4.990866999372912,5.2367759330600983,0.24590893368718625,-0.38236976280384738,-0.62827869649103363,0.14620663550667051,0.39473412046447237,0.24852748495780186,0.38236976280384738,0.62827869649103363,0.24590893368718625,dbd9eef0029676b046856fff4475ab9b8493c33323f171e88807ce15d8dfd6c8,4c1f821a6e5039eab5383db364533421b4e3a91f3612c7155180d60b5b8af3f0,9a181cf613e2de9c5098325f2944d3d0d514556e5c95aa59e4d485041658f75c,9a181cf613e2de9c5098325f2944d3d0d514556e5c95aa59e4d485041658f75c,1,1,1270,0,0,,,
Inflation,CPILFESL,4,pre_release,2023-03,2023-04-11,Inflation Ridge-AR Ensemble,4.6084972365690646,4.9752337902191712,5.2367759330600983,0.26154214284092703,-0.3667365536501066,-0.62827869649103363,0.13449569978315751,0.39473412046447237,0.26023842068131486,0.3667365536501066,0.62827869649103363,0.26154214284092703,dd6b39c918271d98b4c0205aaf3ae8860e4f295e048987ee9f3eecb5caa2b4e1,a9587060eb140a551c24e0374c3cd79cfaf370f1d946fe203c39735df9451e56,826d5d53740686fd584ca50cc7d1e6ece0c61c8d2e91603486dd03817debdfbd,826d5d53740686fd584ca50cc7d1e6ece0c61c8d2e91603486dd03817debdfbd,1,1,1270,0,0,,,
Inflation,CPILFESL,1,month_open,2023-04,2023-04-01,Inflation 12-Month Mean,4.9002158887912373,5.3787171473290485,5.3524277025418954,-0.026289444787153116,-0.47850125853781122,-0.45221181375065811,0.22896345442226926,0.20449552449565989,-0.024467929926609372,0.47850125853781122,0.45221181375065811,-0.026289444787153116,32673152a99d3263f3f9ed8560cc6ba755c24bb424dae7e956134f442cc46d9a,2aba6bb3773f49429ed36fdd1b8ce6cd7b8b8843550e2cc5f266e9fe9da1f698,9a181cf613e2de9c5098325f2944d3d0d514556e5c95aa59e4d485041658f75c,9a181cf613e2de9c5098325f2944d3d0d514556e5c95aa59e4d485041658f75c,1,1,1270,0,0,,,
Inflation,CPILFESL,2,mid_month,2023-04,2023-04-15,Inflation Ridge-AR Ensemble,4.9002158887912373,3.534537903566326,3.2308462893849543,-0.30369161418137169,1.3656779852249112,1.6693695994062829,1.8650763593279729,2.7867948594218936,0.92171850009392076,1.3656779852249112,1.6693695994062829,0.30369161418137169,24f87b813e26fb3b81c056ed9d88901f2c30ae987130cda85ad254b128511a68,a6b25afbd690bb5f1a60409f2c8c9eae3104625d392d70977739a9efa888a7a5,3bbbefd21c3fb506207f09d4328687d801a0c707da37af8d70b59baa3498448b,3bbbefd21c3fb506207f09d4328687d801a0c707da37af8d70b59baa3498448b,1,1,1275,0,0,,,
Inflation,CPILFESL,3,month_end,2023-04,2023-04-30,Inflation Ridge-AR Ensemble,4.9002158887912373,3.534537903566326,3.2308462893849543,-0.30369161418137169,1.3656779852249112,1.6693695994062829,1.8650763593279729,2.7867948594218936,0.92171850009392076,1.3656779852249112,1.6693695994062829,0.30369161418137169,b21663aae72afaada0e5e4c60247f75fc2908ae0e0a8fac2b14e3eb37a170755,fb47096d18da29a89cdbd4eb91d033f70eff098777573bfc3269a1ff54b9cf65,a39d4c0a20d69e25053db7911bcd19a846b202995b4fc93fe9a60f4e633f9b7f,a39d4c0a20d69e25053db7911bcd19a846b202995b4fc93fe9a60f4e633f9b7f,1,1,1278,0,0,,,
Inflation,CPILFESL,4,pre_release,2023-04,2023-05-09,Inflation Ridge-AR Ensemble,4.9002158887912373,3.5229674959756818,3.2308462893849543,-0.29212120659072749,1.3772483928155554,1.6693695994062829,1.8968131355130304,2.7867948594218936,0.88998172390886321,1.3772483928155554,1.6693695994062829,0.29212120659072749,70701eb87515f29a738d6afead804bcdb00ca733c833b7095fc8089cf0302b75,fe8eb48173439449a3547ef6818e5bdec663978bf5f4c17cfbb72081bc5791f7,b922ad171ce763003b2cc7a6dd9c9d0eeb8420396b607153f2fdc945cfdde6a2,b922ad171ce763003b2cc7a6dd9c9d0eeb8420396b607153f2fdc945cfdde6a2,1,1,1279,0,0,,,
Inflation,CPILFESL,1,month_open,2023-05,2023-05-01,Inflation 12-Month Mean,5.2155904950303977,5.4512507424956169,5.4173186744201907,-0.033932068075426258,-0.23566024746521919,-0.20172817938979293,0.055535752235368344,0.040694258359920479,-0.014841493875447864,0.23566024746521919,0.20172817938979293,-0.033932068075426258,c40dc0e288acf44de093f257dd91ced1a042449c69581796e5c72d64a383200e,a353b6e24cabfbe4c1f7a3035f45c5c5dfcfbb55f8f63e56c1a32ae6914aa225,f4666a5ae4c52e6315ab9f94c6c096b942930f4fae1720215295de51e3f5dc62,f4666a5ae4c52e6315ab9f94c6c096b942930f4fae1720215295de51e3f5dc62,1,1,1278,0,0,,,
Inflation,CPILFESL,2,mid_month,2023-05,2023-05-15,Inflation Ridge-AR Ensemble,5.2155904950303977,3.8256857059840823,4.293642726436703,0.46795702045262066,1.3899047890463154,0.92194776859369476,1.9318353226138827,0.84998768801489299,-1.0818476345989896,1.3899047890463154,0.92194776859369476,-0.46795702045262066,5a53e4c54994844b836b9488eadd3536e0c958570641ae4d93cd978d90c91e5c,6bf71bab357f9838abba9c9d089ddbd964d6ce2376819a78d8e946e22a8b437c,2c8016fe954cd9020c378091d492f26b2a5a081ab72bbaabb3aaa5bb7c7d20c2,2c8016fe954cd9020c378091d492f26b2a5a081ab72bbaabb3aaa5bb7c7d20c2,1,1,1284,0,0,,,
Inflation,CPILFESL,3,month_end,2023-05,2023-05-31,Inflation Ridge-AR Ensemble,5.2155904950303977,3.8256857059840823,4.293642726436703,0.46795702045262066,1.3899047890463154,0.92194776859369476,1.9318353226138827,0.84998768801489299,-1.0818476345989896,1.3899047890463154,0.92194776859369476,-0.46795702045262066,d1d37f7b62b103a5c74d2bf435831aaeb9e86c1d4234ce128b98eb56d3f035b8,3328343759e5f2fa2c69c14b765be84cc1046bcc9b26897895c779eca7c2dd41,d8d5dda1f274474dff479051aef36264246290905832b66292b23e57ce8d7b60,d8d5dda1f274474dff479051aef36264246290905832b66292b23e57ce8d7b60,1,1,1286,0,0,,,
Inflation,CPILFESL,4,pre_release,2023-05,2023-06-12,Inflation Ridge-AR Ensemble,5.2155904950303977,3.7979752935335451,4.293642726436703,0.49566743290315785,1.4176152014968526,0.92194776859369476,2.0096328595149622,0.84998768801489299,-1.1596451715000691,1.4176152014968526,0.92194776859369476,-0.49566743290315785,9ce9a11105821e09ff3008847fd55292b5213ee91304d12308ed111816d924ef,e4e163aefe74180641057d60ca72552bd2283392c517e851aafc8ae07d6fb2f2,2e4acc9eb4706d52ca0d794a154e6f5fec0f23f2895bf8bab58582942104d8d8,2e4acc9eb4706d52ca0d794a154e6f5fec0f23f2895bf8bab58582942104d8d8,1,1,1288,0,0,,,
Inflation,CPILFESL,1,month_open,2023-06,2023-06-01,Inflation 12-Month Mean,1.8892028838219943,5.3888148042622319,5.3676911175370101,-0.021123686725221802,-3.4996119204402376,-3.4784882337150158,12.247283593687408,12.09988039209381,-0.14740320159359754,3.4996119204402376,3.4784882337150158,-0.021123686725221802,7651bf41614253de85a8ccd1403b43ce653e69223fde0edfebb94e51992102ba,a2e7da90e0cba1a623bcb08cfff385b414914ad17586fffc9efdcfd0f9631a9c,94676259880cf8366bf24b7ec7e330d090ff5ccd59c6ae3da676305e291013b1,94676259880cf8366bf24b7ec7e330d090ff5ccd59c6ae3da676305e291013b1,1,1,1286,0,0,,,
Inflation,CPILFESL,2,mid_month,2023-06,2023-06-15,Inflation Ridge-AR Ensemble,1.8892028838219943,4.2916143348777123,3.6210237175149809,-0.6705906173627314,-2.402411451055718,-1.7318208336929866,5.7715807801636405,2.9992034000130712,-2.7723773801505693,2.402411451055718,1.7318208336929866,-0.6705906173627314,1d08b874d7bce4f6418361d7e9e35acbb28fb786e60bda8c15f016e0a267febc,c43db380c4dfbd878cdd2d10dac665d3bd4f8754550d232c5ff3866c81b1a32c,5ceddefad5badcaad26f7de0e1365ddacfe2e426da3e8de97782240211dace5e,5ceddefad5badcaad26f7de0e1365ddacfe2e426da3e8de97782240211dace5e,1,1,1293,0,0,,,
Inflation,CPILFESL,3,month_end,2023-06,2023-06-30,Inflation Ridge-AR Ensemble,1.8892028838219943,4.2916143348777123,3.6210237175149809,-0.6705906173627314,-2.402411451055718,-1.7318208336929866,5.7715807801636405,2.9992034000130712,-2.7723773801505693,2.402411451055718,1.7318208336929866,-0.6705906173627314,b92ae93bc8ff4e7485c1447cd9cb23ba00c85f6fed425f139954b509402dc803,0068cd3c38020a318e527c19d942248530e0c8eba4c2cfbfc4a0dc5dacf7405c,a6511e03d786bfe6e3fe0d78fb67ef9cf4aa58331e50545e36c9217227532357,a6511e03d786bfe6e3fe0d78fb67ef9cf4aa58331e50545e36c9217227532357,1,1,1295,0,0,,,
Inflation,CPILFESL,4,pre_release,2023-06,2023-07-11,Inflation Ridge-AR Ensemble,1.8892028838219943,4.2939016591480916,3.6210237175149809,-0.67287794163311077,-2.4046987753260973,-1.7318208336929866,5.782576200054832,2.9992034000130712,-2.7833728000417608,2.4046987753260973,1.7318208336929866,-0.67287794163311077,2a791de08fcd83b9da63bfc41e2aa43b28f7fa855d6cb2e4109483b71383a620,e6622a5dce6f38db77dfc882c2617aa67fcc586aa074759dbce0131a371a308b,cd2d286c40cbd92d6aa5113af7d665e28916a3bebf43070f5b7e3adb38d01f45,cd2d286c40cbd92d6aa5113af7d665e28916a3bebf43070f5b7e3adb38d01f45,1,1,1296,0,0,,,
Inflation,CPILFESL,1,month_open,2023-07,2023-07-01,Inflation 12-Month Mean,1.9134356114534512,5.191516900032056,5.1999741637724917,0.0084572637404356499,-3.2780812885786048,-3.2865385523190405,10.745816934529167,10.801335655879335,0.055518721350168221,3.2780812885786048,3.2865385523190405,0.0084572637404356499,772d853be45298023544f2d92b64ba3a8f809b150ffaa189716d3bcf8d0d4e4d,8146317ea26be3fd13e3d6f69a85141ab2235ec1c9877c2a3090e3ce5b3462e0,a6511e03d786bfe6e3fe0d78fb67ef9cf4aa58331e50545e36c9217227532357,a6511e03d786bfe6e3fe0d78fb67ef9cf4aa58331e50545e36c9217227532357,1,1,1295,0,0,,,
Inflation,CPILFESL,2,mid_month,2023-07,2023-07-15,Inflation Ridge-AR Ensemble,1.9134356114534512,1.9683769549409791,2.6636635782154086,0.69528662327442947,-0.054941343487527883,-0.75022796676195735,0.0030185512242145223,0.56284200211178059,0.55982345088756602,0.054941343487527883,0.75022796676195735,0.69528662327442947,89027fe9e485f8e383ea0d772ef18067f845d85a2ef90610397154b79eacb5e0,e5b51fae57e5f8fd86390939d7404200e0ac2e639d10f2e0aacf8a03d956357f,f76cf915a06ba462fb3827a5332017d503a67ac36270c0d8242eda167df4687b,f76cf915a06ba462fb3827a5332017d503a67ac36270c0d8242eda167df4687b,1,1,1301,0,0,,,
Inflation,CPILFESL,3,month_end,2023-07,2023-07-31,Inflation Ridge-AR Ensemble,1.9134356114534512,1.9683769549409791,2.6636635782154086,0.69528662327442947,-0.054941343487527883,-0.75022796676195735,0.0030185512242145223,0.56284200211178059,0.55982345088756602,0.054941343487527883,0.75022796676195735,0.69528662327442947,8abf16ba027a6d7454bffeb54143bf215ce42b236ff9002b8da5a7bc61e1a7e1,0dae2e3f5a3029c5971f161a3fd8d5ebe12132c698e98e56f55f5028f5851209,b85afdc388154a478994401ebef157787c5436ea06bd402a4b9a460b99b267ba,b85afdc388154a478994401ebef157787c5436ea06bd402a4b9a460b99b267ba,1,1,1303,0,0,,,
Inflation,CPILFESL,4,pre_release,2023-07,2023-08-09,Inflation Ridge-AR Ensemble,1.9134356114534512,2.0050840372950107,2.6636635782154086,0.65857954092039783,-0.091648425841559522,-0.75022796676195735,0.0083994339592358344,0.56284200211178059,0.55444256815254478,0.091648425841559522,0.75022796676195735,0.65857954092039783,fbfcd5e1bcab8eba5d5eb6f41cf1dee16231cac9b6fc80ef24dcbc88d6667b6c,664a1b8e7dfa0ff470fb4dbe053c43a83fd875bfa9b171f86883f6972fa3f45c,69be158e0b1365d626422c3252fa4f243755c360e70dbee2f14b346d90a20cf2,69be158e0b1365d626422c3252fa4f243755c360e70dbee2f14b346d90a20cf2,1,1,1304,0,0,,,
Inflation,CPILFESL,1,month_open,2023-08,2023-08-01,Inflation 12-Month Mean,3.3373130933370021,4.746493801489482,4.7394870506047404,-0.0070067508847415638,-1.4091807081524799,-1.4021739572677383,1.9857902682291246,1.9660918064398691,-0.019698461789255495,1.4091807081524799,1.4021739572677383,-0.0070067508847415638,14e5e80143efbaecbec28ae3af68a385e1236611e647b34a42dcabbed821774f,5848d3d90d8fb3cb83305553b11559372eedfad2967ca0c6593a72150bf2bed8,8dab094f5bdcbfff875dd0826ad96d33a9b4e062e019836430e36982ce51971c,8dab094f5bdcbfff875dd0826ad96d33a9b4e062e019836430e36982ce51971c,1,1,1303,0,0,,,
Inflation,CPILFESL,2,mid_month,2023-08,2023-08-15,Inflation Ridge-AR Ensemble,3.3373130933370021,2.2759002318066148,2.9802816992686516,0.70438146746203678,1.0614128615303873,0.35703139406835049,1.126597262622125,0.12747141635038978,-0.99912584627173517,1.0614128615303873,0.35703139406835049,-0.70438146746203678,9cc2c2745a298698df6c4f34ca2408a44f30fa474f8671fa4f1e4295603404a2,8bf42348241ea93b70afc1bdca9936cb80d130a39ffb6f692ea15d2789024178,352986a98748b8b518cdc05afc969df167ce7ce24505eb68cccedf2a54c730fa,352986a98748b8b518cdc05afc969df167ce7ce24505eb68cccedf2a54c730fa,1,1,1309,0,0,,,
Inflation,CPILFESL,3,month_end,2023-08,2023-08-31,Inflation Ridge-AR Ensemble,3.3373130933370021,2.2759002318066148,2.9802816992686516,0.70438146746203678,1.0614128615303873,0.35703139406835049,1.126597262622125,0.12747141635038978,-0.99912584627173517,1.0614128615303873,0.35703139406835049,-0.70438146746203678,c299c45efa306601544e041365cc364368d1840074da8d2a35e92e74b808789c,e41aa2d2c7aaca44a5724d358074f5f74151c5612e88fb6f18377c969a94c4f6,4a059c3e858ca1bfce981e01c3ab67c98660107278ce9ecf2bb4bffb044225db,4a059c3e858ca1bfce981e01c3ab67c98660107278ce9ecf2bb4bffb044225db,1,1,1311,0,0,,,
Inflation,CPILFESL,4,pre_release,2023-08,2023-09-12,Inflation Ridge-AR Ensemble,3.3373130933370021,2.2759002318066148,2.9802816992686516,0.70438146746203678,1.0614128615303873,0.35703139406835049,1.126597262622125,0.12747141635038978,-0.99912584627173517,1.0614128615303873,0.35703139406835049,-0.70438146746203678,25036deadb3b0974afcbd24f1c13ad75fca3516d83838819ad05562fc6cf1f50,f834bb16b01ddb7721ef57dddb19523a68fdf9e268b3bc6d688ab6e374afcdff,1128bffd82f6be8ac7febddfe079663eab3b3696119eb9e4f053be7ffcde542d,1128bffd82f6be8ac7febddfe079663eab3b3696119eb9e4f053be7ffcde542d,1,1,1313,0,0,,,
Inflation,CPILFESL,1,month_open,2023-09,2023-09-01,Inflation 12-Month Mean,3.8689617311792546,4.5975969759440183,4.593820173975427,-0.0037768019685913146,-0.72863524476476371,-0.7248584427961724,0.53090931991340717,0.52541976209289198,-0.0054895578205151896,0.72863524476476371,0.7248584427961724,-0.0037768019685913146,b85a328ae132025b941fa72de3c6759b46734f451777c72148c74dfd12a5e3ce,2b590fa20fcd468751462341d3c9d664b262644c7d6e6c3de70cdd6cb885088e,ee8dbaa69d0dd74138e1ef1a4c31899226723bc2934483cc81c9033af016dece,ee8dbaa69d0dd74138e1ef1a4c31899226723bc2934483cc81c9033af016dece,1,1,1313,0,0,,,
Inflation,CPILFESL,2,mid_month,2023-09,2023-09-15,Inflation Ridge-AR Ensemble,3.8689617311792546,3.5093873612893232,2.8982579782496916,-0.6111293830396316,0.35957436988993141,0.97070375292956301,0.1292937274817412,0.94226577595153815,0.81297204846979698,0.35957436988993141,0.97070375292956301,0.6111293830396316,61e5ff22c1712efb73e9d56a561747473a23ba97f849c34eb9865177f289d33f,3daa95505696e48f8f73cbb90288337eacba6440ac9f5ae2453279f005448311,e8d510ef09d0a397a43c47233f8be7a02592b392c006db06ad19d80f61f78734,e8d510ef09d0a397a43c47233f8be7a02592b392c006db06ad19d80f61f78734,1,1,1318,0,0,,,
Inflation,CPILFESL,3,month_end,2023-09,2023-09-30,Inflation Ridge-AR Ensemble,3.8689617311792546,3.5081151219415201,2.8982579782496916,-0.60985714369182853,0.36084660923773448,0.97070375292956301,0.13021027539837024,0.94226577595153815,0.81205550055316789,0.36084660923773448,0.97070375292956301,0.60985714369182853,a8b9090e854655e2a7df78c3a56653fd01ce034c9dc56dbec062b83091192828,7b0f251085bebdb90c2390113067c368144c9e4de51549aa86e35bd66629c739,cf5c515f0031178cfd7d9840ecc834028989c94b0c180647e4890c8b6df6c57f,cf5c515f0031178cfd7d9840ecc834028989c94b0c180647e4890c8b6df6c57f,1,1,500,0,0,,,
Inflation,CPILFESL,4,pre_release,2023-09,2023-10-11,Inflation Ridge-AR Ensemble,3.8689617311792546,3.5731038372532655,2.8982579782496916,-0.67484585900357397,0.29585789392598905,0.97070375292956301,0.087531893398321792,0.94226577595153815,0.85473388255321636,0.29585789392598905,0.97070375292956301,0.67484585900357397,21e8f51745d87973df7091e4c63e8d6e289c7b50ac4eaf3a2bf13a70b5955472,41cd8d133c37ff46575fdc7ca4e8f7f57a30004e7bbccc1626a73015aeb029e6,34f783bee5d5427fed6965fc39f2bd23875e63facaedc16aaf012dd5989aae67,34f783bee5d5427fed6965fc39f2bd23875e63facaedc16aaf012dd5989aae67,1,1,503,0,0,,,
Inflation,CPILFESL,1,month_open,2023-10,2023-10-01,Inflation 12-Month Mean,2.7162863311584573,4.2962239449521711,4.3051284829720871,0.0089045380199159752,-1.5799376137937138,-1.5888421518136298,2.4962028634801743,2.5244193833797652,0.028216519899590953,1.5799376137937138,1.5888421518136298,0.0089045380199159752,3a26df0d3895e07bab51d56556b6001227ed70942d6dda4e93c5ebce84cdeebc,f1429f2ae5e03c0edc44d9ed8f6728372dc07188c354af7530374bc465276ba7,cf5c515f0031178cfd7d9840ecc834028989c94b0c180647e4890c8b6df6c57f,cf5c515f0031178cfd7d9840ecc834028989c94b0c180647e4890c8b6df6c57f,1,1,500,0,0,,,
Inflation,CPILFESL,2,mid_month,2023-10,2023-10-15,Inflation Ridge-AR Ensemble,2.7162863311584573,3.7504245861980898,3.4599877452424943,-0.29043684095559552,-1.0341382550396325,-0.743701414084037,1.069441930536416,0.55309179331059632,-0.51635013722581968,1.0341382550396325,0.743701414084037,-0.29043684095559552,a424c78a7cd11f5b4ff41db85df2beea0102fc337d3c877f62063e1e9488380d,917d556e24a7944b9bbf9bc6bd345d88d0f921712684ab74523ae6eb5a37be49,c8b47b4db05f85c00ed6c117e5b87a9dd33b46f764b454bab09f2f4a0acbceee,c8b47b4db05f85c00ed6c117e5b87a9dd33b46f764b454bab09f2f4a0acbceee,1,1,507,0,0,,,
Inflation,CPILFESL,3,month_end,2023-10,2023-10-31,Inflation Ridge-AR Ensemble,2.7162863311584573,3.7504245861980898,3.4599877452424943,-0.29043684095559552,-1.0341382550396325,-0.743701414084037,1.069441930536416,0.55309179331059632,-0.51635013722581968,1.0341382550396325,0.743701414084037,-0.29043684095559552,2949285386a43565a033f492f774a76efe02f8f074faff23a4539ac02b94dea7,1355f8d927f34812da8728848638ae0a9b4db9597730360eebdbcb2546a00f38,16cdea2a7bea79dc5673174cfbd3849e30c2f45cc210da351d08bdd5750fe4e1,16cdea2a7bea79dc5673174cfbd3849e30c2f45cc210da351d08bdd5750fe4e1,1,1,509,0,0,,,
Inflation,CPILFESL,4,pre_release,2023-10,2023-11-13,Inflation Ridge-AR Ensemble,2.7162863311584573,3.7823942116855935,3.4599877452424943,-0.32240646644309923,-1.0661078805271362,-0.743701414084037,1.1365860129220626,0.55309179331059632,-0.5834942196114663,1.0661078805271362,0.743701414084037,-0.32240646644309923,508a6fa229a72de922c208cdcf66979fb0652faae6f37031c057f20f41931596,34de83c635d998a03a5ad4dcbbd81c5efe6e5a9d59f699a521bbd6a623f0ca94,6adb91b44e232acf307e404a66f4d1f11d55213a5a70845fe7e96a5e3d28c0a3,6adb91b44e232acf307e404a66f4d1f11d55213a5a70845fe7e96a5e3d28c0a3,1,1,510,0,0,,,
Inflation,CPILFESL,1,month_open,2023-11,2023-11-01,Inflation 12-Month Mean,3.4097929346401656,4.0471861668014419,4.0457909015435334,-0.0013952652579085623,-0.6373932321612763,-0.63599796690336774,0.40627013240499865,0.40449341390521726,-0.0017767184997813934,0.6373932321612763,0.63599796690336774,-0.0013952652579085623,a5393d6ec69e1d357cf1f32af81147b0f60146446a8004226b89cc12f838810d,afd65b49bd82e9de8a732ee80dcc3472c58bfccf57a44d68f4683d94eebf3411,1f826f98ecf595aed0a10562b8bb392cdb40624a8a721662d1e5b432e821ffa4,1f826f98ecf595aed0a10562b8bb392cdb40624a8a721662d1e5b432e821ffa4,1,1,509,0,0,,,
Inflation,CPILFESL,2,mid_month,2023-11,2023-11-15,Inflation Ridge-AR Ensemble,3.4097929346401656,3.0642478727311682,3.4556518906957576,0.39140401796458946,0.34554506190899748,-0.045858956055591982,0.11940138980969289,0.0021030438505087166,-0.11729834595918417,0.34554506190899748,0.045858956055591982,-0.29968610585340549,e8d35d9b894396dbacce853bbcba41da9c87e799884c4d13d86a672843c9a2f9,960c9d63830a896d1e77d11e62f6f2e8ab61f406d61f76f55255904ad6a18a30,c3bf8627ba4b01c8006781079d173793ec5661c1fd050d19885c014d1e267158,c3bf8627ba4b01c8006781079d173793ec5661c1fd050d19885c014d1e267158,1,1,515,0,0,,,
Inflation,CPILFESL,3,month_end,2023-11,2023-11-30,Inflation Ridge-AR Ensemble,3.4097929346401656,3.0642478727311682,3.4556518906957576,0.39140401796458946,0.34554506190899748,-0.045858956055591982,0.11940138980969289,0.0021030438505087166,-0.11729834595918417,0.34554506190899748,0.045858956055591982,-0.29968610585340549,10b81e01adda2a8d5cfb24c7264c7fc5a0a37d36fb8da475fa1bd9f9b40dd447,7a5d4a2ab613d7deb1a839b5a395128dfa7926544fa7b6fbfcbf0b1d5d69d800,ea666c62013dd3ae7cd0632865882f71d68e8d525736b1bf1348be143e3e5fdc,ea666c62013dd3ae7cd0632865882f71d68e8d525736b1bf1348be143e3e5fdc,1,1,517,0,0,,,
Inflation,CPILFESL,4,pre_release,2023-11,2023-12-11,Inflation Ridge-AR Ensemble,3.4097929346401656,3.0767853570773265,3.4556518906957576,0.37886653361843114,0.33300757756283916,-0.045858956055591982,0.11089404671427035,0.0021030438505087166,-0.10879100286376163,0.33300757756283916,0.045858956055591982,-0.28714862150724718,b1d936cd65211c1b933891530f1a91b5ea36297c7469e408579fb74042f24d0c,35bcc06e3148c8f192f70253d7139c1b922b6e3f1276c4e495a792a948375381,9b395265bfd8617b5af1174ff8ad012bb6bbc71abb9172d01fb8e93e99fd2fb4,9b395265bfd8617b5af1174ff8ad012bb6bbc71abb9172d01fb8e93e99fd2fb4,1,1,518,0,0,,,
Inflation,CPILFESL,1,month_open,2023-12,2023-12-01,Inflation 12-Month Mean,3.7028361810513388,3.940919140268484,3.9484154998732812,0.0074963596047972203,-0.23808295921714517,-0.24557931882194239,0.056683495469592809,0.060309201833049227,0.0036257063634564171,0.23808295921714517,0.24557931882194239,0.0074963596047972203,743e6919713900b76e677717cd1a66869d15bf5ff291e59b557bcbce3da349f9,a9df255e1cc3b6bb0d7232fdd5d4de60cdf2036e9ddae70c150f3e7ad74b4fa9,79796b7adf2c690b44d52981e66382b64ecf9c96fc819f3d7ae14dc2998142c8,79796b7adf2c690b44d52981e66382b64ecf9c96fc819f3d7ae14dc2998142c8,1,1,517,0,0,,,
Inflation,CPILFESL,2,mid_month,2023-12,2023-12-15,Inflation Ridge-AR Ensemble,3.7028361810513388,3.361276502355043,3.5588758847054818,0.19759938235043872,0.34155967869629578,0.14396029634585705,0.11666301411111681,0.020724566923986984,-0.095938447187129822,0.34155967869629578,0.14396029634585705,-0.19759938235043872,5df490ec980999cf3b758b948dbb6f3f3a4033a284583dd5839079d626dfd73c,1e66603e5e6e03040654dea93644737b76e1731a99a0a94615299024e50a39a7,6e4fdb85fe36c3e497f07778f8f0bc4d05cf0cc6f50299f10fc97bba6593175f,6e4fdb85fe36c3e497f07778f8f0bc4d05cf0cc6f50299f10fc97bba6593175f,1,1,523,0,0,,,
Inflation,CPILFESL,3,month_end,2023-12,2023-12-31,Inflation Ridge-AR Ensemble,3.7028361810513388,3.361276502355043,3.5588758847054818,0.19759938235043872,0.34155967869629578,0.14396029634585705,0.11666301411111681,0.020724566923986984,-0.095938447187129822,0.34155967869629578,0.14396029634585705,-0.19759938235043872,f7b61655455882d5c1efa87a7335a050e0b97a1ca437ec972e0b8e402ece3e3e,e7e1d1e90101cbe3b37b475960244ad8f54bd299b58ea5ed4239498d090c8bef,dda46da02e3f59419d02503cb0aa64b0a346cb2848c41bdd9bf56d5475d04160,dda46da02e3f59419d02503cb0aa64b0a346cb2848c41bdd9bf56d5475d04160,1,1,525,0,0,,,
Inflation,CPILFESL,4,pre_release,2023-12,2024-01-10,Inflation Ridge-AR Ensemble,3.7028361810513388,3.3343588009284364,3.5588758847054818,0.22451708377704538,0.36847738012290243,0.14396029634585705,0.13577557966223794,0.020724566923986984,-0.11505101273825095,0.36847738012290243,0.14396029634585705,-0.22451708377704538,593cd9c098e01d09baa005c378be568ef6cd4675bbf4c1ef0a7e03241c3af37a,6045cc0633d459632402365fb43af4a267b7bfd822aec172bb9bfcfb5aa822e0,035a4bcde14f10db3aab67b7c84541424ffac3c846ac8dadb81db3ca4dd791e0,035a4bcde14f10db3aab67b7c84541424ffac3c846ac8dadb81db3ca4dd791e0,1,1,516,0,0,,,
Inflation,CPILFESL,1,month_open,2024-01,2024-01-01,Inflation 12-Month Mean,4.6994628665117943,3.9155255137049316,3.9393587835574451,0.023833269852513439,0.78393735280686272,0.76010408295434928,0.6145577731258316,0.5777582169238723,-0.036799556201959294,0.78393735280686272,0.76010408295434928,-0.023833269852513439,1c9d7a507fb5ecf3beece8ebfe371399356d8179c0ea445c88bafdbb78fed0f5,683926235244048597ae1df4449d1a461ce86d3455077318dee26ba62680a55b,dda46da02e3f59419d02503cb0aa64b0a346cb2848c41bdd9bf56d5475d04160,dda46da02e3f59419d02503cb0aa64b0a346cb2848c41bdd9bf56d5475d04160,1,1,525,0,0,,,
Inflation,CPILFESL,2,mid_month,2024-01,2024-01-15,Inflation Ridge-AR Ensemble,4.6994628665117943,3.4500890862621989,3.1893276217830127,-0.26076146447918624,1.2493737802495954,1.5101352447287817,1.5609348427751644,2.2805084573720573,0.71957361459689295,1.2493737802495954,1.5101352447287817,0.26076146447918624,82d6c3d39139ad4d032d65475f1827d5719054f56653a8b93a2e9cff9dc268d7,e8bbcf2de104a060f9bba7049d88c00b2bd483f500833b169e79807a5cb06d62,173415f4a9a2667f29bef2b408aa1a8bff70a1d10c3f46f3e0ed508986bb57f7,173415f4a9a2667f29bef2b408aa1a8bff70a1d10c3f46f3e0ed508986bb57f7,1,1,521,0,0,,,
Inflation,CPILFESL,3,month_end,2024-01,2024-01-31,Inflation Ridge-AR Ensemble,4.6994628665117943,3.4500890862621989,3.1893276217830127,-0.26076146447918624,1.2493737802495954,1.5101352447287817,1.5609348427751644,2.2805084573720573,0.71957361459689295,1.2493737802495954,1.5101352447287817,0.26076146447918624,bd4850b054c3eb496d5f50f993746b4865bae6c15ef731f72f55168c4d365e20,e09d429702ae4d4362b7170d30c19f60c023dfa56646718c8c5ebf174ad3ad01,ef9903f205352336d791c17afdad0df732406980e9307c230507ee61b8fbd0a8,ef9903f205352336d791c17afdad0df732406980e9307c230507ee61b8fbd0a8,1,1,523,0,0,,,
Inflation,CPILFESL,4,pre_release,2024-01,2024-02-12,Inflation Ridge-AR Ensemble,4.6994628665117943,3.271221175351303,3.1893276217830127,-0.081893553568290312,1.4282416911604914,1.5101352447287817,2.0398743283689806,2.2805084573720573,0.24063412900307668,1.4282416911604914,1.5101352447287817,0.081893553568290312,c67b4c5c714111f4012f45549254a6c32d7eaa433a717cd59ca31b1234a2c4cc,c170a80b72cbb479bf15324eac4b7a8dc49e3f4f7e8cce5ce5369bbf8de5c21b,47f73f2d401dcfe6d218a7f3cb9d5a730b617dcf03c8c6cab90eb358bbe311c8,47f73f2d401dcfe6d218a7f3cb9d5a730b617dcf03c8c6cab90eb358bbe311c8,1,1,474,0,0,,,
Inflation,CPILFESL,1,month_open,2024-02,2024-02-01,Inflation 12-Month Mean,4.293317468662039,3.8255710997768588,3.8407620855068991,0.015190985730040296,0.46774636888518017,0.45255538315513988,0.21878666560527105,0.20480637482269545,-0.013980290782575594,0.46774636888518017,0.45255538315513988,-0.015190985730040296,4acd561b9e983aecffffe0fb830530af2b93463dfc296c45ebca9c5842b184ab,8f1e330ed51dade796484598da6b98d1d99bea2b00286cafc0c9233b60dd1b9a,f8155f400e1a737fefe7241773f6bf215d45121db274090b73c7899d8bcc04ae,f8155f400e1a737fefe7241773f6bf215d45121db274090b73c7899d8bcc04ae,1,1,523,0,0,,,
Inflation,CPILFESL,2,mid_month,2024-02,2024-02-15,Inflation Ridge-AR Ensemble,4.293317468662039,3.8332771750763417,3.533422532813332,-0.29985464226300973,0.46004029358569731,0.75989493584870704,0.21163707172241458,0.57744031352851055,0.36580324180609597,0.46004029358569731,0.75989493584870704,0.29985464226300973,ae89d3ae96b6270f5992f8c6f7491518dcf032586320f2b75a3b0fa9c8312b34,2052c272bfc0fc539daf5b1f3cc50c5796bed592e4ba6cd7e91e27de12bf1b6a,4d75aafcf08e46a4cdb46132f8b7f4a90a596eaa62574e13ca4513684a3cc85e,4d75aafcf08e46a4cdb46132f8b7f4a90a596eaa62574e13ca4513684a3cc85e,1,1,472,0,0,,,
Inflation,CPILFESL,3,month_end,2024-02,2024-02-29,Inflation Ridge-AR Ensemble,4.293317468662039,3.9452901270316674,3.6476445795117511,-0.29764554751991623,0.34802734163037163,0.64567288915028787,0.12112303052230342,0.41689347978367991,0.29577044926137652,0.34802734163037163,0.64567288915028787,0.29764554751991623,94b0121ab2e59c8cd66e8ebbe56a6b7f55071b97d156e84142e41ce7c1772b2f,31f0a4fc82ebd80d52e858fd4c94e2e1ddb93c26e8c8c05a474def6f77d3b554,ba70b5c1509c031f1ee5fa10c2986986c1448a3b9c32b38cd69afbc22bef7894,ba70b5c1509c031f1ee5fa10c2986986c1448a3b9c32b38cd69afbc22bef7894,1,1,475,0,0,,,
Inflation,CPILFESL,4,pre_release,2024-02,2024-03-11,Inflation Ridge-AR Ensemble,4.293317468662039,3.9466937547370136,3.6476445795117511,-0.29904917522526242,0.34662371392502545,0.64567288915028787,0.12014799905517788,0.41689347978367991,0.29674548072850204,0.34662371392502545,0.64567288915028787,0.29904917522526242,64eb8b3e8e40f520a5bec425ce6d83750dae8082514d7f2907c8ba36a5eaf194,1f47bba7a21d900ffbdfcab14911a104795be0152ab993dd57acf20963a706d2,866d24c66f31c850e586258b96b4af53d4da264f5fe09c66f7fa32d9c9d262b7,866d24c66f31c850e586258b96b4af53d4da264f5fe09c66f7fa32d9c9d262b7,1,1,476,0,0,,,
Inflation,CPILFESL,1,month_open,2024-03,2024-03-01,Inflation 12-Month Mean,4.3007465415762169,3.8014970397399317,3.785780495933011,-0.015716543806920669,0.49924950183628525,0.51496604564320592,0.24925006508377898,0.26519002816540044,0.015939963081621461,0.49924950183628525,0.51496604564320592,0.015716543806920669,f9ba877379756fdb8fb080f7d9c3d4a9398f93a116a9f04c27f138d329ec8492,2b3976610d1bfd36fd50acf31bfe3d62a3eef2fdfff59900621b99435eb3af2d,bca78d374b379776ac8014aebb1e716985b1a06c9bd18cf51bc3419bc9b4f44a,bca78d374b379776ac8014aebb1e716985b1a06c9bd18cf51bc3419bc9b4f44a,1,1,475,0,0,,,
Inflation,CPILFESL,2,mid_month,2024-03,2024-03-15,Inflation Ridge-AR Ensemble,4.3007465415762169,3.7261952946963603,3.9880182503682633,0.26182295567190295,0.57455124687985659,0.31272829120795365,0.3301091352911979,0.097798984121846663,-0.23231015116935122,0.57455124687985659,0.31272829120795365,-0.26182295567190295,579708298d18115ae7a6ec5713142c458e6f1054da00080213fc09c492efe402,e90545c039b859f3034e979802b16fb80c68007e663120facf1b0e9337d5c522,0969944b03a9be7f8e00193c2c171ef97e22329c46f9e0561178fbd07b06b01c,0969944b03a9be7f8e00193c2c171ef97e22329c46f9e0561178fbd07b06b01c,1,1,481,0,0,,,
Inflation,CPILFESL,3,month_end,2024-03,2024-03-31,Inflation Ridge-AR Ensemble,4.3007465415762169,3.7261952946963603,3.9880182503682633,0.26182295567190295,0.57455124687985659,0.31272829120795365,0.3301091352911979,0.097798984121846663,-0.23231015116935122,0.57455124687985659,0.31272829120795365,-0.26182295567190295,2c9265b86c22ac75b6b440afc4255aaaf6e9144c87eb36fe2f27cf8020b2bd66,bfe10096ae83a37605a7a8614929d15e0f5f1ae666ffde76b7580a4073cfc85a,5f0ae4a0514501e97c6bc3a1c39110439eacef398d562b12a27f322bfd3b7a1d,5f0ae4a0514501e97c6bc3a1c39110439eacef398d562b12a27f322bfd3b7a1d,1,1,483,0,0,,,
Inflation,CPILFESL,4,pre_release,2024-03,2024-04-09,Inflation Ridge-AR Ensemble,4.3007465415762169,3.7404703002941471,3.9880182503682633,0.24754795007411623,0.56027624128206988,0.31272829120795365,0.31390946654516416,0.097798984121846663,-0.21611048242331748,0.56027624128206988,0.31272829120795365,-0.24754795007411623,81300715ea8c17f006072264728a850f799b2cfe6d33b097c9a2d90df5c84355,dda72de484d9feb5d9048911623438bdda2c58e37f67fb99fbb5fa6b86256ed9,0af06f970a1c7f84f86abd21bbdfb778614cf970e3fee2d3caf910cf718f4d4c,0af06f970a1c7f84f86abd21bbdfb778614cf970e3fee2d3caf910cf718f4d4c,1,1,485,0,0,,,
Inflation,CPILFESL,1,month_open,2024-04,2024-04-01,Inflation 12-Month Mean,3.4960297145268271,3.6929169971996245,3.6929289185613001,1.1921361675604203e-05,-0.19688728267279743,-0.19689920403447303,0.038764602078278039,0.038769296549409041,4.6944711310017984e-06,0.19688728267279743,0.19689920403447303,1.1921361675604203e-05,0765f629012b7882da9b07236737a448cea652d24c7d60f9c5500570f2be42f0,b0f02ff3b2fc0b4562d043d6cd1b237b7e300750e39a1320956be52600765396,6958e02f2f8ad707f31544c5e80d0608ec30dec889e238c0484f9b0095bf3676,6958e02f2f8ad707f31544c5e80d0608ec30dec889e238c0484f9b0095bf3676,1,1,483,0,0,,,
Inflation,CPILFESL,2,mid_month,2024-04,2024-04-15,Inflation Ridge-AR Ensemble,3.4960297145268271,3.4527889281432902,3.6804340133873716,0.22764508524408145,0.0432407863835369,-0.18440429886054455,0.0018697656070666702,0.034004945438249029,0.032135179831182359,0.0432407863835369,0.18440429886054455,0.14116351247700765,4d2fb4af32164d7f9a5e2ce4cb4b96b3bb1b170fb3146c81bc70cc545eb356a4,4e3e8691fee80a0a27bd357fbb82bffc522422411f2259fe705dec6420f32039,8023416b4779bfa6cee81b548b929553f1a0889d1a5f5a4ed7ce449105ba9ff5,8023416b4779bfa6cee81b548b929553f1a0889d1a5f5a4ed7ce449105ba9ff5,1,1,490,0,0,,,
Inflation,CPILFESL,3,month_end,2024-04,2024-04-30,Inflation Ridge-AR Ensemble,3.4960297145268271,3.4527889281432902,3.6804340133873716,0.22764508524408145,0.0432407863835369,-0.18440429886054455,0.0018697656070666702,0.034004945438249029,0.032135179831182359,0.0432407863835369,0.18440429886054455,0.14116351247700765,2bc305f36c3ba0e98f4ecc69dc238a3f07b3bf0a383760a4532ed7ac5ba82ab7,51f844037bbe282e95e0e95d99c53100f208af4363c3888def69080c698bd20e,f0b5ebc55e34fe7584f5c836f2345f957af7a687a208a9cf66758cd181e547a5,f0b5ebc55e34fe7584f5c836f2345f957af7a687a208a9cf66758cd181e547a5,1,1,492,0,0,,,
Inflation,CPILFESL,4,pre_release,2024-04,2024-05-14,Inflation Ridge-AR Ensemble,3.4960297145268271,3.4020494980817562,3.6804340133873716,0.27838451530561548,0.09398021644507093,-0.18440429886054455,0.0088322810830623807,0.034004945438249029,0.025172664355186648,0.09398021644507093,0.18440429886054455,0.090424082415473617,69b562985c72ea58a6f109f19be17757104184293040c15f86548a388761b6d6,036cf26652132df8cb3ae77b77459fa590cef8b5429c85b3e112b45250fdb0db,ea31fcfb00f6c394c04f3df508eff2796d92971e7ec9bc8e8c650d8712dfa7a2,ea31fcfb00f6c394c04f3df508eff2796d92971e7ec9bc8e8c650d8712dfa7a2,1,1,494,0,0,,,
Inflation,CPILFESL,1,month_open,2024-05,2024-05-01,Inflation 12-Month Mean,1.9554491698148269,3.7269716083999427,3.7451779384532813,0.018206330053338604,-1.7715224385851158,-1.7897287686384544,3.1382917504105556,3.2031290652921185,0.064837314881562857,1.7715224385851158,1.7897287686384544,0.018206330053338604,01c59925fab16ba62b08a4763c2108a3b840145569e7ae080f15c6b5d2a754f9,bbfc006de201d60058c0bee992c760e46682215e3aebe209c45ae136cc9d40a5,22866f08ae0d3c94d3b2104f58192ac77f55e14849759a918732aa9ef577b39f,22866f08ae0d3c94d3b2104f58192ac77f55e14849759a918732aa9ef577b39f,1,1,492,0,0,,,
Inflation,CPILFESL,2,mid_month,2024-05,2024-05-15,Inflation Ridge-AR Ensemble,1.9554491698148269,3.0784567564805796,2.8952604582023582,-0.18319629827822137,-1.1230075866657527,-0.93981128838753136,1.2611460397088381,0.88324525778063168,-0.37790078192820642,1.1230075866657527,0.93981128838753136,-0.18319629827822137,f8524ab49b321d39909136fdc89da4dd16e9e21c7dc4142a838e625a326a841a,c9f9794d45b1bcd984e08ce51d532627b864f29db2b4a64b833745710c4363bc,487f0399bda369af6e20d11015903df3b34aef424a9ad791db7f003428fae93a,487f0399bda369af6e20d11015903df3b34aef424a9ad791db7f003428fae93a,1,1,498,0,0,,,
Inflation,CPILFESL,3,month_end,2024-05,2024-05-31,Inflation Ridge-AR Ensemble,1.9554491698148269,3.0784567564805796,2.8952604582023582,-0.18319629827822137,-1.1230075866657527,-0.93981128838753136,1.2611460397088381,0.88324525778063168,-0.37790078192820642,1.1230075866657527,0.93981128838753136,-0.18319629827822137,c7e6964b907aa355aff058ac24e3731618d442b832672a50e47f940da5d99bae,c4f9e61429e2243f6d3f7bf97264999f8509e49290de31d2dffc96cfde5acd71,02ec1cf62042bc5d9837e2da71f44339abe1d518b4f00319e5b6bfe63b5f6a80,02ec1cf62042bc5d9837e2da71f44339abe1d518b4f00319e5b6bfe63b5f6a80,1,1,500,0,0,,,
Inflation,CPILFESL,4,pre_release,2024-05,2024-06-11,Inflation Ridge-AR Ensemble,1.9554491698148269,3.0812543917356687,2.8952604582023582,-0.18599393353331051,-1.1258052219208419,-0.93981128838753136,1.2674373977042359,0.88324525778063168,-0.38419213992360424,1.1258052219208419,0.93981128838753136,-0.18599393353331051,b0165e42263269201ce12104f2a4007fff14112853d63ff28577dd787a10aa26,930a070fd53c74028949c1fa299559a536194ba1c8491241d318390b467edec0,dd8a3a2b63c6d8a2bf659a0db2b9d0a0df55cb46ae53b745c8838e8c9f80cb58,dd8a3a2b63c6d8a2bf659a0db2b9d0a0df55cb46ae53b745c8838e8c9f80cb58,1,1,502,0,0,,,
Inflation,CPILFESL,1,month_open,2024-06,2024-06-01,Inflation 12-Month Mean,0.77676495203746754,3.5517006146931429,3.5618320511401791,0.01013143644703618,-2.7749356626556754,-2.7850670991027116,7.7002679318782921,7.7565987465043928,0.056330814626100789,2.7749356626556754,2.7850670991027116,0.01013143644703618,8df009ea9d2a3f9378f43651fc146c649cbd57f03acc45894e67af75e79ca32e,5b6d2edfabc174f96eb09fc86ba553be7a620792b764819936f26d53c7ce0eb6,02ec1cf62042bc5d9837e2da71f44339abe1d518b4f00319e5b6bfe63b5f6a80,02ec1cf62042bc5d9837e2da71f44339abe1d518b4f00319e5b6bfe63b5f6a80,1,1,500,0,0,,,
Inflation,CPILFESL,2,mid_month,2024-06,2024-06-15,Inflation Ridge-AR Ensemble,0.77676495203746754,2.3719032959484876,2.1454212742680694,-0.2264820216804182,-1.5951383439110201,-1.3686563222306019,2.5444663362151916,1.8732201283817971,-0.6712462078333945,1.5951383439110201,1.3686563222306019,-0.2264820216804182,8f3e0cacb6f5af3c402bd46a804aa094a4b9e3ff43005992f708204b5d9b79d0,7e19138499c2343fd4f0a6eee5784632ab120f3e1edf30b736b1cd6a8e1bdb26,69e0678023e0b1364822fff222c60536ddf3ffca46300059deff81c320aca51b,69e0678023e0b1364822fff222c60536ddf3ffca46300059deff81c320aca51b,1,1,507,0,0,,,
Inflation,CPILFESL,3,month_end,2024-06,2024-06-30,Inflation Ridge-AR Ensemble,0.77676495203746754,2.3719032959484876,2.1454212742680694,-0.2264820216804182,-1.5951383439110201,-1.3686563222306019,2.5444663362151916,1.8732201283817971,-0.6712462078333945,1.5951383439110201,1.3686563222306019,-0.2264820216804182,f61e25d323addbc947aef69d4a6645eee37fe34e04218f81f074d92d6f25fdbc,12e808b9f43e22f2914882c44f118b1b2e962cea82cd48285f7343de366a1703,d5f7ccf4f6a9dd438f7993bfcf1fd4d074372a317e6a71caa8b10a288af3126a,d5f7ccf4f6a9dd438f7993bfcf1fd4d074372a317e6a71caa8b10a288af3126a,1,1,509,0,0,,,
Inflation,CPILFESL,4,pre_release,2024-06,2024-07-10,Inflation Ridge-AR Ensemble,0.77676495203746754,2.3905180151730976,2.1443788153834671,-0.2461391997896305,-1.6137530631356301,-1.3676138633459995,2.6041989487796289,1.8703676792161703,-0.73383126956345857,1.6137530631356301,1.3676138633459995,-0.2461391997896305,feb20eafe417ed2c35ebf583174b5456926d2d5aa7d42713c3f7e5164901e1a8,fb3ba2aaa613d5e73a2a6d351ff00d8ef4806c93bb16aa7d7a93251782c54a6f,3b3289551e0e4c9fa6c2518ffbbcf11c8054362d6bfcc33e010e273a1a6b26d5,3b3289551e0e4c9fa6c2518ffbbcf11c8054362d6bfcc33e010e273a1a6b26d5,1,1,510,0,0,,,
Inflation,CPILFESL,1,month_open,2024-07,2024-07-01,Inflation 12-Month Mean,1.9811120946506833,3.3541766155985364,3.3380806244752925,-0.016095991123243891,-1.3730645209478531,-1.3569685298246092,1.8853061786857574,1.8413635909343615,-0.043942587751395923,1.3730645209478531,1.3569685298246092,-0.016095991123243891,51458cda1e8975e0ed110d3f82c5cf2cf16a0d63c40603694e9ed66d3bc9304b,ee0baf1e2b8877d97f207b935e72ad7b07a38e7d766c8c42e6cc1f9a92e63db8,b92426799ddb60fdda5f588cad83e9fbfd61dc01978d13067f50cc5091870e01,b92426799ddb60fdda5f588cad83e9fbfd61dc01978d13067f50cc5091870e01,1,1,509,0,0,,,
Inflation,CPILFESL,2,mid_month,2024-07,2024-07-15,Inflation Ridge-AR Ensemble,1.9811120946506833,1.7923580712176785,2.1364142692142689,0.34405619799659037,0.18875402343300474,-0.15530217456358564,0.035628081362147304,0.024118765424178425,-0.011509315937968879,0.18875402343300474,0.15530217456358564,-0.033451848869419099,8b37166569a0120b18ae657209b4910e4e7ef479ae0a46c72bee134c5d001a17,1924f87e9a3b6967657cc9840fa655b014972feab6fd3444f60f74b4c506a4f9,e432c195bf644029ae86fee9299cc8911c50933b0006df40a459a9f4947b9419,e432c195bf644029ae86fee9299cc8911c50933b0006df40a459a9f4947b9419,1,1,515,0,0,,,
Inflation,CPILFESL,3,month_end,2024-07,2024-07-31,Inflation Ridge-AR Ensemble,1.9811120946506833,1.7923580712176785,2.1364142692142689,0.34405619799659037,0.18875402343300474,-0.15530217456358564,0.035628081362147304,0.024118765424178425,-0.011509315937968879,0.18875402343300474,0.15530217456358564,-0.033451848869419099,4444c837b9e1bb7e2369c4e3f7525b22b8b23c68632f7995ae7f6e154980a9b5,aeb77c956d730a42d16039ee0da41b9d319fba2a4eeece6f9de8a8f96b8c7326,f3f9fa2d127fa5c51a87d213116c58628d896225e8645e75652581eab69ed554,f3f9fa2d127fa5c51a87d213116c58628d896225e8645e75652581eab69ed554,1,1,517,0,0,,,
Inflation,CPILFESL,4,pre_release,2024-07,2024-08-13,Inflation Ridge-AR Ensemble,1.9811120946506833,1.8077378756832885,2.1364142692142689,0.32867639353098044,0.1733742189673948,-0.15530217456358564,0.03005861980255416,0.024118765424178425,-0.0059398543783757349,0.1733742189673948,0.15530217456358564,-0.018072044403809162,c04c5f081a7c1083c0aaf1c7356c3f3100ca5445c1a8baafca429072dcbeee6f,a38b10167ad168ac23067008fde55049ce4814abe3928c76248f7f9c678c9d9c,ab6d61f8ed9dce90c2ab56ab93f502723206341c546b535a4bd6d04d1b6fd4c0,ab6d61f8ed9dce90c2ab56ab93f502723206341c546b535a4bd6d04d1b6fd4c0,1,1,520,0,0,,,
Inflation,CPILFESL,1,month_open,2024-08,2024-08-01,Inflation 12-Month Mean,3.3671574140669236,3.224392028417622,3.2132355029828474,-0.011156525434774522,0.14276538564930163,0.15392191108407616,0.020381955339593822,0.023691954711774248,0.0033099993721804263,0.14276538564930163,0.15392191108407616,0.011156525434774522,a112ff08058f0ed6b24978daadcc77bb5ae2d8ab5ba3c1e31f65365a8134444f,fb5b9bb0399e3a945cdd2db98805dc1fc9000a6245062b96890878a427b8e9d5,9c1bf98539c6f20bf31234ddc3bf2652fcf26139fa25e03d866326d6e8490610,9c1bf98539c6f20bf31234ddc3bf2652fcf26139fa25e03d866326d6e8490610,1,1,517,0,0,,,
Inflation,CPILFESL,2,mid_month,2024-08,2024-08-15,Inflation Ridge-AR Ensemble,3.3671574140669236,2.1451212942563451,2.3895806817457235,0.24445938748937834,1.2220361198105785,0.97757673232120013,1.4933722781216945,0.95565626757579536,-0.53771601054589913,1.2220361198105785,0.97757673232120013,-0.24445938748937834,fa9e12b484b7d8bc14896092f0ddc4148dd4794cc6e70e6c1c1a4703b49a12ec,72ebd3c6b7a5afea4a5b57f2ed76c8bf90074f4e3a074fade21ff9a681728efd,1bd295dd87deabe94bf3ec1f8757b8804743ba9f6e9613df04afb1103d340af3,1bd295dd87deabe94bf3ec1f8757b8804743ba9f6e9613df04afb1103d340af3,1,1,524,0,0,,,
Inflation,CPILFESL,3,month_end,2024-08,2024-08-31,Inflation Ridge-AR Ensemble,3.3671574140669236,2.1451212942563451,2.3895806817457235,0.24445938748937834,1.2220361198105785,0.97757673232120013,1.4933722781216945,0.95565626757579536,-0.53771601054589913,1.2220361198105785,0.97757673232120013,-0.24445938748937834,975f0f7bce29d3578fe95867292a231210d9665e24b282f3c98cd445a4013738,61e92124c509a7d3b1e5c779dc0a85f39a611ef9b76da21c00a0e9c8c2ed2be5,005c4acd57e5fe62cc47c2e381915bf50f1a159e4530d3600f63bad69ac3f145,005c4acd57e5fe62cc47c2e381915bf50f1a159e4530d3600f63bad69ac3f145,1,1,526,0,0,,,
Inflation,CPILFESL,4,pre_release,2024-08,2024-09-10,Inflation Ridge-AR Ensemble,3.3671574140669236,2.1451212942563451,2.3895806817457235,0.24445938748937834,1.2220361198105785,0.97757673232120013,1.4933722781216945,0.95565626757579536,-0.53771601054589913,1.2220361198105785,0.97757673232120013,-0.24445938748937834,8325a4c7cdf0b28d25fc412263b269053dadff35986ccac6f3c1431c401d41e3,f4b819ba6ba3a69a29923e97f3119d5445d38f96fdabcf85eea65594657796a5,dab7a49dca74b2e7a10727fd13404be7457b6470ec2dd718bcde6f02192030a8,dab7a49dca74b2e7a10727fd13404be7457b6470ec2dd718bcde6f02192030a8,1,1,527,0,0,,,
Inflation,CPILFESL,1,month_open,2024-09,2024-09-01,Inflation 12-Month Mean,3.7431240197996374,3.1626500814945224,3.1791178639621442,0.016467782467621817,0.58047393830511496,0.56400615583749314,0.3369499930514504,0.31810294382258658,-0.018847049228863821,0.58047393830511496,0.56400615583749314,-0.016467782467621817,a4f2ce8b6294e6f997b4fa92a73e47d06c9f8dd431c4c1d7c0d58e46b718aec4,1c8dc73a1ac2c45a1c1235be255272e127569df4c936a9bed71fc0c8ea95bcf4,005c4acd57e5fe62cc47c2e381915bf50f1a159e4530d3600f63bad69ac3f145,005c4acd57e5fe62cc47c2e381915bf50f1a159e4530d3600f63bad69ac3f145,1,1,526,0,0,,,
Inflation,CPILFESL,2,mid_month,2024-09,2024-09-15,Inflation Ridge-AR Ensemble,3.7431240197996374,3.3786565651980904,3.1053479416180392,-0.27330862358005126,0.36446745460154695,0.6377760781815982,0.13283652546373068,0.40675832590070005,0.27392180043696934,0.36446745460154695,0.6377760781815982,0.27330862358005126,9eaddcf55f5ea463c414d7a32478e44de862df2cbe57a61fa8fe6c57c33a23af,b27ba7ce1c5faa2f5e68c97cebf236b017c0f0ca0baccb63402f7be15c529fcd,d0fb760c7bc6be95848e25754e96f5d1a14e46d04886c9699bc40dc3d690d3b8,d0fb760c7bc6be95848e25754e96f5d1a14e46d04886c9699bc40dc3d690d3b8,1,1,532,0,0,,,
Inflation,CPILFESL,3,month_end,2024-09,2024-09-30,Inflation Ridge-AR Ensemble,3.7431240197996374,3.3786565651980904,3.1053479416180392,-0.27330862358005126,0.36446745460154695,0.6377760781815982,0.13283652546373068,0.40675832590070005,0.27392180043696934,0.36446745460154695,0.6377760781815982,0.27330862358005126,b6bee9ad676dc47da00976fdab4f72e2dff4dfe25f601d84c903e65ea49d6619,20c60bdaa70087dee4435b3d2cbee2032bffdd92ee1a63b6bc6d131e238d76e4,c34ad2e10a661517cd54c2045512aed3567894cb5c80c082be93851263d2fe33,c34ad2e10a661517cd54c2045512aed3567894cb5c80c082be93851263d2fe33,1,1,509,0,0,,,
Inflation,CPILFESL,4,pre_release,2024-09,2024-10-09,Inflation Ridge-AR Ensemble,3.7431240197996374,3.3967090661105481,3.1053479416180392,-0.29136112449250895,0.34641495368908926,0.6377760781815982,0.12000332013941385,0.40675832590070005,0.28675500576128621,0.34641495368908926,0.6377760781815982,0.29136112449250895,c9401f67e6ad4670ac24bb91c911ccfdea1f98ebee9b1a954d9cd2384b04b3c7,29342101911b09098f4215ce19eef2183fd0d9b68a940b11de9667ef7b2b39f3,09094827b27fda59a14779d46804ba6125b7db2a1c1d3b1a7c776b5cba6f5d71,09094827b27fda59a14779d46804ba6125b7db2a1c1d3b1a7c776b5cba6f5d71,1,1,510,0,0,,,
Inflation,CPILFESL,1,month_open,2024-10,2024-10-01,Inflation 12-Month Mean,3.3584847110301297,3.2133728942186579,3.2322900313221048,0.01891713710344689,0.14511181681147178,0.12619467970802489,0.021057439378326145,0.01592509718661099,-0.0051323421917151557,0.14511181681147178,0.12619467970802489,-0.01891713710344689,0bde9a780e20438090ae0e0b5c7664c57538f6fb2853ee43e735662b6f0ae5ed,a6b8affcc565ad6e6b67c02a4be7bd4685d5b5039c25b15b80b6af5f712d5241,7aa51a783baf81d08c8437d0a1b438d02286434938446baba07c8f546669d083,7aa51a783baf81d08c8437d0a1b438d02286434938446baba07c8f546669d083,1,1,509,0,0,,,
Inflation,CPILFESL,2,mid_month,2024-10,2024-10-15,Inflation Ridge-AR Ensemble,3.3584847110301297,3.3265955260613609,3.2206055355765768,-0.10598999048478408,0.031889184968768802,0.13787917545355288,0.0010169201179723501,0.019010667023751621,0.017993746905779269,0.031889184968768802,0.13787917545355288,0.10598999048478408,281ef6d0ed34ad60e3a6479629efbf14508596ff807cbfede4c02a667a6a9c09,42d07c719f99a642bd051cef38204d3226a3add5166ffdfa8aed555ef401ce8a,ab66837a80ca8e0486d92fa1cc33fc53b940d1a391b9ac67b51f67bb23b27a8f,ab66837a80ca8e0486d92fa1cc33fc53b940d1a391b9ac67b51f67bb23b27a8f,1,1,515,0,0,,,
Inflation,CPILFESL,3,month_end,2024-10,2024-10-31,Inflation Ridge-AR Ensemble,3.3584847110301297,3.3265955260613609,3.2206055355765768,-0.10598999048478408,0.031889184968768802,0.13787917545355288,0.0010169201179723501,0.019010667023751621,0.017993746905779269,0.031889184968768802,0.13787917545355288,0.10598999048478408,315aa6a0e3c63760a0afafac1887fe823da9d7b61d94e35e52efe814a60bb91c,c451172297cc9bd3aabc3bc1a8092ee4e84b07c4caadb85b926379c540196d29,4810be9b728094b2d5b921276cabb496b52ef9e1fbf2df1565fddb6f65739d06,4810be9b728094b2d5b921276cabb496b52ef9e1fbf2df1565fddb6f65739d06,1,1,517,0,0,,,
Inflation,CPILFESL,4,pre_release,2024-10,2024-11-12,Inflation Ridge-AR Ensemble,3.3584847110301297,3.3127356311400638,3.2206055355765768,-0.092130095563486947,0.045749079890065936,0.13787917545355288,0.0020929783107876353,0.019010667023751621,0.016917688712963987,0.045749079890065936,0.13787917545355288,0.092130095563486947,036ca471d19012cf8313570a1011de96afd4f5e3fde14c45b4757c66338d7e7b,8eb69991e6616dc758d6ef5534d89852d52ed03505ae387108dae09930744b9d,bfa819218ee13dca49c8b5fc524156dcb8d797134eaa3381678c3878c97dd5f7,bfa819218ee13dca49c8b5fc524156dcb8d797134eaa3381678c3878c97dd5f7,1,1,516,0,0,,,
Inflation,CPILFESL,1,month_open,2024-11,2024-11-01,Inflation 12-Month Mean,3.69131922257111,3.2067440888396526,3.2296386097952379,0.022894520955585307,0.48457513373145744,0.46168061277587213,0.23481306023085988,0.2131489882131048,-0.021664072017755082,0.48457513373145744,0.46168061277587213,-0.022894520955585307,8fbc267d6510a2526ff236f920e15de7594349e15a1107540271af3c6f63de6b,b94d4f77594a9bebcf48f25c7ba5828800280806ac4541e4e0d3177bf2d90e65,98ed9c2bb39e34e4238e739bea756204ffe66f8cb346bd135a22ebc90fce3506,98ed9c2bb39e34e4238e739bea756204ffe66f8cb346bd135a22ebc90fce3506,1,1,516,0,0,,,
Inflation,CPILFESL,2,mid_month,2024-11,2024-11-15,Inflation Ridge-AR Ensemble,3.69131922257111,2.968039183211916,3.4089760443053447,0.44093686109342878,0.72328003935919405,0.28234317826576527,0.52313401533543724,0.079717670313213709,-0.44341634502222355,0.72328003935919405,0.28234317826576527,-0.44093686109342878,36fd9369adf963255b6d0dc6bfedf8df0cd8f430d322cb6c028fc59762580e69,7a44e34bf7df2c379f131ffbaf28a394002cd997081139a06f26201ac552b56e,af9732e6221dd27cdd16f7b40fdbe337e104e7ab563eec9ee15668db32c30f65,af9732e6221dd27cdd16f7b40fdbe337e104e7ab563eec9ee15668db32c30f65,1,1,521,1,0,,,
Inflation,CPILFESL,3,month_end,2024-11,2024-11-30,Inflation Ridge-AR Ensemble,3.69131922257111,2.968039183211916,3.4089760443053447,0.44093686109342878,0.72328003935919405,0.28234317826576527,0.52313401533543724,0.079717670313213709,-0.44341634502222355,0.72328003935919405,0.28234317826576527,-0.44093686109342878,f67b4451a859fc166da895fd1d8dccc8037ac41a1e16090faf7e836d82e4ef22,28523e395764f1520aeacae35e41287459073f04551279e9d078a2cf92790510,21a8964ae1b8c63c3402e5b15e757d8d240bc109731c362c9ce8529a3df89edf,21a8964ae1b8c63c3402e5b15e757d8d240bc109731c362c9ce8529a3df89edf,1,1,523,0,0,,,
Inflation,CPILFESL,4,pre_release,2024-11,2024-12-10,Inflation Ridge-AR Ensemble,3.69131922257111,2.9860472856082425,3.4089760443053447,0.42292875869710223,0.7052719369628675,0.28234317826576527,0.49740850506735496,0.079717670313213709,-0.41769083475414126,0.7052719369628675,0.28234317826576527,-0.42292875869710223,c51ca46b65532da316e0321617a851132efebe0d8012805f7b4ddd1c6ac0a449,af018723a403aac813e7d86ac1a49160a418d3e233ce907422d33cc6b281ae98,0dadf738f9240b28c871d1a2d063a5a294d9f3792e609e9cfd01fad7f37aa0a8,0dadf738f9240b28c871d1a2d063a5a294d9f3792e609e9cfd01fad7f37aa0a8,1,1,525,0,0,,,
Inflation,CPILFESL,1,month_open,2024-12,2024-12-01,Inflation 12-Month Mean,2.6970477578299068,3.2467594283499324,3.2454505708218839,-0.0013088575280484349,-0.54971167052002556,-0.54840281299197713,0.30218292070591712,0.30074564529751346,-0.0014372754084036599,0.54971167052002556,0.54840281299197713,-0.0013088575280484349,6f071f53641ab5669bd9c3e9ac58244f7ce194bf4d227b5a47d3306dd9d31e8c,c3bf1f8314c5ce5fbfed36589a0c002b0caefdd365c965fd09529701a14c0199,21a8964ae1b8c63c3402e5b15e757d8d240bc109731c362c9ce8529a3df89edf,21a8964ae1b8c63c3402e5b15e757d8d240bc109731c362c9ce8529a3df89edf,1,1,523,0,0,,,
Inflation,CPILFESL,2,mid_month,2024-12,2024-12-15,Inflation Ridge-AR Ensemble,2.6970477578299068,3.3115114753206902,3.2086205664845568,-0.10289090883613339,-0.61446371749078343,-0.51157280865465005,0.37756566011259329,0.26170673855480719,-0.1158589215577861,0.61446371749078343,0.51157280865465005,-0.10289090883613339,4925dfcc401cd3311c63ac760762c3439a1d77b3c135b122d2eaf7506fc49e9f,55969b82a6f50148cfd9caa85b855ee1405d0245f59fb184d5fd7a4313bd7f7d,1a1f2a7328063a05165b9bc4fbf5cfb124c164379797ac28a15bc5322184219f,1a1f2a7328063a05165b9bc4fbf5cfb124c164379797ac28a15bc5322184219f,1,1,529,0,0,,,
Inflation,CPILFESL,3,month_end,2024-12,2024-12-31,Inflation Ridge-AR Ensemble,2.6970477578299068,3.3115114753206902,3.2086205664845568,-0.10289090883613339,-0.61446371749078343,-0.51157280865465005,0.37756566011259329,0.26170673855480719,-0.1158589215577861,0.61446371749078343,0.51157280865465005,-0.10289090883613339,8574a194618655b44eb397389c5b4a7bce7898daa54e9edad0c97cb2628ee6d0,d142f816c2214d8126c71b0e0414587e0675642d451a87c4b6075821c4e5bb0d,6c19036198f76f36028c22386bb2cd0746f7a647580a2ba53e36a48eda3910d5,6c19036198f76f36028c22386bb2cd0746f7a647580a2ba53e36a48eda3910d5,1,1,531,0,0,,,
Inflation,CPILFESL,4,pre_release,2024-12,2025-01-14,Inflation Ridge-AR Ensemble,2.6970477578299068,3.3068283700033554,3.2086205664845568,-0.098207803518798542,-0.60978061217344859,-0.51157280865465005,0.37183239498262571,0.26170673855480719,-0.11012565642781852,0.60978061217344859,0.51157280865465005,-0.098207803518798542,a43f51314268b7c4f486e9eec75b112cf7838256290a77b402b2982bddd9d714,76d989f5996d4d172c9d0a25825080b0703c8c52df366ec568f6a4d776c80fd1,5d6cc04a951dcbbc94d84306cb41ee510e73032f1fb2e9bcfe7a5fc0c1e0cd4a,5d6cc04a951dcbbc94d84306cb41ee510e73032f1fb2e9bcfe7a5fc0c1e0cd4a,1,1,523,0,0,,,
Inflation,CPILFESL,1,month_open,2025-01,2025-01-01,Inflation 12-Month Mean,5.3441646267824439,3.2468687084294956,3.2331030038998065,-0.01376570452968906,2.0972959183529483,2.1110616228826373,4.3986501691399367,4.4565811756078748,0.05793100646793814,2.0972959183529483,2.1110616228826373,0.01376570452968906,389b699d6ba53b4ddc2823f5497c49f5c4f63a4d2e4a79feaff2786ceb71e114,076dffd540d2a7e95036750cce946f2f0123ed47f15b4233d8cbda5fee2c2b85,6c19036198f76f36028c22386bb2cd0746f7a647580a2ba53e36a48eda3910d5,6c19036198f76f36028c22386bb2cd0746f7a647580a2ba53e36a48eda3910d5,1,1,531,0,0,,,
Inflation,CPILFESL,2,mid_month,2025-01,2025-01-15,Inflation Ridge-AR Ensemble,5.3441646267824439,2.2341629777139236,2.0146937227342963,-0.21946925497962733,3.1100016490685203,3.3294709040481476,9.6721102572089155,11.085376500903189,1.4132662436942738,3.1100016490685203,3.3294709040481476,0.21946925497962733,3ff4b4a58df1a34813b2d029a9dc117317582329e8dc28eb4cfba8db95609656,3a01a162b3029946183ae40ab949ebf4d2aff590734342274446927290179847,0123268b840400435ebeafb494634990201778d6d57437d5ade181ceba6158d2,0123268b840400435ebeafb494634990201778d6d57437d5ade181ceba6158d2,1,1,527,0,0,,,
Inflation,CPILFESL,3,month_end,2025-01,2025-01-31,Inflation Ridge-AR Ensemble,5.3441646267824439,2.2341629777139236,2.0146937227342963,-0.21946925497962733,3.1100016490685203,3.3294709040481476,9.6721102572089155,11.085376500903189,1.4132662436942738,3.1100016490685203,3.3294709040481476,0.21946925497962733,cf745204f8c9d26b75d81c1780ea4f01273605a5ead0b81dc2e61019860aaf1f,a7781843b05ab9e84d49cc778a3d2410cc70653ca0b5fd8dc1d2c703ca0cbb4e,3136dc622572980771f9414d979cc4f8ea0460c8c1a301642e6ae7b2460b10d9,3136dc622572980771f9414d979cc4f8ea0460c8c1a301642e6ae7b2460b10d9,1,1,529,0,0,,,
Inflation,CPILFESL,4,pre_release,2025-01,2025-02-11,Inflation Ridge-AR Ensemble,5.3441646267824439,2.2245725693047902,2.0146937227342963,-0.20987884657049394,3.1195920574776537,3.3294709040481476,9.7318546050776611,11.085376500903189,1.3535218958255282,3.1195920574776537,3.3294709040481476,0.20987884657049394,efb15a76a4f20c96957632b8a1dd2f0fb4eabda20986f8f74b4159785eedca75,fbb9b728f5ce54aa5f419b18e23342396518ae88ed4e3273730214745d5448ff,5c7d85bce7ece6a3965049e1d17a349b2fd93f569029e605540e72d5aa3f225f,5c7d85bce7ece6a3965049e1d17a349b2fd93f569029e605540e72d5aa3f225f,1,1,474,0,0,,,
Inflation,CPILFESL,1,month_open,2025-02,2025-02-01,Inflation 12-Month Mean,2.7166452189845813,3.1966679944231302,3.1627859742641817,-0.033882020158948478,-0.48002277543854888,-0.4461407552796004,0.23042186493972752,0.1990415735214523,-0.031380291418275225,0.48002277543854888,0.4461407552796004,-0.033882020158948478,520eafa0eb29b1e17eb789a2a666532291471ee0160e11583aac20c80f2780e3,51615adde35a4134f0ffffce2c35e466c524a0595e0218ae01a1548543ac4689,3136dc622572980771f9414d979cc4f8ea0460c8c1a301642e6ae7b2460b10d9,3136dc622572980771f9414d979cc4f8ea0460c8c1a301642e6ae7b2460b10d9,1,1,529,0,0,,,
Inflation,CPILFESL,2,mid_month,2025-02,2025-02-15,Inflation Ridge-AR Ensemble,2.7166452189845813,4.3148921090567249,4.2091498365931042,-0.10574227246362078,-1.5982468900721436,-1.4925046176085228,2.5543931216252789,2.2275700335827628,-0.32682308804251603,1.5982468900721436,1.4925046176085228,-0.10574227246362078,77935a6b7e8590ae56b673746dd11c03e8013a8116de06bcf9e7a2e79722dbab,cf98f3ea5393b03102b0e1f459af38ccc72f754dde02c3c796f798ef6acdcb34,0af501e453b6148e92735d2b1116ab48bec0d3823163ae79446446cdebfbd4e3,0af501e453b6148e92735d2b1116ab48bec0d3823163ae79446446cdebfbd4e3,1,1,432,0,0,,,
Inflation,CPILFESL,3,month_end,2025-02,2025-02-28,Inflation Ridge-AR Ensemble,2.7166452189845813,4.3148921090567249,4.2091498365931042,-0.10574227246362078,-1.5982468900721436,-1.4925046176085228,2.5543931216252789,2.2275700335827628,-0.32682308804251603,1.5982468900721436,1.4925046176085228,-0.10574227246362078,e26de1349bb35395a2d76fd9e3b5ca4fc45149090d088cbf20a5d243b236d6a0,f96f0fce12d5ad2511e2a348c0a8429f8a5ba2fc378016def3ca3fe376cadea5,a5a24abc0c4b7469e961d35d72213ab3598c715f33fc0b9aeaefc0e881a10bfc,a5a24abc0c4b7469e961d35d72213ab3598c715f33fc0b9aeaefc0e881a10bfc,1,1,434,0,0,,,
Inflation,CPILFESL,4,pre_release,2025-02,2025-03-11,Inflation Ridge-AR Ensemble,2.7166452189845813,4.3075787165678854,4.2091498365931042,-0.098428879974781225,-1.590933497583304,-1.4925046176085228,2.5310693937326447,2.2275700335827628,-0.30349936014988188,1.590933497583304,1.4925046176085228,-0.098428879974781225,13bfc7fbf793c2e38d708d17bfd066c186a8351be81df43aec800ce4733c6dd5,31cd1d239c145d89c3e48f0da74f989badf068324975f96d5c18ba56b637507e,92dde703f97ad3f96a949fb120ac30b2f8b7ece159c72cd978762042a6de6fb8,92dde703f97ad3f96a949fb120ac30b2f8b7ece159c72cd978762042a6de6fb8,1,1,436,0,0,,,
Inflation,CPILFESL,1,month_open,2025-03,2025-03-01,Inflation 12-Month Mean,0.67820143281487333,3.2390710102012221,3.2302321614214868,-0.0088388487797352866,-2.5608695773863488,-2.5520307286066135,6.5580529923829367,6.5128608397524026,-0.04519215263053411,2.5608695773863488,2.5520307286066135,-0.0088388487797352866,99002d090aac3c99b6a5e65528af95de7db34a797d8721a66bf57268fba73838,c5ed045c64307bc1e056f7c2a4f2974d29bdbf92b36c68d44e4a9181760894e2,a5a24abc0c4b7469e961d35d72213ab3598c715f33fc0b9aeaefc0e881a10bfc,a5a24abc0c4b7469e961d35d72213ab3598c715f33fc0b9aeaefc0e881a10bfc,1,1,434,0,0,,,
Inflation,CPILFESL,2,mid_month,2025-03,2025-03-15,Inflation Ridge-AR Ensemble,0.67820143281487333,2.8685882644265188,3.1029297567149037,0.23434149228838486,-2.1903868316116455,-2.4247283239000303,4.7977944720977028,5.8793074447230502,1.0815129726253474,2.1903868316116455,2.4247283239000303,0.23434149228838486,a4596cd791cf25c2e3be094fbed422c8ea71bba5088165fa51c3f55bc98a05b1,f4ad3b49597a1156959834330eab230670708d5d9d1332637bae2a5bd285b5ad,dad453434f763a790c4e3c8db62908e7ebcd1f002395da6e18278e684bb912ad,dad453434f763a790c4e3c8db62908e7ebcd1f002395da6e18278e684bb912ad,1,1,440,0,0,,,
Inflation,CPILFESL,3,month_end,2025-03,2025-03-31,Inflation Ridge-AR Ensemble,0.67820143281487333,2.8685882644265188,3.1029297567149037,0.23434149228838486,-2.1903868316116455,-2.4247283239000303,4.7977944720977028,5.8793074447230502,1.0815129726253474,2.1903868316116455,2.4247283239000303,0.23434149228838486,ff1e125c2651ba28a35d3b52ac457f2ffe9b5f311a64fbf6ae36791a2bbc4c93,01059745492aee3718e703c901a9c1c2f713fe090897d45cd209d464c8b0abdc,7b5e7106b35d822f168ce326f1bfcb853243897529db01ad5b731ba032d1d2f6,7b5e7106b35d822f168ce326f1bfcb853243897529db01ad5b731ba032d1d2f6,1,1,442,0,0,,,
Inflation,CPILFESL,4,pre_release,2025-03,2025-04-09,Inflation Ridge-AR Ensemble,0.67820143281487333,2.8578943345784209,3.1029297567149037,0.24503542213648277,-2.1796929017635476,-2.4247283239000303,4.7510611459983947,5.8793074447230502,1.1282462987246555,2.1796929017635476,2.4247283239000303,0.24503542213648277,6ee57b25a8f1560c08a912a4e1c781ff4a065f3296cfe2b411e6a85e2c8f9edf,a9ab341ade93456916256f7307e0e2e626b26c38d37fa8d702ad71552031b7eb,23f010b172ad3757ae32f6a9ac7d2a90c7c9b335c8bbf75dee030b7ef73667c8,23f010b172ad3757ae32f6a9ac7d2a90c7c9b335c8bbf75dee030b7ef73667c8,1,1,443,0,0,,,
Inflation,CPILFESL,1,month_open,2025-04,2025-04-01,Inflation 12-Month Mean,2.8376507842686749,3.0952660529359299,3.0893414961118637,-0.0059245568240662294,-0.25761526866725504,-0.25169071184318881,0.066365626650501996,0.0633482144281311,-0.0030174122223708966,0.25761526866725504,0.25169071184318881,-0.0059245568240662294,3fac28a31e3115ea7a05c745cc72d0d68471fb790ec671f5a3fd961496a7d37b,b9345e35c9cbb9d22b19103b9803c80395b487dba96fdea457bd4af388b135fc,7c7f5e36ada19e5e72e6b0a7728abb8a6f07dd606946565ccfc4d2c574e8d81c,7c7f5e36ada19e5e72e6b0a7728abb8a6f07dd606946565ccfc4d2c574e8d81c,1,1,442,0,0,,,
Inflation,CPILFESL,2,mid_month,2025-04,2025-04-15,Inflation Ridge-AR Ensemble,2.8376507842686749,1.5543670679004937,1.8202491310079658,0.26588206310747209,1.2832837163681812,1.0174016532607091,1.6468170966957305,1.035106124057624,-0.61171097263810648,1.2832837163681812,1.0174016532607091,-0.26588206310747209,fe544582802ce78164d2f9946be70ae8f561acf20ee60340ea51cdc031bfad68,2a93272a19cb9cf2f232b84758cad4a930374212b3677edb9e1d87af697f66e8,2e76da00c660241475f1c067782643495bb9dbf01e336d1e2baa5efc825ad7a2,2e76da00c660241475f1c067782643495bb9dbf01e336d1e2baa5efc825ad7a2,1,1,449,0,0,,,
Inflation,CPILFESL,3,month_end,2025-04,2025-04-30,Inflation Ridge-AR Ensemble,2.8376507842686749,1.5543670679004937,1.8202491310079658,0.26588206310747209,1.2832837163681812,1.0174016532607091,1.6468170966957305,1.035106124057624,-0.61171097263810648,1.2832837163681812,1.0174016532607091,-0.26588206310747209,01869ca8e91ca3e95bec284761aedf74b03544d1243f3e2a886db2375c506dae,b8257641138f67a60b0ddf2263cc280f5ccd6f2d6f040aaa4f03a47cbbea387f,a5ab7ea76a8742ec71e4657edd9c95287add1ed0d1e318265a77328ff7a266eb,a5ab7ea76a8742ec71e4657edd9c95287add1ed0d1e318265a77328ff7a266eb,1,1,451,0,0,,,
Inflation,CPILFESL,4,pre_release,2025-04,2025-05-12,Inflation Ridge-AR Ensemble,2.8376507842686749,1.5624004264248135,1.8202491310079658,0.25784870458315234,1.2752503578438614,1.0174016532607091,1.6262634751808966,1.035106124057624,-0.59115735112327261,1.2752503578438614,1.0174016532607091,-0.25784870458315234,cef4370625020bb3e3f95d6999a4ed1addfe150b7a3c12ccecf7c41a4ea97c36,4b4e41965da436d70b67af3356a1ca44b8b90117c7d9d8f0212d9c1279cdd182,8abf7126030c40c3a455557356b37eb588914b5260653a39d1cd13a8fda584a2,8abf7126030c40c3a455557356b37eb588914b5260653a39d1cd13a8fda584a2,1,1,452,0,0,,,
Inflation,CPILFESL,1,month_open,2025-05,2025-05-01,Inflation 12-Month Mean,1.5576688590009269,2.7700118393334527,2.770060161365695,4.8322032242253954e-05,-1.2123429803325259,-1.2123913023647681,1.4697755019615513,1.4698926700497386,0.00011716808818729163,1.2123429803325259,1.2123913023647681,4.8322032242253954e-05,38513725ec1266da0ac97cd68420c2f9f6030f68252cc43abc3fb2c49d9f5d72,b976e706a8d33af3045b71a26310738de77ca4b737c04b02ad7229c300847e69,6e73c41be733645c58c1add5edd1dc73e889c6b826cee090f2f954c4db47689e,6e73c41be733645c58c1add5edd1dc73e889c6b826cee090f2f954c4db47689e,1,1,451,0,0,,,
Inflation,CPILFESL,2,mid_month,2025-05,2025-05-15,Inflation Ridge-AR Ensemble,1.5576688590009269,3.6256741499511906,3.4389399409408297,-0.18673420901036097,-2.0680052909502638,-1.8812710819399028,4.2766458833982854,3.5391808837433323,-0.73746499965495316,2.0680052909502638,1.8812710819399028,-0.18673420901036097,beb2033f3f4408775fdb588cf33aa1c013f251b8121752be6abcc6971daabee5,447cf64629f668985353bc9b7a33ec0a99102c4f316a1a0b3c7e897402e8712b,0a841c5f4a135737e67f99cd292f8792aaecfb45337878bb11df573e35f842c7,0a841c5f4a135737e67f99cd292f8792aaecfb45337878bb11df573e35f842c7,1,1,457,0,0,,,
Inflation,CPILFESL,3,month_end,2025-05,2025-05-31,Inflation Ridge-AR Ensemble,1.5576688590009269,3.6256741499511906,3.4389399409408297,-0.18673420901036097,-2.0680052909502638,-1.8812710819399028,4.2766458833982854,3.5391808837433323,-0.73746499965495316,2.0680052909502638,1.8812710819399028,-0.18673420901036097,1f607479c05382ea374c7b50f04d5f017c832d7641854a9de18ecb19cdac9ad8,2be6dd09f98b41d150ccec913a4091f15547669a8924e916726d5aad1268a3e7,ad74aeb97106c33213bf81356bb17876a8303b45a9d696575912c99fda56b512,ad74aeb97106c33213bf81356bb17876a8303b45a9d696575912c99fda56b512,1,1,459,0,0,,,
Inflation,CPILFESL,4,pre_release,2025-05,2025-06-10,Inflation Ridge-AR Ensemble,1.5576688590009269,3.6248601106454279,3.4389399409408297,-0.18592016970459824,-2.067191251644501,-1.8812710819399028,4.2732796708755592,3.5391808837433323,-0.73409878713222687,2.067191251644501,1.8812710819399028,-0.18592016970459824,7dcec96e0a8708a06ce4ce778883c605a8413744f037739f26b3893ae87b58c4,c594f3734bdbae0d05cf0969c803c62993da0e6deaa8a02a17fb30952fdc821d,37138bd978b398ce1e142d19fc26b69305bfb783e0f5d985e0f6bea8672f2c1f,37138bd978b398ce1e142d19fc26b69305bfb783e0f5d985e0f6bea8672f2c1f,1,1,461,0,0,,,
Inflation,CPILFESL,1,month_open,2025-06,2025-06-01,Inflation 12-Month Mean,2.7357167584597164,2.7435395795799344,2.7381872044283995,-0.0053523751515349716,-0.0078228211202180375,-0.002470445968683066,6.1196530278929398e-05,6.1031032841824125e-06,-5.5093426994746983e-05,0.0078228211202180375,0.002470445968683066,-0.0053523751515349716,8d91cc0728b8c06e53a9622cdfcbcc61efaa18b181eeb87e724f180a66aab16b,133faacd87f103b48141c01e0822893ef4e47a5a223958e7a741c20628b357e4,ad74aeb97106c33213bf81356bb17876a8303b45a9d696575912c99fda56b512,ad74aeb97106c33213bf81356bb17876a8303b45a9d696575912c99fda56b512,1,1,459,0,0,,,
Inflation,CPILFESL,2,mid_month,2025-06,2025-06-15,Inflation Ridge-AR Ensemble,2.7357167584597164,3.3811846956151879,3.4688549017390846,0.087670206123896754,-0.64546793715547146,-0.73313814327936822,0.41662885789573967,0.53749153713111941,0.12086267923537974,0.64546793715547146,0.73313814327936822,0.087670206123896754,1deb686f98f2c1468c9d8e9a93f2d32fd49221c0670748676ff98f18ce5f4847,2eb6bfc10b61335f2b452da60a8d4e21659f89dd621ed8c1e76f11d6f3a39b55,c7fd9a402fb7dc555f498c49cd5016336ac82cd06c3ee416fe5fff4472eae4ec,c7fd9a402fb7dc555f498c49cd5016336ac82cd06c3ee416fe5fff4472eae4ec,1,1,466,0,0,,,
Inflation,CPILFESL,3,month_end,2025-06,2025-06-30,Inflation Ridge-AR Ensemble,2.7357167584597164,3.3811846956151879,3.4688549017390846,0.087670206123896754,-0.64546793715547146,-0.73313814327936822,0.41662885789573967,0.53749153713111941,0.12086267923537974,0.64546793715547146,0.73313814327936822,0.087670206123896754,3a596ce8bd19787adfea2353c83c68ff87059b095ef44b36309a152b1ded1535,63d4cd73e0d4250811c08e5c3da78fe34b4a97489218407c1f82d6a19ea2348d,107d88681716a98808f591d5744f27e6533d6df4728d1dddabf93910462d8b5b,107d88681716a98808f591d5744f27e6533d6df4728d1dddabf93910462d8b5b,1,1,468,0,0,,,
Inflation,CPILFESL,4,pre_release,2025-06,2025-07-14,Inflation Ridge-AR Ensemble,2.7357167584597164,3.3802130308000775,3.4688549017390846,0.088641870939007106,-0.64449627234036111,-0.73313814327936822,0.41537544506062091,0.53749153713111941,0.12211609207049851,0.64449627234036111,0.73313814327936822,0.088641870939007106,59721ef3b05b09fb4738c0c60e768b9b11f4444fcf6bc6572002a529028c0dea,2ce8e5ba1e5fa1c72e5add4a6354f8df65f1993de3e6d1e79e687e89bee6705c,9698e0c43e681a74d1a54fe318edbcf70410930810d50306b91ae7043c5aec11,9698e0c43e681a74d1a54fe318edbcf70410930810d50306b91ae7043c5aec11,1,1,469,0,0,,,
Inflation,CPILFESL,1,month_open,2025-07,2025-07-01,Inflation 12-Month Mean,3.8619108814820891,2.7295552454034144,2.7282819920672274,-0.0012732533361869969,1.1323556360786746,1.1336288894148616,1.2822292865591398,1.2851144589159726,0.0028851723568328325,1.1323556360786746,1.1336288894148616,0.0012732533361869969,81ecbbe883965eb9bddb6fe8c361df19948898a537ee9f03d17e4588a3db6147,97a91fa57a8ffeca53757549fd97e1876befecd8f9ae3d913f72bf2956a9e197,ad02048d56a3e3853ba5c756026e7e9ff87abea07bf481ccd52a8224a7e5e7c1,ad02048d56a3e3853ba5c756026e7e9ff87abea07bf481ccd52a8224a7e5e7c1,1,1,468,0,0,,,
Inflation,CPILFESL,2,mid_month,2025-07,2025-07-15,Inflation Ridge-AR Ensemble,3.8619108814820891,3.7038572577172522,3.8786205411900618,0.17476328347280967,0.15805362376483689,-0.016709659707972779,0.024980947985196612,0.00027921272755624895,-0.024701735257640363,0.15805362376483689,0.016709659707972779,-0.14134396405686411,d5a81ce68e562b1b92e44ba335e058dbb779bc21f2c1956ad31a4af9bcaa6c51,b3fc3b4dce46f374a4e25c28f91aba0c581027788cc4496440ee6487634b8e98,4ad8026b5536f874a15e1e2b9e94bafe4edf600e437c7b0b25d33389031c2171,4ad8026b5536f874a15e1e2b9e94bafe4edf600e437c7b0b25d33389031c2171,1,1,473,0,0,,,
Inflation,CPILFESL,3,month_end,2025-07,2025-07-31,Inflation Ridge-AR Ensemble,3.8619108814820891,3.7065183923708931,3.817217293236872,0.11069890086597889,0.15539248911119596,0.044693588245217075,0.024146825672173158,0.001997516830233006,-0.022149308841940153,0.15539248911119596,0.044693588245217075,-0.11069890086597889,c599993131755f7f523fd9c095d4570ed3be10d315a40a0314e17e5506ec8fbc,3899fc740fa0c81030cb29f5c5db246edfa25c6c812cd25d0829b45dad9fc840,e60f2ff4e012da0d62bc16246bf165e3fc64ac4d28154e75323c2246a67b25d3,e60f2ff4e012da0d62bc16246bf165e3fc64ac4d28154e75323c2246a67b25d3,1,1,476,0,0,,,
Inflation,CPILFESL,4,pre_release,2025-07,2025-08-11,Inflation Ridge-AR Ensemble,3.8619108814820891,3.7086718883769771,3.817217293236872,0.10854540485989483,0.15323899310511191,0.044693588245217075,0.023482189007868536,0.001997516830233006,-0.021484672177635531,0.15323899310511191,0.044693588245217075,-0.10854540485989483,6ee08cccf5bf6d92e31cc207c866be6f578c82e87deacb54920f68035ee6929f,9960a23611c74ad3e1bab5ecc32d94153ff3334fec8830028e6df02735edbdab,2c1003688714df66d95557d93b4cd68b6a4c64cd9d60d5ec64eb6a4740e10cce,2c1003688714df66d95557d93b4cd68b6a4c64cd9d60d5ec64eb6a4740e10cce,1,1,478,0,0,,,
Inflation,CPILFESL,1,month_open,2025-08,2025-08-01,Inflation 12-Month Mean,4.1442886423073588,2.8663934135200186,2.8693335043470825,0.0029400908270638126,1.2778952287873402,1.2749551379602764,1.6330162157574486,1.6255106038113074,-0.0075056119461411885,1.2778952287873402,1.2749551379602764,-0.0029400908270638126,2868338271635f2e33b6bd4259bb12fd3a8d8bd6015f077624f0fb6c1906a95f,7afa7c8e52f42df6e0ff7558d4693c9ffbaa2b57354e26298d957a5e2c3d30f8,737a8f2e0e0af414f13a31617163e84b79b008be710e1f5813823fd0579c23bf,737a8f2e0e0af414f13a31617163e84b79b008be710e1f5813823fd0579c23bf,1,1,478,0,0,,,
Inflation,CPILFESL,2,mid_month,2025-08,2025-08-15,Inflation Ridge-AR Ensemble,4.1442886423073588,3.9141656390867441,3.872144363952926,-0.042021275133818037,0.23012300322061474,0.27214427835443278,0.05295659661127506,0.074062508241054995,0.021105911629779935,0.23012300322061474,0.27214427835443278,0.042021275133818037,e47c815a59b47610b59e20d6e220a73ba12cec1a412d75391fea041062127ff1,5d49b8c147c770dea450d60443c04ba5cf6c00b57b2690a3c40b45f95de65353,8c280ca43750bebd721de33e5c932d91178d97a584b64cd58580d072a2a0bb9e,8c280ca43750bebd721de33e5c932d91178d97a584b64cd58580d072a2a0bb9e,1,1,483,0,0,,,
Inflation,CPILFESL,3,month_end,2025-08,2025-08-31,Inflation Ridge-AR Ensemble,4.1442886423073588,3.9141656390867441,3.872144363952926,-0.042021275133818037,0.23012300322061474,0.27214427835443278,0.05295659661127506,0.074062508241054995,0.021105911629779935,0.23012300322061474,0.27214427835443278,0.042021275133818037,b1a9e98e2e3262cc13c5b11665f2077ce68ca878b5a5c06b399ce23652bfce39,d7d76389f5d1e3627d366a235319e72216ccf1ed0f8ca304d88fba5d6135ec68,d837a151c606db5206092c8e914e561773335ebf1cb58a89a9e10d228df7b407,d837a151c606db5206092c8e914e561773335ebf1cb58a89a9e10d228df7b407,1,1,485,0,0,,,
Inflation,CPILFESL,4,pre_release,2025-08,2025-09-10,Inflation Ridge-AR Ensemble,4.1442886423073588,3.8424122364079931,3.872144363952926,0.029732127544932929,0.30187640589936571,0.27214427835443278,0.091129364438718594,0.074062508241054995,-0.017066856197663599,0.30187640589936571,0.27214427835443278,-0.029732127544932929,baf934395f0cc498a909e0e54e40c5c6436593944be45f097769a2fde8346241,64764271ced481c204110697f0f698a14b486ed1705b00555f5852fa1991c2b1,444699af11d02c141cb42ad7c5f2cd20f5f99d878d3f71b35e31b0a6e8f9fb84,444699af11d02c141cb42ad7c5f2cd20f5f99d878d3f71b35e31b0a6e8f9fb84,1,1,487,0,0,,,
Inflation,CPILFESL,1,month_open,2025-09,2025-09-01,Inflation 12-Month Mean,2.7222557806510395,3.0030561669606826,3.0087720670492146,0.0057159000885320665,-0.2808003863096431,-0.28651628639817517,0.0788488569516448,0.082091582371401142,0.0032427254197563427,0.2808003863096431,0.28651628639817517,0.0057159000885320665,27cf3cc721e01366a148aa02a178f1d65934bbe2524f53b11dc66d2aae8469cf,cfcae854de97162e0607b45f77db25c6152cc216d118183ce78dec4391eda9d9,d837a151c606db5206092c8e914e561773335ebf1cb58a89a9e10d228df7b407,d837a151c606db5206092c8e914e561773335ebf1cb58a89a9e10d228df7b407,1,1,485,0,0,,,
Inflation,CPILFESL,2,mid_month,2025-09,2025-09-15,Inflation Ridge-AR Ensemble,2.7222557806510395,3.6765006066388093,3.4057603091355233,-0.27074029750328599,-0.95424482598776983,-0.68350452848448384,0.91058318792442916,0.46717844045879658,-0.44340474746563258,0.95424482598776983,0.68350452848448384,-0.27074029750328599,8fa2211d8d49c444f0fa6a3540e6d69708634a565703c8a53134dad86b3cd623,c39a2707b25755b29f62309a97047443ac753821973618b6eb61670945494f13,f893e91d63ec83b3d982e44b9d92c4c512803420c6acb399babb3e4f3971378a,f893e91d63ec83b3d982e44b9d92c4c512803420c6acb399babb3e4f3971378a,1,1,491,0,0,,,
Inflation,CPILFESL,3,month_end,2025-09,2025-09-30,Inflation Ridge-AR Ensemble,2.7222557806510395,3.6765006066388093,3.4057603091355233,-0.27074029750328599,-0.95424482598776983,-0.68350452848448384,0.91058318792442916,0.46717844045879658,-0.44340474746563258,0.95424482598776983,0.68350452848448384,-0.27074029750328599,4951a7a0c610a8376679beb26661d0117edd1c1a5c25f1d918cbe313039d1f5a,a804e76bef741ebc98c898b9237ef61087132f3fb1049e2edf1cf982173ec006,d3ba7c09d6c562aa2f9472a985c6022bcc912c5973b90aeae0f289c4043c510b,d3ba7c09d6c562aa2f9472a985c6022bcc912c5973b90aeae0f289c4043c510b,1,1,362,0,0,,,
Inflation,CPILFESL,4,pre_release,2025-09,2025-10-23,Inflation Ridge-AR Ensemble,2.7222557806510395,3.6765006066388093,3.4057603091355233,-0.27074029750328599,-0.95424482598776983,-0.68350452848448384,0.91058318792442916,0.46717844045879658,-0.44340474746563258,0.95424482598776983,0.68350452848448384,-0.27074029750328599,3497d92bc4f4c05de960b5c11017722f6b9f6e10ccd75825232041b9ae0e9365,91001bb6d58873be6917e6a5439e3b5c31b32f74e5eb5eb7904a6c67739877fd,0cb67ed2861acabaa1b77ec05c776ded9e4d55aa88582cbfb13ef7cb788f7be9,0cb67ed2861acabaa1b77ec05c776ded9e4d55aa88582cbfb13ef7cb788f7be9,1,1,362,0,0,,,
Inflation,CPILFESL,1,month_open,2025-11,2025-11-01,Inflation 12-Month Mean,1.9080731336838852,2.9806759113750303,2.9752636133045129,-0.0054122980705173518,-1.0726027776911451,-1.0671904796206277,1.1504767187107601,1.1388955197929054,-0.011581198917854696,1.0726027776911451,1.0671904796206277,-0.0054122980705173518,57f8728243173a1dd4bd43995690d4a1595bc35b855470de81b388149c7a8cb7,99239d31f7bda31b802cb243981ed814c858006bb6dafef8d7c01128684e4f8e,54770d9ef95d7262e71a478b8645169cfc044826cf8d6764d7ac5e1e7d165f0a,54770d9ef95d7262e71a478b8645169cfc044826cf8d6764d7ac5e1e7d165f0a,1,1,366,0,0,,,
Inflation,CPILFESL,2,mid_month,2025-11,2025-11-15,Inflation Ridge-AR Ensemble,1.9080731336838852,2.2225369834027928,2.2315626419185706,0.0090256585157777458,-0.31446384971890762,-0.32348950823468536,0.098887512780035713,0.10464546193791857,0.0057579491578828579,0.31446384971890762,0.32348950823468536,0.0090256585157777458,a30b24c3aec0c444516e10ac972a8f39f5ca6f30519ff5671d4d5ed7d8868b9c,6d2de225044e094ff80a00bc43177f7711497c3e0f3f62d922884e401013951e,427d6a6a4472e41997b0dbf463b57dc9a3ab56c4aedd5146ca6e84e8fac373f9,427d6a6a4472e41997b0dbf463b57dc9a3ab56c4aedd5146ca6e84e8fac373f9,1,1,366,0,0,,,
Inflation,CPILFESL,3,month_end,2025-11,2025-11-30,Inflation Ridge-AR Ensemble,1.9080731336838852,2.4867004127702668,2.7054769559041176,0.21877654313385086,-0.57862727908638156,-0.79740382222023243,0.33480952810290932,0.63585285569143601,0.3010433275885267,0.57862727908638156,0.79740382222023243,0.21877654313385086,97aef115dc6f92dced31def01056939bfb7aab522f4603e63143a71eb9ae46ff,187a7799d680887f6deae714bcca622c3ff325e78ea11b1292b53272ad5ea53e,c87a9e74e7a8dee31c1822ccec01c6d0cd42b6577b6b536994849d2f197223c9,c87a9e74e7a8dee31c1822ccec01c6d0cd42b6577b6b536994849d2f197223c9,1,1,368,0,0,,,
Inflation,CPILFESL,4,pre_release,2025-11,2025-12-17,Inflation Ridge-AR Ensemble,1.9080731336838852,2.5276372279023938,2.7600399561755284,0.23240272827313468,-0.61956409421850855,-0.85196682249164324,0.38385966684480094,0.72584746662650712,0.34198779978170618,0.61956409421850855,0.85196682249164324,0.23240272827313468,090267d51086d80eeb00018aad6ab0058f0a67d4c87176cf13f3a794831a1f48,805ae1c72a8128036adf37d449e12d27964b9e2664eb124626606aab82813be0,148649a98502a233562abed714ce5023cdb09437e920b1b0afe660e7ace6f051,148649a98502a233562abed714ce5023cdb09437e920b1b0afe660e7ace6f051,1,1,371,0,0,,,
Inflation,CPILFESL,1,month_open,2025-12,2025-12-01,Inflation 12-Month Mean,2.8672810687485395,2.9806759113750303,2.9752636133045129,-0.0054122980705173518,-0.1133948426264908,-0.10798254455597345,0.012858390334286615,0.011660229928782791,-0.0011981604055038234,0.1133948426264908,0.10798254455597345,-0.0054122980705173518,ee6e91bc7e7cad2988c033393fa68b30e4ffa0373ce5fcb2d141041c4aa65895,9d64a9f90a58ca43cfa07729d69acb91de3ea69ac9593c64fc233c2d281e051d,075551abbfdd310fc28b91c506789b854319cdb461adbfec09a1fe399ebf5e5c,075551abbfdd310fc28b91c506789b854319cdb461adbfec09a1fe399ebf5e5c,1,1,368,0,0,,,
Inflation,CPILFESL,2,mid_month,2025-12,2025-12-15,Inflation Ridge-AR Ensemble,2.8672810687485395,2.7007659600276539,2.9238935578420593,0.22312759781440539,0.1665151087208856,-0.056612489093519791,0.02772728143232835,0.0032049739213638974,-0.024522307510964451,0.1665151087208856,0.056612489093519791,-0.10990261962736581,3389a3ec5508babdfe1230051c4ba6510ad8f8da1e4dd7149f40c47c5df03f07,045af89ccd429882a1279ffbe1b3365f7074b011463a03ff6919c771fae5a90f,24f5f1df3e929ee2b6710974baec3f166ce09a51b3eed8e1eac66fd1288ff124,24f5f1df3e929ee2b6710974baec3f166ce09a51b3eed8e1eac66fd1288ff124,1,1,368,0,0,,,
Inflation,CPILFESL,3,month_end,2025-12,2025-12-31,Inflation Ridge-AR Ensemble,2.8672810687485395,2.6618007118803688,2.9537435037194135,0.2919427918390447,0.20548035686817068,-0.086462434970874025,0.042222177058670776,0.0074757526610926195,-0.034746424397578156,0.20548035686817068,0.086462434970874025,-0.11901792189729665,dc60f4cd3bce75ce0efc64f31e6f9de8061443310b9ae870ddf49df14f2cfbde,eda1c223d1431d73074c5df1f6fccc5d7dd27becfa376a54dadd85880cec83a4,beaf354135b1706974028776ea8e0e75250403008e74e6a4df31a3b014af82af,beaf354135b1706974028776ea8e0e75250403008e74e6a4df31a3b014af82af,1,1,377,0,0,,,
Inflation,CPILFESL,4,pre_release,2025-12,2026-01-12,Inflation Ridge-AR Ensemble,2.8672810687485395,2.6816075765147573,2.9537435037194135,0.27213592720465618,0.18567349223378216,-0.086462434970874025,0.034474645718288364,0.0074757526610926195,-0.026998893057195744,0.18567349223378216,0.086462434970874025,-0.099211057262908131,06c6f5cad8ca94360e2b4860fb696c4ccf56d0d88b6d5b2fc71c7d33a027606c,c98d0db1c39a050745454fc6ae0428a67724ef46b4b19da9fcb782290e081438,40b449957139b91a69c36945dd43da1c2f444836ea49dadbd0353a5d10ae88ff,40b449957139b91a69c36945dd43da1c2f444836ea49dadbd0353a5d10ae88ff,1,1,369,0,0,,,
Inflation,CPILFESL,2,mid_month,2026-01,2026-01-15,Inflation Ridge-AR Ensemble,3.5353249355654981,2.7684663028011336,2.7791657327285124,0.010699429927378823,0.7668586327643645,0.75615920283698568,0.58807216264523043,0.57177674003506562,-0.016295422610164811,0.7668586327643645,0.75615920283698568,-0.010699429927378823,cfb289d3004dff8b82f1b1283696bf08de8b77938400844f89ea386e5f86fc9f,055dbb2e32cffaa9eb2632f08120ef262ffd846d8480367ef9900723a9ff6932,49e2be4bd0055a7a7fa18b4d976e1471482ef570e5372f525a4919825bdf5039,49e2be4bd0055a7a7fa18b4d976e1471482ef570e5372f525a4919825bdf5039,1,1,375,0,0,,,
Inflation,CPILFESL,3,month_end,2026-01,2026-01-31,Inflation Ridge-AR Ensemble,3.5353249355654981,2.8502876077401798,2.7599102705231635,-0.09037733721701624,0.68503732782531834,0.77541466504233458,0.4692761405140527,0.60126790276271591,0.13199176224866321,0.68503732782531834,0.77541466504233458,0.09037733721701624,0736c15c75330e9d810eac066a22ee0073738685446c386b435a850ed06dd859,c18a4bf7e4ba18cb0bcc5a2629f01de4d436ac4e5b89c46386a6103cdc78fe5d,3f019238e20f27311601e11b883480438f9abeee223736ea3a602ba41d81c269,3f019238e20f27311601e11b883480438f9abeee223736ea3a602ba41d81c269,1,1,374,0,0,,,
Inflation,CPILFESL,4,pre_release,2026-01,2026-02-12,Inflation Ridge-AR Ensemble,3.5353249355654981,2.7560598576583168,2.7599102705231635,0.003850412864846664,0.77926507790718125,0.77541466504233458,0.60725406164568529,0.60126790276271591,-0.0059861588829693835,0.77926507790718125,0.77541466504233458,-0.003850412864846664,59f01cf051efe0c9bd6b99e7bafe82f1061b26faa2fba8ddc8cd34111e35a06e,eec09792d015159d78e0d9a0158bbffdb535405fc9c9ad8bbe5da20cb2630b24,f1f60754922fd86fbb9fc593bc9a24c4700130963cb8b785ba97d6d20bf0a9f8,f1f60754922fd86fbb9fc593bc9a24c4700130963cb8b785ba97d6d20bf0a9f8,1,1,296,0,0,,,
Inflation,CPILFESL,1,month_open,2026-02,2026-02-01,Inflation 12-Month Mean,2.5898059744083213,2.9806759113750303,2.9752636133045129,-0.0054122980705173518,-0.39086993696670902,-0.38545763889619167,0.1527793076243591,0.14857759138342688,-0.0042017162409322129,0.39086993696670902,0.38545763889619167,-0.0054122980705173518,73baf19b287be04e4e6938422cd5d63c7ea06adda39d5054a35d9a768d3017e9,eea1cf4030d7d9a5af1fa62ce4043f83f77b8b9a2df7f6b547c4e1e87d14ce5a,3f019238e20f27311601e11b883480438f9abeee223736ea3a602ba41d81c269,3f019238e20f27311601e11b883480438f9abeee223736ea3a602ba41d81c269,1,1,374,0,0,,,
Inflation,CPILFESL,2,mid_month,2026-02,2026-02-15,Inflation Ridge-AR Ensemble,2.5898059744083213,3.4310254077582929,3.3291241563237461,-0.10190125143454676,-0.84121943334997162,-0.73931818191542487,0.70765013504564733,0.54659137411072922,-0.16105876093491811,0.84121943334997162,0.73931818191542487,-0.10190125143454676,cd51542895b567294160f02ecc7906eed6b35270ef578fe4677bf606ed4c31e6,de53819ce095c08254a634d112b39969cca42698568e44b0c9b8fbc5ac0cc1f7,630febcb4765c39cfa42698ef52db97725cd1f413e123706a31d1ecd0209e268,630febcb4765c39cfa42698ef52db97725cd1f413e123706a31d1ecd0209e268,1,1,60,0,0,,,
Inflation,CPILFESL,3,month_end,2026-02,2026-02-28,Inflation Ridge-AR Ensemble,2.5898059744083213,3.4116653735796474,3.4101545126352342,-0.0015108609444132171,-0.82185939917132611,-0.82034853822691289,0.67545287200625315,0.67297172417103279,-0.0024811478352203542,0.82185939917132611,0.82034853822691289,-0.0015108609444132171,41bd86fc73bf948e4c3bf08a2672d2e03a1e39f36302592e36cea3ecf9c33843,499aebca90c2fd3bd8242921d3b801b7ce9b38df6831bf64028053eae974c3a1,6495d56c657c569d9e413fd27e24435f73f3dc66343fec9f57493bf7493ede81,6495d56c657c569d9e413fd27e24435f73f3dc66343fec9f57493bf7493ede81,1,1,11,0,0,,,
Inflation,CPILFESL,4,pre_release,2026-02,2026-03-10,Inflation Ridge-AR Ensemble,2.5898059744083213,3.4116653735796474,3.4101545126352342,-0.0015108609444132171,-0.82185939917132611,-0.82034853822691289,0.67545287200625315,0.67297172417103279,-0.0024811478352203542,0.82185939917132611,0.82034853822691289,-0.0015108609444132171,e986dc890a793a3554d53121448ed2d86fb6f45d9163e133f9427d304bf6e548,213ca4c58b9b542c64d4c6d276364b6400bc166f97cb6fbcfac0a23264f68cec,95ef2d86f7fa58fc029d0be9b3e9939169ee669f53cf23a1e4314eaf14616a14,95ef2d86f7fa58fc029d0be9b3e9939169ee669f53cf23a1e4314eaf14616a14,1,1,12,0,0,,,
Inflation,CPILFESL,1,month_open,2026-03,2026-03-01,Inflation 12-Month Mean,2.3472435020018168,2.9752636133045129,2.9752636133045129,0,-0.62802011130269619,-0.62802011130269619,0.39440926020065092,0.39440926020065092,0,0.62802011130269619,0.62802011130269619,0,c4485dd6273eeb7f4e3ae5268017d64f68ec76849aea6bd5ad20ed6987aa5b9b,8d4f5476fa4ead82ba82b46e1e46402312d852990792fca8cd9aeff4c853c2eb,6495d56c657c569d9e413fd27e24435f73f3dc66343fec9f57493bf7493ede81,6495d56c657c569d9e413fd27e24435f73f3dc66343fec9f57493bf7493ede81,1,1,11,0,0,,,
Inflation,CPILFESL,2,mid_month,2026-03,2026-03-15,Inflation Ridge-AR Ensemble,2.3472435020018168,3.1463563106658849,3.1937768693000512,0.047420558634166277,-0.7991128086640682,-0.84653336729823447,0.63858128097097566,0.71661874194928754,0.078037460978311879,0.7991128086640682,0.84653336729823447,0.047420558634166277,a716019482770d8d4f56e8c48b980d939a63d38b3494709513c425e46466b436,80b7a993af97d94cc408ee1ecb2836bd4ac706120d933cfbb8b7a93d7ad1f3e1,bd5aec70aa6532d4754ea39da92db45a0bd23f4ddc84be286be3e6d0b611ffd9,bd5aec70aa6532d4754ea39da92db45a0bd23f4ddc84be286be3e6d0b611ffd9,1,1,14,0,0,,,
Inflation,CPILFESL,3,month_end,2026-03,2026-03-31,Inflation Ridge-AR Ensemble,2.3472435020018168,3.2338299462807401,3.1590250055715936,-0.07480494070914645,-0.8865864442789233,-0.81178150356977685,0.78603552317914438,0.65898920953800766,-0.12704631364113672,0.8865864442789233,0.81178150356977685,-0.07480494070914645,81bd444227eff91c88ecdb6492c29771f11ab96aa5a422e5d09a72f1e610316e,b8c2fd03639a1a11b009cad72fd7b97795e7c0089d2847fc5c1eaac20974ebc5,a3cf7eac16d7d205a25f56978628fc7f1064f7458bc13c2287095ab6049c16bf,a3cf7eac16d7d205a25f56978628fc7f1064f7458bc13c2287095ab6049c16bf,1,1,14,0,0,,,
Inflation,CPILFESL,4,pre_release,2026-03,2026-04-09,Inflation Ridge-AR Ensemble,2.3472435020018168,3.2330561023586464,3.1590250055715936,-0.074031096787052775,-0.88581260035682963,-0.81178150356977685,0.78466396295092833,0.65898920953800766,-0.12567475341292067,0.88581260035682963,0.81178150356977685,-0.074031096787052775,1d43e6aabd38f4ea3cc2c2a23b661b33fd8503daf4dc9a0701709bec9e62af7b,a8654cf37eca7e18061110b034c7dacacc4d679f03927642895247b4854ba912,7a7e242d5516540be42d3fb2cb9afff5d29fb36490eb5a2f7b00934eeb625e08,7a7e242d5516540be42d3fb2cb9afff5d29fb36490eb5a2f7b00934eeb625e08,1,1,10,0,0,,,
Inflation,CPILFESL,1,month_open,2026-04,2026-04-01,Inflation 12-Month Mean,4.5090466859679879,2.9752636133045129,2.9752636133045129,0,1.5337830726634749,1.5337830726634749,2.3524905139890104,2.3524905139890104,0,1.5337830726634749,1.5337830726634749,0,5607ec8bb9be56ed471fea98ce825532c79d22ff0e9ff105adc5cd7fd0ce8640,d0adbc9b326c359ed2b3a5937a7b539c210a76ee65dc5429987a6091d8c7b548,aa5ae64a510adcfc9878c532c89b2ee52906bdebdfa75e5a94419ffbf4191f86,aa5ae64a510adcfc9878c532c89b2ee52906bdebdfa75e5a94419ffbf4191f86,1,1,14,0,0,,,
Inflation,CPILFESL,2,mid_month,2026-04,2026-04-15,Inflation Ridge-AR Ensemble,4.5090466859679879,2.7294962047362237,2.8249954661182093,0.095499261381985612,1.7795504812317642,1.6840512198497786,3.1667999152522035,2.8360285110775272,-0.33077140417467632,1.7795504812317642,1.6840512198497786,-0.095499261381985612,0f309fffb4256000594f4a61b6cf248566025fd62a7ee11ec444b991e5dc2ea8,5141142feaeb76bfb36e91bfd171ae15443ec7edb3d96154ca540a5fea710236,fc54fde8398663c4c42dc2cbf2a7abd181508f617674df1f9a5741b460678d84,fc54fde8398663c4c42dc2cbf2a7abd181508f617674df1f9a5741b460678d84,1,1,10,0,0,,,
Inflation,CPILFESL,3,month_end,2026-04,2026-04-30,Inflation Ridge-AR Ensemble,4.5090466859679879,2.7294962047362237,2.8249954661182093,0.095499261381985612,1.7795504812317642,1.6840512198497786,3.1667999152522035,2.8360285110775272,-0.33077140417467632,1.7795504812317642,1.6840512198497786,-0.095499261381985612,d2bcf6a3dd2d72ab4fdfc3aea17e5d3513254a63dba602b2c252f030c6a9ced3,e9464d63308e0c3ae4ef56e09f50b7ff2253ba882827a0576f06912048b742db,38011761fafaa72091e42fb347ad316c0c554d07d35c1f91b1c19cdfc535d10e,38011761fafaa72091e42fb347ad316c0c554d07d35c1f91b1c19cdfc535d10e,1,1,12,0,0,,,
Inflation,CPILFESL,4,pre_release,2026-04,2026-05-11,Inflation Ridge-AR Ensemble,4.5090466859679879,2.7295274023031313,2.8249954661182093,0.095468063815077997,1.7795192836648566,1.6840512198497786,3.1666888809350842,2.8360285110775272,-0.33066036985755698,1.7795192836648566,1.6840512198497786,-0.095468063815077997,2d8036b0f3006633ecba032108a6cfc51fc1b9b1ddcaf398b8cc517f0f32d691,6182dd8b68377ab55681613fd1250dc6ed7b3a4142b5a93a067ecd796620b843,a6ed4c0d987d9829be81a602803e28c4b662c232c5d9cce93c1d8cf9cc5853cf,a6ed4c0d987d9829be81a602803e28c4b662c232c5d9cce93c1d8cf9cc5853cf,1,1,10,0,0,,,
Inflation,CPILFESL,1,month_open,2026-05,2026-05-01,Inflation 12-Month Mean,2.4945507714519977,2.8598763159886076,2.8598763159886076,0,-0.36532554453660993,-0.36532554453660993,0.13346275349097056,0.13346275349097056,0,0.36532554453660993,0.36532554453660993,0,ecce58d78881f1fa52eea024f09cf047c9ca1eea60292d769f6573282836f872,a4937dccd2dbdbafbdcdc1a1227324078a6a5df8b18cd96540d59c1a081fa1d6,b7d3dda062690d35e1c421f5743e0783c7ab231c92c9754fc9035ebc3946074c,b7d3dda062690d35e1c421f5743e0783c7ab231c92c9754fc9035ebc3946074c,1,1,12,0,0,,,
Inflation,CPILFESL,2,mid_month,2026-05,2026-05-15,Inflation Ridge-AR Ensemble,2.4945507714519977,3.5859107865127502,3.4947155200231581,-0.091195266489592086,-1.0913600150607525,-1.0001647485711604,1.191066682473406,1.0003295242844126,-0.19073715818899339,1.0913600150607525,1.0001647485711604,-0.091195266489592086,09c0637b340d3561ff0b0bb18908b61a785ebba2ab34b086e758b763931bda60,64208c81d5129ed4e44d77bc70a2f7ad340cfba0e43b2d0ebc515f829d6c87b9,4b42ace52cc2355a16aa2d9af2ee4b01efac1fb3709079e05a542e4db173914e,4b42ace52cc2355a16aa2d9af2ee4b01efac1fb3709079e05a542e4db173914e,1,1,10,0,0,,,
Inflation,CPILFESL,3,month_end,2026-05,2026-05-31,Inflation Ridge-AR Ensemble,2.4945507714519977,3.5859107865127502,3.4947155200231581,-0.091195266489592086,-1.0913600150607525,-1.0001647485711604,1.191066682473406,1.0003295242844126,-0.19073715818899339,1.0913600150607525,1.0001647485711604,-0.091195266489592086,553bf3f082f734a2a8963337ee9d14d499e35a41ec8fb28aeac183d8744b1f4c,1adab88e50602d7ca6e26c1d3aa5024d56962ddc7814df286ab75250067025f8,c926e27d0d5f7b3ed7cb57432df6b8a88e8933611ff4327d69b637d17fe132dd,c926e27d0d5f7b3ed7cb57432df6b8a88e8933611ff4327d69b637d17fe132dd,1,1,12,0,0,,,
Inflation,CPILFESL,4,pre_release,2026-05,2026-06-09,Inflation Ridge-AR Ensemble,2.4945507714519977,3.5859107865127502,3.4947155200231581,-0.091195266489592086,-1.0913600150607525,-1.0001647485711604,1.191066682473406,1.0003295242844126,-0.19073715818899339,1.0913600150607525,1.0001647485711604,-0.091195266489592086,4429753f988a428fe54757cdcb1e35a02aad40ed2845ebc6222a4d500633b537,ced990008269266453e72d6c4eaeeb252a3e6c47f4ef37ab0c1b9521fdc36da6,723f8e4730b86d790681fbe6e91cc769b415674cb637c378f7ea31b868e50cd4,723f8e4730b86d790681fbe6e91cc769b415674cb637c378f7ea31b868e50cd4,1,1,13,0,0,,,
Inflation,CPILFESL,1,month_open,2026-06,2026-06-01,Inflation 12-Month Mean,-0.19994465863675259,2.8598763159886076,2.8598763159886076,0,-3.0598209746253602,-3.0598209746253602,9.3625043967572896,9.3625043967572896,0,3.0598209746253602,3.0598209746253602,0,f0df781ab2f261271b2366f61a81fc49bbdfc7e9b97072503f64ad3b16b226f6,665af9464afd5696df4ef58a3d4a87d7da1533289cfaa3e95cd1ec7ec7ed4cde,5d2be57c5bfb4c311bf34cb38509f95bb508a6b19ba0af1499fdf10db0379ed7,5d2be57c5bfb4c311bf34cb38509f95bb508a6b19ba0af1499fdf10db0379ed7,1,1,12,0,0,,,
Inflation,CPILFESL,2,mid_month,2026-06,2026-06-15,Inflation Ridge-AR Ensemble,-0.19994465863675259,3.6023937986689507,3.4122000946552964,-0.19019370401365432,-3.8023384573057033,-3.612144753292049,14.457777743905917,13.047589718735278,-1.4101880251706387,3.8023384573057033,3.612144753292049,-0.19019370401365432,f4397e66e5c38a308cf0c52dcc87caad0d2761acffbce156b355b4d1a7eb71b3,461b5d46b4ceac6b8cb518a6fba61f7ead2531d51bcce1066287e858e70766aa,550adbc7f993502ddb5fdbc23bfc09329876d6b3c59d683760fa0e2e0409070b,550adbc7f993502ddb5fdbc23bfc09329876d6b3c59d683760fa0e2e0409070b,1,1,13,0,0,,,
Inflation,CPILFESL,3,month_end,2026-06,2026-06-30,Inflation Ridge-AR Ensemble,-0.19994465863675259,3.6023937986689507,3.4122000946552964,-0.19019370401365432,-3.8023384573057033,-3.612144753292049,14.457777743905917,13.047589718735278,-1.4101880251706387,3.8023384573057033,3.612144753292049,-0.19019370401365432,940b4ce22c10e895338bda0a11319316665ac5f2c98f8c30b9ca1a7f95c4cd7c,c280df13a16b9fc52433f3776ec4a4a5cbb881ff7bd664a5fa2aab62ba0dcf63,2c47b8444b8f75522c1d37b1124a6f452cc6060801b176eb600fe395d5a1aad1,2c47b8444b8f75522c1d37b1124a6f452cc6060801b176eb600fe395d5a1aad1,1,1,9,0,0,,,
Inflation,CPILFESL,4,pre_release,2026-06,2026-07-13,Inflation Ridge-AR Ensemble,-0.19994465863675259,3.5867111867197288,3.4122000946552964,-0.17451109206443238,-3.7866558453564814,-3.612144753292049,14.338762491172409,13.047589718735278,-1.2911727724371307,3.7866558453564814,3.612144753292049,-0.17451109206443238,6a79eecb50495e80698ce87648ca902391c45569dae7e021997c036212197499,e86b876429c25fbe9ecd91e557ebf57d8c7d57545835d3c81b4c43c059d4cfd3,3c8b7191e848efd23c763fdcf9f79068da67fed015a869a512c06105ee378ab9,3c8b7191e848efd23c763fdcf9f79068da67fed015a869a512c06105ee378ab9,1,1,10,0,0,,,
Inflation,PCEPI,1,month_open,2023-02,2023-02-01,Inflation Ridge-AR Ensemble,3.1517949298315528,2.0503729549785694,2.6554544256401691,0.60508147066159967,1.1014219748529834,0.49634050419138376,1.2131303666890461,0.24635389610095704,-0.96677647058808902,1.1014219748529834,0.49634050419138376,-0.60508147066159967,30bd2a746b5627992ad31d6598e4a35a8669f48041c568df44c48cf034f7b626,d9deb4a3608581c022c6b21b1126d86a318a2b298829a7b84e493f3cd679fd33,ef970de4f70179de72c01362ee6ee7771ac29812f6be8f5a98ebfda3f19a59fb,ef970de4f70179de72c01362ee6ee7771ac29812f6be8f5a98ebfda3f19a59fb,1,1,1333,0,0,,,
Inflation,PCEPI,2,mid_month,2023-02,2023-02-15,Inflation Bridge Ridge,3.1517949298315528,2.1713827242889967,2.4950524116265287,0.32366968733753199,0.98041220554255615,0.65674251820502416,0.9612080927768194,0.43131073521827651,-0.52989735755854284,0.98041220554255615,0.65674251820502416,-0.32366968733753199,8a6aa5b331d2800440fc5070284d13bec46ca8e8cf8f0b64f2d774d7a346d845,9c811b41abf1f0a09af3f797add7b3d5469a95fe2f8932bd1de8af5452471a2e,dabfe64599e3776a5854eb340efd02704116e3ce8b132c5b7a2000b3a771a6f6,dabfe64599e3776a5854eb340efd02704116e3ce8b132c5b7a2000b3a771a6f6,1,1,1258,0,0,,,
Inflation,PCEPI,3,month_end,2023-02,2023-02-28,Inflation Bridge Ridge,3.1517949298315528,3.0360676939443927,3.1810326179375759,0.14496492399318317,0.11572723588716016,-0.029237688106023008,0.01339279312608241,0.00085484240578507923,-0.012537950720297331,0.11572723588716016,0.029237688106023008,-0.086489547781137155,cb70f1083227814a12434e0b70c1200ca41999978ef528db99612996b9f10dfd,843a9992afe03c80f95ae1bdae8bd63b34c7b9de70f71dbb8c4519bbfb62a5b2,a92da34da69ed1b560febae9de711fd40247ee01668175979981cd2aa98cc3dc,a92da34da69ed1b560febae9de711fd40247ee01668175979981cd2aa98cc3dc,1,1,1262,0,0,,,
Inflation,PCEPI,4,pre_release,2023-02,2023-03-30,Inflation Bridge Ridge,3.1517949298315528,2.8986421630198387,3.1810326179375759,0.28239045491773718,0.25315276681171417,-0.029237688106023008,0.064086323344426127,0.00085484240578507923,-0.063231480938641046,0.25315276681171417,0.029237688106023008,-0.22391507870569116,f18c27cb48b63da3f062cf3ae7d98aa879ff09f8ebd0f6bb1f92236556421c31,48567370137c271344d5fbbf6ba00b35759844abbd18ca748bfb1d09ed963d75,99dd80bc2a31f03ac766e3848d6e3ddfbb31622ca8970ed1b49264af9e061d61,99dd80bc2a31f03ac766e3848d6e3ddfbb31622ca8970ed1b49264af9e061d61,1,1,1268,0,0,,,
Inflation,PCEPI,1,month_open,2023-03,2023-03-01,Inflation Ridge-AR Ensemble,0.91193354873695398,4.090487032402037,3.7873910272399991,-0.30309600516203794,-3.1785534836650831,-2.8754574785030451,10.103202248519436,8.2682557106790906,-1.8349465378403451,3.1785534836650831,2.8754574785030451,-0.30309600516203794,db99f1f4d4d3334eaef59b89950f48ee9bb1f8678fcf1d30d0bfaa5b720ee4df,52c51c99756d9eb0456f7ce862f0b919ab434d90d883f114f40b4d1ef53b79ac,0dfc642a50ac8a9917618a26f2442c08ef652f99134c03cf7019eee0b285d8b6,0dfc642a50ac8a9917618a26f2442c08ef652f99134c03cf7019eee0b285d8b6,1,1,1262,0,0,,,
Inflation,PCEPI,2,mid_month,2023-03,2023-03-15,Inflation Bridge Ridge,0.91193354873695398,2.4859491751368314,3.4600989036194125,0.97414972848258108,-1.5740156263998775,-2.5481653548824585,2.4775251921509986,6.4931466758232457,4.0156214836722466,1.5740156263998775,2.5481653548824585,0.97414972848258108,c24597678917fa9998f96e86831764202da9a46463c27a4e17b3e2dbde45d766,c67775c317c32d604d8cc8eef6e60083852d0604e603bc0f20dd44385a76c75b,baa4b1fa94f0154c28c9f535e620d8bfd5387abe04813564a13b5d80bdc52bcc,baa4b1fa94f0154c28c9f535e620d8bfd5387abe04813564a13b5d80bdc52bcc,1,1,1268,0,0,,,
Inflation,PCEPI,3,month_end,2023-03,2023-03-31,Inflation Bridge Ridge,0.91193354873695398,2.9449606843327785,3.4353098951231953,0.49034921079041682,-2.0330271355958245,-2.5233763463862413,4.133199334068963,6.3674281855015762,2.2342288514326132,2.0330271355958245,2.5233763463862413,0.49034921079041682,dbd9eef0029676b046856fff4475ab9b8493c33323f171e88807ce15d8dfd6c8,4c1f821a6e5039eab5383db364533421b4e3a91f3612c7155180d60b5b8af3f0,9a181cf613e2de9c5098325f2944d3d0d514556e5c95aa59e4d485041658f75c,9a181cf613e2de9c5098325f2944d3d0d514556e5c95aa59e4d485041658f75c,1,1,1270,0,0,,,
Inflation,PCEPI,4,pre_release,2023-03,2023-04-27,Inflation Bridge Ridge,0.91193354873695398,3.1523108623372504,3.4353098951231953,0.28299903278594485,-2.2403773136002965,-2.5233763463862413,5.0192905072948815,6.3674281855015762,1.3481376782066947,2.2403773136002965,2.5233763463862413,0.28299903278594485,29097ad9b5073a41f06fb341aa7f7cc04a72b8b4188a6b90617f5b8b92785f49,e1943b3922ad8639ffa279b56b49631c0c310b230e29aeef73c98e1cbd328345,9e80377cb0469edc9c9089461e3036c0a943a53dd6fd8728e8a11c715daca9f0,9e80377cb0469edc9c9089461e3036c0a943a53dd6fd8728e8a11c715daca9f0,1,1,1275,0,0,,,
Inflation,PCEPI,1,month_open,2023-04,2023-04-01,Inflation Ridge-AR Ensemble,4.3590925437339223,2.4836641511033042,2.9225875640720247,0.43892341296872051,1.8754283926306181,1.4365049796618976,3.5172316558850638,2.0635465565934288,-1.453685099291635,1.8754283926306181,1.4365049796618976,-0.43892341296872051,32673152a99d3263f3f9ed8560cc6ba755c24bb424dae7e956134f442cc46d9a,2aba6bb3773f49429ed36fdd1b8ce6cd7b8b8843550e2cc5f266e9fe9da1f698,9a181cf613e2de9c5098325f2944d3d0d514556e5c95aa59e4d485041658f75c,9a181cf613e2de9c5098325f2944d3d0d514556e5c95aa59e4d485041658f75c,1,1,1270,0,0,,,
Inflation,PCEPI,2,mid_month,2023-04,2023-04-15,Inflation Bridge Ridge,4.3590925437339223,1.2223148820682201,1.7803867484679894,0.55807186639976925,3.1367776616657022,2.5787057952659329,9.8393740987249494,6.6497235785381079,-3.1896505201868415,3.1367776616657022,2.5787057952659329,-0.55807186639976925,24f87b813e26fb3b81c056ed9d88901f2c30ae987130cda85ad254b128511a68,a6b25afbd690bb5f1a60409f2c8c9eae3104625d392d70977739a9efa888a7a5,3bbbefd21c3fb506207f09d4328687d801a0c707da37af8d70b59baa3498448b,3bbbefd21c3fb506207f09d4328687d801a0c707da37af8d70b59baa3498448b,1,1,1275,0,0,,,
Inflation,PCEPI,3,month_end,2023-04,2023-04-30,Inflation Bridge Ridge,4.3590925437339223,1.2441291201757454,1.6880410604276488,0.44391194025190339,3.1149634235581769,2.6710514833062735,9.7029971301052775,7.1345160264726442,-2.5684811036326334,3.1149634235581769,2.6710514833062735,-0.44391194025190339,b21663aae72afaada0e5e4c60247f75fc2908ae0e0a8fac2b14e3eb37a170755,fb47096d18da29a89cdbd4eb91d033f70eff098777573bfc3269a1ff54b9cf65,a39d4c0a20d69e25053db7911bcd19a846b202995b4fc93fe9a60f4e633f9b7f,a39d4c0a20d69e25053db7911bcd19a846b202995b4fc93fe9a60f4e633f9b7f,1,1,1278,0,0,,,
Inflation,PCEPI,4,pre_release,2023-04,2023-05-25,Inflation Bridge Ridge,4.3590925437339223,1.4991735144775726,1.6880410604276488,0.18886754595007615,2.8599190292563499,2.6710514833062735,8.1791368539025822,7.1345160264726442,-1.044620827429938,2.8599190292563499,2.6710514833062735,-0.18886754595007638,090681ae626b03fd705b63a1dc68229c5998bb9977f3b78cd57de0d0a37edcf2,8a7e0773bb1b53b0afd4db3911d4390855cd4821ce6b5b18968911bfec20b1d6,9faefbfb98cab3ffd5c69dc04b664e4b3a3ac7e4421431a91741a8ab9140ee59,9faefbfb98cab3ffd5c69dc04b664e4b3a3ac7e4421431a91741a8ab9140ee59,1,1,1284,0,0,,,
Inflation,PCEPI,1,month_open,2023-05,2023-05-01,Inflation Ridge-AR Ensemble,1.5410617006217819,2.281243664693366,2.8452602868827088,0.56401662218934279,-0.7401819640715841,-1.3041985862609269,0.54786933993686782,1.7009339524050004,1.1530646124681327,0.7401819640715841,1.3041985862609269,0.56401662218934279,c40dc0e288acf44de093f257dd91ced1a042449c69581796e5c72d64a383200e,a353b6e24cabfbe4c1f7a3035f45c5c5dfcfbb55f8f63e56c1a32ae6914aa225,f4666a5ae4c52e6315ab9f94c6c096b942930f4fae1720215295de51e3f5dc62,f4666a5ae4c52e6315ab9f94c6c096b942930f4fae1720215295de51e3f5dc62,1,1,1278,0,0,,,
Inflation,PCEPI,2,mid_month,2023-05,2023-05-15,Inflation Bridge Ridge,1.5410617006217819,4.1542795792369134,4.3879762557080184,0.23369667647110504,-2.6132178786151314,-2.8469145550862365,6.8289076811137681,8.1049224839618645,1.2760148028480964,2.6132178786151314,2.8469145550862365,0.23369667647110504,5a53e4c54994844b836b9488eadd3536e0c958570641ae4d93cd978d90c91e5c,6bf71bab357f9838abba9c9d089ddbd964d6ce2376819a78d8e946e22a8b437c,2c8016fe954cd9020c378091d492f26b2a5a081ab72bbaabb3aaa5bb7c7d20c2,2c8016fe954cd9020c378091d492f26b2a5a081ab72bbaabb3aaa5bb7c7d20c2,1,1,1284,0,0,,,
Inflation,PCEPI,3,month_end,2023-05,2023-05-31,Inflation Bridge Ridge,1.5410617006217819,3.904137367586455,4.4559178872431247,0.55178051965666963,-2.3630756669646731,-2.9148561866213427,5.5841266078005347,8.4963865886847163,2.9122599808841816,2.3630756669646731,2.9148561866213427,0.55178051965666963,d1d37f7b62b103a5c74d2bf435831aaeb9e86c1d4234ce128b98eb56d3f035b8,3328343759e5f2fa2c69c14b765be84cc1046bcc9b26897895c779eca7c2dd41,d8d5dda1f274474dff479051aef36264246290905832b66292b23e57ce8d7b60,d8d5dda1f274474dff479051aef36264246290905832b66292b23e57ce8d7b60,1,1,1286,0,0,,,
Inflation,PCEPI,4,pre_release,2023-05,2023-06-29,Inflation Bridge Ridge,1.5410617006217819,3.8333407117633245,4.4559178872431247,0.62257717547980018,-2.2922790111415425,-2.9148561866213427,5.254543064920048,8.4963865886847163,3.2418435237646683,2.2922790111415425,2.9148561866213427,0.62257717547980018,56d9fa514efeac808f233e9604b3a29b4ebc18aa9e28a7b6dffb56cf73731141,fd8b6077b53111095bd204ecc21f01cc4991f91da70121151bb1e547a979bd37,e529076f7315723420fbff5ef50b5058540703cf0d017867de3093ec0c1fbec5,e529076f7315723420fbff5ef50b5058540703cf0d017867de3093ec0c1fbec5,1,1,1293,0,0,,,
Inflation,PCEPI,1,month_open,2023-06,2023-06-01,Inflation Ridge-AR Ensemble,1.9358574497093883,2.7695247958255993,2.9740304998319029,0.20450570400630363,-0.83366734611621096,-1.0381730501225146,0.69500124398044627,1.0778032820006851,0.38280203802023882,0.83366734611621096,1.0381730501225146,0.20450570400630363,7651bf41614253de85a8ccd1403b43ce653e69223fde0edfebb94e51992102ba,a2e7da90e0cba1a623bcb08cfff385b414914ad17586fffc9efdcfd0f9631a9c,94676259880cf8366bf24b7ec7e330d090ff5ccd59c6ae3da676305e291013b1,94676259880cf8366bf24b7ec7e330d090ff5ccd59c6ae3da676305e291013b1,1,1,1286,0,0,,,
Inflation,PCEPI,2,mid_month,2023-06,2023-06-15,Inflation Bridge Ridge,1.9358574497093883,1.8695112580684894,2.0408303434524293,0.17131908538393992,0.066346191640898944,-0.10497289374304097,0.0044018171452508892,0.011019308420787771,0.006617491275536882,0.066346191640898944,0.10497289374304097,0.03862670210214203,1d08b874d7bce4f6418361d7e9e35acbb28fb786e60bda8c15f016e0a267febc,c43db380c4dfbd878cdd2d10dac665d3bd4f8754550d232c5ff3866c81b1a32c,5ceddefad5badcaad26f7de0e1365ddacfe2e426da3e8de97782240211dace5e,5ceddefad5badcaad26f7de0e1365ddacfe2e426da3e8de97782240211dace5e,1,1,1293,0,0,,,
Inflation,PCEPI,3,month_end,2023-06,2023-06-30,Inflation Bridge Ridge,1.9358574497093883,1.918701251894233,1.8469600510668793,-0.071741200827353691,0.017156197815155316,0.088897398642509007,0.00029433512347274007,0.0079027474854051621,0.0076084123619324217,0.017156197815155316,0.088897398642509007,0.071741200827353691,b92ae93bc8ff4e7485c1447cd9cb23ba00c85f6fed425f139954b509402dc803,0068cd3c38020a318e527c19d942248530e0c8eba4c2cfbfc4a0dc5dacf7405c,a6511e03d786bfe6e3fe0d78fb67ef9cf4aa58331e50545e36c9217227532357,a6511e03d786bfe6e3fe0d78fb67ef9cf4aa58331e50545e36c9217227532357,1,1,1295,0,0,,,
Inflation,PCEPI,4,pre_release,2023-06,2023-07-27,Inflation Bridge Ridge,1.9358574497093883,1.6364333875733403,1.8469600510668793,0.21052666349353899,0.299424062136048,0.088897398642509007,0.08965476898605193,0.0079027474854051621,-0.081752021500646768,0.299424062136048,0.088897398642509007,-0.21052666349353899,09b0df7d3b2489924b28454ae3093b018e7154d1730fba4562453c6c00d7d830,7424eb72f65e776d2f8b5d799aacd3dc4a76a06116d688ed25d7fff9a5901569,a131430e64b1dee5eadb1bbd848c791414c0d55209177a4798fa06d30986eaef,a131430e64b1dee5eadb1bbd848c791414c0d55209177a4798fa06d30986eaef,1,1,1301,0,0,,,
Inflation,PCEPI,1,month_open,2023-07,2023-07-01,Inflation Ridge-AR Ensemble,2.5544057811611509,2.0873957260715863,2.1546781821057666,0.06728245603418026,0.46701005508956461,0.39972759905538435,0.21809839155475819,0.15978215344658211,-0.058316238108176072,0.46701005508956461,0.39972759905538435,-0.06728245603418026,772d853be45298023544f2d92b64ba3a8f809b150ffaa189716d3bcf8d0d4e4d,8146317ea26be3fd13e3d6f69a85141ab2235ec1c9877c2a3090e3ce5b3462e0,a6511e03d786bfe6e3fe0d78fb67ef9cf4aa58331e50545e36c9217227532357,a6511e03d786bfe6e3fe0d78fb67ef9cf4aa58331e50545e36c9217227532357,1,1,1295,0,0,,,
Inflation,PCEPI,2,mid_month,2023-07,2023-07-15,Inflation Bridge Ridge,2.5544057811611509,2.1520965757313744,2.9202357396371177,0.76813916390574333,0.40230920542977655,-0.36582995847596678,0.16185269677353814,0.13383155851852757,-0.028021138255010569,0.40230920542977655,0.36582995847596678,-0.036479246953809774,89027fe9e485f8e383ea0d772ef18067f845d85a2ef90610397154b79eacb5e0,e5b51fae57e5f8fd86390939d7404200e0ac2e639d10f2e0aacf8a03d956357f,f76cf915a06ba462fb3827a5332017d503a67ac36270c0d8242eda167df4687b,f76cf915a06ba462fb3827a5332017d503a67ac36270c0d8242eda167df4687b,1,1,1301,0,0,,,
Inflation,PCEPI,3,month_end,2023-07,2023-07-31,Inflation Bridge Ridge,2.5544057811611509,2.0646986880000435,2.9048245633744174,0.84012587537437389,0.48970709316110739,-0.3504187822132665,0.23981303709230151,0.1227933229278287,-0.11701971416447281,0.48970709316110739,0.3504187822132665,-0.13928831094784089,8abf16ba027a6d7454bffeb54143bf215ce42b236ff9002b8da5a7bc61e1a7e1,0dae2e3f5a3029c5971f161a3fd8d5ebe12132c698e98e56f55f5028f5851209,b85afdc388154a478994401ebef157787c5436ea06bd402a4b9a460b99b267ba,b85afdc388154a478994401ebef157787c5436ea06bd402a4b9a460b99b267ba,1,1,1303,0,0,,,
Inflation,PCEPI,4,pre_release,2023-07,2023-08-30,Inflation Bridge Ridge,2.5544057811611509,2.1782310097524142,2.9048245633744174,0.72659355362200317,0.37617477140873667,-0.3504187822132665,0.1415074586444153,0.1227933229278287,-0.018714135716586602,0.37617477140873667,0.3504187822132665,-0.025755989195470175,8064fe024cfb5d10725c6fee6bf417f2402ae91f2306b3b66708ab97f942cf67,7db78c1d11de4bde06956ec80de9723790655f8336e5222a1d487bc43109b25d,055041c5aa70997b92a8b74e177bf895dbf874189fab62992298fe2e87bea0b8,055041c5aa70997b92a8b74e177bf895dbf874189fab62992298fe2e87bea0b8,1,1,1309,0,0,,,
Inflation,PCEPI,1,month_open,2023-08,2023-08-01,Inflation Ridge-AR Ensemble,4.721852085725331,2.6275318620625701,3.1348800975217532,0.50734823545918317,2.0943202236627609,1.5869719882035778,4.3861771992428373,2.5184800913428167,-1.8676971079000206,2.0943202236627609,1.5869719882035778,-0.50734823545918317,14e5e80143efbaecbec28ae3af68a385e1236611e647b34a42dcabbed821774f,5848d3d90d8fb3cb83305553b11559372eedfad2967ca0c6593a72150bf2bed8,8dab094f5bdcbfff875dd0826ad96d33a9b4e062e019836430e36982ce51971c,8dab094f5bdcbfff875dd0826ad96d33a9b4e062e019836430e36982ce51971c,1,1,1303,0,0,,,
Inflation,PCEPI,2,mid_month,2023-08,2023-08-15,Inflation Bridge Ridge,4.721852085725331,3.5068532133761674,3.7825480478701508,0.27569483449398335,1.2149988723491636,0.93930403785518024,1.4762222598097392,0.88229207553104583,-0.59393018427869337,1.2149988723491636,0.93930403785518024,-0.27569483449398335,9cc2c2745a298698df6c4f34ca2408a44f30fa474f8671fa4f1e4295603404a2,8bf42348241ea93b70afc1bdca9936cb80d130a39ffb6f692ea15d2789024178,352986a98748b8b518cdc05afc969df167ce7ce24505eb68cccedf2a54c730fa,352986a98748b8b518cdc05afc969df167ce7ce24505eb68cccedf2a54c730fa,1,1,1309,0,0,,,
Inflation,PCEPI,3,month_end,2023-08,2023-08-31,Inflation Bridge Ridge,4.721852085725331,3.3275475428019958,3.7049500846161845,0.37740254181418864,1.3943045429233352,1.0169020011091465,1.9440851584166505,1.0340896798597867,-0.9099954785568638,1.3943045429233352,1.0169020011091465,-0.37740254181418864,c299c45efa306601544e041365cc364368d1840074da8d2a35e92e74b808789c,e41aa2d2c7aaca44a5724d358074f5f74151c5612e88fb6f18377c969a94c4f6,4a059c3e858ca1bfce981e01c3ab67c98660107278ce9ecf2bb4bffb044225db,4a059c3e858ca1bfce981e01c3ab67c98660107278ce9ecf2bb4bffb044225db,1,1,1311,0,0,,,
Inflation,PCEPI,4,pre_release,2023-08,2023-09-28,Inflation Bridge Ridge,4.721852085725331,3.2927005180547146,3.7049500846161845,0.41224956656146983,1.4291515676706164,1.0169020011091465,2.0424742033753804,1.0340896798597867,-1.0083845235155937,1.4291515676706164,1.0169020011091465,-0.41224956656146983,dd02531d2f17ef234098f9bba8c7a8d9025b577d74fadd26a2cd04f8bb9500a5,d107f999baad5d9ea813996db142bf1a4245a3ae5b216a9e6b0c6df00c449e83,c44307dd5cfeddd26908fabf8082a5d310bef54231b1d9e2ca6be4405ade227c,c44307dd5cfeddd26908fabf8082a5d310bef54231b1d9e2ca6be4405ade227c,1,1,1318,0,0,,,
Inflation,PCEPI,1,month_open,2023-09,2023-09-01,Inflation Ridge-AR Ensemble,4.269709166791813,3.3430105012042297,3.1773747235990659,-0.16563577760516379,0.92669866558758329,1.0923344431927471,0.85877041680180755,1.1931945357852087,0.33442411898340119,0.92669866558758329,1.0923344431927471,0.16563577760516379,b85a328ae132025b941fa72de3c6759b46734f451777c72148c74dfd12a5e3ce,2b590fa20fcd468751462341d3c9d664b262644c7d6e6c3de70cdd6cb885088e,ee8dbaa69d0dd74138e1ef1a4c31899226723bc2934483cc81c9033af016dece,ee8dbaa69d0dd74138e1ef1a4c31899226723bc2934483cc81c9033af016dece,1,1,1313,0,0,,,
Inflation,PCEPI,2,mid_month,2023-09,2023-09-15,Inflation Bridge Ridge,4.269709166791813,3.9611788972341624,3.9665920677823197,0.0054131705481572645,0.30853026955765062,0.30311709900949335,0.095190927233316555,0.091879975711930989,-0.0033109515213855661,0.30853026955765062,0.30311709900949335,-0.0054131705481572645,61e5ff22c1712efb73e9d56a561747473a23ba97f849c34eb9865177f289d33f,3daa95505696e48f8f73cbb90288337eacba6440ac9f5ae2453279f005448311,e8d510ef09d0a397a43c47233f8be7a02592b392c006db06ad19d80f61f78734,e8d510ef09d0a397a43c47233f8be7a02592b392c006db06ad19d80f61f78734,1,1,1318,0,0,,,
Inflation,PCEPI,3,month_end,2023-09,2023-09-30,Inflation Bridge Ridge,4.269709166791813,3.6355534410087333,3.9852751607188921,0.34972171971015875,0.63415572578307966,0.28443400607292091,0.4021534845434645,0.08090270381069041,-0.32125078073277408,0.63415572578307966,0.28443400607292091,-0.34972171971015875,a8b9090e854655e2a7df78c3a56653fd01ce034c9dc56dbec062b83091192828,7b0f251085bebdb90c2390113067c368144c9e4de51549aa86e35bd66629c739,cf5c515f0031178cfd7d9840ecc834028989c94b0c180647e4890c8b6df6c57f,cf5c515f0031178cfd7d9840ecc834028989c94b0c180647e4890c8b6df6c57f,1,1,500,0,0,,,
Inflation,PCEPI,4,pre_release,2023-09,2023-10-26,Inflation Bridge Ridge,4.269709166791813,3.9891792432148696,3.9852751607188921,-0.0039040824959775122,0.2805299235769434,0.28443400607292091,0.078697038022085705,0.08090270381069041,0.0022056657886047049,0.2805299235769434,0.28443400607292091,0.0039040824959775122,10c23c386dbc4cecb90a813dd8c10c2f628bc36d10ed2fd4ebee43d33029bbcc,0f4a108274e8b33634ff1e6dceb1142586e00fdb7c3e3bce423e585b86221af2,487fd56763ec9e67ca7eb11cb8ea0d1f85aa2d87f182fb4b3c31888f5061b2eb,487fd56763ec9e67ca7eb11cb8ea0d1f85aa2d87f182fb4b3c31888f5061b2eb,1,1,507,0,0,,,
Inflation,PCEPI,1,month_open,2023-10,2023-10-01,Inflation Ridge-AR Ensemble,0.59330065894869222,3.6795040313389586,3.1131642229646941,-0.56633980837426456,-3.0862033723902664,-2.5198635640160019,9.5246512557530529,6.3497123812554275,-3.1749388744976255,3.0862033723902664,2.5198635640160019,-0.56633980837426456,3a26df0d3895e07bab51d56556b6001227ed70942d6dda4e93c5ebce84cdeebc,f1429f2ae5e03c0edc44d9ed8f6728372dc07188c354af7530374bc465276ba7,cf5c515f0031178cfd7d9840ecc834028989c94b0c180647e4890c8b6df6c57f,cf5c515f0031178cfd7d9840ecc834028989c94b0c180647e4890c8b6df6c57f,1,1,500,0,0,,,
Inflation,PCEPI,2,mid_month,2023-10,2023-10-15,Inflation Bridge Ridge,0.59330065894869222,5.1127406322474371,4.5639902614290921,-0.54875037081834499,-4.5194399732987449,-3.9706896024803999,20.42533767225056,15.766375919245956,-4.6589617530046041,4.5194399732987449,3.9706896024803999,-0.54875037081834499,a424c78a7cd11f5b4ff41db85df2beea0102fc337d3c877f62063e1e9488380d,917d556e24a7944b9bbf9bc6bd345d88d0f921712684ab74523ae6eb5a37be49,c8b47b4db05f85c00ed6c117e5b87a9dd33b46f764b454bab09f2f4a0acbceee,c8b47b4db05f85c00ed6c117e5b87a9dd33b46f764b454bab09f2f4a0acbceee,1,1,507,0,0,,,
Inflation,PCEPI,3,month_end,2023-10,2023-10-31,Inflation Bridge Ridge,0.59330065894869222,5.1463744215294325,4.5814632199608862,-0.56491120156854624,-4.5530737625807403,-3.988162561012194,20.730480687501139,15.905440613059342,-4.8250400744417963,4.5530737625807403,3.988162561012194,-0.56491120156854624,2949285386a43565a033f492f774a76efe02f8f074faff23a4539ac02b94dea7,1355f8d927f34812da8728848638ae0a9b4db9597730360eebdbcb2546a00f38,16cdea2a7bea79dc5673174cfbd3849e30c2f45cc210da351d08bdd5750fe4e1,16cdea2a7bea79dc5673174cfbd3849e30c2f45cc210da351d08bdd5750fe4e1,1,1,509,0,0,,,
Inflation,PCEPI,4,pre_release,2023-10,2023-11-29,Inflation Bridge Ridge,0.59330065894869222,5.290955210081556,4.5814632199608862,-0.70949199012066977,-4.6976545511328638,-3.988162561012194,22.067958281779308,15.905440613059342,-6.1625176687199659,4.6976545511328638,3.988162561012194,-0.70949199012066977,1eade0273f3f46e6428c1160b72768021434ff136af13d22a98105782650ec41,de7194bbab284c7b0a77490514585dbf3852f0f31b5abba5addb0360e1ab0401,01a37f977817bf9f9d902af80cc239e4c65d8db8109b6156375ca6763909f870,01a37f977817bf9f9d902af80cc239e4c65d8db8109b6156375ca6763909f870,1,1,515,0,0,,,
Inflation,PCEPI,1,month_open,2023-11,2023-11-01,Inflation Ridge-AR Ensemble,-0.860920908897711,3.6910690634235372,3.5164864069559663,-0.17458265646757098,-4.5519899723212482,-4.3774073158536773,20.720612708113197,19.161694808889294,-1.5589178992239034,4.5519899723212482,4.3774073158536773,-0.17458265646757098,a5393d6ec69e1d357cf1f32af81147b0f60146446a8004226b89cc12f838810d,afd65b49bd82e9de8a732ee80dcc3472c58bfccf57a44d68f4683d94eebf3411,1f826f98ecf595aed0a10562b8bb392cdb40624a8a721662d1e5b432e821ffa4,1f826f98ecf595aed0a10562b8bb392cdb40624a8a721662d1e5b432e821ffa4,1,1,509,0,0,,,
Inflation,PCEPI,2,mid_month,2023-11,2023-11-15,Inflation Bridge Ridge,-0.860920908897711,2.5947975672919252,2.7636270585322942,0.16882949124036895,-3.4557184761896362,-3.6245479674300052,11.941990186678421,13.137347968200983,1.1953577815225618,3.4557184761896362,3.6245479674300052,0.16882949124036895,e8d35d9b894396dbacce853bbcba41da9c87e799884c4d13d86a672843c9a2f9,960c9d63830a896d1e77d11e62f6f2e8ab61f406d61f76f55255904ad6a18a30,c3bf8627ba4b01c8006781079d173793ec5661c1fd050d19885c014d1e267158,c3bf8627ba4b01c8006781079d173793ec5661c1fd050d19885c014d1e267158,1,1,515,0,0,,,
Inflation,PCEPI,3,month_end,2023-11,2023-11-30,Inflation Bridge Ridge,-0.860920908897711,2.5206203151082285,2.7026032617773494,0.18198294666912096,-3.3815412240059395,-3.5635241706750604,11.434821049651587,12.698704514985378,1.2638834653337909,3.3815412240059395,3.5635241706750604,0.18198294666912096,10b81e01adda2a8d5cfb24c7264c7fc5a0a37d36fb8da475fa1bd9f9b40dd447,7a5d4a2ab613d7deb1a839b5a395128dfa7926544fa7b6fbfcbf0b1d5d69d800,ea666c62013dd3ae7cd0632865882f71d68e8d525736b1bf1348be143e3e5fdc,ea666c62013dd3ae7cd0632865882f71d68e8d525736b1bf1348be143e3e5fdc,1,1,517,0,0,,,
Inflation,PCEPI,4,pre_release,2023-11,2023-12-21,Inflation Bridge Ridge,-0.860920908897711,2.4885743160202125,2.7026032617773494,0.21402894575713693,-3.3494952249179235,-3.5635241706750604,11.219118261747971,12.698704514985378,1.4795862532374073,3.3494952249179235,3.5635241706750604,0.21402894575713693,80167160ef7eb08ebf3c8a898b98d14c9aba76e419f9a1024b63f58a2c02537c,61d3d230c5edbf7d3a273302a69efea589306c2b6ce207fdee1feb02a1fd9e45,fc4d5ab9e033fcf4b6b9d1de418213997fdd2bc92eab5fef9555f9a4a80edd59,fc4d5ab9e033fcf4b6b9d1de418213997fdd2bc92eab5fef9555f9a4a80edd59,1,1,523,0,0,,,
Inflation,PCEPI,1,month_open,2023-12,2023-12-01,Inflation Ridge-AR Ensemble,2.0079217012643369,1.5412286283599264,1.9648016783141835,0.42357304995425715,0.46669307290441053,0.04312002295015338,0.21780242429696145,0.0018593363792217543,-0.2159430879177397,0.46669307290441053,0.04312002295015338,-0.42357304995425715,743e6919713900b76e677717cd1a66869d15bf5ff291e59b557bcbce3da349f9,a9df255e1cc3b6bb0d7232fdd5d4de60cdf2036e9ddae70c150f3e7ad74b4fa9,79796b7adf2c690b44d52981e66382b64ecf9c96fc819f3d7ae14dc2998142c8,79796b7adf2c690b44d52981e66382b64ecf9c96fc819f3d7ae14dc2998142c8,1,1,517,0,0,,,
Inflation,PCEPI,2,mid_month,2023-12,2023-12-15,Inflation Bridge Ridge,2.0079217012643369,2.5192089935597837,3.0556196020677726,0.53641060850798894,-0.51128729229544678,-1.0476979008034357,0.26141469526280964,1.0976708913479258,0.83625619608511625,0.51128729229544678,1.0476979008034357,0.53641060850798894,5df490ec980999cf3b758b948dbb6f3f3a4033a284583dd5839079d626dfd73c,1e66603e5e6e03040654dea93644737b76e1731a99a0a94615299024e50a39a7,6e4fdb85fe36c3e497f07778f8f0bc4d05cf0cc6f50299f10fc97bba6593175f,6e4fdb85fe36c3e497f07778f8f0bc4d05cf0cc6f50299f10fc97bba6593175f,1,1,523,0,0,,,
Inflation,PCEPI,3,month_end,2023-12,2023-12-31,Inflation Bridge Ridge,2.0079217012643369,2.2138609303166317,2.7814481958827786,0.56758726556614691,-0.20593922905229478,-0.7735264946184417,0.042410966062653536,0.59834323787669408,0.55593227181404059,0.20593922905229478,0.7735264946184417,0.56758726556614691,f7b61655455882d5c1efa87a7335a050e0b97a1ca437ec972e0b8e402ece3e3e,e7e1d1e90101cbe3b37b475960244ad8f54bd299b58ea5ed4239498d090c8bef,dda46da02e3f59419d02503cb0aa64b0a346cb2848c41bdd9bf56d5475d04160,dda46da02e3f59419d02503cb0aa64b0a346cb2848c41bdd9bf56d5475d04160,1,1,525,0,0,,,
Inflation,PCEPI,4,pre_release,2023-12,2024-01-25,Inflation Bridge Ridge,2.0079217012643369,2.2612406770855902,2.7814481958827786,0.52020751879718841,-0.25331897582125329,-0.7735264946184417,0.064170503511128713,0.59834323787669408,0.53417273436556534,0.25331897582125329,0.7735264946184417,0.52020751879718841,9a266eeee56fe1c97f50071e007c9688b9548475e73a1ca8b42d4ea8fdeb90e7,88dc6cc22c7aad9bdf630b0257a07834d0d7119944ac827aaab5a11b067d4ff6,cf1c0762eea6df5d5b730c22619443d949ad841d09703194018fa1ac75ee1ab0,cf1c0762eea6df5d5b730c22619443d949ad841d09703194018fa1ac75ee1ab0,1,1,521,0,0,,,
Inflation,PCEPI,1,month_open,2024-01,2024-01-01,Inflation Ridge-AR Ensemble,4.1328162960482473,1.7819093066300731,2.1345250120266863,0.35261570539661324,2.3509069894181742,1.998291284021561,5.5267636728952239,3.9931680557965388,-1.5335956170986851,2.3509069894181742,1.998291284021561,-0.35261570539661324,1c9d7a507fb5ecf3beece8ebfe371399356d8179c0ea445c88bafdbb78fed0f5,683926235244048597ae1df4449d1a461ce86d3455077318dee26ba62680a55b,dda46da02e3f59419d02503cb0aa64b0a346cb2848c41bdd9bf56d5475d04160,dda46da02e3f59419d02503cb0aa64b0a346cb2848c41bdd9bf56d5475d04160,1,1,525,0,0,,,
Inflation,PCEPI,2,mid_month,2024-01,2024-01-15,Inflation Bridge Ridge,4.1328162960482473,2.9590474092836345,3.0627425261400827,0.10369511685644817,1.1737688867646128,1.0700737699081646,1.3777333995366383,1.1450578730454717,-0.23267552649116663,1.1737688867646128,1.0700737699081646,-0.10369511685644817,82d6c3d39139ad4d032d65475f1827d5719054f56653a8b93a2e9cff9dc268d7,e8bbcf2de104a060f9bba7049d88c00b2bd483f500833b169e79807a5cb06d62,173415f4a9a2667f29bef2b408aa1a8bff70a1d10c3f46f3e0ed508986bb57f7,173415f4a9a2667f29bef2b408aa1a8bff70a1d10c3f46f3e0ed508986bb57f7,1,1,521,0,0,,,
Inflation,PCEPI,3,month_end,2024-01,2024-01-31,Inflation Bridge Ridge,4.1328162960482473,3.0147876069679098,3.0191927460037382,0.0044051390358283982,1.1180286890803375,1.1136235500445091,1.249988149606698,1.2401574112137352,-0.009830738392962779,1.1180286890803375,1.1136235500445091,-0.0044051390358283982,bd4850b054c3eb496d5f50f993746b4865bae6c15ef731f72f55168c4d365e20,e09d429702ae4d4362b7170d30c19f60c023dfa56646718c8c5ebf174ad3ad01,ef9903f205352336d791c17afdad0df732406980e9307c230507ee61b8fbd0a8,ef9903f205352336d791c17afdad0df732406980e9307c230507ee61b8fbd0a8,1,1,523,0,0,,,
Inflation,PCEPI,4,pre_release,2024-01,2024-02-28,Inflation Bridge Ridge,4.1328162960482473,3.1088011518912086,3.0191927460037382,-0.089608405887470433,1.0240151441570386,1.1136235500445091,1.0486070154629605,1.2401574112137352,0.1915503957507747,1.0240151441570386,1.1136235500445091,0.089608405887470433,4a80c6259c94adcc0c0cb7f634e570a85306241b54e976d50e2d2e2e9957bd2a,75be40f32d485eb293c45e7eb7d1a28c82169596ebf147293b27624c9beaa2a2,d255d720da648e782131939eef57b00bfbe9c579e49aa1310d1664cc63c8ddbd,d255d720da648e782131939eef57b00bfbe9c579e49aa1310d1664cc63c8ddbd,1,1,473,0,0,,,
Inflation,PCEPI,1,month_open,2024-02,2024-02-01,Inflation Ridge-AR Ensemble,3.9898815716419733,2.3037181514816734,2.1732064063314196,-0.13051174515025377,1.6861634201603,1.8166751653105537,2.8431470794866804,3.3003086562561279,0.45716157676944746,1.6861634201603,1.8166751653105537,0.13051174515025377,4acd561b9e983aecffffe0fb830530af2b93463dfc296c45ebca9c5842b184ab,8f1e330ed51dade796484598da6b98d1d99bea2b00286cafc0c9233b60dd1b9a,f8155f400e1a737fefe7241773f6bf215d45121db274090b73c7899d8bcc04ae,f8155f400e1a737fefe7241773f6bf215d45121db274090b73c7899d8bcc04ae,1,1,523,0,0,,,
Inflation,PCEPI,2,mid_month,2024-02,2024-02-15,Inflation Bridge Ridge,3.9898815716419733,3.0228426901651413,2.9576594047258449,-0.065183285439296412,0.96703888147683204,1.0322221669161284,0.93516419828796238,1.0654826018730277,0.1303184035850653,0.96703888147683204,1.0322221669161284,0.065183285439296412,ae89d3ae96b6270f5992f8c6f7491518dcf032586320f2b75a3b0fa9c8312b34,2052c272bfc0fc539daf5b1f3cc50c5796bed592e4ba6cd7e91e27de12bf1b6a,4d75aafcf08e46a4cdb46132f8b7f4a90a596eaa62574e13ca4513684a3cc85e,4d75aafcf08e46a4cdb46132f8b7f4a90a596eaa62574e13ca4513684a3cc85e,1,1,472,0,0,,,
Inflation,PCEPI,3,month_end,2024-02,2024-02-29,Inflation Bridge Ridge,3.9898815716419733,3.6420905116992159,3.473411000471434,-0.16867951122778191,0.34779105994275739,0.51647057117053929,0.12095862137610666,0.26674185088522312,0.14578322950911646,0.34779105994275739,0.51647057117053929,0.16867951122778191,94b0121ab2e59c8cd66e8ebbe56a6b7f55071b97d156e84142e41ce7c1772b2f,31f0a4fc82ebd80d52e858fd4c94e2e1ddb93c26e8c8c05a474def6f77d3b554,ba70b5c1509c031f1ee5fa10c2986986c1448a3b9c32b38cd69afbc22bef7894,ba70b5c1509c031f1ee5fa10c2986986c1448a3b9c32b38cd69afbc22bef7894,1,1,475,0,0,,,
Inflation,PCEPI,4,pre_release,2024-02,2024-03-28,Inflation Bridge Ridge,3.9898815716419733,3.7068046001875357,3.473411000471434,-0.23339359971610163,0.28307697145443766,0.51647057117053929,0.080132571767816518,0.26674185088522312,0.1866092791174066,0.28307697145443766,0.51647057117053929,0.23339359971610163,4f4e7f91a64bd975e81a2454a36631701afe9b359ec97445e1c7ee7fcb03072d,e0c408288102ebd43936c163b80a0c2d111a89acf591db6521ae0d653ba432e3,a10e3a2e9d21276aef55fb3e98b8d931e8a23a0ddf6138704f9a86ca5e6d861e,a10e3a2e9d21276aef55fb3e98b8d931e8a23a0ddf6138704f9a86ca5e6d861e,1,1,481,0,0,,,
Inflation,PCEPI,1,month_open,2024-03,2024-03-01,Inflation Ridge-AR Ensemble,3.86713396031233,3.8409908087246132,3.9655929242109003,0.12460211548628708,0.026143151587716851,-0.098458963898570229,0.00068346437493834215,0.0096941675719799548,0.0090107031970416123,0.026143151587716851,0.098458963898570229,0.072315812310853378,f9ba877379756fdb8fb080f7d9c3d4a9398f93a116a9f04c27f138d329ec8492,2b3976610d1bfd36fd50acf31bfe3d62a3eef2fdfff59900621b99435eb3af2d,bca78d374b379776ac8014aebb1e716985b1a06c9bd18cf51bc3419bc9b4f44a,bca78d374b379776ac8014aebb1e716985b1a06c9bd18cf51bc3419bc9b4f44a,1,1,475,0,0,,,
Inflation,PCEPI,2,mid_month,2024-03,2024-03-15,Inflation Bridge Ridge,3.86713396031233,3.5065426106606035,3.2618739535123025,-0.24466865714830099,0.36059134965172657,0.60526000680002756,0.13002612144365372,0.3663396758315694,0.23631355438791568,0.36059134965172657,0.60526000680002756,0.24466865714830099,579708298d18115ae7a6ec5713142c458e6f1054da00080213fc09c492efe402,e90545c039b859f3034e979802b16fb80c68007e663120facf1b0e9337d5c522,0969944b03a9be7f8e00193c2c171ef97e22329c46f9e0561178fbd07b06b01c,0969944b03a9be7f8e00193c2c171ef97e22329c46f9e0561178fbd07b06b01c,1,1,481,0,0,,,
Inflation,PCEPI,3,month_end,2024-03,2024-03-31,Inflation Bridge Ridge,3.86713396031233,3.4641148750714836,3.2466944970861307,-0.21742037798535296,0.4030190852408464,0.62043946322619936,0.16242438306836862,0.38494512752841437,0.22252074446004574,0.4030190852408464,0.62043946322619936,0.21742037798535296,2c9265b86c22ac75b6b440afc4255aaaf6e9144c87eb36fe2f27cf8020b2bd66,bfe10096ae83a37605a7a8614929d15e0f5f1ae666ffde76b7580a4073cfc85a,5f0ae4a0514501e97c6bc3a1c39110439eacef398d562b12a27f322bfd3b7a1d,5f0ae4a0514501e97c6bc3a1c39110439eacef398d562b12a27f322bfd3b7a1d,1,1,483,0,0,,,
Inflation,PCEPI,4,pre_release,2024-03,2024-04-25,Inflation Bridge Ridge,3.86713396031233,3.5427239703356275,3.2466944970861307,-0.2960294732494968,0.32440998997670256,0.62043946322619936,0.10524184159668426,0.38494512752841437,0.27970328593173011,0.32440998997670256,0.62043946322619936,0.2960294732494968,43a68da20840f683bc7f8e65f81aced8d7d68c35cea1780f398bd53baa023732,f4a21f321d47371953247c38828648a796ee1800d92be86542ec278348fe865e,801eb36d8f952309e2fd49892d8583c14d556db5926646d7c63b618bbbab4505,801eb36d8f952309e2fd49892d8583c14d556db5926646d7c63b618bbbab4505,1,1,490,0,0,,,
Inflation,PCEPI,1,month_open,2024-04,2024-04-01,Inflation Ridge-AR Ensemble,3.0752100527589477,3.1065058843381212,3.1851199568263278,0.07861407248820651,-0.031295831579173594,-0.1099099040673801,0.00097942907423199921,0.012080187012100698,0.011100757937868699,0.031295831579173594,0.1099099040673801,0.07861407248820651,0765f629012b7882da9b07236737a448cea652d24c7d60f9c5500570f2be42f0,b0f02ff3b2fc0b4562d043d6cd1b237b7e300750e39a1320956be52600765396,6958e02f2f8ad707f31544c5e80d0608ec30dec889e238c0484f9b0095bf3676,6958e02f2f8ad707f31544c5e80d0608ec30dec889e238c0484f9b0095bf3676,1,1,483,0,0,,,
Inflation,PCEPI,2,mid_month,2024-04,2024-04-15,Inflation Bridge Ridge,3.0752100527589477,2.9698065503391433,3.2682354051402696,0.29842885480112624,0.10540350241980434,-0.1930253523813219,0.0111098983223617,0.037258786661933496,0.026148888339571796,0.10540350241980434,0.1930253523813219,0.087621849961517562,4d2fb4af32164d7f9a5e2ce4cb4b96b3bb1b170fb3146c81bc70cc545eb356a4,4e3e8691fee80a0a27bd357fbb82bffc522422411f2259fe705dec6420f32039,8023416b4779bfa6cee81b548b929553f1a0889d1a5f5a4ed7ce449105ba9ff5,8023416b4779bfa6cee81b548b929553f1a0889d1a5f5a4ed7ce449105ba9ff5,1,1,490,0,0,,,
Inflation,PCEPI,3,month_end,2024-04,2024-04-30,Inflation Bridge Ridge,3.0752100527589477,3.0159550536735309,3.3099705865057309,0.29401553283220005,0.05925499908541676,-0.2347605337467833,0.0035111549166127408,0.05511250820507458,0.05160135328846184,0.05925499908541676,0.2347605337467833,0.17550553466136654,2bc305f36c3ba0e98f4ecc69dc238a3f07b3bf0a383760a4532ed7ac5ba82ab7,51f844037bbe282e95e0e95d99c53100f208af4363c3888def69080c698bd20e,f0b5ebc55e34fe7584f5c836f2345f957af7a687a208a9cf66758cd181e547a5,f0b5ebc55e34fe7584f5c836f2345f957af7a687a208a9cf66758cd181e547a5,1,1,492,0,0,,,
Inflation,PCEPI,4,pre_release,2024-04,2024-05-30,Inflation Bridge Ridge,3.0752100527589477,2.8731601315984152,3.3099705865057309,0.43681045490731574,0.20204992116053244,-0.2347605337467833,0.040824170640977375,0.05511250820507458,0.014288337564097205,0.20204992116053244,0.2347605337467833,0.032710612586250853,1daadabbd579d87990dc805c584632fa97f3e043b7a911b9c4a17d40fdd3d09b,fdd654e67e44289ba3be442b1f79497804e03de7fbb5fef45cdab0a6f25df1d1,cc30edb22622813488372346f9b0c458372f20cc6bcefb1db57e759c95e8bb9b,cc30edb22622813488372346f9b0c458372f20cc6bcefb1db57e759c95e8bb9b,1,1,498,0,0,,,
Inflation,PCEPI,1,month_open,2024-05,2024-05-01,Inflation Ridge-AR Ensemble,-0.097480930346449668,2.9080236277009917,3.0225425900670029,0.11451896236601122,-3.0055045580474413,-3.1200235204134525,9.0330576484439451,9.7345467679331534,0.70148911948920833,3.0055045580474413,3.1200235204134525,0.11451896236601122,01c59925fab16ba62b08a4763c2108a3b840145569e7ae080f15c6b5d2a754f9,bbfc006de201d60058c0bee992c760e46682215e3aebe209c45ae136cc9d40a5,22866f08ae0d3c94d3b2104f58192ac77f55e14849759a918732aa9ef577b39f,22866f08ae0d3c94d3b2104f58192ac77f55e14849759a918732aa9ef577b39f,1,1,492,0,0,,,
Inflation,PCEPI,2,mid_month,2024-05,2024-05-15,Inflation Bridge Ridge,-0.097480930346449668,2.3637925602557415,2.8226089580747034,0.45881639781896189,-2.4612734906021911,-2.920089888421153,6.0578671955410943,8.526924956459462,2.4690577609183677,2.4612734906021911,2.920089888421153,0.45881639781896189,f8524ab49b321d39909136fdc89da4dd16e9e21c7dc4142a838e625a326a841a,c9f9794d45b1bcd984e08ce51d532627b864f29db2b4a64b833745710c4363bc,487f0399bda369af6e20d11015903df3b34aef424a9ad791db7f003428fae93a,487f0399bda369af6e20d11015903df3b34aef424a9ad791db7f003428fae93a,1,1,498,0,0,,,
Inflation,PCEPI,3,month_end,2024-05,2024-05-31,Inflation Bridge Ridge,-0.097480930346449668,2.3263448862219218,2.7920137672602587,0.46566888103833692,-2.4238258165683715,-2.8894946976067084,5.8749315890633325,8.3491796074972839,2.4742480184339515,2.4238258165683715,2.8894946976067084,0.46566888103833692,c7e6964b907aa355aff058ac24e3731618d442b832672a50e47f940da5d99bae,c4f9e61429e2243f6d3f7bf97264999f8509e49290de31d2dffc96cfde5acd71,02ec1cf62042bc5d9837e2da71f44339abe1d518b4f00319e5b6bfe63b5f6a80,02ec1cf62042bc5d9837e2da71f44339abe1d518b4f00319e5b6bfe63b5f6a80,1,1,500,0,0,,,
Inflation,PCEPI,4,pre_release,2024-05,2024-06-27,Inflation Bridge Ridge,-0.097480930346449668,2.4276512811163395,2.7920137672602587,0.3643624861439192,-2.5251322114627892,-2.8894946976067084,6.3762926853669564,8.3491796074972839,1.9728869221303276,2.5251322114627892,2.8894946976067084,0.3643624861439192,f7738a0ded3772665e08dc685517f855a7c555aea2f28e9d1b33db4abac55a2c,245022d623207eb237ccbcb05fadd6eff010d7e643d4dd804c2e7410862f60be,2aa3adde81ba349d5306c0f7ae491c9aa923ad8129b8de2ea960c486e57809c8,2aa3adde81ba349d5306c0f7ae491c9aa923ad8129b8de2ea960c486e57809c8,1,1,507,0,0,,,
Inflation,PCEPI,1,month_open,2024-06,2024-06-01,Inflation Ridge-AR Ensemble,0.94484742430545055,2.6439924879272207,2.6909233929346263,0.046930905007405599,-1.6991450636217702,-1.7460759686291758,2.8870939472302295,3.0487812882243146,0.1616873409940851,1.6991450636217702,1.7460759686291758,0.046930905007405599,8df009ea9d2a3f9378f43651fc146c649cbd57f03acc45894e67af75e79ca32e,5b6d2edfabc174f96eb09fc86ba553be7a620792b764819936f26d53c7ce0eb6,02ec1cf62042bc5d9837e2da71f44339abe1d518b4f00319e5b6bfe63b5f6a80,02ec1cf62042bc5d9837e2da71f44339abe1d518b4f00319e5b6bfe63b5f6a80,1,1,500,0,0,,,
Inflation,PCEPI,2,mid_month,2024-06,2024-06-15,Inflation Bridge Ridge,0.94484742430545055,2.3053679762368167,2.5586618418729383,0.25329386563612166,-1.3605205519313661,-1.6138144175674878,1.851016172227629,2.6043969743486897,0.75338080212106062,1.3605205519313661,1.6138144175674878,0.25329386563612166,8f3e0cacb6f5af3c402bd46a804aa094a4b9e3ff43005992f708204b5d9b79d0,7e19138499c2343fd4f0a6eee5784632ab120f3e1edf30b736b1cd6a8e1bdb26,69e0678023e0b1364822fff222c60536ddf3ffca46300059deff81c320aca51b,69e0678023e0b1364822fff222c60536ddf3ffca46300059deff81c320aca51b,1,1,507,0,0,,,
Inflation,PCEPI,3,month_end,2024-06,2024-06-30,Inflation Bridge Ridge,0.94484742430545055,2.095041496431044,2.3946777589138084,0.29963626248276443,-1.1501940721255934,-1.4498303346083579,1.3229464035528549,2.1020079991505831,0.77906159559772825,1.1501940721255934,1.4498303346083579,0.29963626248276443,f61e25d323addbc947aef69d4a6645eee37fe34e04218f81f074d92d6f25fdbc,12e808b9f43e22f2914882c44f118b1b2e962cea82cd48285f7343de366a1703,d5f7ccf4f6a9dd438f7993bfcf1fd4d074372a317e6a71caa8b10a288af3126a,d5f7ccf4f6a9dd438f7993bfcf1fd4d074372a317e6a71caa8b10a288af3126a,1,1,509,0,0,,,
Inflation,PCEPI,4,pre_release,2024-06,2024-07-25,Inflation Bridge Ridge,0.94484742430545055,2.1618930017934876,2.3830998076993142,0.22120680590582653,-1.2170455774880371,-1.4382523833938636,1.4811999376831897,2.0685699183381292,0.58736998065493951,1.2170455774880371,1.4382523833938636,0.22120680590582653,6818b9c66ea138eb09f60ccff4d558b4bbe0f789914b5eafbc5ed0068e10f2a6,5671a67d27413ad87349ac7a38037d509abfd5b578086d0f98824882b32e6899,870d691d651a6a07e15389ae22fb5e366beb302b1814d3f50003d71a79f6961e,870d691d651a6a07e15389ae22fb5e366beb302b1814d3f50003d71a79f6961e,1,1,515,0,0,,,
Inflation,PCEPI,1,month_open,2024-07,2024-07-01,Inflation Ridge-AR Ensemble,1.8591450193301995,1.1501665428206471,1.4938027235990674,0.34363618077842029,0.70897847650955237,0.36534229573113208,0.50265048015380587,0.13347499305009397,-0.3691754871037119,0.70897847650955237,0.36534229573113208,-0.34363618077842029,51458cda1e8975e0ed110d3f82c5cf2cf16a0d63c40603694e9ed66d3bc9304b,ee0baf1e2b8877d97f207b935e72ad7b07a38e7d766c8c42e6cc1f9a92e63db8,b92426799ddb60fdda5f588cad83e9fbfd61dc01978d13067f50cc5091870e01,b92426799ddb60fdda5f588cad83e9fbfd61dc01978d13067f50cc5091870e01,1,1,509,0,0,,,
Inflation,PCEPI,2,mid_month,2024-07,2024-07-15,Inflation Bridge Ridge,1.8591450193301995,1.9529959683000189,2.3382440478483963,0.38524807954837748,-0.093850948969819381,-0.47909902851819686,0.0088080006225356409,0.22953587912708001,0.22072787850454437,0.093850948969819381,0.47909902851819686,0.38524807954837748,8b37166569a0120b18ae657209b4910e4e7ef479ae0a46c72bee134c5d001a17,1924f87e9a3b6967657cc9840fa655b014972feab6fd3444f60f74b4c506a4f9,e432c195bf644029ae86fee9299cc8911c50933b0006df40a459a9f4947b9419,e432c195bf644029ae86fee9299cc8911c50933b0006df40a459a9f4947b9419,1,1,515,0,0,,,
Inflation,PCEPI,3,month_end,2024-07,2024-07-31,Inflation Bridge Ridge,1.8591450193301995,1.861066474463003,2.3449140593760593,0.48384758491305635,-0.0019214551328035068,-0.48576904004585986,3.691989827376942e-06,0.23597156026707619,0.2359678682772488,0.0019214551328035068,0.48576904004585986,0.48384758491305635,4444c837b9e1bb7e2369c4e3f7525b22b8b23c68632f7995ae7f6e154980a9b5,aeb77c956d730a42d16039ee0da41b9d319fba2a4eeece6f9de8a8f96b8c7326,f3f9fa2d127fa5c51a87d213116c58628d896225e8645e75652581eab69ed554,f3f9fa2d127fa5c51a87d213116c58628d896225e8645e75652581eab69ed554,1,1,517,0,0,,,
Inflation,PCEPI,4,pre_release,2024-07,2024-08-29,Inflation Bridge Ridge,1.8591450193301995,1.8816747884267095,2.3449140593760593,0.4632392709493498,-0.022529769096510055,-0.48576904004585986,0.00050759049554205946,0.23597156026707619,0.23546396977153414,0.022529769096510055,0.48576904004585986,0.4632392709493498,6f10ec17ab2445f64ecfd3fb89c58bc203bc3e319b2f02cc6b0232fde7ec6115,1d55c01daf15301ee919eb9aaba747d2667dad212338d9c147de69e9d1088d01,aada4c5d8543dfad7be0fc4b75e84839f0a83eb299465a2ce0719507014e75ae,aada4c5d8543dfad7be0fc4b75e84839f0a83eb299465a2ce0719507014e75ae,1,1,524,0,0,,,
Inflation,PCEPI,1,month_open,2024-08,2024-08-01,Inflation Ridge-AR Ensemble,1.0872555632399639,1.8318224962183947,2.3401907006590692,0.50836820444067454,-0.7445669329784308,-1.2529351374191053,0.55437991768490702,1.5698464585794323,1.0154665408945251,0.7445669329784308,1.2529351374191053,0.50836820444067454,a112ff08058f0ed6b24978daadcc77bb5ae2d8ab5ba3c1e31f65365a8134444f,fb5b9bb0399e3a945cdd2db98805dc1fc9000a6245062b96890878a427b8e9d5,9c1bf98539c6f20bf31234ddc3bf2652fcf26139fa25e03d866326d6e8490610,9c1bf98539c6f20bf31234ddc3bf2652fcf26139fa25e03d866326d6e8490610,1,1,517,0,0,,,
Inflation,PCEPI,2,mid_month,2024-08,2024-08-15,Inflation Bridge Ridge,1.0872555632399639,2.1413830784621752,2.2877991093266239,0.14641603086444865,-1.0541275152222114,-1.20054354608666,1.1111848183485535,1.4413048060503324,0.33011998770177886,1.0541275152222114,1.20054354608666,0.14641603086444865,fa9e12b484b7d8bc14896092f0ddc4148dd4794cc6e70e6c1c1a4703b49a12ec,72ebd3c6b7a5afea4a5b57f2ed76c8bf90074f4e3a074fade21ff9a681728efd,1bd295dd87deabe94bf3ec1f8757b8804743ba9f6e9613df04afb1103d340af3,1bd295dd87deabe94bf3ec1f8757b8804743ba9f6e9613df04afb1103d340af3,1,1,524,0,0,,,
Inflation,PCEPI,3,month_end,2024-08,2024-08-31,Inflation Bridge Ridge,1.0872555632399639,2.1951627397699576,2.2770774315554183,0.081914691785460736,-1.1079071765299937,-1.1898218683154544,1.2274583118066626,1.4156760783216786,0.18821776651501598,1.1079071765299937,1.1898218683154544,0.081914691785460736,975f0f7bce29d3578fe95867292a231210d9665e24b282f3c98cd445a4013738,61e92124c509a7d3b1e5c779dc0a85f39a611ef9b76da21c00a0e9c8c2ed2be5,005c4acd57e5fe62cc47c2e381915bf50f1a159e4530d3600f63bad69ac3f145,005c4acd57e5fe62cc47c2e381915bf50f1a159e4530d3600f63bad69ac3f145,1,1,526,0,0,,,
Inflation,PCEPI,4,pre_release,2024-08,2024-09-26,Inflation Bridge Ridge,1.0872555632399639,2.1430367182339385,2.2770774315554183,0.13404071332147982,-1.0557811549939746,-1.1898218683154544,1.114673847240411,1.4156760783216786,0.30100223108126767,1.0557811549939746,1.1898218683154544,0.13404071332147982,612501246cdbbb670b24503a02b42f6a19c3c7be782b1193010f1bb84ec6afa4,0170bb3481e6838421dd9e763e16a997c049acb2ac701fdd6c7ad488b34910b5,e54772bb15548463bb2481991914fa79bc98a3863df5ba68ec9f5f91501edabe,e54772bb15548463bb2481991914fa79bc98a3863df5ba68ec9f5f91501edabe,1,1,532,0,0,,,
Inflation,PCEPI,1,month_open,2024-09,2024-09-01,Inflation Ridge-AR Ensemble,2.1030278800367341,1.0991369357129259,1.0875021991482128,-0.011634736564713144,1.0038909443238082,1.0155256808885214,1.0077970280953474,1.0312924085440949,0.023495380448747438,1.0038909443238082,1.0155256808885214,0.011634736564713144,a4f2ce8b6294e6f997b4fa92a73e47d06c9f8dd431c4c1d7c0d58e46b718aec4,1c8dc73a1ac2c45a1c1235be255272e127569df4c936a9bed71fc0c8ea95bcf4,005c4acd57e5fe62cc47c2e381915bf50f1a159e4530d3600f63bad69ac3f145,005c4acd57e5fe62cc47c2e381915bf50f1a159e4530d3600f63bad69ac3f145,1,1,526,0,0,,,
Inflation,PCEPI,2,mid_month,2024-09,2024-09-15,Inflation Bridge Ridge,2.1030278800367341,0.88919215689310405,0.89299860017373534,0.0038064432806312887,1.2138357231436301,1.2100292798629988,1.4733971627796194,1.4641708581257675,-0.00922630465385188,1.2138357231436301,1.2100292798629988,-0.0038064432806312887,9eaddcf55f5ea463c414d7a32478e44de862df2cbe57a61fa8fe6c57c33a23af,b27ba7ce1c5faa2f5e68c97cebf236b017c0f0ca0baccb63402f7be15c529fcd,d0fb760c7bc6be95848e25754e96f5d1a14e46d04886c9699bc40dc3d690d3b8,d0fb760c7bc6be95848e25754e96f5d1a14e46d04886c9699bc40dc3d690d3b8,1,1,532,0,0,,,
Inflation,PCEPI,3,month_end,2024-09,2024-09-30,Inflation Bridge Ridge,2.1030278800367341,0.85293564158874302,0.8578988681831623,0.0049632265944192788,1.2500922384479911,1.2451290118535718,1.562730604627909,1.5503462561594523,-0.012384348468456707,1.2500922384479911,1.2451290118535718,-0.0049632265944192788,b6bee9ad676dc47da00976fdab4f72e2dff4dfe25f601d84c903e65ea49d6619,20c60bdaa70087dee4435b3d2cbee2032bffdd92ee1a63b6bc6d131e238d76e4,c34ad2e10a661517cd54c2045512aed3567894cb5c80c082be93851263d2fe33,c34ad2e10a661517cd54c2045512aed3567894cb5c80c082be93851263d2fe33,1,1,509,0,0,,,
Inflation,PCEPI,4,pre_release,2024-09,2024-10-30,Inflation Bridge Ridge,2.1030278800367341,0.97219191532237703,0.8578988681831623,-0.11429304713921473,1.1308359647143571,1.2451290118535718,1.2787899790914508,1.5503462561594523,0.27155627706800156,1.1308359647143571,1.2451290118535718,0.11429304713921473,3ff0a5780a5a9483314e40a28f3400533417752a371907c1525cf16982b56a47,9e9fc75627c4d753ba61c65720323d74ff3e38691508758622b6e3a0b11f6239,07e2955a75fac6651df81f6d8b0e7138e6d0779548dc7d507bb2df03c4e62729,07e2955a75fac6651df81f6d8b0e7138e6d0779548dc7d507bb2df03c4e62729,1,1,515,0,0,,,
Inflation,PCEPI,1,month_open,2024-10,2024-10-01,Inflation Ridge-AR Ensemble,2.853033899934232,2.0670729468585654,2.0851786958238137,0.018105748965248303,0.7859609530756666,0.7678552041104183,0.61773461975961019,0.58960161447945214,-0.028133005280158052,0.7859609530756666,0.7678552041104183,-0.018105748965248303,0bde9a780e20438090ae0e0b5c7664c57538f6fb2853ee43e735662b6f0ae5ed,a6b8affcc565ad6e6b67c02a4be7bd4685d5b5039c25b15b80b6af5f712d5241,7aa51a783baf81d08c8437d0a1b438d02286434938446baba07c8f546669d083,7aa51a783baf81d08c8437d0a1b438d02286434938446baba07c8f546669d083,1,1,509,0,0,,,
Inflation,PCEPI,2,mid_month,2024-10,2024-10-15,Inflation Bridge Ridge,2.853033899934232,1.7337699652236815,1.9580596065295652,0.22428964130588369,1.1192639347105504,0.89497429340466672,1.2527517555437433,0.80097898585518246,-0.45177276968856084,1.1192639347105504,0.89497429340466672,-0.22428964130588369,281ef6d0ed34ad60e3a6479629efbf14508596ff807cbfede4c02a667a6a9c09,42d07c719f99a642bd051cef38204d3226a3add5166ffdfa8aed555ef401ce8a,ab66837a80ca8e0486d92fa1cc33fc53b940d1a391b9ac67b51f67bb23b27a8f,ab66837a80ca8e0486d92fa1cc33fc53b940d1a391b9ac67b51f67bb23b27a8f,1,1,515,0,0,,,
Inflation,PCEPI,3,month_end,2024-10,2024-10-31,Inflation Bridge Ridge,2.853033899934232,1.75144625366997,2.0386114450432542,0.28716519137328422,1.101587646264262,0.81442245489097775,1.2134953424020367,0.66328393503064664,-0.55021140737139007,1.101587646264262,0.81442245489097775,-0.28716519137328422,315aa6a0e3c63760a0afafac1887fe823da9d7b61d94e35e52efe814a60bb91c,c451172297cc9bd3aabc3bc1a8092ee4e84b07c4caadb85b926379c540196d29,4810be9b728094b2d5b921276cabb496b52ef9e1fbf2df1565fddb6f65739d06,4810be9b728094b2d5b921276cabb496b52ef9e1fbf2df1565fddb6f65739d06,1,1,517,0,0,,,
Inflation,PCEPI,4,pre_release,2024-10,2024-11-26,Inflation Bridge Ridge,2.853033899934232,1.679643055743907,2.0386114450432542,0.35896838929934716,1.1733908441903249,0.81442245489097775,1.3768460732296834,0.66328393503064664,-0.7135621381990368,1.1733908441903249,0.81442245489097775,-0.35896838929934716,45d862156b94a6a7f03b2ec671d97b083759df6b695448b894d0663e46c6d49e,dd4c8985ff7fe82d25d5cb9a5453ba0fede23dca7fd0e4a7fb69c8fc8a9389d2,a8647ff494bcf746d38b09e8660ec487bf261277953b57b29f09e0c9c4daff22,a8647ff494bcf746d38b09e8660ec487bf261277953b57b29f09e0c9c4daff22,1,1,521,0,0,,,
Inflation,PCEPI,1,month_open,2024-11,2024-11-01,Inflation Ridge-AR Ensemble,1.5349653145793951,2.3772494030542202,2.7676354639506795,0.39038606089645933,-0.84228408847482505,-1.2326701493712844,0.70944248569786694,1.5194756971510246,0.81003321145315765,0.84228408847482505,1.2326701493712844,0.39038606089645933,8fbc267d6510a2526ff236f920e15de7594349e15a1107540271af3c6f63de6b,b94d4f77594a9bebcf48f25c7ba5828800280806ac4541e4e0d3177bf2d90e65,98ed9c2bb39e34e4238e739bea756204ffe66f8cb346bd135a22ebc90fce3506,98ed9c2bb39e34e4238e739bea756204ffe66f8cb346bd135a22ebc90fce3506,1,1,516,0,0,,,
Inflation,PCEPI,2,mid_month,2024-11,2024-11-15,Inflation Bridge Ridge,1.5349653145793951,2.9612499300405952,3.4045110030336501,0.44326107299305484,-1.4262846154612001,-1.869545688454255,2.0342878043013033,3.495201081217894,1.4609132769165907,1.4262846154612001,1.869545688454255,0.44326107299305484,36fd9369adf963255b6d0dc6bfedf8df0cd8f430d322cb6c028fc59762580e69,7a44e34bf7df2c379f131ffbaf28a394002cd997081139a06f26201ac552b56e,af9732e6221dd27cdd16f7b40fdbe337e104e7ab563eec9ee15668db32c30f65,af9732e6221dd27cdd16f7b40fdbe337e104e7ab563eec9ee15668db32c30f65,1,1,521,1,0,,,
Inflation,PCEPI,3,month_end,2024-11,2024-11-30,Inflation Bridge Ridge,1.5349653145793951,3.061414227230292,3.508124127597041,0.44670990036674896,-1.5264489126508969,-1.9731588130176458,2.3300462829331052,3.8933557013892051,1.5633094184560998,1.5264489126508969,1.9731588130176458,0.44670990036674896,f67b4451a859fc166da895fd1d8dccc8037ac41a1e16090faf7e836d82e4ef22,28523e395764f1520aeacae35e41287459073f04551279e9d078a2cf92790510,21a8964ae1b8c63c3402e5b15e757d8d240bc109731c362c9ce8529a3df89edf,21a8964ae1b8c63c3402e5b15e757d8d240bc109731c362c9ce8529a3df89edf,1,1,523,0,0,,,
Inflation,PCEPI,4,pre_release,2024-11,2024-12-19,Inflation Bridge Ridge,1.5349653145793951,3.3409161528174893,3.508124127597041,0.16720797477955163,-1.8059508382380942,-1.9731588130176458,3.2614584301328753,3.8933557013892051,0.63189727125632977,1.8059508382380942,1.9731588130176458,0.16720797477955163,5366330acbda0d3c13de32d32063810fb729fef576f4ee00324557eb5cb4f532,b150a4cc9bc6b1278b900be79c4137d81f59097c3f38e2d4e0d8b5298c95425e,15bd78b7b26429a06ea8ad7a566333cbf9ad3a23062e0a5649d835fc094d0490,15bd78b7b26429a06ea8ad7a566333cbf9ad3a23062e0a5649d835fc094d0490,1,1,529,0,0,,,
Inflation,PCEPI,1,month_open,2024-12,2024-12-01,Inflation Ridge-AR Ensemble,3.063929851709446,2.7038688015822281,3.0369727264383837,0.33310392485615559,0.3600610501272179,0.02695712527106231,0.12964395981871493,0.00072668660287974617,-0.12891727321583518,0.3600610501272179,0.02695712527106231,-0.33310392485615559,6f071f53641ab5669bd9c3e9ac58244f7ce194bf4d227b5a47d3306dd9d31e8c,c3bf1f8314c5ce5fbfed36589a0c002b0caefdd365c965fd09529701a14c0199,21a8964ae1b8c63c3402e5b15e757d8d240bc109731c362c9ce8529a3df89edf,21a8964ae1b8c63c3402e5b15e757d8d240bc109731c362c9ce8529a3df89edf,1,1,523,0,0,,,
Inflation,PCEPI,2,mid_month,2024-12,2024-12-15,Inflation Bridge Ridge,3.063929851709446,2.1915645193095123,2.348346523829099,0.15678200451958668,0.87236533239993364,0.71558332788034695,0.76102127317324675,0.51205949914031212,-0.24896177403293462,0.87236533239993364,0.71558332788034695,-0.15678200451958668,4925dfcc401cd3311c63ac760762c3439a1d77b3c135b122d2eaf7506fc49e9f,55969b82a6f50148cfd9caa85b855ee1405d0245f59fb184d5fd7a4313bd7f7d,1a1f2a7328063a05165b9bc4fbf5cfb124c164379797ac28a15bc5322184219f,1a1f2a7328063a05165b9bc4fbf5cfb124c164379797ac28a15bc5322184219f,1,1,529,0,0,,,
Inflation,PCEPI,3,month_end,2024-12,2024-12-31,Inflation Bridge Ridge,3.063929851709446,2.0205431137594685,2.132988211630428,0.11244509787095947,1.0433867379499775,0.93094164007901803,1.0886558849298951,0.86665233723301194,-0.22200354769688313,1.0433867379499775,0.93094164007901803,-0.11244509787095947,8574a194618655b44eb397389c5b4a7bce7898daa54e9edad0c97cb2628ee6d0,d142f816c2214d8126c71b0e0414587e0675642d451a87c4b6075821c4e5bb0d,6c19036198f76f36028c22386bb2cd0746f7a647580a2ba53e36a48eda3910d5,6c19036198f76f36028c22386bb2cd0746f7a647580a2ba53e36a48eda3910d5,1,1,531,0,0,,,
Inflation,PCEPI,4,pre_release,2024-12,2025-01-30,Inflation Bridge Ridge,3.063929851709446,1.9273028297916242,2.132988211630428,0.2056853818388038,1.1366270219178218,0.93094164007901803,1.2919209869537767,0.86665233723301194,-0.42526864972076472,1.1366270219178218,0.93094164007901803,-0.2056853818388038,c766b855d0a50b79bbedcd8f0ee9924231cbd4cf8f28037b1b73905895da46ed,70b37294d8a888c5316e41fe1f206d0982c7c51070018b6a7532a1826bca2e6a,9ba4d679d02d2dabcdbda769af7d55ab52272487e02a9530b9ad4961d3fe4d8b,9ba4d679d02d2dabcdbda769af7d55ab52272487e02a9530b9ad4961d3fe4d8b,1,1,527,0,0,,,
Inflation,PCEPI,1,month_open,2025-01,2025-01-01,Inflation Ridge-AR Ensemble,3.8984766867979914,2.1529691362527448,1.9581284027890455,-0.19484073346369923,1.7455075505452466,1.9403482840089459,3.0467966090104666,3.7649514632564607,0.71815485424599412,1.7455075505452466,1.9403482840089459,0.19484073346369923,389b699d6ba53b4ddc2823f5497c49f5c4f63a4d2e4a79feaff2786ceb71e114,076dffd540d2a7e95036750cce946f2f0123ed47f15b4233d8cbda5fee2c2b85,6c19036198f76f36028c22386bb2cd0746f7a647580a2ba53e36a48eda3910d5,6c19036198f76f36028c22386bb2cd0746f7a647580a2ba53e36a48eda3910d5,1,1,531,0,0,,,
Inflation,PCEPI,2,mid_month,2025-01,2025-01-15,Inflation Bridge Ridge,3.8984766867979914,2.5192396467671525,2.3729702000057875,-0.146269446761365,1.3792370400308389,1.5255064867922039,1.9022948125930299,2.3271700412450924,0.42487522865206251,1.3792370400308389,1.5255064867922039,0.146269446761365,3ff4b4a58df1a34813b2d029a9dc117317582329e8dc28eb4cfba8db95609656,3a01a162b3029946183ae40ab949ebf4d2aff590734342274446927290179847,0123268b840400435ebeafb494634990201778d6d57437d5ade181ceba6158d2,0123268b840400435ebeafb494634990201778d6d57437d5ade181ceba6158d2,1,1,527,0,0,,,
Inflation,PCEPI,3,month_end,2025-01,2025-01-31,Inflation Bridge Ridge,3.8984766867979914,2.6451558608176375,2.49099191203155,-0.15416394878608752,1.2533208259803539,1.4074847747664414,1.5708130928360764,1.9810133911993404,0.41020029836326399,1.2533208259803539,1.4074847747664414,0.15416394878608752,cf745204f8c9d26b75d81c1780ea4f01273605a5ead0b81dc2e61019860aaf1f,a7781843b05ab9e84d49cc778a3d2410cc70653ca0b5fd8dc1d2c703ca0cbb4e,3136dc622572980771f9414d979cc4f8ea0460c8c1a301642e6ae7b2460b10d9,3136dc622572980771f9414d979cc4f8ea0460c8c1a301642e6ae7b2460b10d9,1,1,529,0,0,,,
Inflation,PCEPI,4,pre_release,2025-01,2025-02-27,Inflation Bridge Ridge,3.8984766867979914,2.4657248096195654,2.49099191203155,0.025267102411984599,1.432751877178426,1.4074847747664414,2.0527779415583036,1.9810133911993404,-0.071764550358963231,1.432751877178426,1.4074847747664414,-0.025267102411984599,51e104e77429f239e0a593cd375aac2d25733e53e8f5f909e4db0927b82a2a20,deb78e600b41f285813ac26bf473c4684b417546257dc68cfbea3d5a334437a1,2c62e5d1ae1dba4c5c17815e4fb81279b51ddee9b454b805c7ccf2502be3beb9,2c62e5d1ae1dba4c5c17815e4fb81279b51ddee9b454b805c7ccf2502be3beb9,1,1,432,0,0,,,
Inflation,PCEPI,1,month_open,2025-02,2025-02-01,Inflation Ridge-AR Ensemble,3.9331903834629145,2.8515741577376508,3.1453840674463747,0.29380990970872389,1.0816162257252637,0.78780631601653983,1.1698936597521647,0.62063879155555224,-0.54925486819661251,1.0816162257252637,0.78780631601653983,-0.29380990970872389,520eafa0eb29b1e17eb789a2a666532291471ee0160e11583aac20c80f2780e3,51615adde35a4134f0ffffce2c35e466c524a0595e0218ae01a1548543ac4689,3136dc622572980771f9414d979cc4f8ea0460c8c1a301642e6ae7b2460b10d9,3136dc622572980771f9414d979cc4f8ea0460c8c1a301642e6ae7b2460b10d9,1,1,529,0,0,,,
Inflation,PCEPI,2,mid_month,2025-02,2025-02-15,Inflation Bridge Ridge,3.9331903834629145,3.701796807378487,3.6721418321267327,-0.029654975251754312,0.23139357608442745,0.26104855133618177,0.053542987053139715,0.068146346154719123,0.014603359101579408,0.23139357608442745,0.26104855133618177,0.029654975251754312,77935a6b7e8590ae56b673746dd11c03e8013a8116de06bcf9e7a2e79722dbab,cf98f3ea5393b03102b0e1f459af38ccc72f754dde02c3c796f798ef6acdcb34,0af501e453b6148e92735d2b1116ab48bec0d3823163ae79446446cdebfbd4e3,0af501e453b6148e92735d2b1116ab48bec0d3823163ae79446446cdebfbd4e3,1,1,432,0,0,,,
Inflation,PCEPI,3,month_end,2025-02,2025-02-28,Inflation Bridge Ridge,3.9331903834629145,3.7439837508072946,3.800266613321222,0.056282862513927334,0.18920663265561988,0.13292377014169254,0.035799149840878682,0.017668728668681515,-0.018130421172197167,0.18920663265561988,0.13292377014169254,-0.056282862513927334,e26de1349bb35395a2d76fd9e3b5ca4fc45149090d088cbf20a5d243b236d6a0,f96f0fce12d5ad2511e2a348c0a8429f8a5ba2fc378016def3ca3fe376cadea5,a5a24abc0c4b7469e961d35d72213ab3598c715f33fc0b9aeaefc0e881a10bfc,a5a24abc0c4b7469e961d35d72213ab3598c715f33fc0b9aeaefc0e881a10bfc,1,1,434,0,0,,,
Inflation,PCEPI,4,pre_release,2025-02,2025-03-27,Inflation Bridge Ridge,3.9331903834629145,3.7144221511137063,3.800266613321222,0.085844462207515626,0.21876823234920817,0.13292377014169254,0.047859539485197132,0.017668728668681515,-0.030190810816515617,0.21876823234920817,0.13292377014169254,-0.085844462207515626,2675cc36802548a8bf92f8939c4c947ad22507bbf04e34cf68b91118995c7a44,7e0da458d6b34f8fe733b98ce0ea33ead75991b8322685ed040a66087ca0facd,409a2bc6ccb25a1b756d946a43782a0e8c163fa9168266bf78c144d997eb8e37,409a2bc6ccb25a1b756d946a43782a0e8c163fa9168266bf78c144d997eb8e37,1,1,440,0,0,,,
Inflation,PCEPI,1,month_open,2025-03,2025-03-01,Inflation Ridge-AR Ensemble,-0.53435115386761822,3.1593031092443611,3.4658940576726547,0.3065909484282936,-3.6936542631119793,-4.0002452115402729,13.643081815405299,16.001961752450882,2.3588799370455824,3.6936542631119793,4.0002452115402729,0.3065909484282936,99002d090aac3c99b6a5e65528af95de7db34a797d8721a66bf57268fba73838,c5ed045c64307bc1e056f7c2a4f2974d29bdbf92b36c68d44e4a9181760894e2,a5a24abc0c4b7469e961d35d72213ab3598c715f33fc0b9aeaefc0e881a10bfc,a5a24abc0c4b7469e961d35d72213ab3598c715f33fc0b9aeaefc0e881a10bfc,1,1,434,0,0,,,
Inflation,PCEPI,2,mid_month,2025-03,2025-03-15,Inflation Bridge Ridge,-0.53435115386761822,2.6573239003655753,2.9903391385304179,0.33301523816484258,-3.1916750542331935,-3.5246902923980361,10.186789651814459,12.423441657324954,2.2366520055104946,3.1916750542331935,3.5246902923980361,0.33301523816484258,a4596cd791cf25c2e3be094fbed422c8ea71bba5088165fa51c3f55bc98a05b1,f4ad3b49597a1156959834330eab230670708d5d9d1332637bae2a5bd285b5ad,dad453434f763a790c4e3c8db62908e7ebcd1f002395da6e18278e684bb912ad,dad453434f763a790c4e3c8db62908e7ebcd1f002395da6e18278e684bb912ad,1,1,440,0,0,,,
Inflation,PCEPI,3,month_end,2025-03,2025-03-31,Inflation Bridge Ridge,-0.53435115386761822,2.6548639087741668,3.040509340568593,0.38564543179442623,-3.189215062641785,-3.5748604944362112,10.171092715781244,12.779627554680713,2.6085348388994696,3.189215062641785,3.5748604944362112,0.38564543179442623,ff1e125c2651ba28a35d3b52ac457f2ffe9b5f311a64fbf6ae36791a2bbc4c93,01059745492aee3718e703c901a9c1c2f713fe090897d45cd209d464c8b0abdc,7b5e7106b35d822f168ce326f1bfcb853243897529db01ad5b731ba032d1d2f6,7b5e7106b35d822f168ce326f1bfcb853243897529db01ad5b731ba032d1d2f6,1,1,442,0,0,,,
Inflation,PCEPI,4,pre_release,2025-03,2025-04-29,Inflation Bridge Ridge,-0.53435115386761822,2.6196511896455914,3.040509340568593,0.42085815092300161,-3.1540023435132096,-3.5748604944362112,9.9477307828868184,12.779627554680713,2.831896771793895,3.1540023435132096,3.5748604944362112,0.42085815092300161,aa66a4e9b18cbddefea26b46a68b1d05331715d962e78aa33e3770b56f600abd,01febd8fa68d1beb72e767780b9fa4437424c95c4612d29a2395238bca4503b5,1bc80dc02c9a86565c1414433c2a00341d4bce719457c9f41cd46b811bd0ba06,1bc80dc02c9a86565c1414433c2a00341d4bce719457c9f41cd46b811bd0ba06,1,1,449,0,0,,,
Inflation,PCEPI,1,month_open,2025-04,2025-04-01,Inflation Ridge-AR Ensemble,1.201745492554096,2.8391775785992737,3.247064829682353,0.40788725108307933,-1.6374320860451776,-2.045319337128257,2.6811838364102623,4.1833311908307724,1.5021473544205102,1.6374320860451776,2.045319337128257,0.40788725108307933,3fac28a31e3115ea7a05c745cc72d0d68471fb790ec671f5a3fd961496a7d37b,b9345e35c9cbb9d22b19103b9803c80395b487dba96fdea457bd4af388b135fc,7c7f5e36ada19e5e72e6b0a7728abb8a6f07dd606946565ccfc4d2c574e8d81c,7c7f5e36ada19e5e72e6b0a7728abb8a6f07dd606946565ccfc4d2c574e8d81c,1,1,442,0,0,,,
Inflation,PCEPI,2,mid_month,2025-04,2025-04-15,Inflation Bridge Ridge,1.201745492554096,2.7845953328967354,3.206992297609661,0.42239696471292554,-1.5828498403426394,-2.005246805055565,2.505413617072719,4.021014749185551,1.515601132112832,1.5828498403426394,2.005246805055565,0.42239696471292554,fe544582802ce78164d2f9946be70ae8f561acf20ee60340ea51cdc031bfad68,2a93272a19cb9cf2f232b84758cad4a930374212b3677edb9e1d87af697f66e8,2e76da00c660241475f1c067782643495bb9dbf01e336d1e2baa5efc825ad7a2,2e76da00c660241475f1c067782643495bb9dbf01e336d1e2baa5efc825ad7a2,1,1,449,0,0,,,
Inflation,PCEPI,3,month_end,2025-04,2025-04-30,Inflation Bridge Ridge,1.201745492554096,2.2947542507569776,3.0082098911541126,0.71345564039713505,-1.0930087582028816,-1.8064643986000166,1.1946681455082053,3.2633136234093199,2.0686454779011143,1.0930087582028816,1.8064643986000166,0.71345564039713505,01869ca8e91ca3e95bec284761aedf74b03544d1243f3e2a886db2375c506dae,b8257641138f67a60b0ddf2263cc280f5ccd6f2d6f040aaa4f03a47cbbea387f,a5ab7ea76a8742ec71e4657edd9c95287add1ed0d1e318265a77328ff7a266eb,a5ab7ea76a8742ec71e4657edd9c95287add1ed0d1e318265a77328ff7a266eb,1,1,451,0,0,,,
Inflation,PCEPI,4,pre_release,2025-04,2025-05-29,Inflation Bridge Ridge,1.201745492554096,2.7949332340941826,3.0082098911541126,0.21327665705993004,-1.5931877415400866,-1.8064643986000166,2.5382471797936019,3.2633136234093199,0.72506644361571793,1.5931877415400866,1.8064643986000166,0.21327665705993004,dfd4c22c68c07c0c1a1e9da6646723680f1d4ec238c278793ec5d3343fe7e46d,073238f071b7872f108eb47e7ba9559e7ade509513d373125876214c29cf9c0b,c2507b24d89ad9126b6e1ed3a1b70f3bc5df2c73339bf1e86e45cea9faaa1348,c2507b24d89ad9126b6e1ed3a1b70f3bc5df2c73339bf1e86e45cea9faaa1348,1,1,457,0,0,,,
Inflation,PCEPI,1,month_open,2025-05,2025-05-01,Inflation Ridge-AR Ensemble,1.6282550732857004,2.0604017679213738,2.7956816230354322,0.73527985511405847,-0.43214669463567335,-1.1674265497497318,0.18675076568453791,1.3628847490605631,1.1761339833760251,0.43214669463567335,1.1674265497497318,0.73527985511405847,38513725ec1266da0ac97cd68420c2f9f6030f68252cc43abc3fb2c49d9f5d72,b976e706a8d33af3045b71a26310738de77ca4b737c04b02ad7229c300847e69,6e73c41be733645c58c1add5edd1dc73e889c6b826cee090f2f954c4db47689e,6e73c41be733645c58c1add5edd1dc73e889c6b826cee090f2f954c4db47689e,1,1,451,0,0,,,
Inflation,PCEPI,2,mid_month,2025-05,2025-05-15,Inflation Bridge Ridge,1.6282550732857004,3.655057205750369,3.5839303613056441,-0.071126844444724835,-2.0268021324646686,-1.9556752880199437,4.1079268841633283,3.82466583217189,-0.28326105199143825,2.0268021324646686,1.9556752880199437,-0.071126844444724835,beb2033f3f4408775fdb588cf33aa1c013f251b8121752be6abcc6971daabee5,447cf64629f668985353bc9b7a33ec0a99102c4f316a1a0b3c7e897402e8712b,0a841c5f4a135737e67f99cd292f8792aaecfb45337878bb11df573e35f842c7,0a841c5f4a135737e67f99cd292f8792aaecfb45337878bb11df573e35f842c7,1,1,457,0,0,,,
Inflation,PCEPI,3,month_end,2025-05,2025-05-31,Inflation Bridge Ridge,1.6282550732857004,3.3079411463002741,3.4147659895883744,0.10682484328810027,-1.6796860730145737,-1.786510916302674,2.8213453038791201,3.19162125406862,0.37027595018949988,1.6796860730145737,1.786510916302674,0.10682484328810027,1f607479c05382ea374c7b50f04d5f017c832d7641854a9de18ecb19cdac9ad8,2be6dd09f98b41d150ccec913a4091f15547669a8924e916726d5aad1268a3e7,ad74aeb97106c33213bf81356bb17876a8303b45a9d696575912c99fda56b512,ad74aeb97106c33213bf81356bb17876a8303b45a9d696575912c99fda56b512,1,1,459,0,0,,,
Inflation,PCEPI,4,pre_release,2025-05,2025-06-26,Inflation Bridge Ridge,1.6282550732857004,3.455480154938221,3.4147659895883744,-0.040714165349846621,-1.8272250816525206,-1.786510916302674,3.3387514990200606,3.19162125406862,-0.14713024495144067,1.8272250816525206,1.786510916302674,-0.040714165349846621,3f9e99a93705cfa6498d615ae7b0ef9f3ca9a6d82d96c7912b4fee0cd03e9396,5d050931ccb2ee2aaae96f3de758d51af30162ac5eacc6f9fa589bc4f8da2bf9,4368b4b9f7e821044dd6b77b049bece270e2e132f7b6db964be17cee72117df4,4368b4b9f7e821044dd6b77b049bece270e2e132f7b6db964be17cee72117df4,1,1,466,0,0,,,
Inflation,PCEPI,1,month_open,2025-06,2025-06-01,Inflation Ridge-AR Ensemble,3.3613467356538251,2.7992394679790582,3.0546929115750707,0.25545344359601252,0.56210726767476693,0.30665382407875441,0.31596458037279207,0.094036567822123662,-0.22192801255066841,0.56210726767476693,0.30665382407875441,-0.25545344359601252,8d91cc0728b8c06e53a9622cdfcbcc61efaa18b181eeb87e724f180a66aab16b,133faacd87f103b48141c01e0822893ef4e47a5a223958e7a741c20628b357e4,ad74aeb97106c33213bf81356bb17876a8303b45a9d696575912c99fda56b512,ad74aeb97106c33213bf81356bb17876a8303b45a9d696575912c99fda56b512,1,1,459,0,0,,,
Inflation,PCEPI,2,mid_month,2025-06,2025-06-15,Inflation Bridge Ridge,3.3613467356538251,4.9881211500246732,4.8867725273927869,-0.10134862263188626,-1.626774414370848,-1.5254257917389618,2.6463949952516157,2.3269238461024382,-0.31947114914917751,1.626774414370848,1.5254257917389618,-0.10134862263188626,1deb686f98f2c1468c9d8e9a93f2d32fd49221c0670748676ff98f18ce5f4847,2eb6bfc10b61335f2b452da60a8d4e21659f89dd621ed8c1e76f11d6f3a39b55,c7fd9a402fb7dc555f498c49cd5016336ac82cd06c3ee416fe5fff4472eae4ec,c7fd9a402fb7dc555f498c49cd5016336ac82cd06c3ee416fe5fff4472eae4ec,1,1,466,0,0,,,
Inflation,PCEPI,3,month_end,2025-06,2025-06-30,Inflation Bridge Ridge,3.3613467356538251,4.5341896461632327,4.6275808729547734,0.09339122679154066,-1.1728429105094076,-1.2662341373009482,1.3755604927321783,1.6033488904662767,0.22778839773409842,1.1728429105094076,1.2662341373009482,0.09339122679154066,3a596ce8bd19787adfea2353c83c68ff87059b095ef44b36309a152b1ded1535,63d4cd73e0d4250811c08e5c3da78fe34b4a97489218407c1f82d6a19ea2348d,107d88681716a98808f591d5744f27e6533d6df4728d1dddabf93910462d8b5b,107d88681716a98808f591d5744f27e6533d6df4728d1dddabf93910462d8b5b,1,1,468,0,0,,,
Inflation,PCEPI,4,pre_release,2025-06,2025-07-30,Inflation Bridge Ridge,3.3613467356538251,4.6319223168749026,4.6275808729547734,-0.004341443920129251,-1.2705755812210775,-1.2662341373009482,1.6143623075952789,1.6033488904662767,-0.011013417129002168,1.2705755812210775,1.2662341373009482,-0.004341443920129251,a5f9d0f0b07b798a9a65afa1708af887f721ac169883be36d0ca5a3487c22206,871b517aa7c62ccd3df2249293e8cc5245f7b4fb5248e8a1929b5b6d79d47114,a216d7f905257557e0e47f9ec8115ae16d9b78c92ea15f53121be87e0a0952dc,a216d7f905257557e0e47f9ec8115ae16d9b78c92ea15f53121be87e0a0952dc,1,1,474,0,0,,,
Inflation,PCEPI,1,month_open,2025-07,2025-07-01,Inflation Ridge-AR Ensemble,2.3685838825748817,4.4424028647629994,4.9009615011547876,0.45855863639178818,-2.0738189821881177,-2.5323776185799058,4.3007251708837604,6.4129364030844354,2.112211232200675,2.0738189821881177,2.5323776185799058,0.45855863639178818,81ecbbe883965eb9bddb6fe8c361df19948898a537ee9f03d17e4588a3db6147,97a91fa57a8ffeca53757549fd97e1876befecd8f9ae3d913f72bf2956a9e197,ad02048d56a3e3853ba5c756026e7e9ff87abea07bf481ccd52a8224a7e5e7c1,ad02048d56a3e3853ba5c756026e7e9ff87abea07bf481ccd52a8224a7e5e7c1,1,1,468,0,0,,,
Inflation,PCEPI,2,mid_month,2025-07,2025-07-15,Inflation Bridge Ridge,2.3685838825748817,6.7170431752163555,7.2849024994224099,0.56785932420605434,-4.3484592926414738,-4.9163186168475281,18.909098219759986,24.170188742361592,5.2610905226016058,4.3484592926414738,4.9163186168475281,0.56785932420605434,d5a81ce68e562b1b92e44ba335e058dbb779bc21f2c1956ad31a4af9bcaa6c51,b3fc3b4dce46f374a4e25c28f91aba0c581027788cc4496440ee6487634b8e98,4ad8026b5536f874a15e1e2b9e94bafe4edf600e437c7b0b25d33389031c2171,4ad8026b5536f874a15e1e2b9e94bafe4edf600e437c7b0b25d33389031c2171,1,1,473,0,0,,,
Inflation,PCEPI,3,month_end,2025-07,2025-07-31,Inflation Bridge Ridge,2.3685838825748817,6.6069770783249258,6.8700924153603697,0.26311533703544399,-4.238393195750044,-4.501508532785488,17.963976881780273,20.263579070740558,2.2996021889602858,4.238393195750044,4.501508532785488,0.26311533703544399,c599993131755f7f523fd9c095d4570ed3be10d315a40a0314e17e5506ec8fbc,3899fc740fa0c81030cb29f5c5db246edfa25c6c812cd25d0829b45dad9fc840,e60f2ff4e012da0d62bc16246bf165e3fc64ac4d28154e75323c2246a67b25d3,e60f2ff4e012da0d62bc16246bf165e3fc64ac4d28154e75323c2246a67b25d3,1,1,476,0,0,,,
Inflation,PCEPI,4,pre_release,2025-07,2025-08-28,Inflation Bridge Ridge,2.3685838825748817,6.7703059387954827,6.8700924153603697,0.099786476564887039,-4.401722056220601,-4.501508532785488,19.375157060218914,20.263579070740558,0.88842201052164427,4.401722056220601,4.501508532785488,0.099786476564887039,65ae5950d21ad83a6eb71fe44a26e015be00c45db3373d6a2338d70214f49180,ae5b2a9a5df0cca730a71a371657b5c2d1347189c22b136bf8bbe0485d8d0ba7,4b59e28946446de8e2c29fde1a111cf9755f0d99801b14726ae7b35220e1e9b8,4b59e28946446de8e2c29fde1a111cf9755f0d99801b14726ae7b35220e1e9b8,1,1,483,0,0,,,
Inflation,PCEPI,1,month_open,2025-08,2025-08-01,Inflation Ridge-AR Ensemble,3.1718828697414381,3.2385139289265865,3.4520964182068292,0.2135824892802427,-0.066631059185148445,-0.28021354846539115,0.0044396980481347546,0.078519632743566117,0.074079934695431365,0.066631059185148445,0.28021354846539115,0.2135824892802427,2868338271635f2e33b6bd4259bb12fd3a8d8bd6015f077624f0fb6c1906a95f,7afa7c8e52f42df6e0ff7558d4693c9ffbaa2b57354e26298d957a5e2c3d30f8,737a8f2e0e0af414f13a31617163e84b79b008be710e1f5813823fd0579c23bf,737a8f2e0e0af414f13a31617163e84b79b008be710e1f5813823fd0579c23bf,1,1,478,0,0,,,
Inflation,PCEPI,2,mid_month,2025-08,2025-08-15,Inflation Bridge Ridge,3.1718828697414381,4.4044624285462604,4.4509157012716773,0.046453272725416994,-1.2325795588048223,-1.2790328315302393,1.5192523687834905,1.6359249841322614,0.11667261534877094,1.2325795588048223,1.2790328315302393,0.046453272725416994,e47c815a59b47610b59e20d6e220a73ba12cec1a412d75391fea041062127ff1,5d49b8c147c770dea450d60443c04ba5cf6c00b57b2690a3c40b45f95de65353,8c280ca43750bebd721de33e5c932d91178d97a584b64cd58580d072a2a0bb9e,8c280ca43750bebd721de33e5c932d91178d97a584b64cd58580d072a2a0bb9e,1,1,483,0,0,,,
Inflation,PCEPI,3,month_end,2025-08,2025-08-31,Inflation Bridge Ridge,3.1718828697414381,4.0118406200436327,3.972777659968628,-0.03906296007500476,-0.83995775030219466,-0.8008947902271899,0.70552902229272396,0.64143246501305451,-0.064096557279669453,0.83995775030219466,0.8008947902271899,-0.03906296007500476,b1a9e98e2e3262cc13c5b11665f2077ce68ca878b5a5c06b399ce23652bfce39,d7d76389f5d1e3627d366a235319e72216ccf1ed0f8ca304d88fba5d6135ec68,d837a151c606db5206092c8e914e561773335ebf1cb58a89a9e10d228df7b407,d837a151c606db5206092c8e914e561773335ebf1cb58a89a9e10d228df7b407,1,1,485,0,0,,,
Inflation,PCEPI,4,pre_release,2025-08,2025-09-25,Inflation Bridge Ridge,3.1718828697414381,3.7823732234040621,3.972777659968628,0.19040443656456585,-0.61049035366262405,-0.8008947902271899,0.37269847191511579,0.64143246501305451,0.26873399309793872,0.61049035366262405,0.8008947902271899,0.19040443656456585,5c470165df67edfa0f98501880808cce8a280e8511d55c0989d8c7bee4edb323,8e6480e19ed1b509e8a0eccb98618026a6bfddbc9c2d1b1350b1f64a58917582,36262e2ed46c5aeea8130e65682c7c61883a537e1702804f597aecf4bed47819,36262e2ed46c5aeea8130e65682c7c61883a537e1702804f597aecf4bed47819,1,1,491,0,0,,,
Inflation,PCEPI,1,month_open,2025-09,2025-09-01,Inflation Ridge-AR Ensemble,3.2199871816310122,3.4205891346923449,3.2340586885824192,-0.18653044610992575,-0.20060195306133277,-0.01407150695140702,0.04024114357202116,0.00019800730788349609,-0.040043136264137663,0.20060195306133277,0.01407150695140702,-0.18653044610992575,27cf3cc721e01366a148aa02a178f1d65934bbe2524f53b11dc66d2aae8469cf,cfcae854de97162e0607b45f77db25c6152cc216d118183ce78dec4391eda9d9,d837a151c606db5206092c8e914e561773335ebf1cb58a89a9e10d228df7b407,d837a151c606db5206092c8e914e561773335ebf1cb58a89a9e10d228df7b407,1,1,485,0,0,,,
Inflation,PCEPI,2,mid_month,2025-09,2025-09-15,Inflation Bridge Ridge,3.2199871816310122,3.3972914613952527,3.8307197834602902,0.43342832206503745,-0.17730427976424057,-0.61073260182927802,0.031436807622716084,0.37299431093715946,0.34155750331444334,0.17730427976424057,0.61073260182927802,0.43342832206503745,8fa2211d8d49c444f0fa6a3540e6d69708634a565703c8a53134dad86b3cd623,c39a2707b25755b29f62309a97047443ac753821973618b6eb61670945494f13,f893e91d63ec83b3d982e44b9d92c4c512803420c6acb399babb3e4f3971378a,f893e91d63ec83b3d982e44b9d92c4c512803420c6acb399babb3e4f3971378a,1,1,491,0,0,,,
Inflation,PCEPI,3,month_end,2025-09,2025-09-30,Inflation Bridge Ridge,3.2199871816310122,3.681746966245016,3.8462215209701967,0.16447455472518069,-0.4617597846140038,-0.62623433933918449,0.21322209868677117,0.39216944776758489,0.17894734908081372,0.4617597846140038,0.62623433933918449,0.16447455472518069,4951a7a0c610a8376679beb26661d0117edd1c1a5c25f1d918cbe313039d1f5a,a804e76bef741ebc98c898b9237ef61087132f3fb1049e2edf1cf982173ec006,d3ba7c09d6c562aa2f9472a985c6022bcc912c5973b90aeae0f289c4043c510b,d3ba7c09d6c562aa2f9472a985c6022bcc912c5973b90aeae0f289c4043c510b,1,1,362,0,0,,,
Inflation,PCEPI,4,pre_release,2025-09,2025-12-04,Inflation Bridge Ridge,3.2199871816310122,4.0409638341439829,3.8462215209701967,-0.19474231317378621,-0.82097665251297069,-0.62623433933918449,0.67400266397140307,0.39216944776758489,-0.28183321620381818,0.82097665251297069,0.62623433933918449,-0.19474231317378621,ffe372b3361af0436cf015ec125f471c45ae765daaf6db38fae4fe45dd403c52,2c21a5dc038c229a565a22e682b7a6ec84edd4b1a4930df3538f4c98083a7434,be214de51bfb5525c8e84904261100100e91c0526cdbb2b51881629b3141d05a,be214de51bfb5525c8e84904261100100e91c0526cdbb2b51881629b3141d05a,1,1,368,0,0,,,
Inflation,PCEPI,1,month_open,2025-10,2025-10-01,Inflation Ridge-AR Ensemble,1.9072005517838164,2.7864766626258715,2.8327621828512219,0.046285520225350485,-0.87927611084205504,-0.92556163106740552,0.77312647909752985,0.85666433290415611,0.083537853806626261,0.87927611084205504,0.92556163106740552,0.046285520225350485,77cea1b106e2fc84b2125af518a060fe03a859fb6171bd7971f64a4a145cc30f,8c257b9ad63a9406089f4ec94e49f68a036e533ece905ad2fe777f9e72352307,74901e1b1fec7307ed21cc9e2a763d6dd0a5cca382d43fdb7bcbd95cd1900dad,74901e1b1fec7307ed21cc9e2a763d6dd0a5cca382d43fdb7bcbd95cd1900dad,1,1,362,0,0,,,
Inflation,PCEPI,2,mid_month,2025-10,2025-10-15,Inflation Bridge Ridge,1.9072005517838164,2.8161650278721355,2.9239355482506015,0.10777052037846602,-0.9089644760883191,-1.0167349964667851,0.82621641879051244,1.0337500530403136,0.2075336342498012,0.9089644760883191,1.0167349964667851,0.10777052037846602,c6c5f41d3f5eaa0a763e2e8adc74c8f91044cce653da16ab169e850e99ccb5e0,77a6a1503a0aa094b2b4d61494cac22827649db37580860884391c9fe7d33884,ae3167664c37edd0b11bb668c83f50e87be05c135c6cac71f6a0a035cbf21763,ae3167664c37edd0b11bb668c83f50e87be05c135c6cac71f6a0a035cbf21763,1,1,362,0,0,,,
Inflation,PCEPI,3,month_end,2025-10,2025-10-31,Inflation Bridge Ridge,1.9072005517838164,1.9435426692907678,2.2861022587481092,0.34255958945734144,-0.036342117506951377,-0.37890170696429282,0.0013207495048890617,0.14356650354045483,0.14224575403556577,0.036342117506951377,0.37890170696429282,0.34255958945734144,8995f69569616b837ffa6c9c7e80cfd607ac6237363941ecf7e07ae5cc8ac4c2,0a330a2e12a778132de7719eb72da0ba66ac8e86901c483a6195da30f5db1866,54770d9ef95d7262e71a478b8645169cfc044826cf8d6764d7ac5e1e7d165f0a,54770d9ef95d7262e71a478b8645169cfc044826cf8d6764d7ac5e1e7d165f0a,1,1,366,0,0,,,
Inflation,PCEPI,4,pre_release,2025-10,2026-01-21,Inflation Bridge Ridge,1.9072005517838164,2.5955207280138888,2.6538029732955781,0.058282245281689349,-0.68832017623007236,-0.7466024215117617,0.47378466500539784,0.55741517580722633,0.083630510801828484,0.68832017623007236,0.7466024215117617,0.058282245281689349,7fd9ac3d0967c686efc22d6efd14b3dba883f3940746a7f120c105669eb618b6,075ed464b7488ed3716f2d1a523d81d152548aa725418df459b29ece2ba35cbe,61d36a302411c28ed6862a05441b89090406d4b986a0a9b47c11fe4bee7d5d2b,61d36a302411c28ed6862a05441b89090406d4b986a0a9b47c11fe4bee7d5d2b,1,1,375,0,0,,,
Inflation,PCEPI,1,month_open,2025-11,2025-11-01,Inflation Ridge-AR Ensemble,2.4851427874558851,2.2563883012891135,2.4396731990512439,0.18328489776213042,0.22875448616677163,0.045469588404641215,0.052328614941423712,0.0020674834696874827,-0.050261131471736227,0.22875448616677163,0.045469588404641215,-0.18328489776213042,57f8728243173a1dd4bd43995690d4a1595bc35b855470de81b388149c7a8cb7,99239d31f7bda31b802cb243981ed814c858006bb6dafef8d7c01128684e4f8e,54770d9ef95d7262e71a478b8645169cfc044826cf8d6764d7ac5e1e7d165f0a,54770d9ef95d7262e71a478b8645169cfc044826cf8d6764d7ac5e1e7d165f0a,1,1,366,0,0,,,
Inflation,PCEPI,2,mid_month,2025-11,2025-11-15,Inflation Bridge Ridge,2.4851427874558851,1.7915181156633864,2.1736565656558628,0.38213844999247648,0.69362467179249876,0.31148622180002228,0.48111518531925163,0.097023666371252676,-0.38409151894799898,0.69362467179249876,0.31148622180002228,-0.38213844999247648,a30b24c3aec0c444516e10ac972a8f39f5ca6f30519ff5671d4d5ed7d8868b9c,6d2de225044e094ff80a00bc43177f7711497c3e0f3f62d922884e401013951e,427d6a6a4472e41997b0dbf463b57dc9a3ab56c4aedd5146ca6e84e8fac373f9,427d6a6a4472e41997b0dbf463b57dc9a3ab56c4aedd5146ca6e84e8fac373f9,1,1,366,0,0,,,
Inflation,PCEPI,3,month_end,2025-11,2025-11-30,Inflation Bridge Ridge,2.4851427874558851,2.8081554519237124,3.5377024803426904,0.72954702841897801,-0.32301266446782728,-1.0525596928868053,0.10433718140660517,1.1078819070899659,1.0035447256833607,0.32301266446782728,1.0525596928868053,0.72954702841897801,97aef115dc6f92dced31def01056939bfb7aab522f4603e63143a71eb9ae46ff,187a7799d680887f6deae714bcca622c3ff325e78ea11b1292b53272ad5ea53e,c87a9e74e7a8dee31c1822ccec01c6d0cd42b6577b6b536994849d2f197223c9,c87a9e74e7a8dee31c1822ccec01c6d0cd42b6577b6b536994849d2f197223c9,1,1,368,0,0,,,
Inflation,PCEPI,4,pre_release,2025-11,2026-01-21,Inflation Bridge Ridge,2.4851427874558851,3.2013883837068811,3.3564849383860089,0.15509655467912786,-0.71624559625099593,-0.87134215093012379,0.51300775414894473,0.75923714398753461,0.24622938983858988,0.71624559625099593,0.87134215093012379,0.15509655467912786,7fd9ac3d0967c686efc22d6efd14b3dba883f3940746a7f120c105669eb618b6,075ed464b7488ed3716f2d1a523d81d152548aa725418df459b29ece2ba35cbe,61d36a302411c28ed6862a05441b89090406d4b986a0a9b47c11fe4bee7d5d2b,61d36a302411c28ed6862a05441b89090406d4b986a0a9b47c11fe4bee7d5d2b,1,1,375,0,0,,,
Inflation,PCEPI,2,mid_month,2025-12,2025-12-15,Inflation Bridge Ridge,4.2624502468136427,3.2433380468385371,3.9880311636040418,0.74469311676550465,1.0191121999751056,0.27441908320960096,1.0385896761380997,0.075305833229597899,-0.96328384290850178,1.0191121999751056,0.27441908320960096,-0.74469311676550465,3389a3ec5508babdfe1230051c4ba6510ad8f8da1e4dd7149f40c47c5df03f07,045af89ccd429882a1279ffbe1b3365f7074b011463a03ff6919c771fae5a90f,24f5f1df3e929ee2b6710974baec3f166ce09a51b3eed8e1eac66fd1288ff124,24f5f1df3e929ee2b6710974baec3f166ce09a51b3eed8e1eac66fd1288ff124,1,1,368,0,0,,,
Inflation,PCEPI,3,month_end,2025-12,2025-12-31,Inflation Bridge Ridge,4.2624502468136427,3.2807346083798028,4.4138370377340408,1.133102429354238,0.98171563843383991,-0.15138679092039808,0.96376559474556189,0.022917960465176322,-0.94084763428038554,0.98171563843383991,0.15138679092039808,-0.83032884751344183,dc60f4cd3bce75ce0efc64f31e6f9de8061443310b9ae870ddf49df14f2cfbde,eda1c223d1431d73074c5df1f6fccc5d7dd27becfa376a54dadd85880cec83a4,beaf354135b1706974028776ea8e0e75250403008e74e6a4df31a3b014af82af,beaf354135b1706974028776ea8e0e75250403008e74e6a4df31a3b014af82af,1,1,377,0,0,,,
Inflation,PCEPI,4,pre_release,2025-12,2026-02-19,Inflation Bridge Ridge,4.2624502468136427,3.4838381831808403,3.650319810357721,0.16648162717688075,0.77861206363280244,0.61213043645592169,0.60623674563453123,0.37470367123571718,-0.23153307439881404,0.77861206363280244,0.61213043645592169,-0.16648162717688075,3622390db633fb07272e56cac8b8affccada5719daa520693b1bb1b5c71750e4,76e74270b85e17bf9eb5511c776bdeb8025b9d1b27adcbe1b7532a719fc0dc11,3908e9280d05e7c7576c84e2fb541a3f78dae10315ff76eb31ea140169af4aab,3908e9280d05e7c7576c84e2fb541a3f78dae10315ff76eb31ea140169af4aab,1,1,60,0,0,,,
Inflation,PCEPI,3,month_end,2026-01,2026-01-31,Inflation Bridge Ridge,3.298343588451047,3.8078377764552411,3.7609671731455832,-0.046870603309657977,-0.5094941880041941,-0.46262358469453613,0.25958432761005307,0.21402058111562264,-0.045563746494430429,0.5094941880041941,0.46262358469453613,-0.046870603309657977,0736c15c75330e9d810eac066a22ee0073738685446c386b435a850ed06dd859,c18a4bf7e4ba18cb0bcc5a2629f01de4d436ac4e5b89c46386a6103cdc78fe5d,3f019238e20f27311601e11b883480438f9abeee223736ea3a602ba41d81c269,3f019238e20f27311601e11b883480438f9abeee223736ea3a602ba41d81c269,1,1,374,0,0,,,
Inflation,PCEPI,4,pre_release,2026-01,2026-03-12,Inflation Bridge Ridge,3.298343588451047,3.6381999663876536,3.7847760065160605,0.14657604012840686,-0.33985637793660661,-0.48643241806501347,0.11550235762418959,0.23661649734457604,0.12111413972038645,0.33985637793660661,0.48643241806501347,0.14657604012840686,99d38e269cf3025e327a5fa9b27e0361e14543f262ba6a2f12fcd662154e56e0,111b3fc990f04d2e0bfb4243db22b6f6743844c0717b14fe75b17bfb8458c699,59f24cbc79b698dc888756f1fea66671250dd5d04af4869a97b20e98e8eb3989,59f24cbc79b698dc888756f1fea66671250dd5d04af4869a97b20e98e8eb3989,1,1,12,0,0,,,
Inflation,PCEPI,1,month_open,2026-02,2026-02-01,Inflation Ridge-AR Ensemble,4.4951177501893369,3.4000424553965454,3.0292265126622615,-0.37081594273428387,1.0950752947927915,1.4658912375270754,1.1991899012655192,2.1488371202586607,0.94964721899314153,1.0950752947927915,1.4658912375270754,0.37081594273428387,73baf19b287be04e4e6938422cd5d63c7ea06adda39d5054a35d9a768d3017e9,eea1cf4030d7d9a5af1fa62ce4043f83f77b8b9a2df7f6b547c4e1e87d14ce5a,3f019238e20f27311601e11b883480438f9abeee223736ea3a602ba41d81c269,3f019238e20f27311601e11b883480438f9abeee223736ea3a602ba41d81c269,1,1,374,0,0,,,
Inflation,PCEPI,2,mid_month,2026-02,2026-02-15,Inflation Bridge Ridge,4.4951177501893369,4.3086759596206425,3.8955272321075554,-0.41314872751308718,0.18644179056869437,0.59959051808178154,0.034760541270460889,0.35950878937357922,0.32474824810311831,0.18644179056869437,0.59959051808178154,0.41314872751308718,cd51542895b567294160f02ecc7906eed6b35270ef578fe4677bf606ed4c31e6,de53819ce095c08254a634d112b39969cca42698568e44b0c9b8fbc5ac0cc1f7,630febcb4765c39cfa42698ef52db97725cd1f413e123706a31d1ecd0209e268,630febcb4765c39cfa42698ef52db97725cd1f413e123706a31d1ecd0209e268,1,1,60,0,0,,,
Inflation,PCEPI,3,month_end,2026-02,2026-02-28,Inflation Bridge Ridge,4.4951177501893369,3.88999986264932,3.8444973048000035,-0.04550255784931645,0.60511788754001694,0.65062044538933339,0.36616765782089261,0.42330696395861456,0.057139306137721946,0.60511788754001694,0.65062044538933339,0.04550255784931645,41bd86fc73bf948e4c3bf08a2672d2e03a1e39f36302592e36cea3ecf9c33843,499aebca90c2fd3bd8242921d3b801b7ce9b38df6831bf64028053eae974c3a1,6495d56c657c569d9e413fd27e24435f73f3dc66343fec9f57493bf7493ede81,6495d56c657c569d9e413fd27e24435f73f3dc66343fec9f57493bf7493ede81,1,1,11,0,0,,,
Inflation,PCEPI,4,pre_release,2026-02,2026-04-08,Inflation Bridge Ridge,4.4951177501893369,3.7655576176931915,3.8480945234055697,0.08253690571237815,0.72956013249614537,0.64702322678376722,0.53225798692779325,0.41863905599767826,-0.11361893093011499,0.72956013249614537,0.64702322678376722,-0.08253690571237815,906d03539627b9cbf66ccd44a0e1f99dbce9a037f9549c918529dd3158256644,cc4e089ca7041fda90bd6e517c658e64cb391c05431db071f1502ad98676ab01,debddaffb2e625c898162b789d6921b991baf5c4b43d67c472e5a70b9ebe504b,debddaffb2e625c898162b789d6921b991baf5c4b43d67c472e5a70b9ebe504b,1,1,14,0,0,,,
Inflation,PCEPI,1,month_open,2026-03,2026-03-01,Inflation Ridge-AR Ensemble,7.9437456213664603,3.3327028503537415,3.3749936724781406,0.042290822124399163,4.6110427710127189,4.5687519488883197,21.261715436108652,20.873494370470819,-0.38822106563783265,4.6110427710127189,4.5687519488883197,-0.042290822124399163,c4485dd6273eeb7f4e3ae5268017d64f68ec76849aea6bd5ad20ed6987aa5b9b,8d4f5476fa4ead82ba82b46e1e46402312d852990792fca8cd9aeff4c853c2eb,6495d56c657c569d9e413fd27e24435f73f3dc66343fec9f57493bf7493ede81,6495d56c657c569d9e413fd27e24435f73f3dc66343fec9f57493bf7493ede81,1,1,11,0,0,,,
Inflation,PCEPI,2,mid_month,2026-03,2026-03-15,Inflation Bridge Ridge,7.9437456213664603,4.5214186407291859,4.4097666540392062,-0.11165198668997967,3.4223269806372745,3.5339789673272541,11.712321962397844,12.489007341511405,0.77668537911356061,3.4223269806372745,3.5339789673272541,0.11165198668997967,a716019482770d8d4f56e8c48b980d939a63d38b3494709513c425e46466b436,80b7a993af97d94cc408ee1ecb2836bd4ac706120d933cfbb8b7a93d7ad1f3e1,bd5aec70aa6532d4754ea39da92db45a0bd23f4ddc84be286be3e6d0b611ffd9,bd5aec70aa6532d4754ea39da92db45a0bd23f4ddc84be286be3e6d0b611ffd9,1,1,14,0,0,,,
Inflation,PCEPI,3,month_end,2026-03,2026-03-31,Inflation Bridge Ridge,7.9437456213664603,4.7527733782429351,4.3334018653748894,-0.41937151286804575,3.1909722431235252,3.610343755991571,10.182303856384783,13.034582036427324,2.852278180042541,3.1909722431235252,3.610343755991571,0.41937151286804575,81bd444227eff91c88ecdb6492c29771f11ab96aa5a422e5d09a72f1e610316e,b8c2fd03639a1a11b009cad72fd7b97795e7c0089d2847fc5c1eaac20974ebc5,a3cf7eac16d7d205a25f56978628fc7f1064f7458bc13c2287095ab6049c16bf,a3cf7eac16d7d205a25f56978628fc7f1064f7458bc13c2287095ab6049c16bf,1,1,14,0,0,,,
Inflation,PCEPI,4,pre_release,2026-03,2026-04-29,Inflation Bridge Ridge,7.9437456213664603,4.499710668308289,4.3667074583758989,-0.13300320993239012,3.4440349530581713,3.5770381629905614,11.861376757886401,12.79520201949089,0.93382526160448975,3.4440349530581713,3.5770381629905614,0.13300320993239012,24eb3ff77ceab4a4b4036721aeff07bd8b28c3685a4a313d23e0ef731054b634,3eb1fcf86ce28991ad33c60a176f8ada1e57f64b4e00478e8952aef0db7ad0c2,abe9d98901c8b136a7c52a3856fff6f2236bcea08df962965a693a4f7763d6b1,abe9d98901c8b136a7c52a3856fff6f2236bcea08df962965a693a4f7763d6b1,1,1,10,0,0,,,
Inflation,PCEPI,1,month_open,2026-04,2026-04-01,Inflation Ridge-AR Ensemble,4.7856219395313815,4.7129198175604898,4.3487219273538154,-0.36419789020667448,0.072702121970891653,0.43690001217756613,0.0052855985390704071,0.19088162064075742,0.18559602210168702,0.072702121970891653,0.43690001217756613,0.36419789020667448,5607ec8bb9be56ed471fea98ce825532c79d22ff0e9ff105adc5cd7fd0ce8640,d0adbc9b326c359ed2b3a5937a7b539c210a76ee65dc5429987a6091d8c7b548,aa5ae64a510adcfc9878c532c89b2ee52906bdebdfa75e5a94419ffbf4191f86,aa5ae64a510adcfc9878c532c89b2ee52906bdebdfa75e5a94419ffbf4191f86,1,1,14,0,0,,,
Inflation,PCEPI,2,mid_month,2026-04,2026-04-15,Inflation Bridge Ridge,4.7856219395313815,6.5729435373133915,6.6873812698092863,0.11443773249589473,-1.7873215977820101,-1.9017593302779048,3.1945184938980371,3.6166885502990649,0.42217005640102778,1.7873215977820101,1.9017593302779048,0.11443773249589473,0f309fffb4256000594f4a61b6cf248566025fd62a7ee11ec444b991e5dc2ea8,5141142feaeb76bfb36e91bfd171ae15443ec7edb3d96154ca540a5fea710236,fc54fde8398663c4c42dc2cbf2a7abd181508f617674df1f9a5741b460678d84,fc54fde8398663c4c42dc2cbf2a7abd181508f617674df1f9a5741b460678d84,1,1,10,0,0,,,
Inflation,PCEPI,3,month_end,2026-04,2026-04-30,Inflation Bridge Ridge,4.7856219395313815,6.8037525382382213,6.8916442791897623,0.087891740951540953,-2.0181305987068399,-2.1060223396583808,4.0728511134368279,4.4353300951401602,0.36247898170333226,2.0181305987068399,2.1060223396583808,0.087891740951540953,d2bcf6a3dd2d72ab4fdfc3aea17e5d3513254a63dba602b2c252f030c6a9ced3,e9464d63308e0c3ae4ef56e09f50b7ff2253ba882827a0576f06912048b742db,38011761fafaa72091e42fb347ad316c0c554d07d35c1f91b1c19cdfc535d10e,38011761fafaa72091e42fb347ad316c0c554d07d35c1f91b1c19cdfc535d10e,1,1,12,0,0,,,
Inflation,PCEPI,4,pre_release,2026-04,2026-05-27,Inflation Bridge Ridge,4.7856219395313815,6.9660567515618457,6.8916442791897623,-0.074412472372083371,-2.1804348120304642,-2.1060223396583808,4.7542959695143256,4.4353300951401602,-0.31896587437416546,2.1804348120304642,2.1060223396583808,-0.074412472372083371,8e8a11d4ecb1d5893322150856bafdaab66150218314885da4a5acca20ab1b1f,e9d475945d950580e9bcb40bfd55296b264453d575166c9a5527ea88d5afeec7,b121d4e5bad8baf756239ce4d2673be32f046deb459537bfb137c417da0fbdf5,b121d4e5bad8baf756239ce4d2673be32f046deb459537bfb137c417da0fbdf5,1,1,10,0,0,,,
Inflation,PCEPI,1,month_open,2026-05,2026-05-01,Inflation Ridge-AR Ensemble,5.3858700130746229,4.7055476137673597,5.0153493517507393,0.30980173798337951,0.68032239930726313,0.37052066132388362,0.46283856699919118,0.13728556046788806,-0.32555300653130315,0.68032239930726313,0.37052066132388362,-0.30980173798337951,ecce58d78881f1fa52eea024f09cf047c9ca1eea60292d769f6573282836f872,a4937dccd2dbdbafbdcdc1a1227324078a6a5df8b18cd96540d59c1a081fa1d6,b7d3dda062690d35e1c421f5743e0783c7ab231c92c9754fc9035ebc3946074c,b7d3dda062690d35e1c421f5743e0783c7ab231c92c9754fc9035ebc3946074c,1,1,12,0,0,,,
Inflation,PCEPI,2,mid_month,2026-05,2026-05-15,Inflation Bridge Ridge,5.3858700130746229,5.7106213243457091,5.5931287038986577,-0.11749262044705144,-0.32475131127108625,-0.20725869082403481,0.10546341417228995,0.042956164922092852,-0.0625072492501971,0.32475131127108625,0.20725869082403481,-0.11749262044705144,09c0637b340d3561ff0b0bb18908b61a785ebba2ab34b086e758b763931bda60,64208c81d5129ed4e44d77bc70a2f7ad340cfba0e43b2d0ebc515f829d6c87b9,4b42ace52cc2355a16aa2d9af2ee4b01efac1fb3709079e05a542e4db173914e,4b42ace52cc2355a16aa2d9af2ee4b01efac1fb3709079e05a542e4db173914e,1,1,10,0,0,,,
Inflation,PCEPI,3,month_end,2026-05,2026-05-31,Inflation Bridge Ridge,5.3858700130746229,5.5907847680997289,5.4137438476880035,-0.17704092041172537,-0.20491475502510603,-0.027873834613380666,0.041990056826999217,0.00077695065605409808,-0.041213106170945119,0.20491475502510603,0.027873834613380666,-0.17704092041172537,553bf3f082f734a2a8963337ee9d14d499e35a41ec8fb28aeac183d8744b1f4c,1adab88e50602d7ca6e26c1d3aa5024d56962ddc7814df286ab75250067025f8,c926e27d0d5f7b3ed7cb57432df6b8a88e8933611ff4327d69b637d17fe132dd,c926e27d0d5f7b3ed7cb57432df6b8a88e8933611ff4327d69b637d17fe132dd,1,1,12,0,0,,,
Inflation,PCEPI,4,pre_release,2026-05,2026-06-24,Inflation Bridge Ridge,5.3858700130746229,5.3715549149774784,5.4137438476880035,0.042188932710525151,0.014315098097144485,-0.027873834613380666,0.00020492203353086966,0.00077695065605409808,0.00057202862252322842,0.014315098097144485,0.027873834613380666,0.013558736516236181,45ffd06e4a40c3554161f6121d49026c4b88f646d0ab65040ac6d57149e459d7,6a727dbac547ac4a5418e821b56bbc361f000b6efb3663e8a4c013b0a9f1cae5,c24064c1602ffe935dd3abcdc5ffec159e9429521ee5a65f713eefd1d321a6b1,c24064c1602ffe935dd3abcdc5ffec159e9429521ee5a65f713eefd1d321a6b1,1,1,13,0,0,,,
Inflation,PCEPILFE,1,month_open,2023-02,2023-02-01,Inflation Bridge Ridge,3.5927744819368002,3.6242534588784245,4.0989122489585803,0.47465879008015577,-0.031478976941624381,-0.50613776702178015,0.00099092598929131958,0.25617543920579378,0.25518451321650243,0.031478976941624381,0.50613776702178015,0.47465879008015577,30bd2a746b5627992ad31d6598e4a35a8669f48041c568df44c48cf034f7b626,d9deb4a3608581c022c6b21b1126d86a318a2b298829a7b84e493f3cd679fd33,ef970de4f70179de72c01362ee6ee7771ac29812f6be8f5a98ebfda3f19a59fb,ef970de4f70179de72c01362ee6ee7771ac29812f6be8f5a98ebfda3f19a59fb,1,1,1333,0,0,,,
Inflation,PCEPILFE,2,mid_month,2023-02,2023-02-15,Inflation Ridge-AR Ensemble,3.5927744819368002,3.1111018662580676,3.6351725814194547,0.52407071516138704,0.48167261567873254,-0.042398099482654494,0.23200850869479198,0.0017975988397410673,-0.23021090985505091,0.48167261567873254,0.042398099482654494,-0.43927451619607805,8a6aa5b331d2800440fc5070284d13bec46ca8e8cf8f0b64f2d774d7a346d845,9c811b41abf1f0a09af3f797add7b3d5469a95fe2f8932bd1de8af5452471a2e,dabfe64599e3776a5854eb340efd02704116e3ce8b132c5b7a2000b3a771a6f6,dabfe64599e3776a5854eb340efd02704116e3ce8b132c5b7a2000b3a771a6f6,1,1,1258,0,0,,,
Inflation,PCEPILFE,3,month_end,2023-02,2023-02-28,Inflation Bridge Ridge,3.5927744819368002,4.124299090620184,4.1178953716666662,-0.0064037189535177674,-0.5315246086833838,-0.52512088972986604,0.28251840963602426,0.2757519488306861,-0.0067664608053381592,0.5315246086833838,0.52512088972986604,-0.0064037189535177674,cb70f1083227814a12434e0b70c1200ca41999978ef528db99612996b9f10dfd,843a9992afe03c80f95ae1bdae8bd63b34c7b9de70f71dbb8c4519bbfb62a5b2,a92da34da69ed1b560febae9de711fd40247ee01668175979981cd2aa98cc3dc,a92da34da69ed1b560febae9de711fd40247ee01668175979981cd2aa98cc3dc,1,1,1262,0,0,,,
Inflation,PCEPILFE,4,pre_release,2023-02,2023-03-30,Inflation Bridge Ridge,3.5927744819368002,4.2340337647504258,4.1178953716666662,-0.11613839308375962,-0.64125928281362565,-0.52512088972986604,0.41121346779464552,0.2757519488306861,-0.13546151896395942,0.64125928281362565,0.52512088972986604,-0.11613839308375962,f18c27cb48b63da3f062cf3ae7d98aa879ff09f8ebd0f6bb1f92236556421c31,48567370137c271344d5fbbf6ba00b35759844abbd18ca748bfb1d09ed963d75,99dd80bc2a31f03ac766e3848d6e3ddfbb31622ca8970ed1b49264af9e061d61,99dd80bc2a31f03ac766e3848d6e3ddfbb31622ca8970ed1b49264af9e061d61,1,1,1268,0,0,,,
Inflation,PCEPILFE,1,month_open,2023-03,2023-03-01,Inflation Bridge Ridge,3.3620345288436937,4.6595101618044676,4.4920025801446162,-0.16750758165985147,-1.297475632960774,-1.1299680513009225,1.6834430181269611,1.2768277969608042,-0.40661522116615689,1.297475632960774,1.1299680513009225,-0.16750758165985147,db99f1f4d4d3334eaef59b89950f48ee9bb1f8678fcf1d30d0bfaa5b720ee4df,52c51c99756d9eb0456f7ce862f0b919ab434d90d883f114f40b4d1ef53b79ac,0dfc642a50ac8a9917618a26f2442c08ef652f99134c03cf7019eee0b285d8b6,0dfc642a50ac8a9917618a26f2442c08ef652f99134c03cf7019eee0b285d8b6,1,1,1262,0,0,,,
Inflation,PCEPILFE,2,mid_month,2023-03,2023-03-15,Inflation Ridge-AR Ensemble,3.3620345288436937,4.74861339247731,4.7042730257332899,-0.044340366744020088,-1.3865788636336163,-1.3422384968895962,1.9226009450754906,1.8016041825324425,-0.12099676254304814,1.3865788636336163,1.3422384968895962,-0.044340366744020088,c24597678917fa9998f96e86831764202da9a46463c27a4e17b3e2dbde45d766,c67775c317c32d604d8cc8eef6e60083852d0604e603bc0f20dd44385a76c75b,baa4b1fa94f0154c28c9f535e620d8bfd5387abe04813564a13b5d80bdc52bcc,baa4b1fa94f0154c28c9f535e620d8bfd5387abe04813564a13b5d80bdc52bcc,1,1,1268,0,0,,,
Inflation,PCEPILFE,3,month_end,2023-03,2023-03-31,Inflation Bridge Ridge,3.3620345288436937,4.044872790420631,4.6024335795916347,0.55756078917100371,-0.68283826157693728,-1.240399050747941,0.4662680914734138,1.5385898050963931,1.0723217136229792,0.68283826157693728,1.240399050747941,0.55756078917100371,dbd9eef0029676b046856fff4475ab9b8493c33323f171e88807ce15d8dfd6c8,4c1f821a6e5039eab5383db364533421b4e3a91f3612c7155180d60b5b8af3f0,9a181cf613e2de9c5098325f2944d3d0d514556e5c95aa59e4d485041658f75c,9a181cf613e2de9c5098325f2944d3d0d514556e5c95aa59e4d485041658f75c,1,1,1270,0,0,,,
Inflation,PCEPILFE,4,pre_release,2023-03,2023-04-27,Inflation Bridge Ridge,3.3620345288436937,4.0181119135416647,4.6024335795916347,0.58432166604996993,-0.65607738469797106,-1.240399050747941,0.43043753471212953,1.5385898050963931,1.1081522703842634,0.65607738469797106,1.240399050747941,0.58432166604996993,29097ad9b5073a41f06fb341aa7f7cc04a72b8b4188a6b90617f5b8b92785f49,e1943b3922ad8639ffa279b56b49631c0c310b230e29aeef73c98e1cbd328345,9e80377cb0469edc9c9089461e3036c0a943a53dd6fd8728e8a11c715daca9f0,9e80377cb0469edc9c9089461e3036c0a943a53dd6fd8728e8a11c715daca9f0,1,1,1275,0,0,,,
Inflation,PCEPILFE,1,month_open,2023-04,2023-04-01,Inflation Bridge Ridge,4.554585141444889,3.2654754144011613,3.8462528426625067,0.58077742826134537,1.2891097270437277,0.70833229878238235,1.6618038883587543,0.50173464549833413,-1.1600692428604202,1.2891097270437277,0.70833229878238235,-0.58077742826134537,32673152a99d3263f3f9ed8560cc6ba755c24bb424dae7e956134f442cc46d9a,2aba6bb3773f49429ed36fdd1b8ce6cd7b8b8843550e2cc5f266e9fe9da1f698,9a181cf613e2de9c5098325f2944d3d0d514556e5c95aa59e4d485041658f75c,9a181cf613e2de9c5098325f2944d3d0d514556e5c95aa59e4d485041658f75c,1,1,1270,0,0,,,
Inflation,PCEPILFE,2,mid_month,2023-04,2023-04-15,Inflation Ridge-AR Ensemble,4.554585141444889,2.9720535801079642,3.5017727309345856,0.52971915082662147,1.5825315613369249,1.0528124105103034,2.5044061426274853,1.1084139717245156,-1.3959921709029697,1.5825315613369249,1.0528124105103034,-0.52971915082662147,24f87b813e26fb3b81c056ed9d88901f2c30ae987130cda85ad254b128511a68,a6b25afbd690bb5f1a60409f2c8c9eae3104625d392d70977739a9efa888a7a5,3bbbefd21c3fb506207f09d4328687d801a0c707da37af8d70b59baa3498448b,3bbbefd21c3fb506207f09d4328687d801a0c707da37af8d70b59baa3498448b,1,1,1275,0,0,,,
Inflation,PCEPILFE,3,month_end,2023-04,2023-04-30,Inflation Bridge Ridge,4.554585141444889,2.8961892405978524,3.2528784621419784,0.35668922154412597,1.6583959008470366,1.3017066793029106,2.7502769639462539,1.6944402789418105,-1.0558366850044434,1.6583959008470366,1.3017066793029106,-0.35668922154412597,b21663aae72afaada0e5e4c60247f75fc2908ae0e0a8fac2b14e3eb37a170755,fb47096d18da29a89cdbd4eb91d033f70eff098777573bfc3269a1ff54b9cf65,a39d4c0a20d69e25053db7911bcd19a846b202995b4fc93fe9a60f4e633f9b7f,a39d4c0a20d69e25053db7911bcd19a846b202995b4fc93fe9a60f4e633f9b7f,1,1,1278,0,0,,,
Inflation,PCEPILFE,4,pre_release,2023-04,2023-05-25,Inflation Bridge Ridge,4.554585141444889,2.9119510571340399,3.2528784621419784,0.3409274050079385,1.6426340843108491,1.3017066793029106,2.6982467349397417,1.6944402789418105,-1.0038064559979312,1.6426340843108491,1.3017066793029106,-0.3409274050079385,090681ae626b03fd705b63a1dc68229c5998bb9977f3b78cd57de0d0a37edcf2,8a7e0773bb1b53b0afd4db3911d4390855cd4821ce6b5b18968911bfec20b1d6,9faefbfb98cab3ffd5c69dc04b664e4b3a3ac7e4421431a91741a8ab9140ee59,9faefbfb98cab3ffd5c69dc04b664e4b3a3ac7e4421431a91741a8ab9140ee59,1,1,1284,0,0,,,
Inflation,PCEPILFE,1,month_open,2023-05,2023-05-01,Inflation Bridge Ridge,3.770491061349901,3.0481480458652217,3.6503200531131559,0.60217200724793418,0.72234301548467927,0.12017100823674509,0.52177943201949961,0.014441071220635857,-0.50733836079886374,0.72234301548467927,0.12017100823674509,-0.60217200724793418,c40dc0e288acf44de093f257dd91ced1a042449c69581796e5c72d64a383200e,a353b6e24cabfbe4c1f7a3035f45c5c5dfcfbb55f8f63e56c1a32ae6914aa225,f4666a5ae4c52e6315ab9f94c6c096b942930f4fae1720215295de51e3f5dc62,f4666a5ae4c52e6315ab9f94c6c096b942930f4fae1720215295de51e3f5dc62,1,1,1278,0,0,,,
Inflation,PCEPILFE,2,mid_month,2023-05,2023-05-15,Inflation Ridge-AR Ensemble,3.770491061349901,3.0377435746158108,3.5437694751569522,0.50602590054114138,0.73274748673409018,0.2267215861929488,0.53691887931512572,0.05140267764584671,-0.485516201669279,0.73274748673409018,0.2267215861929488,-0.50602590054114138,5a53e4c54994844b836b9488eadd3536e0c958570641ae4d93cd978d90c91e5c,6bf71bab357f9838abba9c9d089ddbd964d6ce2376819a78d8e946e22a8b437c,2c8016fe954cd9020c378091d492f26b2a5a081ab72bbaabb3aaa5bb7c7d20c2,2c8016fe954cd9020c378091d492f26b2a5a081ab72bbaabb3aaa5bb7c7d20c2,1,1,1284,0,0,,,
Inflation,PCEPILFE,3,month_end,2023-05,2023-05-31,Inflation Bridge Ridge,3.770491061349901,3.4744344730744441,3.8163387183239368,0.3419042452494927,0.29605658827545689,-0.045847656974035811,0.087649503461303402,0.0021020076500088544,-0.085547495811294547,0.29605658827545689,0.045847656974035811,-0.25020893130142108,d1d37f7b62b103a5c74d2bf435831aaeb9e86c1d4234ce128b98eb56d3f035b8,3328343759e5f2fa2c69c14b765be84cc1046bcc9b26897895c779eca7c2dd41,d8d5dda1f274474dff479051aef36264246290905832b66292b23e57ce8d7b60,d8d5dda1f274474dff479051aef36264246290905832b66292b23e57ce8d7b60,1,1,1286,0,0,,,
Inflation,PCEPILFE,4,pre_release,2023-05,2023-06-29,Inflation Bridge Ridge,3.770491061349901,3.3858445976397169,3.8163387183239368,0.43049412068421988,0.38464646371018407,-0.045847656974035811,0.14795290204474995,0.0021020076500088544,-0.14585089439474111,0.38464646371018407,0.045847656974035811,-0.33879880673614826,56d9fa514efeac808f233e9604b3a29b4ebc18aa9e28a7b6dffb56cf73731141,fd8b6077b53111095bd204ecc21f01cc4991f91da70121151bb1e547a979bd37,e529076f7315723420fbff5ef50b5058540703cf0d017867de3093ec0c1fbec5,e529076f7315723420fbff5ef50b5058540703cf0d017867de3093ec0c1fbec5,1,1,1293,0,0,,,
Inflation,PCEPILFE,1,month_open,2023-06,2023-06-01,Inflation Bridge Ridge,1.9843224364830547,3.3009235670685637,3.6120503012277023,0.31112673415913861,-1.316601130585509,-1.6277278647446476,1.7334385370590404,2.6494980016661698,0.91605946460712939,1.316601130585509,1.6277278647446476,0.31112673415913861,7651bf41614253de85a8ccd1403b43ce653e69223fde0edfebb94e51992102ba,a2e7da90e0cba1a623bcb08cfff385b414914ad17586fffc9efdcfd0f9631a9c,94676259880cf8366bf24b7ec7e330d090ff5ccd59c6ae3da676305e291013b1,94676259880cf8366bf24b7ec7e330d090ff5ccd59c6ae3da676305e291013b1,1,1,1286,0,0,,,
Inflation,PCEPILFE,2,mid_month,2023-06,2023-06-15,Inflation Ridge-AR Ensemble,1.9843224364830547,3.4947779912316284,3.4714949181500061,-0.023283073081622252,-1.5104555547485736,-1.4871724816669514,2.2814759828708211,2.2116819902274387,-0.069793992643382374,1.5104555547485736,1.4871724816669514,-0.023283073081622252,1d08b874d7bce4f6418361d7e9e35acbb28fb786e60bda8c15f016e0a267febc,c43db380c4dfbd878cdd2d10dac665d3bd4f8754550d232c5ff3866c81b1a32c,5ceddefad5badcaad26f7de0e1365ddacfe2e426da3e8de97782240211dace5e,5ceddefad5badcaad26f7de0e1365ddacfe2e426da3e8de97782240211dace5e,1,1,1293,0,0,,,
Inflation,PCEPILFE,3,month_end,2023-06,2023-06-30,Inflation Bridge Ridge,1.9843224364830547,3.30375020284258,3.1839551149111331,-0.11979508793144689,-1.3194277663595253,-1.1996326784280784,1.7408896306404862,1.4391185631525254,-0.30177106748796079,1.3194277663595253,1.1996326784280784,-0.11979508793144689,b92ae93bc8ff4e7485c1447cd9cb23ba00c85f6fed425f139954b509402dc803,0068cd3c38020a318e527c19d942248530e0c8eba4c2cfbfc4a0dc5dacf7405c,a6511e03d786bfe6e3fe0d78fb67ef9cf4aa58331e50545e36c9217227532357,a6511e03d786bfe6e3fe0d78fb67ef9cf4aa58331e50545e36c9217227532357,1,1,1295,0,0,,,
Inflation,PCEPILFE,4,pre_release,2023-06,2023-07-27,Inflation Bridge Ridge,1.9843224364830547,3.237675325320164,3.1839551149111331,-0.053720210409030855,-1.2533528888371093,-1.1996326784280784,1.5708934639563272,1.4391185631525254,-0.13177490080380183,1.2533528888371093,1.1996326784280784,-0.053720210409030855,09b0df7d3b2489924b28454ae3093b018e7154d1730fba4562453c6c00d7d830,7424eb72f65e776d2f8b5d799aacd3dc4a76a06116d688ed25d7fff9a5901569,a131430e64b1dee5eadb1bbd848c791414c0d55209177a4798fa06d30986eaef,a131430e64b1dee5eadb1bbd848c791414c0d55209177a4798fa06d30986eaef,1,1,1301,0,0,,,
Inflation,PCEPILFE,1,month_open,2023-07,2023-07-01,Inflation Bridge Ridge,2.587969751250796,3.6206979745649881,3.3217881527510924,-0.29890982181389569,-1.0327282233141921,-0.73381840150029642,1.0665275832296879,0.53848944638045027,-0.52803813684923762,1.0327282233141921,0.73381840150029642,-0.29890982181389569,772d853be45298023544f2d92b64ba3a8f809b150ffaa189716d3bcf8d0d4e4d,8146317ea26be3fd13e3d6f69a85141ab2235ec1c9877c2a3090e3ce5b3462e0,a6511e03d786bfe6e3fe0d78fb67ef9cf4aa58331e50545e36c9217227532357,a6511e03d786bfe6e3fe0d78fb67ef9cf4aa58331e50545e36c9217227532357,1,1,1295,0,0,,,
Inflation,PCEPILFE,2,mid_month,2023-07,2023-07-15,Inflation Ridge-AR Ensemble,2.587969751250796,2.9055926623271482,3.1573737697810258,0.25178110745387761,-0.31762291107635221,-0.56940401853022982,0.10088431364061634,0.32422093631837429,0.22333662267775795,0.31762291107635221,0.56940401853022982,0.25178110745387761,89027fe9e485f8e383ea0d772ef18067f845d85a2ef90610397154b79eacb5e0,e5b51fae57e5f8fd86390939d7404200e0ac2e639d10f2e0aacf8a03d956357f,f76cf915a06ba462fb3827a5332017d503a67ac36270c0d8242eda167df4687b,f76cf915a06ba462fb3827a5332017d503a67ac36270c0d8242eda167df4687b,1,1,1301,0,0,,,
Inflation,PCEPILFE,3,month_end,2023-07,2023-07-31,Inflation Bridge Ridge,2.587969751250796,2.3391938785512076,3.1183210239027996,0.779127145351592,0.24877587269958834,-0.53035127265200366,0.061889434837441783,0.28127247240359993,0.21938303756615815,0.24877587269958834,0.53035127265200366,0.28157539995241532,8abf16ba027a6d7454bffeb54143bf215ce42b236ff9002b8da5a7bc61e1a7e1,0dae2e3f5a3029c5971f161a3fd8d5ebe12132c698e98e56f55f5028f5851209,b85afdc388154a478994401ebef157787c5436ea06bd402a4b9a460b99b267ba,b85afdc388154a478994401ebef157787c5436ea06bd402a4b9a460b99b267ba,1,1,1303,0,0,,,
Inflation,PCEPILFE,4,pre_release,2023-07,2023-08-30,Inflation Bridge Ridge,2.587969751250796,2.5823442226994047,3.1183210239027996,0.53597680120339497,0.0056255285513913122,-0.53035127265200366,3.1646571482518834e-05,0.28127247240359993,0.2812408258321174,0.0056255285513913122,0.53035127265200366,0.52472574410061235,8064fe024cfb5d10725c6fee6bf417f2402ae91f2306b3b66708ab97f942cf67,7db78c1d11de4bde06956ec80de9723790655f8336e5222a1d487bc43109b25d,055041c5aa70997b92a8b74e177bf895dbf874189fab62992298fe2e87bea0b8,055041c5aa70997b92a8b74e177bf895dbf874189fab62992298fe2e87bea0b8,1,1,1309,0,0,,,
Inflation,PCEPILFE,1,month_open,2023-08,2023-08-01,Inflation Bridge Ridge,1.7367228667325207,1.9208254838887413,2.7196385445217173,0.79881306063297597,-0.18410261715622056,-0.98291567778919653,0.033893773643769914,0.9661232296437956,0.93222945600002571,0.18410261715622056,0.98291567778919653,0.79881306063297597,14e5e80143efbaecbec28ae3af68a385e1236611e647b34a42dcabbed821774f,5848d3d90d8fb3cb83305553b11559372eedfad2967ca0c6593a72150bf2bed8,8dab094f5bdcbfff875dd0826ad96d33a9b4e062e019836430e36982ce51971c,8dab094f5bdcbfff875dd0826ad96d33a9b4e062e019836430e36982ce51971c,1,1,1303,0,0,,,
Inflation,PCEPILFE,2,mid_month,2023-08,2023-08-15,Inflation Ridge-AR Ensemble,1.7367228667325207,2.0399197039859871,2.7128875343530972,0.67296783036711005,-0.30319683725346636,-0.97616466762057641,0.09192832212050496,0.95289745831079042,0.86096913619028548,0.30319683725346636,0.97616466762057641,0.67296783036711005,9cc2c2745a298698df6c4f34ca2408a44f30fa474f8671fa4f1e4295603404a2,8bf42348241ea93b70afc1bdca9936cb80d130a39ffb6f692ea15d2789024178,352986a98748b8b518cdc05afc969df167ce7ce24505eb68cccedf2a54c730fa,352986a98748b8b518cdc05afc969df167ce7ce24505eb68cccedf2a54c730fa,1,1,1309,0,0,,,
Inflation,PCEPILFE,3,month_end,2023-08,2023-08-31,Inflation Bridge Ridge,1.7367228667325207,2.1519150491067824,2.2539207989741543,0.10200574986737188,-0.4151921823742617,-0.51719793224163357,0.17238454830470218,0.26749370111502141,0.095109152810319231,0.4151921823742617,0.51719793224163357,0.10200574986737188,c299c45efa306601544e041365cc364368d1840074da8d2a35e92e74b808789c,e41aa2d2c7aaca44a5724d358074f5f74151c5612e88fb6f18377c969a94c4f6,4a059c3e858ca1bfce981e01c3ab67c98660107278ce9ecf2bb4bffb044225db,4a059c3e858ca1bfce981e01c3ab67c98660107278ce9ecf2bb4bffb044225db,1,1,1311,0,0,,,
Inflation,PCEPILFE,4,pre_release,2023-08,2023-09-28,Inflation Bridge Ridge,1.7367228667325207,2.0818377961298764,2.2539207989741543,0.17208300284427791,-0.34511492939735566,-0.51719793224163357,0.11910431449294179,0.26749370111502141,0.14838938662207962,0.34511492939735566,0.51719793224163357,0.17208300284427791,dd02531d2f17ef234098f9bba8c7a8d9025b577d74fadd26a2cd04f8bb9500a5,d107f999baad5d9ea813996db142bf1a4245a3ae5b216a9e6b0c6df00c449e83,c44307dd5cfeddd26908fabf8082a5d310bef54231b1d9e2ca6be4405ade227c,c44307dd5cfeddd26908fabf8082a5d310bef54231b1d9e2ca6be4405ade227c,1,1,1318,0,0,,,
Inflation,PCEPILFE,1,month_open,2023-09,2023-09-01,Inflation Bridge Ridge,3.5771121539678319,3.2351885626269943,2.8303444969827174,-0.40484406564427688,0.34192359134083761,0.74676765698511449,0.11691174231541612,0.55766193351903759,0.44075019120362147,0.34192359134083761,0.74676765698511449,0.40484406564427688,b85a328ae132025b941fa72de3c6759b46734f451777c72148c74dfd12a5e3ce,2b590fa20fcd468751462341d3c9d664b262644c7d6e6c3de70cdd6cb885088e,ee8dbaa69d0dd74138e1ef1a4c31899226723bc2934483cc81c9033af016dece,ee8dbaa69d0dd74138e1ef1a4c31899226723bc2934483cc81c9033af016dece,1,1,1313,0,0,,,
Inflation,PCEPILFE,2,mid_month,2023-09,2023-09-15,Inflation Ridge-AR Ensemble,3.5771121539678319,2.5492192762479533,2.172459583708334,-0.37675969253961927,1.0278928777198786,1.4046525702594979,1.0565637680672533,1.9730488431366136,0.91648507506936028,1.0278928777198786,1.4046525702594979,0.37675969253961927,61e5ff22c1712efb73e9d56a561747473a23ba97f849c34eb9865177f289d33f,3daa95505696e48f8f73cbb90288337eacba6440ac9f5ae2453279f005448311,e8d510ef09d0a397a43c47233f8be7a02592b392c006db06ad19d80f61f78734,e8d510ef09d0a397a43c47233f8be7a02592b392c006db06ad19d80f61f78734,1,1,1318,0,0,,,
Inflation,PCEPILFE,3,month_end,2023-09,2023-09-30,Inflation Bridge Ridge,3.5771121539678319,2.5095974036463016,2.3471213607005024,-0.1624760429457992,1.0675147503215303,1.2299907932673295,1.1395877421540392,1.5128773515223946,0.37328960936835531,1.0675147503215303,1.2299907932673295,0.1624760429457992,a8b9090e854655e2a7df78c3a56653fd01ce034c9dc56dbec062b83091192828,7b0f251085bebdb90c2390113067c368144c9e4de51549aa86e35bd66629c739,cf5c515f0031178cfd7d9840ecc834028989c94b0c180647e4890c8b6df6c57f,cf5c515f0031178cfd7d9840ecc834028989c94b0c180647e4890c8b6df6c57f,1,1,500,0,0,,,
Inflation,PCEPILFE,4,pre_release,2023-09,2023-10-26,Inflation Bridge Ridge,3.5771121539678319,2.6616943583582442,2.3471213607005024,-0.31457299765774183,0.91541779560958769,1.2299907932673295,0.83798974051871689,1.5128773515223946,0.67488761100367767,0.91541779560958769,1.2299907932673295,0.31457299765774183,10c23c386dbc4cecb90a813dd8c10c2f628bc36d10ed2fd4ebee43d33029bbcc,0f4a108274e8b33634ff1e6dceb1142586e00fdb7c3e3bce423e585b86221af2,487fd56763ec9e67ca7eb11cb8ea0d1f85aa2d87f182fb4b3c31888f5061b2eb,487fd56763ec9e67ca7eb11cb8ea0d1f85aa2d87f182fb4b3c31888f5061b2eb,1,1,507,0,0,,,
Inflation,PCEPILFE,1,month_open,2023-10,2023-10-01,Inflation Bridge Ridge,1.9598534466631179,2.7861230288553873,2.3951117351188267,-0.39101129373656063,-0.82626958219226943,-0.4352582884557088,0.6827214224561875,0.189449777669393,-0.49327164478679453,0.82626958219226943,0.4352582884557088,-0.39101129373656063,3a26df0d3895e07bab51d56556b6001227ed70942d6dda4e93c5ebce84cdeebc,f1429f2ae5e03c0edc44d9ed8f6728372dc07188c354af7530374bc465276ba7,cf5c515f0031178cfd7d9840ecc834028989c94b0c180647e4890c8b6df6c57f,cf5c515f0031178cfd7d9840ecc834028989c94b0c180647e4890c8b6df6c57f,1,1,500,0,0,,,
Inflation,PCEPILFE,2,mid_month,2023-10,2023-10-15,Inflation Ridge-AR Ensemble,1.9598534466631179,2.358697292756442,2.131897963109854,-0.226799329646588,-0.39884384609332413,-0.17204451644673613,0.15907641356651522,0.02959931563939126,-0.12947709792712397,0.39884384609332413,0.17204451644673613,-0.226799329646588,a424c78a7cd11f5b4ff41db85df2beea0102fc337d3c877f62063e1e9488380d,917d556e24a7944b9bbf9bc6bd345d88d0f921712684ab74523ae6eb5a37be49,c8b47b4db05f85c00ed6c117e5b87a9dd33b46f764b454bab09f2f4a0acbceee,c8b47b4db05f85c00ed6c117e5b87a9dd33b46f764b454bab09f2f4a0acbceee,1,1,507,0,0,,,
Inflation,PCEPILFE,3,month_end,2023-10,2023-10-31,Inflation Bridge Ridge,1.9598534466631179,3.301426710842009,3.2583321703384716,-0.043094540503537448,-1.3415732641788911,-1.2984787236753537,1.7998188231596048,1.6860469958375754,-0.1137718273220294,1.3415732641788911,1.2984787236753537,-0.043094540503537448,2949285386a43565a033f492f774a76efe02f8f074faff23a4539ac02b94dea7,1355f8d927f34812da8728848638ae0a9b4db9597730360eebdbcb2546a00f38,16cdea2a7bea79dc5673174cfbd3849e30c2f45cc210da351d08bdd5750fe4e1,16cdea2a7bea79dc5673174cfbd3849e30c2f45cc210da351d08bdd5750fe4e1,1,1,509,0,0,,,
Inflation,PCEPILFE,4,pre_release,2023-10,2023-11-29,Inflation Bridge Ridge,1.9598534466631179,3.4568223884409917,3.2583321703384716,-0.1984902181025201,-1.4969689417778738,-1.2984787236753537,2.2409160126475673,1.6860469958375754,-0.5548690168099919,1.4969689417778738,1.2984787236753537,-0.1984902181025201,1eade0273f3f46e6428c1160b72768021434ff136af13d22a98105782650ec41,de7194bbab284c7b0a77490514585dbf3852f0f31b5abba5addb0360e1ab0401,01a37f977817bf9f9d902af80cc239e4c65d8db8109b6156375ca6763909f870,01a37f977817bf9f9d902af80cc239e4c65d8db8109b6156375ca6763909f870,1,1,515,0,0,,,
Inflation,PCEPILFE,1,month_open,2023-11,2023-11-01,Inflation Bridge Ridge,0.69967933346966049,3.7556095101591773,3.7576245270285389,0.0020150168693615633,-3.0559301766895168,-3.0579451935588784,9.3387092448016222,9.3510288068098468,0.012319562008224594,3.0559301766895168,3.0579451935588784,0.0020150168693615633,a5393d6ec69e1d357cf1f32af81147b0f60146446a8004226b89cc12f838810d,afd65b49bd82e9de8a732ee80dcc3472c58bfccf57a44d68f4683d94eebf3411,1f826f98ecf595aed0a10562b8bb392cdb40624a8a721662d1e5b432e821ffa4,1f826f98ecf595aed0a10562b8bb392cdb40624a8a721662d1e5b432e821ffa4,1,1,509,0,0,,,
Inflation,PCEPILFE,2,mid_month,2023-11,2023-11-15,Inflation Ridge-AR Ensemble,0.69967933346966049,3.2869197761677444,3.3759293358863474,0.089009559718602915,-2.587240442698084,-2.6762500024166869,6.6938131083325771,7.1623140754353161,0.46850096710273892,2.587240442698084,2.6762500024166869,0.089009559718602915,e8d35d9b894396dbacce853bbcba41da9c87e799884c4d13d86a672843c9a2f9,960c9d63830a896d1e77d11e62f6f2e8ab61f406d61f76f55255904ad6a18a30,c3bf8627ba4b01c8006781079d173793ec5661c1fd050d19885c014d1e267158,c3bf8627ba4b01c8006781079d173793ec5661c1fd050d19885c014d1e267158,1,1,515,0,0,,,
Inflation,PCEPILFE,3,month_end,2023-11,2023-11-30,Inflation Bridge Ridge,0.69967933346966049,3.1010351136496999,3.0939282112915913,-0.0071069023581085133,-2.4013557801800394,-2.3942488778219309,5.7665095830040851,5.7324276889515753,-0.034081894052509831,2.4013557801800394,2.3942488778219309,-0.0071069023581085133,10b81e01adda2a8d5cfb24c7264c7fc5a0a37d36fb8da475fa1bd9f9b40dd447,7a5d4a2ab613d7deb1a839b5a395128dfa7926544fa7b6fbfcbf0b1d5d69d800,ea666c62013dd3ae7cd0632865882f71d68e8d525736b1bf1348be143e3e5fdc,ea666c62013dd3ae7cd0632865882f71d68e8d525736b1bf1348be143e3e5fdc,1,1,517,0,0,,,
Inflation,PCEPILFE,4,pre_release,2023-11,2023-12-21,Inflation Bridge Ridge,0.69967933346966049,3.1186638732826286,3.0939282112915913,-0.024735661991037272,-2.4189845398129681,-2.3942488778219309,5.8514862038541571,5.7324276889515753,-0.11905851490258179,2.4189845398129681,2.3942488778219309,-0.024735661991037272,80167160ef7eb08ebf3c8a898b98d14c9aba76e419f9a1024b63f58a2c02537c,61d3d230c5edbf7d3a273302a69efea589306c2b6ce207fdee1feb02a1fd9e45,fc4d5ab9e033fcf4b6b9d1de418213997fdd2bc92eab5fef9555f9a4a80edd59,fc4d5ab9e033fcf4b6b9d1de418213997fdd2bc92eab5fef9555f9a4a80edd59,1,1,523,0,0,,,
Inflation,PCEPILFE,1,month_open,2023-12,2023-12-01,Inflation Bridge Ridge,2.0567268806672701,1.9331196614103625,2.4093574545602738,0.47623779314991133,0.12360721925690754,-0.35263057389300378,0.015278744652425215,0.12434832164410921,0.10906957699168399,0.12360721925690754,0.35263057389300378,0.22902335463609624,743e6919713900b76e677717cd1a66869d15bf5ff291e59b557bcbce3da349f9,a9df255e1cc3b6bb0d7232fdd5d4de60cdf2036e9ddae70c150f3e7ad74b4fa9,79796b7adf2c690b44d52981e66382b64ecf9c96fc819f3d7ae14dc2998142c8,79796b7adf2c690b44d52981e66382b64ecf9c96fc819f3d7ae14dc2998142c8,1,1,517,0,0,,,
Inflation,PCEPILFE,2,mid_month,2023-12,2023-12-15,Inflation Ridge-AR Ensemble,2.0567268806672701,2.1202744460558463,2.2380640764881452,0.11778963043229895,-0.063547565388576199,-0.18133719582087515,0.0040382930668153676,0.032883178588178422,0.028844885521363054,0.063547565388576199,0.18133719582087515,0.11778963043229895,5df490ec980999cf3b758b948dbb6f3f3a4033a284583dd5839079d626dfd73c,1e66603e5e6e03040654dea93644737b76e1731a99a0a94615299024e50a39a7,6e4fdb85fe36c3e497f07778f8f0bc4d05cf0cc6f50299f10fc97bba6593175f,6e4fdb85fe36c3e497f07778f8f0bc4d05cf0cc6f50299f10fc97bba6593175f,1,1,523,0,0,,,
Inflation,PCEPILFE,3,month_end,2023-12,2023-12-31,Inflation Bridge Ridge,2.0567268806672701,1.7386116341158033,2.2700633296344241,0.53145169551862081,0.31811524655146672,-0.21333644896715409,0.10119731008850046,0.045512440457915145,-0.055684869630585311,0.31811524655146672,0.21333644896715409,-0.10477879758431263,f7b61655455882d5c1efa87a7335a050e0b97a1ca437ec972e0b8e402ece3e3e,e7e1d1e90101cbe3b37b475960244ad8f54bd299b58ea5ed4239498d090c8bef,dda46da02e3f59419d02503cb0aa64b0a346cb2848c41bdd9bf56d5475d04160,dda46da02e3f59419d02503cb0aa64b0a346cb2848c41bdd9bf56d5475d04160,1,1,525,0,0,,,
Inflation,PCEPILFE,4,pre_release,2023-12,2024-01-25,Inflation Bridge Ridge,2.0567268806672701,1.6984894326565998,2.2700633296344241,0.57157389697782435,0.35823744801067026,-0.21333644896715409,0.12833406915719767,0.045512440457915145,-0.082821628699282529,0.35823744801067026,0.21333644896715409,-0.14490099904351617,9a266eeee56fe1c97f50071e007c9688b9548475e73a1ca8b42d4ea8fdeb90e7,88dc6cc22c7aad9bdf630b0257a07834d0d7119944ac827aaab5a11b067d4ff6,cf1c0762eea6df5d5b730c22619443d949ad841d09703194018fa1ac75ee1ab0,cf1c0762eea6df5d5b730c22619443d949ad841d09703194018fa1ac75ee1ab0,1,1,521,0,0,,,
Inflation,PCEPILFE,1,month_open,2024-01,2024-01-01,Inflation Bridge Ridge,4.9768647459384141,1.6882827056769956,2.0993381798688664,0.41105547419187083,3.2885820402614185,2.8775265660695477,10.814771835529955,8.2801591384360034,-2.5346126970939515,3.2885820402614185,2.8775265660695477,-0.41105547419187083,1c9d7a507fb5ecf3beece8ebfe371399356d8179c0ea445c88bafdbb78fed0f5,683926235244048597ae1df4449d1a461ce86d3455077318dee26ba62680a55b,dda46da02e3f59419d02503cb0aa64b0a346cb2848c41bdd9bf56d5475d04160,dda46da02e3f59419d02503cb0aa64b0a346cb2848c41bdd9bf56d5475d04160,1,1,525,0,0,,,
Inflation,PCEPILFE,2,mid_month,2024-01,2024-01-15,Inflation Ridge-AR Ensemble,4.9768647459384141,1.4741096702389063,1.8828273416524723,0.40871767141356607,3.5027550756995076,3.0940374042859418,12.269293120338663,9.5730674591204874,-2.6962256612181754,3.5027550756995076,3.0940374042859418,-0.40871767141356585,82d6c3d39139ad4d032d65475f1827d5719054f56653a8b93a2e9cff9dc268d7,e8bbcf2de104a060f9bba7049d88c00b2bd483f500833b169e79807a5cb06d62,173415f4a9a2667f29bef2b408aa1a8bff70a1d10c3f46f3e0ed508986bb57f7,173415f4a9a2667f29bef2b408aa1a8bff70a1d10c3f46f3e0ed508986bb57f7,1,1,521,0,0,,,
Inflation,PCEPILFE,3,month_end,2024-01,2024-01-31,Inflation Bridge Ridge,4.9768647459384141,2.1123734407853156,2.3349968513904504,0.2226234106051348,2.8644913051530985,2.6418678945479637,8.205310437297701,6.9794659722432906,-1.2258444650544105,2.8644913051530985,2.6418678945479637,-0.2226234106051348,bd4850b054c3eb496d5f50f993746b4865bae6c15ef731f72f55168c4d365e20,e09d429702ae4d4362b7170d30c19f60c023dfa56646718c8c5ebf174ad3ad01,ef9903f205352336d791c17afdad0df732406980e9307c230507ee61b8fbd0a8,ef9903f205352336d791c17afdad0df732406980e9307c230507ee61b8fbd0a8,1,1,523,0,0,,,
Inflation,PCEPILFE,4,pre_release,2024-01,2024-02-28,Inflation Bridge Ridge,4.9768647459384141,2.101561024748571,2.3349968513904504,0.23343582664187945,2.8753037211898431,2.6418678945479637,8.2673714890881591,6.9794659722432906,-1.2879055168448685,2.8753037211898431,2.6418678945479637,-0.23343582664187945,4a80c6259c94adcc0c0cb7f634e570a85306241b54e976d50e2d2e2e9957bd2a,75be40f32d485eb293c45e7eb7d1a28c82169596ebf147293b27624c9beaa2a2,d255d720da648e782131939eef57b00bfbe9c579e49aa1310d1664cc63c8ddbd,d255d720da648e782131939eef57b00bfbe9c579e49aa1310d1664cc63c8ddbd,1,1,473,0,0,,,
Inflation,PCEPILFE,1,month_open,2024-02,2024-02-01,Inflation Bridge Ridge,3.1337047897789461,2.1080291687477599,2.1334679199805557,0.02543875123279582,1.0256756210311861,1.0002368697983903,1.0520104795777094,1.0004737957040821,-0.051536683873627309,1.0256756210311861,1.0002368697983903,-0.02543875123279582,4acd561b9e983aecffffe0fb830530af2b93463dfc296c45ebca9c5842b184ab,8f1e330ed51dade796484598da6b98d1d99bea2b00286cafc0c9233b60dd1b9a,f8155f400e1a737fefe7241773f6bf215d45121db274090b73c7899d8bcc04ae,f8155f400e1a737fefe7241773f6bf215d45121db274090b73c7899d8bcc04ae,1,1,523,0,0,,,
Inflation,PCEPILFE,2,mid_month,2024-02,2024-02-15,Inflation Ridge-AR Ensemble,3.1337047897789461,2.2351403993399663,2.3281821465156991,0.09304174717573277,0.89856439043897973,0.80552264326324696,0.80741796376497521,0.64886672880980822,-0.15855123495516699,0.89856439043897973,0.80552264326324696,-0.09304174717573277,ae89d3ae96b6270f5992f8c6f7491518dcf032586320f2b75a3b0fa9c8312b34,2052c272bfc0fc539daf5b1f3cc50c5796bed592e4ba6cd7e91e27de12bf1b6a,4d75aafcf08e46a4cdb46132f8b7f4a90a596eaa62574e13ca4513684a3cc85e,4d75aafcf08e46a4cdb46132f8b7f4a90a596eaa62574e13ca4513684a3cc85e,1,1,472,0,0,,,
Inflation,PCEPILFE,3,month_end,2024-02,2024-02-29,Inflation Bridge Ridge,3.1337047897789461,3.4047586300767083,3.8068257881812113,0.402067158104503,-0.27105384029776225,-0.67312099840226525,0.073470184340164807,0.45309187849006238,0.37962169414989755,0.27105384029776225,0.67312099840226525,0.402067158104503,94b0121ab2e59c8cd66e8ebbe56a6b7f55071b97d156e84142e41ce7c1772b2f,31f0a4fc82ebd80d52e858fd4c94e2e1ddb93c26e8c8c05a474def6f77d3b554,ba70b5c1509c031f1ee5fa10c2986986c1448a3b9c32b38cd69afbc22bef7894,ba70b5c1509c031f1ee5fa10c2986986c1448a3b9c32b38cd69afbc22bef7894,1,1,475,0,0,,,
Inflation,PCEPILFE,4,pre_release,2024-02,2024-03-28,Inflation Bridge Ridge,3.1337047897789461,3.4616103819655093,3.8068257881812113,0.34521540621570201,-0.32790559218656323,-0.67312099840226525,0.10752207738722072,0.45309187849006238,0.34556980110284163,0.32790559218656323,0.67312099840226525,0.34521540621570201,4f4e7f91a64bd975e81a2454a36631701afe9b359ec97445e1c7ee7fcb03072d,e0c408288102ebd43936c163b80a0c2d111a89acf591db6521ae0d653ba432e3,a10e3a2e9d21276aef55fb3e98b8d931e8a23a0ddf6138704f9a86ca5e6d861e,a10e3a2e9d21276aef55fb3e98b8d931e8a23a0ddf6138704f9a86ca5e6d861e,1,1,481,0,0,,,
Inflation,PCEPILFE,1,month_open,2024-03,2024-03-01,Inflation Bridge Ridge,3.7950008157764614,4.235304325911752,4.4801524905195471,0.24484816460779513,-0.44030351013529057,-0.68515167474308569,0.19386718103745793,0.4694328174032551,0.27556563636579717,0.44030351013529057,0.68515167474308569,0.24484816460779513,f9ba877379756fdb8fb080f7d9c3d4a9398f93a116a9f04c27f138d329ec8492,2b3976610d1bfd36fd50acf31bfe3d62a3eef2fdfff59900621b99435eb3af2d,bca78d374b379776ac8014aebb1e716985b1a06c9bd18cf51bc3419bc9b4f44a,bca78d374b379776ac8014aebb1e716985b1a06c9bd18cf51bc3419bc9b4f44a,1,1,475,0,0,,,
Inflation,PCEPILFE,2,mid_month,2024-03,2024-03-15,Inflation Ridge-AR Ensemble,3.7950008157764614,3.7265151765484452,4.330461703532503,0.60394652698405782,0.068485639228016204,-0.53546088775604161,0.0046902827804699921,0.28671836231648817,0.28202807953601816,0.068485639228016204,0.53546088775604161,0.46697524852802541,579708298d18115ae7a6ec5713142c458e6f1054da00080213fc09c492efe402,e90545c039b859f3034e979802b16fb80c68007e663120facf1b0e9337d5c522,0969944b03a9be7f8e00193c2c171ef97e22329c46f9e0561178fbd07b06b01c,0969944b03a9be7f8e00193c2c171ef97e22329c46f9e0561178fbd07b06b01c,1,1,481,0,0,,,
Inflation,PCEPILFE,3,month_end,2024-03,2024-03-31,Inflation Bridge Ridge,3.7950008157764614,3.0078277334183352,3.0812647630517382,0.073437029633403039,0.78717308235812622,0.71373605272472318,0.61964146158919331,0.50941915295906881,-0.1102223086301245,0.78717308235812622,0.71373605272472318,-0.073437029633403039,2c9265b86c22ac75b6b440afc4255aaaf6e9144c87eb36fe2f27cf8020b2bd66,bfe10096ae83a37605a7a8614929d15e0f5f1ae666ffde76b7580a4073cfc85a,5f0ae4a0514501e97c6bc3a1c39110439eacef398d562b12a27f322bfd3b7a1d,5f0ae4a0514501e97c6bc3a1c39110439eacef398d562b12a27f322bfd3b7a1d,1,1,483,0,0,,,
Inflation,PCEPILFE,4,pre_release,2024-03,2024-04-25,Inflation Bridge Ridge,3.7950008157764614,3.0762073432278259,3.0812647630517382,0.0050574198239123902,0.71879347254863557,0.71373605272472318,0.51666405617852607,0.50941915295906881,-0.0072449032194572549,0.71879347254863557,0.71373605272472318,-0.0050574198239123902,43a68da20840f683bc7f8e65f81aced8d7d68c35cea1780f398bd53baa023732,f4a21f321d47371953247c38828648a796ee1800d92be86542ec278348fe865e,801eb36d8f952309e2fd49892d8583c14d556db5926646d7c63b618bbbab4505,801eb36d8f952309e2fd49892d8583c14d556db5926646d7c63b618bbbab4505,1,1,490,0,0,,,
Inflation,PCEPILFE,1,month_open,2024-04,2024-04-01,Inflation Bridge Ridge,2.9862652209914131,2.6190519470827911,2.5472174109609034,-0.071834536121887727,0.36721327390862202,0.43904781003050974,0.13484558853468867,0.19276297949258658,0.057917390957897913,0.36721327390862202,0.43904781003050974,0.071834536121887727,0765f629012b7882da9b07236737a448cea652d24c7d60f9c5500570f2be42f0,b0f02ff3b2fc0b4562d043d6cd1b237b7e300750e39a1320956be52600765396,6958e02f2f8ad707f31544c5e80d0608ec30dec889e238c0484f9b0095bf3676,6958e02f2f8ad707f31544c5e80d0608ec30dec889e238c0484f9b0095bf3676,1,1,483,0,0,,,
Inflation,PCEPILFE,2,mid_month,2024-04,2024-04-15,Inflation Ridge-AR Ensemble,2.9862652209914131,2.8575960208117248,2.8412754102369289,-0.016320610574795946,0.1286692001796883,0.14498981075448425,0.0165557630748807,0.021022045222621157,0.0044662821477404573,0.1286692001796883,0.14498981075448425,0.016320610574795946,4d2fb4af32164d7f9a5e2ce4cb4b96b3bb1b170fb3146c81bc70cc545eb356a4,4e3e8691fee80a0a27bd357fbb82bffc522422411f2259fe705dec6420f32039,8023416b4779bfa6cee81b548b929553f1a0889d1a5f5a4ed7ce449105ba9ff5,8023416b4779bfa6cee81b548b929553f1a0889d1a5f5a4ed7ce449105ba9ff5,1,1,490,0,0,,,
Inflation,PCEPILFE,3,month_end,2024-04,2024-04-30,Inflation Bridge Ridge,2.9862652209914131,3.0743733985754194,3.1853414193189917,0.11096802074357237,-0.088108177584006242,-0.19907619832757861,0.00776305095717478,0.039631332740561416,0.031868281783386639,0.088108177584006242,0.19907619832757861,0.11096802074357237,2bc305f36c3ba0e98f4ecc69dc238a3f07b3bf0a383760a4532ed7ac5ba82ab7,51f844037bbe282e95e0e95d99c53100f208af4363c3888def69080c698bd20e,f0b5ebc55e34fe7584f5c836f2345f957af7a687a208a9cf66758cd181e547a5,f0b5ebc55e34fe7584f5c836f2345f957af7a687a208a9cf66758cd181e547a5,1,1,492,0,0,,,
Inflation,PCEPILFE,4,pre_release,2024-04,2024-05-30,Inflation Bridge Ridge,2.9862652209914131,3.1101050112103632,3.1853414193189917,0.075236408108628527,-0.12383979021895009,-0.19907619832757861,0.015336293641473566,0.039631332740561416,0.02429503909908785,0.12383979021895009,0.19907619832757861,0.075236408108628527,1daadabbd579d87990dc805c584632fa97f3e043b7a911b9c4a17d40fdd3d09b,fdd654e67e44289ba3be442b1f79497804e03de7fbb5fef45cdab0a6f25df1d1,cc30edb22622813488372346f9b0c458372f20cc6bcefb1db57e759c95e8bb9b,cc30edb22622813488372346f9b0c458372f20cc6bcefb1db57e759c95e8bb9b,1,1,498,0,0,,,
Inflation,PCEPILFE,1,month_open,2024-05,2024-05-01,Inflation Bridge Ridge,0.9934874680656236,2.6757553266616769,2.9558947132787252,0.28013938661704829,-1.6822678585960533,-1.9624072452131016,2.8300251480653507,3.8510421960648742,1.0210170479995235,1.6822678585960533,1.9624072452131016,0.28013938661704829,01c59925fab16ba62b08a4763c2108a3b840145569e7ae080f15c6b5d2a754f9,bbfc006de201d60058c0bee992c760e46682215e3aebe209c45ae136cc9d40a5,22866f08ae0d3c94d3b2104f58192ac77f55e14849759a918732aa9ef577b39f,22866f08ae0d3c94d3b2104f58192ac77f55e14849759a918732aa9ef577b39f,1,1,492,0,0,,,
Inflation,PCEPILFE,2,mid_month,2024-05,2024-05-15,Inflation Ridge-AR Ensemble,0.9934874680656236,2.8021123417961875,3.3897844646122408,0.5876721228160533,-1.8086248737305639,-2.3962969965466172,3.2711239338768983,5.7422392956583383,2.4711153617814401,1.8086248737305639,2.3962969965466172,0.5876721228160533,f8524ab49b321d39909136fdc89da4dd16e9e21c7dc4142a838e625a326a841a,c9f9794d45b1bcd984e08ce51d532627b864f29db2b4a64b833745710c4363bc,487f0399bda369af6e20d11015903df3b34aef424a9ad791db7f003428fae93a,487f0399bda369af6e20d11015903df3b34aef424a9ad791db7f003428fae93a,1,1,498,0,0,,,
Inflation,PCEPILFE,3,month_end,2024-05,2024-05-31,Inflation Bridge Ridge,0.9934874680656236,2.2064198554431496,2.5972765823105921,0.39085672686744255,-1.212932387377526,-1.6037891142449685,1.4712049763493447,2.5721395229706605,1.1009345466213158,1.212932387377526,1.6037891142449685,0.39085672686744255,c7e6964b907aa355aff058ac24e3731618d442b832672a50e47f940da5d99bae,c4f9e61429e2243f6d3f7bf97264999f8509e49290de31d2dffc96cfde5acd71,02ec1cf62042bc5d9837e2da71f44339abe1d518b4f00319e5b6bfe63b5f6a80,02ec1cf62042bc5d9837e2da71f44339abe1d518b4f00319e5b6bfe63b5f6a80,1,1,500,0,0,,,
Inflation,PCEPILFE,4,pre_release,2024-05,2024-06-27,Inflation Bridge Ridge,0.9934874680656236,2.2473233347636232,2.5972765823105921,0.34995324754696888,-1.2538358666979996,-1.6037891142449685,1.5721043806183239,2.5721395229706605,1.0000351423523366,1.2538358666979996,1.6037891142449685,0.34995324754696888,f7738a0ded3772665e08dc685517f855a7c555aea2f28e9d1b33db4abac55a2c,245022d623207eb237ccbcb05fadd6eff010d7e643d4dd804c2e7410862f60be,2aa3adde81ba349d5306c0f7ae491c9aa923ad8129b8de2ea960c486e57809c8,2aa3adde81ba349d5306c0f7ae491c9aa923ad8129b8de2ea960c486e57809c8,1,1,507,0,0,,,
Inflation,PCEPILFE,1,month_open,2024-06,2024-06-01,Inflation Bridge Ridge,2.1798014389048603,2.6157081712935466,2.4565572664410467,-0.15915090485249994,-0.43590673238868627,-0.27675582753618633,0.19001467934178173,0.076593788075239311,-0.11342089126654242,0.43590673238868627,0.27675582753618633,-0.15915090485249994,8df009ea9d2a3f9378f43651fc146c649cbd57f03acc45894e67af75e79ca32e,5b6d2edfabc174f96eb09fc86ba553be7a620792b764819936f26d53c7ce0eb6,02ec1cf62042bc5d9837e2da71f44339abe1d518b4f00319e5b6bfe63b5f6a80,02ec1cf62042bc5d9837e2da71f44339abe1d518b4f00319e5b6bfe63b5f6a80,1,1,500,0,0,,,
Inflation,PCEPILFE,2,mid_month,2024-06,2024-06-15,Inflation Ridge-AR Ensemble,2.1798014389048603,2.7481353345590627,2.5799824825011966,-0.16815285205786612,-0.56833389565420234,-0.40018104359633622,0.32300341694948176,0.16014486765385275,-0.16285854929562901,0.56833389565420234,0.40018104359633622,-0.16815285205786612,8f3e0cacb6f5af3c402bd46a804aa094a4b9e3ff43005992f708204b5d9b79d0,7e19138499c2343fd4f0a6eee5784632ab120f3e1edf30b736b1cd6a8e1bdb26,69e0678023e0b1364822fff222c60536ddf3ffca46300059deff81c320aca51b,69e0678023e0b1364822fff222c60536ddf3ffca46300059deff81c320aca51b,1,1,507,0,0,,,
Inflation,PCEPILFE,3,month_end,2024-06,2024-06-30,Inflation Bridge Ridge,2.1798014389048603,2.3027850838736823,1.9851853094324121,-0.31759977444127019,-0.12298364496882197,0.19461612947244822,0.015124976929817249,0.037875437850836725,0.022750460921019476,0.12298364496882197,0.19461612947244822,0.071632484503626248,f61e25d323addbc947aef69d4a6645eee37fe34e04218f81f074d92d6f25fdbc,12e808b9f43e22f2914882c44f118b1b2e962cea82cd48285f7343de366a1703,d5f7ccf4f6a9dd438f7993bfcf1fd4d074372a317e6a71caa8b10a288af3126a,d5f7ccf4f6a9dd438f7993bfcf1fd4d074372a317e6a71caa8b10a288af3126a,1,1,509,0,0,,,
Inflation,PCEPILFE,4,pre_release,2024-06,2024-07-25,Inflation Bridge Ridge,2.1798014389048603,2.3102134893873663,1.9817649279563354,-0.32844856143103085,-0.13041205048250593,0.19803651094852492,0.017007302911051674,0.039218459668665231,0.022211156757613558,0.13041205048250593,0.19803651094852492,0.067624460466018999,6818b9c66ea138eb09f60ccff4d558b4bbe0f789914b5eafbc5ed0068e10f2a6,5671a67d27413ad87349ac7a38037d509abfd5b578086d0f98824882b32e6899,870d691d651a6a07e15389ae22fb5e366beb302b1814d3f50003d71a79f6961e,870d691d651a6a07e15389ae22fb5e366beb302b1814d3f50003d71a79f6961e,1,1,515,0,0,,,
Inflation,PCEPILFE,1,month_open,2024-07,2024-07-01,Inflation Bridge Ridge,1.9319964454560079,1.8675150340250353,2.0620179664418137,0.19450293241677841,0.064481411430972635,-0.13002152098580577,0.0041578524201303681,0.016905595919462332,0.012747743499331964,0.064481411430972635,0.13002152098580577,0.065540109554833137,51458cda1e8975e0ed110d3f82c5cf2cf16a0d63c40603694e9ed66d3bc9304b,ee0baf1e2b8877d97f207b935e72ad7b07a38e7d766c8c42e6cc1f9a92e63db8,b92426799ddb60fdda5f588cad83e9fbfd61dc01978d13067f50cc5091870e01,b92426799ddb60fdda5f588cad83e9fbfd61dc01978d13067f50cc5091870e01,1,1,509,0,0,,,
Inflation,PCEPILFE,2,mid_month,2024-07,2024-07-15,Inflation Ridge-AR Ensemble,1.9319964454560079,1.6824452205065705,1.6835618115267144,0.0011165910201438312,0.24955122494943738,0.24843463392929355,0.062275813873764699,0.061719767335582092,-0.00055604653818260713,0.24955122494943738,0.24843463392929355,-0.0011165910201438312,8b37166569a0120b18ae657209b4910e4e7ef479ae0a46c72bee134c5d001a17,1924f87e9a3b6967657cc9840fa655b014972feab6fd3444f60f74b4c506a4f9,e432c195bf644029ae86fee9299cc8911c50933b0006df40a459a9f4947b9419,e432c195bf644029ae86fee9299cc8911c50933b0006df40a459a9f4947b9419,1,1,515,0,0,,,
Inflation,PCEPILFE,3,month_end,2024-07,2024-07-31,Inflation Bridge Ridge,1.9319964454560079,2.2117103847578345,2.5330126606704564,0.32130227591262184,-0.27971393930182664,-0.60101621521444848,0.078239887839745961,0.36122049095070025,0.2829806031109543,0.27971393930182664,0.60101621521444848,0.32130227591262184,4444c837b9e1bb7e2369c4e3f7525b22b8b23c68632f7995ae7f6e154980a9b5,aeb77c956d730a42d16039ee0da41b9d319fba2a4eeece6f9de8a8f96b8c7326,f3f9fa2d127fa5c51a87d213116c58628d896225e8645e75652581eab69ed554,f3f9fa2d127fa5c51a87d213116c58628d896225e8645e75652581eab69ed554,1,1,517,0,0,,,
Inflation,PCEPILFE,4,pre_release,2024-07,2024-08-29,Inflation Bridge Ridge,1.9319964454560079,2.2837506117357953,2.5330126606704564,0.24926204893466108,-0.35175416627978739,-0.60101621521444848,0.12373099349518832,0.36122049095070025,0.23748949745551193,0.35175416627978739,0.60101621521444848,0.24926204893466108,6f10ec17ab2445f64ecfd3fb89c58bc203bc3e319b2f02cc6b0232fde7ec6115,1d55c01daf15301ee919eb9aaba747d2667dad212338d9c147de69e9d1088d01,aada4c5d8543dfad7be0fc4b75e84839f0a83eb299465a2ce0719507014e75ae,aada4c5d8543dfad7be0fc4b75e84839f0a83eb299465a2ce0719507014e75ae,1,1,524,0,0,,,
Inflation,PCEPILFE,1,month_open,2024-08,2024-08-01,Inflation Bridge Ridge,1.5637346144796282,2.1048948327149226,2.6270427316383671,0.52214789892344449,-0.54116021823529437,-1.0633081171587389,0.29285438180047141,1.1306241520156624,0.83776977021519095,0.54116021823529437,1.0633081171587389,0.52214789892344449,a112ff08058f0ed6b24978daadcc77bb5ae2d8ab5ba3c1e31f65365a8134444f,fb5b9bb0399e3a945cdd2db98805dc1fc9000a6245062b96890878a427b8e9d5,9c1bf98539c6f20bf31234ddc3bf2652fcf26139fa25e03d866326d6e8490610,9c1bf98539c6f20bf31234ddc3bf2652fcf26139fa25e03d866326d6e8490610,1,1,517,0,0,,,
Inflation,PCEPILFE,2,mid_month,2024-08,2024-08-15,Inflation Ridge-AR Ensemble,1.5637346144796282,2.024486075097899,2.4940478774716741,0.46956180237377509,-0.46075146061827077,-0.93031326299204586,0.21229190846186993,0.8654827672989075,0.65319085883703754,0.46075146061827077,0.93031326299204586,0.46956180237377509,fa9e12b484b7d8bc14896092f0ddc4148dd4794cc6e70e6c1c1a4703b49a12ec,72ebd3c6b7a5afea4a5b57f2ed76c8bf90074f4e3a074fade21ff9a681728efd,1bd295dd87deabe94bf3ec1f8757b8804743ba9f6e9613df04afb1103d340af3,1bd295dd87deabe94bf3ec1f8757b8804743ba9f6e9613df04afb1103d340af3,1,1,524,0,0,,,
Inflation,PCEPILFE,3,month_end,2024-08,2024-08-31,Inflation Bridge Ridge,1.5637346144796282,1.8002528464543779,2.2254163443865087,0.42516349793213082,-0.23651823197474964,-0.66168172990688046,0.055940874056461483,0.43782271169256187,0.3818818376361004,0.23651823197474964,0.66168172990688046,0.42516349793213082,975f0f7bce29d3578fe95867292a231210d9665e24b282f3c98cd445a4013738,61e92124c509a7d3b1e5c779dc0a85f39a611ef9b76da21c00a0e9c8c2ed2be5,005c4acd57e5fe62cc47c2e381915bf50f1a159e4530d3600f63bad69ac3f145,005c4acd57e5fe62cc47c2e381915bf50f1a159e4530d3600f63bad69ac3f145,1,1,526,0,0,,,
Inflation,PCEPILFE,4,pre_release,2024-08,2024-09-26,Inflation Bridge Ridge,1.5637346144796282,1.8139229793230878,2.2254163443865087,0.41149336506342094,-0.25018836484345952,-0.66168172990688046,0.062594217903044008,0.43782271169256187,0.37522849378951784,0.25018836484345952,0.66168172990688046,0.41149336506342094,612501246cdbbb670b24503a02b42f6a19c3c7be782b1193010f1bb84ec6afa4,0170bb3481e6838421dd9e763e16a997c049acb2ac701fdd6c7ad488b34910b5,e54772bb15548463bb2481991914fa79bc98a3863df5ba68ec9f5f91501edabe,e54772bb15548463bb2481991914fa79bc98a3863df5ba68ec9f5f91501edabe,1,1,532,0,0,,,
Inflation,PCEPILFE,1,month_open,2024-09,2024-09-01,Inflation Bridge Ridge,3.0422716309459474,1.2003840008236106,1.3752667046720299,0.17488270384841931,1.8418876301223368,1.6670049262739175,3.3925500419976782,2.778905424221509,-0.61364461777616919,1.8418876301223368,1.6670049262739175,-0.17488270384841931,a4f2ce8b6294e6f997b4fa92a73e47d06c9f8dd431c4c1d7c0d58e46b718aec4,1c8dc73a1ac2c45a1c1235be255272e127569df4c936a9bed71fc0c8ea95bcf4,005c4acd57e5fe62cc47c2e381915bf50f1a159e4530d3600f63bad69ac3f145,005c4acd57e5fe62cc47c2e381915bf50f1a159e4530d3600f63bad69ac3f145,1,1,526,0,0,,,
Inflation,PCEPILFE,2,mid_month,2024-09,2024-09-15,Inflation Ridge-AR Ensemble,3.0422716309459474,1.8519793164035296,2.0671099837253388,0.21513066732180919,1.1902923145424178,0.97516164722060861,1.4167957940587461,0.95094023821001072,-0.46585555584873539,1.1902923145424178,0.97516164722060861,-0.21513066732180919,9eaddcf55f5ea463c414d7a32478e44de862df2cbe57a61fa8fe6c57c33a23af,b27ba7ce1c5faa2f5e68c97cebf236b017c0f0ca0baccb63402f7be15c529fcd,d0fb760c7bc6be95848e25754e96f5d1a14e46d04886c9699bc40dc3d690d3b8,d0fb760c7bc6be95848e25754e96f5d1a14e46d04886c9699bc40dc3d690d3b8,1,1,532,0,0,,,
Inflation,PCEPILFE,3,month_end,2024-09,2024-09-30,Inflation Bridge Ridge,3.0422716309459474,1.6697675112912858,1.8373651473790678,0.167597636087782,1.3725041196546617,1.2049064835668797,1.8837675584690179,1.4517996341415034,-0.43196792432751452,1.3725041196546617,1.2049064835668797,-0.167597636087782,b6bee9ad676dc47da00976fdab4f72e2dff4dfe25f601d84c903e65ea49d6619,20c60bdaa70087dee4435b3d2cbee2032bffdd92ee1a63b6bc6d131e238d76e4,c34ad2e10a661517cd54c2045512aed3567894cb5c80c082be93851263d2fe33,c34ad2e10a661517cd54c2045512aed3567894cb5c80c082be93851263d2fe33,1,1,509,0,0,,,
Inflation,PCEPILFE,4,pre_release,2024-09,2024-10-30,Inflation Bridge Ridge,3.0422716309459474,1.7581830380443693,1.8373651473790678,0.079182109334698492,1.2840885929015782,1.2049064835668797,1.648883514419955,1.4517996341415034,-0.19708388027845158,1.2840885929015782,1.2049064835668797,-0.079182109334698492,3ff0a5780a5a9483314e40a28f3400533417752a371907c1525cf16982b56a47,9e9fc75627c4d753ba61c65720323d74ff3e38691508758622b6e3a0b11f6239,07e2955a75fac6651df81f6d8b0e7138e6d0779548dc7d507bb2df03c4e62729,07e2955a75fac6651df81f6d8b0e7138e6d0779548dc7d507bb2df03c4e62729,1,1,515,0,0,,,
Inflation,PCEPILFE,1,month_open,2024-10,2024-10-01,Inflation Bridge Ridge,3.2676103922955946,1.9436583315565203,1.9096185010660436,-0.034039830490476763,1.3239520607390742,1.357991891229551,1.7528490591352412,1.8441419766452127,0.091292917509971483,1.3239520607390742,1.357991891229551,0.034039830490476763,0bde9a780e20438090ae0e0b5c7664c57538f6fb2853ee43e735662b6f0ae5ed,a6b8affcc565ad6e6b67c02a4be7bd4685d5b5039c25b15b80b6af5f712d5241,7aa51a783baf81d08c8437d0a1b438d02286434938446baba07c8f546669d083,7aa51a783baf81d08c8437d0a1b438d02286434938446baba07c8f546669d083,1,1,509,0,0,,,
Inflation,PCEPILFE,2,mid_month,2024-10,2024-10-15,Inflation Ridge-AR Ensemble,3.2676103922955946,1.7418069636247504,1.9597592140475979,0.21795225042284749,1.5258034286708442,1.3078511782479967,2.328076102943704,1.7104747044446731,-0.61760139849903095,1.5258034286708442,1.3078511782479967,-0.21795225042284749,281ef6d0ed34ad60e3a6479629efbf14508596ff807cbfede4c02a667a6a9c09,42d07c719f99a642bd051cef38204d3226a3add5166ffdfa8aed555ef401ce8a,ab66837a80ca8e0486d92fa1cc33fc53b940d1a391b9ac67b51f67bb23b27a8f,ab66837a80ca8e0486d92fa1cc33fc53b940d1a391b9ac67b51f67bb23b27a8f,1,1,515,0,0,,,
Inflation,PCEPILFE,3,month_end,2024-10,2024-10-31,Inflation Bridge Ridge,3.2676103922955946,2.0325333650816604,2.0370606918294358,0.0045273267477754509,1.2350770272139342,1.2305497004661587,1.5254152631516091,1.5142525653173531,-0.011162697834256052,1.2350770272139342,1.2305497004661587,-0.0045273267477754509,315aa6a0e3c63760a0afafac1887fe823da9d7b61d94e35e52efe814a60bb91c,c451172297cc9bd3aabc3bc1a8092ee4e84b07c4caadb85b926379c540196d29,4810be9b728094b2d5b921276cabb496b52ef9e1fbf2df1565fddb6f65739d06,4810be9b728094b2d5b921276cabb496b52ef9e1fbf2df1565fddb6f65739d06,1,1,517,0,0,,,
Inflation,PCEPILFE,4,pre_release,2024-10,2024-11-26,Inflation Bridge Ridge,3.2676103922955946,1.9868156047190482,2.0370606918294358,0.050245087110387665,1.2807947875765464,1.2305497004661587,1.6404352878832507,1.5142525653173531,-0.12618272256589758,1.2807947875765464,1.2305497004661587,-0.050245087110387665,45d862156b94a6a7f03b2ec671d97b083759df6b695448b894d0663e46c6d49e,dd4c8985ff7fe82d25d5cb9a5453ba0fede23dca7fd0e4a7fb69c8fc8a9389d2,a8647ff494bcf746d38b09e8660ec487bf261277953b57b29f09e0c9c4daff22,a8647ff494bcf746d38b09e8660ec487bf261277953b57b29f09e0c9c4daff22,1,1,521,0,0,,,
Inflation,PCEPILFE,1,month_open,2024-11,2024-11-01,Inflation Bridge Ridge,1.3783286855243659,2.1216382458586565,2.3534789899547603,0.23184074409610389,-0.74330956033429052,-0.97515030443039441,0.55250910248435625,0.95091811623069089,0.39840901374633464,0.74330956033429052,0.97515030443039441,0.23184074409610389,8fbc267d6510a2526ff236f920e15de7594349e15a1107540271af3c6f63de6b,b94d4f77594a9bebcf48f25c7ba5828800280806ac4541e4e0d3177bf2d90e65,98ed9c2bb39e34e4238e739bea756204ffe66f8cb346bd135a22ebc90fce3506,98ed9c2bb39e34e4238e739bea756204ffe66f8cb346bd135a22ebc90fce3506,1,1,516,0,0,,,
Inflation,PCEPILFE,2,mid_month,2024-11,2024-11-15,Inflation Ridge-AR Ensemble,1.3783286855243659,2.4891478627283155,2.696711826402387,0.20756396367407159,-1.1108191772039495,-1.3183831408780211,1.2339192444440594,1.738134106151396,0.50421486170733654,1.1108191772039495,1.3183831408780211,0.20756396367407159,36fd9369adf963255b6d0dc6bfedf8df0cd8f430d322cb6c028fc59762580e69,7a44e34bf7df2c379f131ffbaf28a394002cd997081139a06f26201ac552b56e,af9732e6221dd27cdd16f7b40fdbe337e104e7ab563eec9ee15668db32c30f65,af9732e6221dd27cdd16f7b40fdbe337e104e7ab563eec9ee15668db32c30f65,1,1,521,1,0,,,
Inflation,PCEPILFE,3,month_end,2024-11,2024-11-30,Inflation Bridge Ridge,1.3783286855243659,2.3776390047743972,2.6594920026640168,0.28185299788961959,-0.99931031925003122,-1.2811633171396508,0.99862111415959931,1.6413794451842736,0.64275833102467428,0.99931031925003122,1.2811633171396508,0.28185299788961959,f67b4451a859fc166da895fd1d8dccc8037ac41a1e16090faf7e836d82e4ef22,28523e395764f1520aeacae35e41287459073f04551279e9d078a2cf92790510,21a8964ae1b8c63c3402e5b15e757d8d240bc109731c362c9ce8529a3df89edf,21a8964ae1b8c63c3402e5b15e757d8d240bc109731c362c9ce8529a3df89edf,1,1,523,0,0,,,
Inflation,PCEPILFE,4,pre_release,2024-11,2024-12-19,Inflation Bridge Ridge,1.3783286855243659,2.5113616234523093,2.6594920026640168,0.14813037921170746,-1.1330329379279434,-1.2811633171396508,1.2837636384296267,1.6413794451842736,0.35761580675464688,1.1330329379279434,1.2811633171396508,0.14813037921170746,5366330acbda0d3c13de32d32063810fb729fef576f4ee00324557eb5cb4f532,b150a4cc9bc6b1278b900be79c4137d81f59097c3f38e2d4e0d8b5298c95425e,15bd78b7b26429a06ea8ad7a566333cbf9ad3a23062e0a5649d835fc094d0490,15bd78b7b26429a06ea8ad7a566333cbf9ad3a23062e0a5649d835fc094d0490,1,1,529,0,0,,,
Inflation,PCEPILFE,1,month_open,2024-12,2024-12-01,Inflation Bridge Ridge,1.8707672236683237,2.8791556021737943,3.2815349251126049,0.40237932293881062,-1.0083883785054706,-1.4107677014442812,1.0168471219048922,1.9902655074383806,0.97341838553348836,1.0083883785054706,1.4107677014442812,0.40237932293881062,6f071f53641ab5669bd9c3e9ac58244f7ce194bf4d227b5a47d3306dd9d31e8c,c3bf1f8314c5ce5fbfed36589a0c002b0caefdd365c965fd09529701a14c0199,21a8964ae1b8c63c3402e5b15e757d8d240bc109731c362c9ce8529a3df89edf,21a8964ae1b8c63c3402e5b15e757d8d240bc109731c362c9ce8529a3df89edf,1,1,523,0,0,,,
Inflation,PCEPILFE,2,mid_month,2024-12,2024-12-15,Inflation Ridge-AR Ensemble,1.8707672236683237,2.8947526613583627,3.1846271424303843,0.28987448107202152,-1.023985437690039,-1.3138599187620605,1.0485461766012607,1.7262278861294482,0.67768170952818751,1.023985437690039,1.3138599187620605,0.28987448107202152,4925dfcc401cd3311c63ac760762c3439a1d77b3c135b122d2eaf7506fc49e9f,55969b82a6f50148cfd9caa85b855ee1405d0245f59fb184d5fd7a4313bd7f7d,1a1f2a7328063a05165b9bc4fbf5cfb124c164379797ac28a15bc5322184219f,1a1f2a7328063a05165b9bc4fbf5cfb124c164379797ac28a15bc5322184219f,1,1,529,0,0,,,
Inflation,PCEPILFE,3,month_end,2024-12,2024-12-31,Inflation Bridge Ridge,1.8707672236683237,2.4267147598100776,2.7188856404241513,0.2921708806140737,-0.55594753614175385,-0.84811841675582755,0.30907766294208672,0.71930484884041157,0.41022718589832485,0.55594753614175385,0.84811841675582755,0.2921708806140737,8574a194618655b44eb397389c5b4a7bce7898daa54e9edad0c97cb2628ee6d0,d142f816c2214d8126c71b0e0414587e0675642d451a87c4b6075821c4e5bb0d,6c19036198f76f36028c22386bb2cd0746f7a647580a2ba53e36a48eda3910d5,6c19036198f76f36028c22386bb2cd0746f7a647580a2ba53e36a48eda3910d5,1,1,531,0,0,,,
Inflation,PCEPILFE,4,pre_release,2024-12,2025-01-30,Inflation Bridge Ridge,1.8707672236683237,2.4092321740492295,2.7188856404241513,0.30965346637492175,-0.5384649503809058,-0.84811841675582755,0.28994450278871137,0.71930484884041157,0.4293603460517002,0.5384649503809058,0.84811841675582755,0.30965346637492175,c766b855d0a50b79bbedcd8f0ee9924231cbd4cf8f28037b1b73905895da46ed,70b37294d8a888c5316e41fe1f206d0982c7c51070018b6a7532a1826bca2e6a,9ba4d679d02d2dabcdbda769af7d55ab52272487e02a9530b9ad4961d3fe4d8b,9ba4d679d02d2dabcdbda769af7d55ab52272487e02a9530b9ad4961d3fe4d8b,1,1,527,0,0,,,
Inflation,PCEPILFE,1,month_open,2025-01,2025-01-01,Inflation Bridge Ridge,3.4117977999773785,1.2755089324414641,1.2324553693481453,-0.04305356309331887,2.1362888675359146,2.1793424306292333,4.5637301255578802,4.7495334299409349,0.1858033043830547,2.1362888675359146,2.1793424306292333,0.043053563093318648,389b699d6ba53b4ddc2823f5497c49f5c4f63a4d2e4a79feaff2786ceb71e114,076dffd540d2a7e95036750cce946f2f0123ed47f15b4233d8cbda5fee2c2b85,6c19036198f76f36028c22386bb2cd0746f7a647580a2ba53e36a48eda3910d5,6c19036198f76f36028c22386bb2cd0746f7a647580a2ba53e36a48eda3910d5,1,1,531,0,0,,,
Inflation,PCEPILFE,2,mid_month,2025-01,2025-01-15,Inflation Ridge-AR Ensemble,3.4117977999773785,1.4746754663775525,1.4026665964898135,-0.072008869887739024,1.937122333599826,2.009131203487565,3.7524429353312354,4.0366081928273916,0.28416525749615618,1.937122333599826,2.009131203487565,0.072008869887739024,3ff4b4a58df1a34813b2d029a9dc117317582329e8dc28eb4cfba8db95609656,3a01a162b3029946183ae40ab949ebf4d2aff590734342274446927290179847,0123268b840400435ebeafb494634990201778d6d57437d5ade181ceba6158d2,0123268b840400435ebeafb494634990201778d6d57437d5ade181ceba6158d2,1,1,527,0,0,,,
Inflation,PCEPILFE,3,month_end,2025-01,2025-01-31,Inflation Bridge Ridge,3.4117977999773785,1.321774190203352,1.3599276251675727,0.038153434964220745,2.0900236097740263,2.0518701748098058,4.3681986894128517,4.2101712142740233,-0.15802747513882842,2.0900236097740263,2.0518701748098058,-0.038153434964220523,cf745204f8c9d26b75d81c1780ea4f01273605a5ead0b81dc2e61019860aaf1f,a7781843b05ab9e84d49cc778a3d2410cc70653ca0b5fd8dc1d2c703ca0cbb4e,3136dc622572980771f9414d979cc4f8ea0460c8c1a301642e6ae7b2460b10d9,3136dc622572980771f9414d979cc4f8ea0460c8c1a301642e6ae7b2460b10d9,1,1,529,0,0,,,
Inflation,PCEPILFE,4,pre_release,2025-01,2025-02-27,Inflation Bridge Ridge,3.4117977999773785,1.2283220570373263,1.3599276251675727,0.13160556813024638,2.1834757429400522,2.0518701748098058,4.7675663200076128,4.2101712142740233,-0.55739510573358952,2.1834757429400522,2.0518701748098058,-0.13160556813024638,51e104e77429f239e0a593cd375aac2d25733e53e8f5f909e4db0927b82a2a20,deb78e600b41f285813ac26bf473c4684b417546257dc68cfbea3d5a334437a1,2c62e5d1ae1dba4c5c17815e4fb81279b51ddee9b454b805c7ccf2502be3beb9,2c62e5d1ae1dba4c5c17815e4fb81279b51ddee9b454b805c7ccf2502be3beb9,1,1,432,0,0,,,
Inflation,PCEPILFE,1,month_open,2025-02,2025-02-01,Inflation Bridge Ridge,4.3732037451999162,2.2522233076205018,2.5271832610103377,0.27495995338983592,2.1209804375794143,1.8460204841895784,4.498558016594564,3.4077916280475256,-1.0907663885470384,2.1209804375794143,1.8460204841895784,-0.27495995338983592,520eafa0eb29b1e17eb789a2a666532291471ee0160e11583aac20c80f2780e3,51615adde35a4134f0ffffce2c35e466c524a0595e0218ae01a1548543ac4689,3136dc622572980771f9414d979cc4f8ea0460c8c1a301642e6ae7b2460b10d9,3136dc622572980771f9414d979cc4f8ea0460c8c1a301642e6ae7b2460b10d9,1,1,529,0,0,,,
Inflation,PCEPILFE,2,mid_month,2025-02,2025-02-15,Inflation Ridge-AR Ensemble,4.3732037451999162,2.282363937800862,2.4494813287540178,0.16711739095315581,2.0908398073990542,1.9237224164458984,4.3716111002045137,3.7007079355364465,-0.67090316466806721,2.0908398073990542,1.9237224164458984,-0.16711739095315581,77935a6b7e8590ae56b673746dd11c03e8013a8116de06bcf9e7a2e79722dbab,cf98f3ea5393b03102b0e1f459af38ccc72f754dde02c3c796f798ef6acdcb34,0af501e453b6148e92735d2b1116ab48bec0d3823163ae79446446cdebfbd4e3,0af501e453b6148e92735d2b1116ab48bec0d3823163ae79446446cdebfbd4e3,1,1,432,0,0,,,
Inflation,PCEPILFE,3,month_end,2025-02,2025-02-28,Inflation Bridge Ridge,4.3732037451999162,3.0543010934473549,3.1171543620763114,0.06285326862895646,1.3189026517525613,1.2560493831236048,1.7395042047999378,1.5776600528451883,-0.16184415195474955,1.3189026517525613,1.2560493831236048,-0.06285326862895646,e26de1349bb35395a2d76fd9e3b5ca4fc45149090d088cbf20a5d243b236d6a0,f96f0fce12d5ad2511e2a348c0a8429f8a5ba2fc378016def3ca3fe376cadea5,a5a24abc0c4b7469e961d35d72213ab3598c715f33fc0b9aeaefc0e881a10bfc,a5a24abc0c4b7469e961d35d72213ab3598c715f33fc0b9aeaefc0e881a10bfc,1,1,434,0,0,,,
Inflation,PCEPILFE,4,pre_release,2025-02,2025-03-27,Inflation Bridge Ridge,4.3732037451999162,2.9949077150206902,3.1171543620763114,0.12224664705562116,1.378296030179226,1.2560493831236048,1.8996999468078137,1.5776600528451883,-0.32203989396262545,1.378296030179226,1.2560493831236048,-0.12224664705562116,2675cc36802548a8bf92f8939c4c947ad22507bbf04e34cf68b91118995c7a44,7e0da458d6b34f8fe733b98ce0ea33ead75991b8322685ed040a66087ca0facd,409a2bc6ccb25a1b756d946a43782a0e8c163fa9168266bf78c144d997eb8e37,409a2bc6ccb25a1b756d946a43782a0e8c163fa9168266bf78c144d997eb8e37,1,1,440,0,0,,,
Inflation,PCEPILFE,1,month_open,2025-03,2025-03-01,Inflation Bridge Ridge,0.33590729178136769,2.8948738965356404,3.1554647506617206,0.26059085412608018,-2.5589666047542727,-2.8195574588803529,6.5483100842476105,7.9499042639278334,1.4015941796802229,2.5589666047542727,2.8195574588803529,0.26059085412608018,99002d090aac3c99b6a5e65528af95de7db34a797d8721a66bf57268fba73838,c5ed045c64307bc1e056f7c2a4f2974d29bdbf92b36c68d44e4a9181760894e2,a5a24abc0c4b7469e961d35d72213ab3598c715f33fc0b9aeaefc0e881a10bfc,a5a24abc0c4b7469e961d35d72213ab3598c715f33fc0b9aeaefc0e881a10bfc,1,1,434,0,0,,,
Inflation,PCEPILFE,2,mid_month,2025-03,2025-03-15,Inflation Ridge-AR Ensemble,0.33590729178136769,3.0880743956801622,3.286680005277232,0.19860560959706985,-2.7521671038987945,-2.9507727134958643,7.5744237677826778,8.7070596067117467,1.1326358389290689,2.7521671038987945,2.9507727134958643,0.19860560959706985,a4596cd791cf25c2e3be094fbed422c8ea71bba5088165fa51c3f55bc98a05b1,f4ad3b49597a1156959834330eab230670708d5d9d1332637bae2a5bd285b5ad,dad453434f763a790c4e3c8db62908e7ebcd1f002395da6e18278e684bb912ad,dad453434f763a790c4e3c8db62908e7ebcd1f002395da6e18278e684bb912ad,1,1,440,0,0,,,
Inflation,PCEPILFE,3,month_end,2025-03,2025-03-31,Inflation Bridge Ridge,0.33590729178136769,3.4656797593377506,3.8111797585307867,0.34549999919303609,-3.1297724675563829,-3.475272466749419,9.7954756986739699,12.077518718146592,2.2820430194726224,3.1297724675563829,3.475272466749419,0.34549999919303609,ff1e125c2651ba28a35d3b52ac457f2ffe9b5f311a64fbf6ae36791a2bbc4c93,01059745492aee3718e703c901a9c1c2f713fe090897d45cd209d464c8b0abdc,7b5e7106b35d822f168ce326f1bfcb853243897529db01ad5b731ba032d1d2f6,7b5e7106b35d822f168ce326f1bfcb853243897529db01ad5b731ba032d1d2f6,1,1,442,0,0,,,
Inflation,PCEPILFE,4,pre_release,2025-03,2025-04-29,Inflation Bridge Ridge,0.33590729178136769,3.4036356913596482,3.8111797585307867,0.40754406717113856,-3.0677283995782805,-3.475272466749419,9.4109575335791185,12.077518718146592,2.6665611845674739,3.0677283995782805,3.475272466749419,0.40754406717113856,aa66a4e9b18cbddefea26b46a68b1d05331715d962e78aa33e3770b56f600abd,01febd8fa68d1beb72e767780b9fa4437424c95c4612d29a2395238bca4503b5,1bc80dc02c9a86565c1414433c2a00341d4bce719457c9f41cd46b811bd0ba06,1bc80dc02c9a86565c1414433c2a00341d4bce719457c9f41cd46b811bd0ba06,1,1,449,0,0,,,
Inflation,PCEPILFE,1,month_open,2025-04,2025-04-01,Inflation Bridge Ridge,1.3903484217941298,3.1912116018880998,3.6691853666428949,0.47797376475479503,-1.8008631800939701,-2.2788369448487651,3.2431081934181667,5.1930978212076537,1.949989627789487,1.8008631800939701,2.2788369448487651,0.47797376475479503,3fac28a31e3115ea7a05c745cc72d0d68471fb790ec671f5a3fd961496a7d37b,b9345e35c9cbb9d22b19103b9803c80395b487dba96fdea457bd4af388b135fc,7c7f5e36ada19e5e72e6b0a7728abb8a6f07dd606946565ccfc4d2c574e8d81c,7c7f5e36ada19e5e72e6b0a7728abb8a6f07dd606946565ccfc4d2c574e8d81c,1,1,442,0,0,,,
Inflation,PCEPILFE,2,mid_month,2025-04,2025-04-15,Inflation Ridge-AR Ensemble,1.3903484217941298,3.4920008344775733,4.1540274567751716,0.66202662229759834,-2.1016524126834435,-2.7636790349810418,4.4169428637381394,7.6379218083937426,3.2209789446556032,2.1016524126834435,2.7636790349810418,0.66202662229759834,fe544582802ce78164d2f9946be70ae8f561acf20ee60340ea51cdc031bfad68,2a93272a19cb9cf2f232b84758cad4a930374212b3677edb9e1d87af697f66e8,2e76da00c660241475f1c067782643495bb9dbf01e336d1e2baa5efc825ad7a2,2e76da00c660241475f1c067782643495bb9dbf01e336d1e2baa5efc825ad7a2,1,1,449,0,0,,,
Inflation,PCEPILFE,3,month_end,2025-04,2025-04-30,Inflation Bridge Ridge,1.3903484217941298,2.3943964436840686,3.076364313856879,0.68196787017281046,-1.0040480218899388,-1.6860158920627493,1.0081124302610991,2.8426495882881482,1.8345371580270491,1.0040480218899388,1.6860158920627493,0.68196787017281046,01869ca8e91ca3e95bec284761aedf74b03544d1243f3e2a886db2375c506dae,b8257641138f67a60b0ddf2263cc280f5ccd6f2d6f040aaa4f03a47cbbea387f,a5ab7ea76a8742ec71e4657edd9c95287add1ed0d1e318265a77328ff7a266eb,a5ab7ea76a8742ec71e4657edd9c95287add1ed0d1e318265a77328ff7a266eb,1,1,451,0,0,,,
Inflation,PCEPILFE,4,pre_release,2025-04,2025-05-29,Inflation Bridge Ridge,1.3903484217941298,2.5835583538628102,3.076364313856879,0.49280595999406884,-1.1932099320686804,-1.6860158920627493,1.4237499419873449,2.8426495882881482,1.4188996463008032,1.1932099320686804,1.6860158920627493,0.49280595999406884,dfd4c22c68c07c0c1a1e9da6646723680f1d4ec238c278793ec5d3343fe7e46d,073238f071b7872f108eb47e7ba9559e7ade509513d373125876214c29cf9c0b,c2507b24d89ad9126b6e1ed3a1b70f3bc5df2c73339bf1e86e45cea9faaa1348,c2507b24d89ad9126b6e1ed3a1b70f3bc5df2c73339bf1e86e45cea9faaa1348,1,1,457,0,0,,,
Inflation,PCEPILFE,1,month_open,2025-05,2025-05-01,Inflation Bridge Ridge,2.143541239825808,2.6049384690894564,3.0500175841810355,0.44507911509157916,-0.46139722926364835,-0.9064763443552275,0.21288740317217167,0.82169936287561696,0.60881195970344526,0.46139722926364835,0.9064763443552275,0.44507911509157916,38513725ec1266da0ac97cd68420c2f9f6030f68252cc43abc3fb2c49d9f5d72,b976e706a8d33af3045b71a26310738de77ca4b737c04b02ad7229c300847e69,6e73c41be733645c58c1add5edd1dc73e889c6b826cee090f2f954c4db47689e,6e73c41be733645c58c1add5edd1dc73e889c6b826cee090f2f954c4db47689e,1,1,451,0,0,,,
Inflation,PCEPILFE,2,mid_month,2025-05,2025-05-15,Inflation Ridge-AR Ensemble,2.143541239825808,1.8488861551493698,2.0060683265388559,0.15718217138948609,0.29465508467643819,0.1374729132869521,0.086821618925678967,0.018898801887601853,-0.067922817038077121,0.29465508467643819,0.1374729132869521,-0.15718217138948609,beb2033f3f4408775fdb588cf33aa1c013f251b8121752be6abcc6971daabee5,447cf64629f668985353bc9b7a33ec0a99102c4f316a1a0b3c7e897402e8712b,0a841c5f4a135737e67f99cd292f8792aaecfb45337878bb11df573e35f842c7,0a841c5f4a135737e67f99cd292f8792aaecfb45337878bb11df573e35f842c7,1,1,457,0,0,,,
Inflation,PCEPILFE,3,month_end,2025-05,2025-05-31,Inflation Bridge Ridge,2.143541239825808,2.6770741198568713,2.5184091273416507,-0.15866499251522059,-0.53353288003106325,-0.37486788751584266,0.28465733407424093,0.14052593309059047,-0.14413140098365046,0.53353288003106325,0.37486788751584266,-0.15866499251522059,1f607479c05382ea374c7b50f04d5f017c832d7641854a9de18ecb19cdac9ad8,2be6dd09f98b41d150ccec913a4091f15547669a8924e916726d5aad1268a3e7,ad74aeb97106c33213bf81356bb17876a8303b45a9d696575912c99fda56b512,ad74aeb97106c33213bf81356bb17876a8303b45a9d696575912c99fda56b512,1,1,459,0,0,,,
Inflation,PCEPILFE,4,pre_release,2025-05,2025-06-26,Inflation Bridge Ridge,2.143541239825808,2.6866586591367723,2.5184091273416507,-0.16824953179512159,-0.54311741931096424,-0.37486788751584266,0.29497653115900174,0.14052593309059047,-0.15445059806841127,0.54311741931096424,0.37486788751584266,-0.16824953179512159,3f9e99a93705cfa6498d615ae7b0ef9f3ca9a6d82d96c7912b4fee0cd03e9396,5d050931ccb2ee2aaae96f3de758d51af30162ac5eacc6f9fa589bc4f8da2bf9,4368b4b9f7e821044dd6b77b049bece270e2e132f7b6db964be17cee72117df4,4368b4b9f7e821044dd6b77b049bece270e2e132f7b6db964be17cee72117df4,1,1,466,0,0,,,
Inflation,PCEPILFE,1,month_open,2025-06,2025-06-01,Inflation Bridge Ridge,3.07225203791468,3.2919639559602731,3.4260300778673654,0.13406612190709222,-0.21971191804559309,-0.35377803995268531,0.048273326931273418,0.1251589015527638,0.076885574621490371,0.21971191804559309,0.35377803995268531,0.13406612190709222,8d91cc0728b8c06e53a9622cdfcbcc61efaa18b181eeb87e724f180a66aab16b,133faacd87f103b48141c01e0822893ef4e47a5a223958e7a741c20628b357e4,ad74aeb97106c33213bf81356bb17876a8303b45a9d696575912c99fda56b512,ad74aeb97106c33213bf81356bb17876a8303b45a9d696575912c99fda56b512,1,1,459,0,0,,,
Inflation,PCEPILFE,2,mid_month,2025-06,2025-06-15,Inflation Ridge-AR Ensemble,3.07225203791468,2.7934146496573353,3.0974584252758475,0.30404377561851215,0.27883738825734472,-0.025206387361167426,0.077750289090177199,0.00063536196380122099,-0.077114927126375979,0.27883738825734472,0.025206387361167426,-0.25363100089617729,1deb686f98f2c1468c9d8e9a93f2d32fd49221c0670748676ff98f18ce5f4847,2eb6bfc10b61335f2b452da60a8d4e21659f89dd621ed8c1e76f11d6f3a39b55,c7fd9a402fb7dc555f498c49cd5016336ac82cd06c3ee416fe5fff4472eae4ec,c7fd9a402fb7dc555f498c49cd5016336ac82cd06c3ee416fe5fff4472eae4ec,1,1,466,0,0,,,
Inflation,PCEPILFE,3,month_end,2025-06,2025-06-30,Inflation Bridge Ridge,3.07225203791468,3.8982702285963571,4.0820222729908142,0.18375204439445714,-0.82601819068167703,-1.0097702350761342,0.68230605133703137,1.0196359276457112,0.33732987630867983,0.82601819068167703,1.0097702350761342,0.18375204439445714,3a596ce8bd19787adfea2353c83c68ff87059b095ef44b36309a152b1ded1535,63d4cd73e0d4250811c08e5c3da78fe34b4a97489218407c1f82d6a19ea2348d,107d88681716a98808f591d5744f27e6533d6df4728d1dddabf93910462d8b5b,107d88681716a98808f591d5744f27e6533d6df4728d1dddabf93910462d8b5b,1,1,468,0,0,,,
Inflation,PCEPILFE,4,pre_release,2025-06,2025-07-30,Inflation Bridge Ridge,3.07225203791468,3.9192653242211768,4.0820222729908142,0.16275694876963742,-0.84701328630649675,-1.0097702350761342,0.71743150717973148,1.0196359276457112,0.30220442046597973,0.84701328630649675,1.0097702350761342,0.16275694876963742,a5f9d0f0b07b798a9a65afa1708af887f721ac169883be36d0ca5a3487c22206,871b517aa7c62ccd3df2249293e8cc5245f7b4fb5248e8a1929b5b6d79d47114,a216d7f905257557e0e47f9ec8115ae16d9b78c92ea15f53121be87e0a0952dc,a216d7f905257557e0e47f9ec8115ae16d9b78c92ea15f53121be87e0a0952dc,1,1,474,0,0,,,
Inflation,PCEPILFE,1,month_open,2025-07,2025-07-01,Inflation Bridge Ridge,3.2740877378866884,4.7398972821102205,5.0204155517306006,0.28051826962038007,-1.4658095442235322,-1.7463278138439122,2.1485976199367989,3.0496608334048578,0.90106321346805895,1.4658095442235322,1.7463278138439122,0.28051826962038007,81ecbbe883965eb9bddb6fe8c361df19948898a537ee9f03d17e4588a3db6147,97a91fa57a8ffeca53757549fd97e1876befecd8f9ae3d913f72bf2956a9e197,ad02048d56a3e3853ba5c756026e7e9ff87abea07bf481ccd52a8224a7e5e7c1,ad02048d56a3e3853ba5c756026e7e9ff87abea07bf481ccd52a8224a7e5e7c1,1,1,468,0,0,,,
Inflation,PCEPILFE,2,mid_month,2025-07,2025-07-15,Inflation Ridge-AR Ensemble,3.2740877378866884,3.3646551083827387,3.7058069836343339,0.34115187525159518,-0.090567370496050348,-0.43171924574764553,0.0082024485985688518,0.18638150714891596,0.1781790585503471,0.090567370496050348,0.43171924574764553,0.34115187525159518,d5a81ce68e562b1b92e44ba335e058dbb779bc21f2c1956ad31a4af9bcaa6c51,b3fc3b4dce46f374a4e25c28f91aba0c581027788cc4496440ee6487634b8e98,4ad8026b5536f874a15e1e2b9e94bafe4edf600e437c7b0b25d33389031c2171,4ad8026b5536f874a15e1e2b9e94bafe4edf600e437c7b0b25d33389031c2171,1,1,473,0,0,,,
Inflation,PCEPILFE,3,month_end,2025-07,2025-07-31,Inflation Bridge Ridge,3.2740877378866884,4.6157011459650334,4.7021812620135766,0.08648011604854311,-1.3416134080783451,-1.4280935241268882,1.7999265367355921,2.039451113653155,0.2395245769175629,1.3416134080783451,1.4280935241268882,0.08648011604854311,c599993131755f7f523fd9c095d4570ed3be10d315a40a0314e17e5506ec8fbc,3899fc740fa0c81030cb29f5c5db246edfa25c6c812cd25d0829b45dad9fc840,e60f2ff4e012da0d62bc16246bf165e3fc64ac4d28154e75323c2246a67b25d3,e60f2ff4e012da0d62bc16246bf165e3fc64ac4d28154e75323c2246a67b25d3,1,1,476,0,0,,,
Inflation,PCEPILFE,4,pre_release,2025-07,2025-08-28,Inflation Bridge Ridge,3.2740877378866884,4.6773861585680079,4.7021812620135766,0.024795103445568678,-1.4032984206813195,-1.4280935241268882,1.9692464574866855,2.039451113653155,0.070204656166469537,1.4032984206813195,1.4280935241268882,0.024795103445568678,65ae5950d21ad83a6eb71fe44a26e015be00c45db3373d6a2338d70214f49180,ae5b2a9a5df0cca730a71a371657b5c2d1347189c22b136bf8bbe0485d8d0ba7,4b59e28946446de8e2c29fde1a111cf9755f0d99801b14726ae7b35220e1e9b8,4b59e28946446de8e2c29fde1a111cf9755f0d99801b14726ae7b35220e1e9b8,1,1,483,0,0,,,
Inflation,PCEPILFE,1,month_open,2025-08,2025-08-01,Inflation Bridge Ridge,2.7212078521923644,3.671280484244166,3.7685095464664116,0.097229062222245588,-0.95007263205180159,-1.0473016942740472,0.90263800617383794,1.0968408388292898,0.19420283265545191,0.95007263205180159,1.0473016942740472,0.097229062222245588,2868338271635f2e33b6bd4259bb12fd3a8d8bd6015f077624f0fb6c1906a95f,7afa7c8e52f42df6e0ff7558d4693c9ffbaa2b57354e26298d957a5e2c3d30f8,737a8f2e0e0af414f13a31617163e84b79b008be710e1f5813823fd0579c23bf,737a8f2e0e0af414f13a31617163e84b79b008be710e1f5813823fd0579c23bf,1,1,478,0,0,,,
Inflation,PCEPILFE,2,mid_month,2025-08,2025-08-15,Inflation Ridge-AR Ensemble,2.7212078521923644,3.2984188951163085,3.3030632418539585,0.004644346737650018,-0.5772110429239441,-0.58185538966159411,0.33317258807334721,0.33855569447824552,0.0053831064048983079,0.5772110429239441,0.58185538966159411,0.004644346737650018,e47c815a59b47610b59e20d6e220a73ba12cec1a412d75391fea041062127ff1,5d49b8c147c770dea450d60443c04ba5cf6c00b57b2690a3c40b45f95de65353,8c280ca43750bebd721de33e5c932d91178d97a584b64cd58580d072a2a0bb9e,8c280ca43750bebd721de33e5c932d91178d97a584b64cd58580d072a2a0bb9e,1,1,483,0,0,,,
Inflation,PCEPILFE,3,month_end,2025-08,2025-08-31,Inflation Bridge Ridge,2.7212078521923644,3.7566534131192446,3.5813872814105689,-0.17526613170867567,-1.0354455609268802,-0.86017942921820456,1.0721475096431816,0.73990865045015619,-0.33223885919302543,1.0354455609268802,0.86017942921820456,-0.17526613170867567,b1a9e98e2e3262cc13c5b11665f2077ce68ca878b5a5c06b399ce23652bfce39,d7d76389f5d1e3627d366a235319e72216ccf1ed0f8ca304d88fba5d6135ec68,d837a151c606db5206092c8e914e561773335ebf1cb58a89a9e10d228df7b407,d837a151c606db5206092c8e914e561773335ebf1cb58a89a9e10d228df7b407,1,1,485,0,0,,,
Inflation,PCEPILFE,4,pre_release,2025-08,2025-09-25,Inflation Bridge Ridge,2.7212078521923644,3.7122796415551864,3.5813872814105689,-0.13089236014461747,-0.99107178936282203,-0.86017942921820456,0.98222329167082589,0.73990865045015619,-0.2423146412206697,0.99107178936282203,0.86017942921820456,-0.13089236014461747,5c470165df67edfa0f98501880808cce8a280e8511d55c0989d8c7bee4edb323,8e6480e19ed1b509e8a0eccb98618026a6bfddbc9c2d1b1350b1f64a58917582,36262e2ed46c5aeea8130e65682c7c61883a537e1702804f597aecf4bed47819,36262e2ed46c5aeea8130e65682c7c61883a537e1702804f597aecf4bed47819,1,1,491,0,0,,,
Inflation,PCEPILFE,1,month_open,2025-09,2025-09-01,Inflation Bridge Ridge,2.374861315144372,3.3167596445885712,3.0367294782636849,-0.28003016632488631,-0.94189832944419916,-0.66186816311931285,0.88717246300977315,0.43806946535093333,-0.44910299765883982,0.94189832944419916,0.66186816311931285,-0.28003016632488631,27cf3cc721e01366a148aa02a178f1d65934bbe2524f53b11dc66d2aae8469cf,cfcae854de97162e0607b45f77db25c6152cc216d118183ce78dec4391eda9d9,d837a151c606db5206092c8e914e561773335ebf1cb58a89a9e10d228df7b407,d837a151c606db5206092c8e914e561773335ebf1cb58a89a9e10d228df7b407,1,1,485,0,0,,,
Inflation,PCEPILFE,2,mid_month,2025-09,2025-09-15,Inflation Ridge-AR Ensemble,2.374861315144372,2.9094635591066682,2.8952049728173721,-0.014258586289296105,-0.53460224396229616,-0.52034365767300006,0.28579955924952244,0.27075752208051629,-0.015042037169006151,0.53460224396229616,0.52034365767300006,-0.014258586289296105,8fa2211d8d49c444f0fa6a3540e6d69708634a565703c8a53134dad86b3cd623,c39a2707b25755b29f62309a97047443ac753821973618b6eb61670945494f13,f893e91d63ec83b3d982e44b9d92c4c512803420c6acb399babb3e4f3971378a,f893e91d63ec83b3d982e44b9d92c4c512803420c6acb399babb3e4f3971378a,1,1,491,0,0,,,
Inflation,PCEPILFE,3,month_end,2025-09,2025-09-30,Inflation Bridge Ridge,2.374861315144372,2.8202822442381148,3.0659386977444445,0.2456564535063297,-0.44542092909374276,-0.69107738260007245,0.19839980407473301,0.47758794874136695,0.27918814466663394,0.44542092909374276,0.69107738260007245,0.2456564535063297,4951a7a0c610a8376679beb26661d0117edd1c1a5c25f1d918cbe313039d1f5a,a804e76bef741ebc98c898b9237ef61087132f3fb1049e2edf1cf982173ec006,d3ba7c09d6c562aa2f9472a985c6022bcc912c5973b90aeae0f289c4043c510b,d3ba7c09d6c562aa2f9472a985c6022bcc912c5973b90aeae0f289c4043c510b,1,1,362,0,0,,,
Inflation,PCEPILFE,4,pre_release,2025-09,2025-12-04,Inflation Bridge Ridge,2.374861315144372,3.0460488804710528,3.0659386977444445,0.019889817273391674,-0.67118756532668078,-0.69107738260007245,0.45049274784915738,0.47758794874136695,0.02709520089220957,0.67118756532668078,0.69107738260007245,0.019889817273391674,ffe372b3361af0436cf015ec125f471c45ae765daaf6db38fae4fe45dd403c52,2c21a5dc038c229a565a22e682b7a6ec84edd4b1a4930df3538f4c98083a7434,be214de51bfb5525c8e84904261100100e91c0526cdbb2b51881629b3141d05a,be214de51bfb5525c8e84904261100100e91c0526cdbb2b51881629b3141d05a,1,1,368,0,0,,,
Inflation,PCEPILFE,1,month_open,2025-10,2025-10-01,Inflation Bridge Ridge,2.4928010475139928,2.6840223783047237,2.6477099923307228,-0.036312385974000883,-0.19122133079073089,-0.15490894481673001,0.036565597349378129,0.023996781184232704,-0.012568816165145425,0.19122133079073089,0.15490894481673001,-0.036312385974000883,77cea1b106e2fc84b2125af518a060fe03a859fb6171bd7971f64a4a145cc30f,8c257b9ad63a9406089f4ec94e49f68a036e533ece905ad2fe777f9e72352307,74901e1b1fec7307ed21cc9e2a763d6dd0a5cca382d43fdb7bcbd95cd1900dad,74901e1b1fec7307ed21cc9e2a763d6dd0a5cca382d43fdb7bcbd95cd1900dad,1,1,362,0,0,,,
Inflation,PCEPILFE,2,mid_month,2025-10,2025-10-15,Inflation Ridge-AR Ensemble,2.4928010475139928,2.6153311202820313,2.5882630829089441,-0.027068037373087162,-0.12253007276803851,-0.09546203539495135,0.015013618732540812,0.0091130002017469451,-0.005900618530793867,0.12253007276803851,0.09546203539495135,-0.027068037373087162,c6c5f41d3f5eaa0a763e2e8adc74c8f91044cce653da16ab169e850e99ccb5e0,77a6a1503a0aa094b2b4d61494cac22827649db37580860884391c9fe7d33884,ae3167664c37edd0b11bb668c83f50e87be05c135c6cac71f6a0a035cbf21763,ae3167664c37edd0b11bb668c83f50e87be05c135c6cac71f6a0a035cbf21763,1,1,362,0,0,,,
Inflation,PCEPILFE,3,month_end,2025-10,2025-10-31,Inflation Bridge Ridge,2.4928010475139928,2.3505287415439335,2.4053359449071383,0.054807203363204771,0.14227230597005924,0.087465102606854472,0.020241409046038154,0.0076501441740275808,-0.012591264872010573,0.14227230597005924,0.087465102606854472,-0.054807203363204771,8995f69569616b837ffa6c9c7e80cfd607ac6237363941ecf7e07ae5cc8ac4c2,0a330a2e12a778132de7719eb72da0ba66ac8e86901c483a6195da30f5db1866,54770d9ef95d7262e71a478b8645169cfc044826cf8d6764d7ac5e1e7d165f0a,54770d9ef95d7262e71a478b8645169cfc044826cf8d6764d7ac5e1e7d165f0a,1,1,366,0,0,,,
Inflation,PCEPILFE,4,pre_release,2025-10,2026-01-21,Inflation Bridge Ridge,2.4928010475139928,2.2689505766224158,2.1656503792420039,-0.10330019738041196,0.22385047089157695,0.32715066827198891,0.050109033318380736,0.10702755975080894,0.056918526432428201,0.22385047089157695,0.32715066827198891,0.10330019738041196,7fd9ac3d0967c686efc22d6efd14b3dba883f3940746a7f120c105669eb618b6,075ed464b7488ed3716f2d1a523d81d152548aa725418df459b29ece2ba35cbe,61d36a302411c28ed6862a05441b89090406d4b986a0a9b47c11fe4bee7d5d2b,61d36a302411c28ed6862a05441b89090406d4b986a0a9b47c11fe4bee7d5d2b,1,1,375,0,0,,,
Inflation,PCEPILFE,1,month_open,2025-11,2025-11-01,Inflation Bridge Ridge,1.9227148316979026,2.3703097687094812,2.5908764270197966,0.22056665831031541,-0.4475949370115786,-0.66816159532189401,0.20034122763839901,0.44643991746309847,0.24609868982469946,0.4475949370115786,0.66816159532189401,0.22056665831031541,57f8728243173a1dd4bd43995690d4a1595bc35b855470de81b388149c7a8cb7,99239d31f7bda31b802cb243981ed814c858006bb6dafef8d7c01128684e4f8e,54770d9ef95d7262e71a478b8645169cfc044826cf8d6764d7ac5e1e7d165f0a,54770d9ef95d7262e71a478b8645169cfc044826cf8d6764d7ac5e1e7d165f0a,1,1,366,0,0,,,
Inflation,PCEPILFE,2,mid_month,2025-11,2025-11-15,Inflation Ridge-AR Ensemble,1.9227148316979026,2.4399807066671904,2.541696077514275,0.1017153708470846,-0.51726587496928778,-0.61898124581637237,0.26756398540774284,0.38313778267238841,0.11557379726464556,0.51726587496928778,0.61898124581637237,0.1017153708470846,a30b24c3aec0c444516e10ac972a8f39f5ca6f30519ff5671d4d5ed7d8868b9c,6d2de225044e094ff80a00bc43177f7711497c3e0f3f62d922884e401013951e,427d6a6a4472e41997b0dbf463b57dc9a3ab56c4aedd5146ca6e84e8fac373f9,427d6a6a4472e41997b0dbf463b57dc9a3ab56c4aedd5146ca6e84e8fac373f9,1,1,366,0,0,,,
Inflation,PCEPILFE,3,month_end,2025-11,2025-11-30,Inflation Bridge Ridge,1.9227148316979026,2.6848647480828896,2.9801847297732671,0.29531998169037754,-0.76214991638498697,-1.0574698980753645,0.58087249504564265,1.1182425853355218,0.53737009028987914,0.76214991638498697,1.0574698980753645,0.29531998169037754,97aef115dc6f92dced31def01056939bfb7aab522f4603e63143a71eb9ae46ff,187a7799d680887f6deae714bcca622c3ff325e78ea11b1292b53272ad5ea53e,c87a9e74e7a8dee31c1822ccec01c6d0cd42b6577b6b536994849d2f197223c9,c87a9e74e7a8dee31c1822ccec01c6d0cd42b6577b6b536994849d2f197223c9,1,1,368,0,0,,,
Inflation,PCEPILFE,4,pre_release,2025-11,2026-01-21,Inflation Bridge Ridge,1.9227148316979026,2.9460005655548915,3.0084154510154537,0.062414885460562175,-1.023285733856989,-1.0857006193175511,1.0471136931152365,1.1787458347865141,0.13163214167127757,1.023285733856989,1.0857006193175511,0.062414885460562175,7fd9ac3d0967c686efc22d6efd14b3dba883f3940746a7f120c105669eb618b6,075ed464b7488ed3716f2d1a523d81d152548aa725418df459b29ece2ba35cbe,61d36a302411c28ed6862a05441b89090406d4b986a0a9b47c11fe4bee7d5d2b,61d36a302411c28ed6862a05441b89090406d4b986a0a9b47c11fe4bee7d5d2b,1,1,375,0,0,,,
Inflation,PCEPILFE,2,mid_month,2025-12,2025-12-15,Inflation Ridge-AR Ensemble,4.2571398262751359,2.4422722143388533,2.5455214851242158,0.1032492707853625,1.8148676119362825,1.71161834115092,3.2937444488553052,2.9296373457642275,-0.36410710309107763,1.8148676119362825,1.71161834115092,-0.1032492707853625,3389a3ec5508babdfe1230051c4ba6510ad8f8da1e4dd7149f40c47c5df03f07,045af89ccd429882a1279ffbe1b3365f7074b011463a03ff6919c771fae5a90f,24f5f1df3e929ee2b6710974baec3f166ce09a51b3eed8e1eac66fd1288ff124,24f5f1df3e929ee2b6710974baec3f166ce09a51b3eed8e1eac66fd1288ff124,1,1,368,0,0,,,
Inflation,PCEPILFE,3,month_end,2025-12,2025-12-31,Inflation Bridge Ridge,4.2571398262751359,2.4029645454176998,2.9942560446555322,0.59129149923783242,1.8541752808574361,1.2628837816196037,3.4379659721427522,1.5948754458778309,-1.8430905262649213,1.8541752808574361,1.2628837816196037,-0.59129149923783242,dc60f4cd3bce75ce0efc64f31e6f9de8061443310b9ae870ddf49df14f2cfbde,eda1c223d1431d73074c5df1f6fccc5d7dd27becfa376a54dadd85880cec83a4,beaf354135b1706974028776ea8e0e75250403008e74e6a4df31a3b014af82af,beaf354135b1706974028776ea8e0e75250403008e74e6a4df31a3b014af82af,1,1,377,0,0,,,
Inflation,PCEPILFE,4,pre_release,2025-12,2026-02-19,Inflation Bridge Ridge,4.2571398262751359,2.5529710498994485,2.674004697375302,0.12103364747585355,1.7041687763756874,1.5831351288998339,2.9041912183738079,2.5063168363566937,-0.39787438201711423,1.7041687763756874,1.5831351288998339,-0.12103364747585355,3622390db633fb07272e56cac8b8affccada5719daa520693b1bb1b5c71750e4,76e74270b85e17bf9eb5511c776bdeb8025b9d1b27adcbe1b7532a719fc0dc11,3908e9280d05e7c7576c84e2fb541a3f78dae10315ff76eb31ea140169af4aab,3908e9280d05e7c7576c84e2fb541a3f78dae10315ff76eb31ea140169af4aab,1,1,60,0,0,,,
Inflation,PCEPILFE,3,month_end,2026-01,2026-01-31,Inflation Bridge Ridge,4.3538864021670065,2.9083143647969947,2.7618055882717476,-0.14650877652524708,1.4455720373700118,1.5920808138952589,2.0896785152260868,2.5347213179733901,0.44504280274730323,1.4455720373700118,1.5920808138952589,0.14650877652524708,0736c15c75330e9d810eac066a22ee0073738685446c386b435a850ed06dd859,c18a4bf7e4ba18cb0bcc5a2629f01de4d436ac4e5b89c46386a6103cdc78fe5d,3f019238e20f27311601e11b883480438f9abeee223736ea3a602ba41d81c269,3f019238e20f27311601e11b883480438f9abeee223736ea3a602ba41d81c269,1,1,374,0,0,,,
Inflation,PCEPILFE,4,pre_release,2026-01,2026-03-12,Inflation Bridge Ridge,4.3538864021670065,3.0718671827539512,3.0979164046260301,0.02604922187207892,1.2820192194130553,1.2559699975409764,1.6435732789444597,1.5774606347230802,-0.066112644221379524,1.2820192194130553,1.2559699975409764,-0.02604922187207892,99d38e269cf3025e327a5fa9b27e0361e14543f262ba6a2f12fcd662154e56e0,111b3fc990f04d2e0bfb4243db22b6f6743844c0717b14fe75b17bfb8458c699,59f24cbc79b698dc888756f1fea66671250dd5d04af4869a97b20e98e8eb3989,59f24cbc79b698dc888756f1fea66671250dd5d04af4869a97b20e98e8eb3989,1,1,12,0,0,,,
Inflation,PCEPILFE,1,month_open,2026-02,2026-02-01,Inflation Bridge Ridge,4.3942252510010604,3.1372073474103401,2.8079100186788528,-0.32929732873148732,1.2570179035907203,1.5863152323222076,1.5800940099476093,2.5163960162974597,0.93630200634985039,1.2570179035907203,1.5863152323222076,0.32929732873148732,73baf19b287be04e4e6938422cd5d63c7ea06adda39d5054a35d9a768d3017e9,eea1cf4030d7d9a5af1fa62ce4043f83f77b8b9a2df7f6b547c4e1e87d14ce5a,3f019238e20f27311601e11b883480438f9abeee223736ea3a602ba41d81c269,3f019238e20f27311601e11b883480438f9abeee223736ea3a602ba41d81c269,1,1,374,0,0,,,
Inflation,PCEPILFE,2,mid_month,2026-02,2026-02-15,Inflation Ridge-AR Ensemble,4.3942252510010604,2.869253938797268,2.8789409050770498,0.0096869662797818279,1.5249713122037925,1.5152843459240106,2.3255375030445564,2.2960866490023566,-0.029450854042199825,1.5249713122037925,1.5152843459240106,-0.0096869662797818279,cd51542895b567294160f02ecc7906eed6b35270ef578fe4677bf606ed4c31e6,de53819ce095c08254a634d112b39969cca42698568e44b0c9b8fbc5ac0cc1f7,630febcb4765c39cfa42698ef52db97725cd1f413e123706a31d1ecd0209e268,630febcb4765c39cfa42698ef52db97725cd1f413e123706a31d1ecd0209e268,1,1,60,0,0,,,
Inflation,PCEPILFE,3,month_end,2026-02,2026-02-28,Inflation Bridge Ridge,4.3942252510010604,3.761771026513884,3.5994069126010935,-0.16236411391279049,0.63245422448717648,0.79481833839996696,0.39999834607167584,0.63173619105688439,0.23173784498520855,0.63245422448717648,0.79481833839996696,0.16236411391279049,41bd86fc73bf948e4c3bf08a2672d2e03a1e39f36302592e36cea3ecf9c33843,499aebca90c2fd3bd8242921d3b801b7ce9b38df6831bf64028053eae974c3a1,6495d56c657c569d9e413fd27e24435f73f3dc66343fec9f57493bf7493ede81,6495d56c657c569d9e413fd27e24435f73f3dc66343fec9f57493bf7493ede81,1,1,11,0,0,,,
Inflation,PCEPILFE,4,pre_release,2026-02,2026-04-08,Inflation Bridge Ridge,4.3942252510010604,3.6946300697914447,3.8638267370712094,0.16919666727976468,0.69959518120961572,0.53039851392985105,0.48943341757171505,0.28132258357899437,-0.20811083399272068,0.69959518120961572,0.53039851392985105,-0.16919666727976468,906d03539627b9cbf66ccd44a0e1f99dbce9a037f9549c918529dd3158256644,cc4e089ca7041fda90bd6e517c658e64cb391c05431db071f1502ad98676ab01,debddaffb2e625c898162b789d6921b991baf5c4b43d67c472e5a70b9ebe504b,debddaffb2e625c898162b789d6921b991baf5c4b43d67c472e5a70b9ebe504b,1,1,14,0,0,,,
Inflation,PCEPILFE,1,month_open,2026-03,2026-03-01,Inflation Bridge Ridge,3.5138300728842609,3.7316658312511253,3.692819899884713,-0.038845931366412234,-0.21783575836686442,-0.17898982700045218,0.047452417623266942,0.032037358169651801,-0.01541505945361514,0.21783575836686442,0.17898982700045218,-0.038845931366412234,c4485dd6273eeb7f4e3ae5268017d64f68ec76849aea6bd5ad20ed6987aa5b9b,8d4f5476fa4ead82ba82b46e1e46402312d852990792fca8cd9aeff4c853c2eb,6495d56c657c569d9e413fd27e24435f73f3dc66343fec9f57493bf7493ede81,6495d56c657c569d9e413fd27e24435f73f3dc66343fec9f57493bf7493ede81,1,1,11,0,0,,,
Inflation,PCEPILFE,2,mid_month,2026-03,2026-03-15,Inflation Ridge-AR Ensemble,3.5138300728842609,3.2851868760189356,3.3792414097985128,0.094054533779577287,0.2286431968653253,0.13458866308574802,0.052277711472795904,0.01811410823120899,-0.034163603241586918,0.2286431968653253,0.13458866308574802,-0.094054533779577287,a716019482770d8d4f56e8c48b980d939a63d38b3494709513c425e46466b436,80b7a993af97d94cc408ee1ecb2836bd4ac706120d933cfbb8b7a93d7ad1f3e1,bd5aec70aa6532d4754ea39da92db45a0bd23f4ddc84be286be3e6d0b611ffd9,bd5aec70aa6532d4754ea39da92db45a0bd23f4ddc84be286be3e6d0b611ffd9,1,1,14,0,0,,,
Inflation,PCEPILFE,3,month_end,2026-03,2026-03-31,Inflation Bridge Ridge,3.5138300728842609,4.0625503243951897,4.1905860542754185,0.12803572988022882,-0.54872025151092885,-0.67675598139115767,0.30109391441821703,0.45799865834870895,0.15690474393049192,0.54872025151092885,0.67675598139115767,0.12803572988022882,81bd444227eff91c88ecdb6492c29771f11ab96aa5a422e5d09a72f1e610316e,b8c2fd03639a1a11b009cad72fd7b97795e7c0089d2847fc5c1eaac20974ebc5,a3cf7eac16d7d205a25f56978628fc7f1064f7458bc13c2287095ab6049c16bf,a3cf7eac16d7d205a25f56978628fc7f1064f7458bc13c2287095ab6049c16bf,1,1,14,0,0,,,
Inflation,PCEPILFE,4,pre_release,2026-03,2026-04-29,Inflation Bridge Ridge,3.5138300728842609,4.0657179490848252,4.1041828488167038,0.03846489973187861,-0.55188787620056434,-0.59035277593244295,0.30458022789716943,0.34851640005114121,0.043936172153971775,0.55188787620056434,0.59035277593244295,0.03846489973187861,24eb3ff77ceab4a4b4036721aeff07bd8b28c3685a4a313d23e0ef731054b634,3eb1fcf86ce28991ad33c60a176f8ada1e57f64b4e00478e8952aef0db7ad0c2,abe9d98901c8b136a7c52a3856fff6f2236bcea08df962965a693a4f7763d6b1,abe9d98901c8b136a7c52a3856fff6f2236bcea08df962965a693a4f7763d6b1,1,1,10,0,0,,,
Inflation,PCEPILFE,1,month_open,2026-04,2026-04-01,Inflation Bridge Ridge,2.8638636343949031,4.3950633820813962,4.352391965196607,-0.042671416884789259,-1.5311997476864931,-1.4885283308017039,2.3445726673151803,2.2157165915993069,-0.12885607571587343,1.5311997476864931,1.4885283308017039,-0.042671416884789259,5607ec8bb9be56ed471fea98ce825532c79d22ff0e9ff105adc5cd7fd0ce8640,d0adbc9b326c359ed2b3a5937a7b539c210a76ee65dc5429987a6091d8c7b548,aa5ae64a510adcfc9878c532c89b2ee52906bdebdfa75e5a94419ffbf4191f86,aa5ae64a510adcfc9878c532c89b2ee52906bdebdfa75e5a94419ffbf4191f86,1,1,14,0,0,,,
Inflation,PCEPILFE,2,mid_month,2026-04,2026-04-15,Inflation Ridge-AR Ensemble,2.8638636343949031,3.8958184845701433,4.0359689096473543,0.14015042507721098,-1.0319548501752402,-1.1721052752524512,1.0649308128002026,1.3738307762746245,0.30889996347442183,1.0319548501752402,1.1721052752524512,0.14015042507721098,0f309fffb4256000594f4a61b6cf248566025fd62a7ee11ec444b991e5dc2ea8,5141142feaeb76bfb36e91bfd171ae15443ec7edb3d96154ca540a5fea710236,fc54fde8398663c4c42dc2cbf2a7abd181508f617674df1f9a5741b460678d84,fc54fde8398663c4c42dc2cbf2a7abd181508f617674df1f9a5741b460678d84,1,1,10,0,0,,,
Inflation,PCEPILFE,3,month_end,2026-04,2026-04-30,Inflation Bridge Ridge,2.8638636343949031,3.9789096126599532,4.0002973835011959,0.021387770841242659,-1.1150459782650501,-1.1364337491062928,1.2433275336450627,1.2914816661077844,0.04815413246272171,1.1150459782650501,1.1364337491062928,0.021387770841242659,d2bcf6a3dd2d72ab4fdfc3aea17e5d3513254a63dba602b2c252f030c6a9ced3,e9464d63308e0c3ae4ef56e09f50b7ff2253ba882827a0576f06912048b742db,38011761fafaa72091e42fb347ad316c0c554d07d35c1f91b1c19cdfc535d10e,38011761fafaa72091e42fb347ad316c0c554d07d35c1f91b1c19cdfc535d10e,1,1,12,0,0,,,
Inflation,PCEPILFE,4,pre_release,2026-04,2026-05-27,Inflation Bridge Ridge,2.8638636343949031,4.0360721779644928,4.0002973835011959,-0.035774794463296899,-1.1722085435695897,-1.1364337491062928,1.3740728696175386,1.2914816661077844,-0.082591203509754241,1.1722085435695897,1.1364337491062928,-0.035774794463296899,8e8a11d4ecb1d5893322150856bafdaab66150218314885da4a5acca20ab1b1f,e9d475945d950580e9bcb40bfd55296b264453d575166c9a5527ea88d5afeec7,b121d4e5bad8baf756239ce4d2673be32f046deb459537bfb137c417da0fbdf5,b121d4e5bad8baf756239ce4d2673be32f046deb459537bfb137c417da0fbdf5,1,1,10,0,0,,,
Inflation,PCEPILFE,1,month_open,2026-05,2026-05-01,Inflation Bridge Ridge,3.834474232723295,3.5895634338275446,3.7758339382982227,0.18627050447067806,0.2449107988957504,0.058640294425072348,0.059981299415754696,0.0034386841302591711,-0.056542615285495527,0.2449107988957504,0.058640294425072348,-0.18627050447067806,ecce58d78881f1fa52eea024f09cf047c9ca1eea60292d769f6573282836f872,a4937dccd2dbdbafbdcdc1a1227324078a6a5df8b18cd96540d59c1a081fa1d6,b7d3dda062690d35e1c421f5743e0783c7ab231c92c9754fc9035ebc3946074c,b7d3dda062690d35e1c421f5743e0783c7ab231c92c9754fc9035ebc3946074c,1,1,12,0,0,,,
Inflation,PCEPILFE,2,mid_month,2026-05,2026-05-15,Inflation Ridge-AR Ensemble,3.834474232723295,3.458278550263667,3.4705071124289155,0.01222856216524848,0.37619568245962798,0.3639671202943795,0.14152319150126524,0.1324720646553833,-0.0090511268458819405,0.37619568245962798,0.3639671202943795,-0.01222856216524848,09c0637b340d3561ff0b0bb18908b61a785ebba2ab34b086e758b763931bda60,64208c81d5129ed4e44d77bc70a2f7ad340cfba0e43b2d0ebc515f829d6c87b9,4b42ace52cc2355a16aa2d9af2ee4b01efac1fb3709079e05a542e4db173914e,4b42ace52cc2355a16aa2d9af2ee4b01efac1fb3709079e05a542e4db173914e,1,1,10,0,0,,,
Inflation,PCEPILFE,3,month_end,2026-05,2026-05-31,Inflation Bridge Ridge,3.834474232723295,3.6571152667319788,3.6834995051255941,0.026384238393615256,0.17735896599131618,0.15097472759770092,0.031456202817508848,0.022793368373199997,-0.0086628344443088513,0.17735896599131618,0.15097472759770092,-0.026384238393615256,553bf3f082f734a2a8963337ee9d14d499e35a41ec8fb28aeac183d8744b1f4c,1adab88e50602d7ca6e26c1d3aa5024d56962ddc7814df286ab75250067025f8,c926e27d0d5f7b3ed7cb57432df6b8a88e8933611ff4327d69b637d17fe132dd,c926e27d0d5f7b3ed7cb57432df6b8a88e8933611ff4327d69b637d17fe132dd,1,1,12,0,0,,,
Inflation,PCEPILFE,4,pre_release,2026-05,2026-06-24,Inflation Bridge Ridge,3.834474232723295,3.6352235273080096,3.6834995051255941,0.048275977817584526,0.19925070541528545,0.15097472759770092,0.039700843608488863,0.022793368373199997,-0.016907475235288866,0.19925070541528545,0.15097472759770092,-0.048275977817584526,45ffd06e4a40c3554161f6121d49026c4b88f646d0ab65040ac6d57149e459d7,6a727dbac547ac4a5418e821b56bbc361f000b6efb3663e8a4c013b0a9f1cae5,c24064c1602ffe935dd3abcdc5ffec159e9429521ee5a65f713eefd1d321a6b1,c24064c1602ffe935dd3abcdc5ffec159e9429521ee5a65f713eefd1d321a6b1,1,1,13,0,0,,,
Labour,CES0500000003,1,month_open,2023-02,2023-02-01,Labour Bridge Ridge,2.9046912821033999,3.4107633483847253,4.5067327878006882,1.0959694394159629,-0.50607206628132539,-1.6020415056972883,0.25610893627025022,2.5665369859768346,2.3104280497065846,0.50607206628132539,1.6020415056972883,1.0959694394159629,a625e8022d1833e223ee211a4d0dc372e5fd183c04740ebbcd8913bb57033a61,4da72d56a2509f509f203097de377d4d57e6e2a01f4800498cf459b574d09dc5,7d35d7c3dc468d12ed16fada0ea9ec7383be677245819836385fbdda5d10c9cc,7d35d7c3dc468d12ed16fada0ea9ec7383be677245819836385fbdda5d10c9cc,1,1,1911,0,0,,,
Labour,CES0500000003,2,after_week_1,2023-02,2023-02-07,Labour Bridge Ridge,2.9046912821033999,2.8277355698790703,3.3862125337180187,0.5584769638389484,0.07695571222432962,-0.48152125161461878,0.005922181643953835,0.23186271575650902,0.22594053411255519,0.07695571222432962,0.48152125161461878,0.40456553939028916,bb41d6dfe98a395523c37c474f213db161202a21d6b68c213d32b3cd9487d8ff,95feb6189127476270801ccf86d61d24e0fc74c98e556db36e8e76a425ab49f2,83c50e99b281d0eb38c02c929b1e5f9d33312869870167cdfd3c55faf4571388,83c50e99b281d0eb38c02c929b1e5f9d33312869870167cdfd3c55faf4571388,1,1,1837,0,0,,,
Labour,CES0500000003,3,after_week_2,2023-02,2023-02-14,Labour Bridge Ridge,2.9046912821033999,2.8611715090271082,3.3856280835086943,0.52445657448158611,0.043519773076291735,-0.48093680140529438,0.001893970648611927,0.23130020694595557,0.22940623629734364,0.043519773076291735,0.48093680140529438,0.43741702832900264,8493c3522808cec4223f6f3d60cef7f8cb31652eb221cdb7aeb18631eac2e8ad,51688d3c3857dde0fbfd14c8bbe9a46ec08b8421858ab5382c2f5a3199ac25c6,fd2d35ce1026a42a648cd52556a493c8205890a8d71abd893b40d420d98188ef,fd2d35ce1026a42a648cd52556a493c8205890a8d71abd893b40d420d98188ef,1,1,1839,0,0,,,
Labour,CES0500000003,4,month_end,2023-02,2023-02-28,Labour Equal-Weight Ensemble,2.9046912821033999,3.0633886184552463,3.2766910230126771,0.21330240455743077,-0.15869733635184646,-0.37199974090927723,0.025184844565171088,0.1383838072365694,0.11319896267139831,0.15869733635184646,0.37199974090927723,0.21330240455743077,6279ba25f52d576567d18e8c8d0c041afe74443b1991c4639a039fa121bde214,2e66bf641a5eb39e65f397986f432566f502c0233ede35fb24851271cca3e9eb,a18b67123bc9d3a511711613b2d0584f5207124c0ee697a050640cb7fe51df6c,a18b67123bc9d3a511711613b2d0584f5207124c0ee697a050640cb7fe51df6c,1,1,1844,0,0,,,
Labour,CES0500000003,5,pre_employment_report,2023-02,2023-03-09,Labour Equal-Weight Ensemble,2.9046912821033999,3.1515956996831029,3.4711264819678624,0.31953078228475951,-0.24690441757970305,-0.56643519986446256,0.060961791420372377,0.32084883564549366,0.25988704422512127,0.24690441757970305,0.56643519986446256,0.31953078228475951,ea1953db71ea93329228e0be21b528f4229ee4087001f532d032e7c08430992a,391a6dd48e9c0e87931806ea9cbabe1dc7b9e4dee87245fe9a16a786fc2712fe,18b387da350fc6c68e6cceb4c80b04e1c49646466ca91fcac31e9dafce6f959b,18b387da350fc6c68e6cceb4c80b04e1c49646466ca91fcac31e9dafce6f959b,1,1,1826,0,0,,,
Labour,CES0500000003,1,month_open,2023-03,2023-03-01,Labour Bridge Ridge,3.2593953945330156,3.9989564676986471,5.0166597462450238,1.0177032785463767,-0.73956107316563147,-1.7572643517120081,0.54695058094190052,3.0879780017978242,2.5410274208559236,0.73956107316563147,1.7572643517120081,1.0177032785463767,9c677fcb35ec200fbad5da0c1d6f9f47034a0a3b1ada1b288239b7872f68ac41,982f4ae2f22f5d87197f6d03d4efe73ec3a643e0faa033626ce975f132955558,a18b67123bc9d3a511711613b2d0584f5207124c0ee697a050640cb7fe51df6c,a18b67123bc9d3a511711613b2d0584f5207124c0ee697a050640cb7fe51df6c,1,1,1844,0,0,,,
Labour,CES0500000003,2,after_week_1,2023-03,2023-03-07,Labour Bridge Ridge,3.2593953945330156,3.9770465685541581,4.9742396573149907,0.99719308876083268,-0.71765117402114242,-1.7148442627819751,0.51502320757392406,2.9406908455962557,2.4256676380223317,0.71765117402114242,1.7148442627819751,0.99719308876083268,04d542ce609f6ce78f4fb75c8c7f297a3a3521c22fa3383998fa70977d5761ee,51a6fe342d53fe66394f7b642172de155780dce361e993fe22d92cb17de94fa5,ff6b128653620e6111a24dc004b5384a65a39b5ea7c18a6e12df505679eef710,ff6b128653620e6111a24dc004b5384a65a39b5ea7c18a6e12df505679eef710,1,1,1846,0,0,,,
Labour,CES0500000003,3,after_week_2,2023-03,2023-03-14,Labour Bridge Ridge,3.2593953945330156,4.3777331480532453,4.5813832958188394,0.20365014776559409,-1.1183377535202297,-1.3219879012858238,1.2506793309486739,1.7476520111460969,0.49697268019742302,1.1183377535202297,1.3219879012858238,0.20365014776559409,20c40afbcca5c648db06a4273bcffc60ee94d000b3934a3793b1cb51918278bb,b13335b03229eca0eca481539a8deca14abc0de7257c141270f4aa7873d031d9,f0a06166be8b2f09574960562daf7c4a85217b0cb9130c32bf4cb62939095ad8,f0a06166be8b2f09574960562daf7c4a85217b0cb9130c32bf4cb62939095ad8,1,1,1832,0,0,,,
Labour,CES0500000003,4,month_end,2023-03,2023-03-31,Labour Equal-Weight Ensemble,3.2593953945330156,4.0909145018695101,4.2288184506035691,0.13790394873405898,-0.83151910733649448,-0.96942305607055346,0.69142402586568064,0.93978106164117148,0.24835703577549084,0.83151910733649448,0.96942305607055346,0.13790394873405898,97c2667ce008751c1b7129bd44acbe9aa35adf09d5459c5a81e6a34249711428,7c0e10a60da33a832765e69afb22d2b6a31f26a777adf094f067908a63081936,f4dc6fdf75a874999698eb11b178407d904e52dbeb4dc96f36d6a09341f570ef,f4dc6fdf75a874999698eb11b178407d904e52dbeb4dc96f36d6a09341f570ef,1,1,1839,0,0,,,
Labour,CES0500000003,5,pre_employment_report,2023-03,2023-04-06,Labour Equal-Weight Ensemble,3.2593953945330156,4.1378376757135831,4.1463692835077675,0.0085316077941843815,-0.87844228118056744,-0.88697388897475182,0.77166084136571911,0.78672267972299537,0.015061838357276258,0.87844228118056744,0.88697388897475182,0.0085316077941843815,c56eac5a7e701385dda0a1d390a232e05d0df7e0b23351958797c02c8a6db216,2cb10392a083f7c684e8a029aefa45152586844e76a377e6fa97dfa3780fe0bb,fef984e8c334a087ff3321681cf90594ac383ba269f4d9cd9b836979e63bf0b8,fef984e8c334a087ff3321681cf90594ac383ba269f4d9cd9b836979e63bf0b8,1,1,1729,0,0,,,
Labour,CES0500000003,1,month_open,2023-04,2023-04-01,Labour Bridge Ridge,5.7692418817232749,4.2465068622776432,4.5047080265048693,0.25820116422722617,1.5227350194456317,1.2645338552184056,2.3187219394460885,1.5990458709935234,-0.71967606845256515,1.5227350194456317,1.2645338552184056,-0.25820116422722617,de14489ce738d0aa9d434beb29ac87c6b1c1045ae0496fb5e29591065aea364b,a5e8ec61c85935af23a9ef57081d9ef14ac069423fcf15ca8fd7439282442645,f4dc6fdf75a874999698eb11b178407d904e52dbeb4dc96f36d6a09341f570ef,f4dc6fdf75a874999698eb11b178407d904e52dbeb4dc96f36d6a09341f570ef,1,1,1839,0,0,,,
Labour,CES0500000003,2,after_week_1,2023-04,2023-04-07,Labour Bridge Ridge,5.7692418817232749,4.7457300894052441,5.1797847892341657,0.43405469982892164,1.0235117923180308,0.58945709248910916,1.0475763890140679,0.3474596638857142,-0.70011672512835377,1.0235117923180308,0.58945709248910916,-0.43405469982892164,d6291ecb4244544f0603af35576d597cf0ad0e6af414b0dd4da59e14033b9d8b,16a376402a6e4c4759cc58b0414a684a818fb1f1740b67b9a5cc457952e45c1e,650af8f2d5977eb243bb4deafc13d0ae0af40a09e368d916af98d2285e39d99c,650af8f2d5977eb243bb4deafc13d0ae0af40a09e368d916af98d2285e39d99c,1,1,1733,0,0,,,
Labour,CES0500000003,3,after_week_2,2023-04,2023-04-14,Labour Bridge Ridge,5.7692418817232749,4.6016604797866218,5.1260115305266583,0.52435105074003641,1.1675814019366531,0.64323035119661665,1.3632463301483602,0.4137452847005228,-0.94950104544783742,1.1675814019366531,0.64323035119661665,-0.52435105074003641,67ee23bbaa58d22cbf3c8878e5129f497073227cf66af8559e3990e7ed85be3f,d1281dd6199deb47ddf779458911e8eab87dc84340a5934c2c790bc377d80bf5,de533a5b379c48f97ca4c116ac63e6c05abb59dd0cdbc99838875e1e57a1381b,de533a5b379c48f97ca4c116ac63e6c05abb59dd0cdbc99838875e1e57a1381b,1,1,1736,0,0,,,
Labour,CES0500000003,4,month_end,2023-04,2023-04-30,Labour Equal-Weight Ensemble,5.7692418817232749,4.0560865174452756,4.1991889365961956,0.14310241915092003,1.7131553642779993,1.5700529451270793,2.9349013021544845,2.4650662505022152,-0.46983505165226935,1.7131553642779993,1.5700529451270793,-0.14310241915092003,e811f526b64f8e7326cd3d36e4d2062d605e0421fec2fb11ecf8d12b27b2c893,c6d3c60f8e32989b32e550a1737cb07165cbf914f4a34704eca2182575ca2fe8,89b2a5beb531b5b42b9127bf185f10898695aea31673c35c4c4c592cbdc4f973,89b2a5beb531b5b42b9127bf185f10898695aea31673c35c4c4c592cbdc4f973,1,1,1740,0,0,,,
Labour,CES0500000003,5,pre_employment_report,2023-04,2023-05-04,Labour Equal-Weight Ensemble,5.7692418817232749,4.0500160467945312,4.2111714983773032,0.161155451582772,1.7192258349287437,1.5580703833459717,2.9557374714864357,2.4275833194598633,-0.52815415202657245,1.7192258349287437,1.5580703833459717,-0.161155451582772,a45b23477f7ad3211864f8b90308b33a3f4a5dcbe3bc716e61bd4072869944fa,132845ff2e5688aaa7bf8c7346bae468a6389caf30e6f53ffe10a6717f3d0b34,6a683014196c39371e9e4583f972b21c6b6fd126af5957fc125ab7d97a0b925e,6a683014196c39371e9e4583f972b21c6b6fd126af5957fc125ab7d97a0b925e,1,1,1744,0,0,,,
Labour,CES0500000003,1,month_open,2023-05,2023-05-01,Labour Bridge Ridge,3.9538750762231345,4.5804687238570949,5.0315672143141992,0.45109849045710426,-0.62659364763396042,-1.0776921380910647,0.39261959925523177,1.1614203445032905,0.76880074524805875,0.62659364763396042,1.0776921380910647,0.45109849045710426,7f83bf8482e2c2930f8ac46371522cd54958a30311b96105be2e9af7368463e5,455fbdb86d4ec953917e71f938ce464ac4c4d04a203ef39820b446d491e7503b,89b2a5beb531b5b42b9127bf185f10898695aea31673c35c4c4c592cbdc4f973,89b2a5beb531b5b42b9127bf185f10898695aea31673c35c4c4c592cbdc4f973,1,1,1740,0,0,,,
Labour,CES0500000003,2,after_week_1,2023-05,2023-05-07,Labour Bridge Ridge,3.9538750762231345,4.0035435537230999,4.3033695160610401,0.29982596233794023,-0.049668477499965391,-0.34949443983790562,0.0024669576571645685,0.12214636347761143,0.11967940582044687,0.049668477499965391,0.34949443983790562,0.29982596233794023,534bcacc239f9d9bc0ce2ecfc6f4243a4cb1d4205daaf6b49325cb9c542ba6dc,a9bf40c3c9b3fa9209d9960d45cc9fc831085b646c4d1d2f9c785b614125acb9,ac1427a63fe2da086d38767c0beb5edd07da599edf30d47c3128a4f96f51bd2e,ac1427a63fe2da086d38767c0beb5edd07da599edf30d47c3128a4f96f51bd2e,1,1,1749,0,0,,,
Labour,CES0500000003,3,after_week_2,2023-05,2023-05-14,Labour Bridge Ridge,3.9538750762231345,4.0405991092466227,4.2816577446709978,0.24105863542437511,-0.08672403302348819,-0.3277826684478633,0.0075210579038590703,0.10744147773480188,0.099920419830942811,0.08672403302348819,0.3277826684478633,0.24105863542437511,b003a900f1a4b4c48d303b15f513372ec6de625c0248d6c2eaa4985d38abb73e,28e452210e21c73690e9c3bd0e262bb9035ca8b26a4c960e9bf562b0affcdaef,b66aae63e8f6baa487667ea673af3dfbdde8b86cb83ef028598a419c8f3f1808,b66aae63e8f6baa487667ea673af3dfbdde8b86cb83ef028598a419c8f3f1808,1,1,1751,0,0,,,
Labour,CES0500000003,4,month_end,2023-05,2023-05-31,Labour Equal-Weight Ensemble,3.9538750762231345,3.6886223017675732,3.7990764759986462,0.11045417423107295,0.26525277445556128,0.15479860022448833,0.070359034356372863,0.023962606631460957,-0.046396427724911905,0.26525277445556128,0.15479860022448833,-0.11045417423107295,47a3ec2530f58d9c3b9b533370d871a212d295cc2d8510e172b9cf67c635cc4e,a28863615b76f821e99df90dafc90d6b9b59ff337412c96cfdc790381ad26406,84d5eb47183d2f0f1c72d047cc110e119857eb20ee952ee856783e8baa60170c,84d5eb47183d2f0f1c72d047cc110e119857eb20ee952ee856783e8baa60170c,1,1,1757,0,0,,,
Labour,CES0500000003,5,pre_employment_report,2023-05,2023-06-01,Labour Equal-Weight Ensemble,3.9538750762231345,3.6873249924302236,3.8128007529389465,0.12547576050872289,0.2665500837929109,0.14107432328418801,0.071048947170007815,0.019901964690091589,-0.051146982479916225,0.2665500837929109,0.14107432328418801,-0.12547576050872289,780a896b5ae77b003c614f12ec4890201f28be64859fea0aac6731484376ca2e,02be6d7a776971eb51fad421faf7eab9005405f914f25e9cf548835ff1848838,cd0b03bf581c648c84f4afac415e2fd0d168939e9c82517e129f53ea353118d7,cd0b03bf581c648c84f4afac415e2fd0d168939e9c82517e129f53ea353118d7,1,1,1759,0,0,,,
Labour,CES0500000003,1,month_open,2023-06,2023-06-01,Labour Bridge Ridge,4.2959473088599154,4.4799372160896898,4.6587153187622024,0.1787781026725126,-0.18398990722977437,-0.36276800990228697,0.033852285962420979,0.13160062900846578,0.097748343046044794,0.18398990722977437,0.36276800990228697,0.1787781026725126,780a896b5ae77b003c614f12ec4890201f28be64859fea0aac6731484376ca2e,02be6d7a776971eb51fad421faf7eab9005405f914f25e9cf548835ff1848838,cd0b03bf581c648c84f4afac415e2fd0d168939e9c82517e129f53ea353118d7,cd0b03bf581c648c84f4afac415e2fd0d168939e9c82517e129f53ea353118d7,1,1,1759,0,0,,,
Labour,CES0500000003,2,after_week_1,2023-06,2023-06-07,Labour Bridge Ridge,4.2959473088599154,4.2293816754062146,5.0126539542068249,0.78327227880061034,0.066565633453700812,-0.71670664534690953,0.0044309835570924523,0.51366841548442077,0.50923743192732829,0.066565633453700812,0.71670664534690953,0.65014101189320872,6e46d3399a89fbed7a12c75408ae6f4c803fdbf2f2b618c06662410c19837114,1decdff2ae06ea835e073f46d70fbce737fdb59b71cac71d47b382a4e8547436,e1d78e336ec78b03fa350e427e75b8adcf3653cc5efd463e034e6453a5486451,e1d78e336ec78b03fa350e427e75b8adcf3653cc5efd463e034e6453a5486451,1,1,1765,0,0,,,
Labour,CES0500000003,3,after_week_2,2023-06,2023-06-14,Labour Bridge Ridge,4.2959473088599154,4.2701582480648703,4.9962283915254115,0.72607014346054122,0.02578906079504506,-0.70028108266549616,0.00066507565669053019,0.49039359473915944,0.48972851908246889,0.02578906079504506,0.70028108266549616,0.6744920218704511,734ba86a6992f197f3ad1bf69bd17c3d9183d762c13d6d479bb70ac3ab3b0c76,c839d9624bb67f3f2079399d5fc97da1d2163005355527a86890e815cd130f65,67e77f14d4bd87e1aca2ab1890a7dcebc698be352c7186dd735c6dc28a6acb1d,67e77f14d4bd87e1aca2ab1890a7dcebc698be352c7186dd735c6dc28a6acb1d,1,1,1767,0,0,,,
Labour,CES0500000003,4,month_end,2023-06,2023-06-30,Labour Equal-Weight Ensemble,4.2959473088599154,3.8743132343918241,4.1329423171711568,0.25862908277933272,0.42163407446809131,0.16300499168875859,0.17777529275256398,0.026570627315452258,-0.15120466543711172,0.42163407446809131,0.16300499168875859,-0.25862908277933272,84395dc96d4f2a5c9468cb5755d3d1d33991b8259cb83f65753aa4f99fc85048,b5629d554ba50dfb2f765d1f80433217ab6424f48ede15727fcbfb199474e4f3,5a68db28f20c8a1366233583c6d23778ddb61bc8c5cb9647d8aa2f65f3e411b5,5a68db28f20c8a1366233583c6d23778ddb61bc8c5cb9647d8aa2f65f3e411b5,1,1,1774,0,0,,,
Labour,CES0500000003,5,pre_employment_report,2023-06,2023-07-06,Labour Equal-Weight Ensemble,4.2959473088599154,3.6712446280232953,4.0238343715083511,0.35258974348505578,0.62470268083662006,0.27211293735156428,0.39025343944446,0.074045450674096347,-0.31620798877036366,0.62470268083662006,0.27211293735156428,-0.35258974348505578,bf8f19819a871ad1c1d1cd6fc4b976ae7385ba2db41b40831f7e51fb5f1e5a12,36268bbb8f9cff7885ea3a2fc1da7ed978935cbcefc79132c12e9a6f779454cf,615ccd580fdb84d4d9517947b82566fd83dfcb86a2e678d72a5836ed324dcf55,615ccd580fdb84d4d9517947b82566fd83dfcb86a2e678d72a5836ed324dcf55,1,1,1775,0,0,,,
Labour,CES0500000003,1,month_open,2023-07,2023-07-01,Labour Bridge Ridge,4.9896121783962855,4.7911352992133862,4.9036744943586879,0.11253919514530164,0.19847687918289925,0.085937684037597606,0.039393071570183187,0.0073852855377459581,-0.03200778603243723,0.19847687918289925,0.085937684037597606,-0.11253919514530164,3a4c14b4be18f6ceb889d4b76f185b7118870ecdf457828c530aa21dd96674ed,8626c131db45c339b18feb2c0a0dfd01f6bd1f519fff5ee676bce6487dcca620,5a68db28f20c8a1366233583c6d23778ddb61bc8c5cb9647d8aa2f65f3e411b5,5a68db28f20c8a1366233583c6d23778ddb61bc8c5cb9647d8aa2f65f3e411b5,1,1,1774,0,0,,,
Labour,CES0500000003,2,after_week_1,2023-07,2023-07-07,Labour Bridge Ridge,4.9896121783962855,5.3128796926531132,5.496447109799302,0.18356741714618874,-0.32326751425682776,-0.5068349314030165,0.10450188577378834,0.25688164769030042,0.15237976191651209,0.32326751425682776,0.5068349314030165,0.18356741714618874,77ba7fefe2849cfab833dadd8c869b78456ad996c7411b1a46556d234973fb79,ce0098c5f67c582b764b3b8a4c9af71446e7cb5b1542e65f7c8f054d3220e625,6e46fd0c64f1fe0dd29b21bf05bc5b78e49db0326c3b7b04f46e65df1ec4e00c,6e46fd0c64f1fe0dd29b21bf05bc5b78e49db0326c3b7b04f46e65df1ec4e00c,1,1,1780,0,0,,,
Labour,CES0500000003,3,after_week_2,2023-07,2023-07-14,Labour Bridge Ridge,4.9896121783962855,5.3861473407917533,5.4432293124151583,0.057081971623405003,-0.39653516239546782,-0.45361713401887283,0.15724013501600004,0.20576850427549603,0.048528369259495996,0.39653516239546782,0.45361713401887283,0.057081971623405003,e4811844862e309cfc8322d765ffa7a257731b6fe4cf0af7302c064d6f2e7608,14d51a561b4e171cdff39a22f4eaa6bf965f72e702d69f466f6d8011dcfc2d13,51c68b94f8059bc312466721303b440813c186e94f7f507f84f7333d7938ca5d,51c68b94f8059bc312466721303b440813c186e94f7f507f84f7333d7938ca5d,1,1,1783,0,0,,,
Labour,CES0500000003,4,month_end,2023-07,2023-07-31,Labour Equal-Weight Ensemble,4.9896121783962855,4.1549715728036043,4.2843819753951822,0.12941040259157788,0.83464060559268116,0.70523020300110328,0.69662494050411761,0.49734963922497732,-0.19927530127914028,0.83464060559268116,0.70523020300110328,-0.12941040259157788,fbc319d6b5ac0fd2775cd9c76bd4dcd8de1f4360e65a63d4718ace7671787554,f05e8926257c80d461719c81730b87e37e6c0dc7e7959b8341fb6dcd67970055,64f17961535b03db133104e8c69d7aec0447aca467ec27ea23a05952bccc4a14,64f17961535b03db133104e8c69d7aec0447aca467ec27ea23a05952bccc4a14,1,1,1788,0,0,,,
Labour,CES0500000003,5,pre_employment_report,2023-07,2023-08-03,Labour Equal-Weight Ensemble,4.9896121783962855,4.3765555801060598,4.4729767365758244,0.096421156469764568,0.61305659829022563,0.51663544182046106,0.37583839270718306,0.26691217974502301,-0.10892621296216004,0.61305659829022563,0.51663544182046106,-0.096421156469764568,1fbb51fcff7e9a26b23c58e68f7f791da8a62fbf6323c2c5f244c8a399327bee,d28b05fd301a54ddaaf80c18728766bc09c90ffaa858409d775222dbd3575d8b,cc7fbfdc803cfb9f735e6cf36d647d15c05a0e9b062ecf773bce20068302421c,cc7fbfdc803cfb9f735e6cf36d647d15c05a0e9b062ecf773bce20068302421c,1,1,1791,0,0,,,
Labour,CES0500000003,1,month_open,2023-08,2023-08-01,Labour Bridge Ridge,2.8419196231345367,4.1377861407582568,3.9550726274706611,-0.18271351328759566,-1.2958665176237201,-1.1131530043361244,1.6792700314982272,1.2391096110625397,-0.44016042043568748,1.2958665176237201,1.1131530043361244,-0.18271351328759566,ccb96bbce2db9e933322c92059d3ac77bd10deef41331c2b428204b788a4a218,c46b724b01e8cd95caa8a639b16f2646c408c404eb049116d8ce2831abf3385e,f97ab143a8f46896893c69f8bba4ea5d7ec2110552081cbdd421233db767c75f,f97ab143a8f46896893c69f8bba4ea5d7ec2110552081cbdd421233db767c75f,1,1,1789,0,0,,,
Labour,CES0500000003,2,after_week_1,2023-08,2023-08-07,Labour Bridge Ridge,2.8419196231345367,4.2877442087518665,4.2025490089891955,-0.085195199762670981,-1.4458245856173297,-1.3606293858546588,2.0904087323755234,1.8513123256512258,-0.23909640672429755,1.4458245856173297,1.3606293858546588,-0.085195199762670981,b12d207d247e6299aa4c05ccfc0651dad64482d8216ff838262719b475fe8bc0,1bf18fa3c33886ff961a39e85b5889caa378f99e00e5743c6ee35d4e80f1e3dd,4ba5cb9b40e86c6e09dff80bc4da309ca158783228615dc5cd8036125da63eaf,4ba5cb9b40e86c6e09dff80bc4da309ca158783228615dc5cd8036125da63eaf,1,1,1796,0,0,,,
Labour,CES0500000003,3,after_week_2,2023-08,2023-08-14,Labour Bridge Ridge,2.8419196231345367,4.3343772081684131,4.1564612496740905,-0.17791595849432262,-1.4924575850338764,-1.3145416265395538,2.2274296431251503,1.7280196879052556,-0.49940995521989473,1.4924575850338764,1.3145416265395538,-0.17791595849432262,ded400bd99d0525f109e312456fba5df514a4d773b390ecc853d70110c30193b,d1105a9c3996c577a5844a2df4073c7ec3305c4706182a98cc26ad385edfccea,cb457340583c238bfd3c11c7208640de9a0b6ced5580cf59edec6ef4adffe464,cb457340583c238bfd3c11c7208640de9a0b6ced5580cf59edec6ef4adffe464,1,1,1798,0,0,,,
Labour,CES0500000003,4,month_end,2023-08,2023-08-31,Labour Equal-Weight Ensemble,2.8419196231345367,3.8128378525933848,3.8518280657460076,0.038990213152622744,-0.97091822945884809,-1.0099084426114708,0.94268220829550442,1.0199150624579265,0.077232854162422093,0.97091822945884809,1.0099084426114708,0.038990213152622744,98f13c26d07eaf0eb0e880cd715440adc3fbae7968b44b9231773834cccf4443,b25051d571b70495675082d1468dbb05db06d51369f34a0d65a10ea10eef33ac,7ccba31c64a731a90334815835a84be8f209af1b666ba9f875ba5611fc975015,7ccba31c64a731a90334815835a84be8f209af1b666ba9f875ba5611fc975015,1,1,1806,0,0,,,
Labour,CES0500000003,5,pre_employment_report,2023-08,2023-08-31,Labour Equal-Weight Ensemble,2.8419196231345367,3.8128378525933848,3.8518280657460076,0.038990213152622744,-0.97091822945884809,-1.0099084426114708,0.94268220829550442,1.0199150624579265,0.077232854162422093,0.97091822945884809,1.0099084426114708,0.038990213152622744,98f13c26d07eaf0eb0e880cd715440adc3fbae7968b44b9231773834cccf4443,b25051d571b70495675082d1468dbb05db06d51369f34a0d65a10ea10eef33ac,7ccba31c64a731a90334815835a84be8f209af1b666ba9f875ba5611fc975015,7ccba31c64a731a90334815835a84be8f209af1b666ba9f875ba5611fc975015,1,1,1806,0,0,,,
Labour,CES0500000003,1,month_open,2023-09,2023-09-01,Labour Bridge Ridge,2.4819036768708003,5.4220544460165838,5.9003151468802901,0.47826070086370631,-2.9401507691457835,-3.4184114700094899,8.644486545308542,11.685536978292442,3.0410504329838997,2.9401507691457835,3.4184114700094899,0.47826070086370631,34d4cc0b568fa2fe0432876aee9da9fcd5b749809db5f1eb09648c661964643c,cff63aee36fc1953f0b6dff588047b3884b378bdf747fb733e75c054012c02e3,5417ecc2969c31a8305b447495f5159da0dca4c04bf568b85af9e8535b51013b,5417ecc2969c31a8305b447495f5159da0dca4c04bf568b85af9e8535b51013b,1,1,1811,0,0,,,
Labour,CES0500000003,2,after_week_1,2023-09,2023-09-07,Labour Bridge Ridge,2.4819036768708003,5.3594288986351373,5.9349147504330793,0.57548585179794198,-2.877525221764337,-3.453011073562279,8.2801514018898974,11.923285474143723,3.6431340722538259,2.877525221764337,3.453011073562279,0.57548585179794198,5dfa949842e927b33ada7d19d99bd4787428f2e189df197e651ba3958f39b74d,04970326665328623b17c82d2cefbd6ca97c85fa0a4585ca6484fb02f9b33eec,7c760ed6ba026eaf878ae4852598c22909e214cbb0519bcb36f5049be91c2540,7c760ed6ba026eaf878ae4852598c22909e214cbb0519bcb36f5049be91c2540,1,1,1813,0,0,,,
Labour,CES0500000003,3,after_week_2,2023-09,2023-09-14,Labour Bridge Ridge,2.4819036768708003,5.3155740159421079,5.8671687328733126,0.55159471693120476,-2.8336703390713076,-3.3852650560025124,8.0296875905325003,11.460019499391693,3.430331908859193,2.8336703390713076,3.3852650560025124,0.55159471693120476,b92020924c9b8daef618fd1bf659b4548d6867910f86e626465a464ba71cce2d,d5ad10ba796dcb40dbbad8e132774131d1487b628eb98510041db73b504228ac,3ed4b2b36abbbe343126219906e7b719e0e035a7bf768ec5afc827a39fd7c08e,3ed4b2b36abbbe343126219906e7b719e0e035a7bf768ec5afc827a39fd7c08e,1,1,1815,0,0,,,
Labour,CES0500000003,4,month_end,2023-09,2023-09-30,Labour Equal-Weight Ensemble,2.4819036768708003,4.1830026768001822,4.4608191765387835,0.27781649973860123,-1.701098999929382,-1.9789154996679832,2.8937378075607434,3.9161065548261837,1.0223687472654404,1.701098999929382,1.9789154996679832,0.27781649973860123,67078a8f26e3a5e1d4f32ab4069129481cef2e548278a60daddb0f9108f5e2ed,4c68857a99ef26a2c99e1424c57db8cc9959c4dfb1166b4b213318adfd861a6f,7ee95b65021244aeec75119e54a0c33fefea943a08e0fc983b669f528b16b95f,7ee95b65021244aeec75119e54a0c33fefea943a08e0fc983b669f528b16b95f,1,1,1820,0,0,,,
Labour,CES0500000003,5,pre_employment_report,2023-09,2023-10-05,Labour Equal-Weight Ensemble,2.4819036768708003,4.087544555578364,4.3208254029215887,0.23328084734322463,-1.6056408787075638,-1.8389217260507884,2.5780826313767977,3.3816331145416108,0.80355048316481303,1.6056408787075638,1.8389217260507884,0.23328084734322463,28723410f143be952a4248168e4ee6e9eacf07eb0d4d374ff5b2e1472ee4ed0b,e810baa0bb6c2d4e3906cdee07c7f60818e3aecc5fddf7db49b629b5ccf40d2a,d6b4a65814094220d9fc835f7abd6a79e4bff2921ba35dce1865396427f81539,d6b4a65814094220d9fc835f7abd6a79e4bff2921ba35dce1865396427f81539,1,1,1823,0,0,,,
Labour,CES0500000003,1,month_open,2023-10,2023-10-01,Labour Bridge Ridge,2.473134984027503,4.3333774893569128,4.3771965504370014,0.043819061080088595,-1.8602425053294098,-1.9040615664094984,3.4605021786342394,3.6254504486777925,0.16494827004355317,1.8602425053294098,1.9040615664094984,0.043819061080088595,2501f3ee713082b68040e08e0c96faa39b1d30ed992d5a5e135d82f85e635122,23dbf50445aa8b6d15354a496fad70a5b42664743d10770be306ee18164166de,7ee95b65021244aeec75119e54a0c33fefea943a08e0fc983b669f528b16b95f,7ee95b65021244aeec75119e54a0c33fefea943a08e0fc983b669f528b16b95f,1,1,1820,0,0,,,
Labour,CES0500000003,2,after_week_1,2023-10,2023-10-07,Labour Bridge Ridge,2.473134984027503,4.3551531835149015,3.9217998987630764,-0.43335328475182511,-1.8820181994873986,-1.4486649147355735,3.5419925032017896,2.0986300351858262,-1.4433624680159634,1.8820181994873986,1.4486649147355735,-0.43335328475182511,d9d493e5ffc80c8624d08be9014bd596d65351a375f0f2610c0f89f612f96dda,b0489e891020057fd7334fcdb9ad42818fb76b1b6f6efe5c6af36a2ccb02b85e,8c9823492fec3eef126709bfecd04f44d12a7e576d2fe476c47bd8f894287322,8c9823492fec3eef126709bfecd04f44d12a7e576d2fe476c47bd8f894287322,1,1,1831,0,0,,,
Labour,CES0500000003,3,after_week_2,2023-10,2023-10-14,Labour Bridge Ridge,2.473134984027503,4.4201485844702617,3.8963735162846573,-0.52377506818560438,-1.9470136004427587,-1.4232385322571544,3.7908619603090745,2.0256079197014989,-1.7652540406075756,1.9470136004427587,1.4232385322571544,-0.52377506818560438,c8bb26bc6ccd1e562376422f23b273f0897968f271d71fef3c2c57267c55258c,7012039806a66f860d0fa69ab6a6c743b08060ac297bd68b61d387b8174c6b72,590caedcb04cc79e41363b13e27b9b14e4d408c9c29c2081eaa940a83f0e6e84,590caedcb04cc79e41363b13e27b9b14e4d408c9c29c2081eaa940a83f0e6e84,1,1,1833,0,0,,,
Labour,CES0500000003,4,month_end,2023-10,2023-10-31,Labour Equal-Weight Ensemble,2.473134984027503,3.8534355012884376,3.6557524039461455,-0.19768309734229206,-1.3803005172609346,-1.1826174199186426,1.9052295179508036,1.3985839618950269,-0.50664555605577677,1.3803005172609346,1.1826174199186426,-0.19768309734229206,dafc9e6a287c630203f0500d569d359231ed7e0bc3cadecea74f0289ddd91749,2fe7ce248be609e2f189babfb17dccd68bd7e94075be7020dcbabeecf2192002,14deef7836f5883d8ec2c12634d8f11a5a484a818c47ae3da6bf3e101f3284f0,14deef7836f5883d8ec2c12634d8f11a5a484a818c47ae3da6bf3e101f3284f0,1,1,1837,0,0,,,
Labour,CES0500000003,5,pre_employment_report,2023-10,2023-11-02,Labour Equal-Weight Ensemble,2.473134984027503,3.8407983513239472,3.6476313122968187,-0.19316703902712851,-1.3676633672964442,-1.1744963282693157,1.8705030862446486,1.3794416251181043,-0.49106146112654425,1.3676633672964442,1.1744963282693157,-0.19316703902712851,d4fe0e651754d4e46172c21d3bfe0cc37f332928bbeddc93a54c9d86da74dfec,a260f589bb969ff8da6bc45be1a79c7de35a48150a251f8563ddcef1d9d6467e,b529f562455b85b269aec7629dcf2318d7816dc288c070da0e6bf6cd92c31742,b529f562455b85b269aec7629dcf2318d7816dc288c070da0e6bf6cd92c31742,1,1,1839,0,0,,,
Labour,CES0500000003,1,month_open,2023-11,2023-11-01,Labour Bridge Ridge,4.230321654821978,4.4577189306750729,4.3388013255542885,-0.11891760512078431,-0.22739727585309488,-0.10847967073231057,0.051709521065408527,0.011767838962190519,-0.03994168210321801,0.22739727585309488,0.10847967073231057,-0.11891760512078431,a54cb0106a3f48fc14619cacce2ee2c6a7574aa8f68f547408b64fcb04c16cfa,386bbe13ad8d81aac26d75a3f5f05606c400b41049cfb94e3ffaebab5a8e3731,28fde8a145ac86a33e0d9de9326a7369f7e778d7f2a982eab1978deda651dd3f,28fde8a145ac86a33e0d9de9326a7369f7e778d7f2a982eab1978deda651dd3f,1,1,1838,0,0,,,
Labour,CES0500000003,2,after_week_1,2023-11,2023-11-07,Labour Bridge Ridge,4.230321654821978,5.0142883348414342,4.8235646628790168,-0.19072367196241746,-0.78396668001945624,-0.59324300805703878,0.61460375538072853,0.35193726660856378,-0.26266648877216475,0.78396668001945624,0.59324300805703878,-0.19072367196241746,92bf152df1d49ecadde4f53d12cfe935f7739382310fdbaa04dac35fc39a3ece,70d3c0a211351500ed85dcf874ba4a97a1091b86c99eb308b43a1c15ebad8f3c,5de309a3b626e99a97c6cfb6a2dc41f4c3902754812b5525f98cc8f9138bdf6d,5de309a3b626e99a97c6cfb6a2dc41f4c3902754812b5525f98cc8f9138bdf6d,1,1,1844,0,0,,,
Labour,CES0500000003,3,after_week_2,2023-11,2023-11-14,Labour Bridge Ridge,4.230321654821978,5.0648064507304049,4.8082084156978837,-0.25659803503252121,-0.83448479590842695,-0.57788676087590574,0.69636487460232899,0.33395310839564624,-0.36241176620668275,0.83448479590842695,0.57788676087590574,-0.25659803503252121,f5c0f612dc58e9016dc44763f1e1b02ededc60d3770a17e50bdb3572bb610a1c,4cb27ea38f0a2676eb5547a1f67703ec6d61a0ce3025e7896a62fed5a3b21ce6,0ae0b4a0eb5845783c2f7fd7f4ea523050993294ecc6262f87fe4cb3c3102887,0ae0b4a0eb5845783c2f7fd7f4ea523050993294ecc6262f87fe4cb3c3102887,1,1,1846,0,0,,,
Labour,CES0500000003,4,month_end,2023-11,2023-11-30,Labour Equal-Weight Ensemble,4.230321654821978,4.1816160575680525,4.0917801604434096,-0.089835897124642905,0.048705597253925426,0.13854149437856833,0.0023722352038615881,0.019193745664646881,0.016821510460785293,0.048705597253925426,0.13854149437856833,0.089835897124642905,699604e989d8b352ecf5a2746628df7956010c4a22358acf6525a9a470e4964b,5a94b057743cf8f6d3004743cddf311fc1adb742cf5591cd08da652ca1517625,668e9b08455f1a5e2d8cea11cdab04677291626d21b719bfb9766b6914f9a1a8,668e9b08455f1a5e2d8cea11cdab04677291626d21b719bfb9766b6914f9a1a8,1,1,1853,0,0,,,
Labour,CES0500000003,5,pre_employment_report,2023-11,2023-12-07,Labour Equal-Weight Ensemble,4.230321654821978,4.1618678711574075,4.1851166153752333,0.023248744217825745,0.068453783664570445,0.045205039446744699,0.0046859204979958118,0.0020434955913817441,-0.0026424249066140677,0.068453783664570445,0.045205039446744699,-0.023248744217825745,48c8b1e298d62e2347ce60adc394dbf07031c5fc7ede397c06bc43220de5f2cf,57657c6ddfc48b016e8907a0ca5f8427061d337c920939bcca9c2f3062de3bbc,a5e56338da0cdc1e84228794036dfbb89c240d0803c6ca1c8afdd077a9e8e4ca,a5e56338da0cdc1e84228794036dfbb89c240d0803c6ca1c8afdd077a9e8e4ca,1,1,1856,0,0,,,
Labour,CES0500000003,1,month_open,2023-12,2023-12-01,Labour Bridge Ridge,5.2639359156470888,4.2312709885236774,4.7396700989305591,0.50839911040688168,1.0326649271234114,0.52426581671652972,1.0663968517108007,0.27485464657744996,-0.79154220513335072,1.0326649271234114,0.52426581671652972,-0.50839911040688168,c2c85a0812bf8a07ee4c04256da709a5e1b62f787e0859b5c27c65ff95fde2e3,11b1180141e5a999a6014f0837febe78571cf27ce003927e311b933fa10c0aef,668e9b08455f1a5e2d8cea11cdab04677291626d21b719bfb9766b6914f9a1a8,668e9b08455f1a5e2d8cea11cdab04677291626d21b719bfb9766b6914f9a1a8,1,1,1853,0,0,,,
Labour,CES0500000003,2,after_week_1,2023-12,2023-12-07,Labour Bridge Ridge,5.2639359156470888,4.0091128814314114,4.8177121299673349,0.80859924853592346,1.2548230342156774,0.44622378567975396,1.5745808471982392,0.199115666906371,-1.3754651802918683,1.2548230342156774,0.44622378567975396,-0.80859924853592346,48c8b1e298d62e2347ce60adc394dbf07031c5fc7ede397c06bc43220de5f2cf,57657c6ddfc48b016e8907a0ca5f8427061d337c920939bcca9c2f3062de3bbc,a5e56338da0cdc1e84228794036dfbb89c240d0803c6ca1c8afdd077a9e8e4ca,a5e56338da0cdc1e84228794036dfbb89c240d0803c6ca1c8afdd077a9e8e4ca,1,1,1856,0,0,,,
Labour,CES0500000003,3,after_week_2,2023-12,2023-12-14,Labour Bridge Ridge,5.2639359156470888,3.2656347508094248,4.78375367537447,1.5181189245650453,1.9983011648376641,0.4801822402726188,3.9932075453915652,0.230574983873231,-3.762632561518334,1.9983011648376641,0.4801822402726188,-1.5181189245650453,aff022967a092f45ea0cc83de606b7add419d69251ad673c8850e401433d4a81,b51d11371ef591d770a63692823620eab4788cbfbefc28e2808f3e9e23a8d8c6,02792a3605ac89f19a1b268c7fabe5fb9926325957efa69a702a98fb70e7fa00,02792a3605ac89f19a1b268c7fabe5fb9926325957efa69a702a98fb70e7fa00,1,1,1864,0,0,,,
Labour,CES0500000003,4,month_end,2023-12,2023-12-31,Labour Equal-Weight Ensemble,5.2639359156470888,3.4802786834859791,4.1542923667647047,0.67401368327872557,1.7836572321611097,1.1096435488823841,3.1814331218406307,1.231308805576292,-1.9501243162643387,1.7836572321611097,1.1096435488823841,-0.67401368327872557,276f8d1dd873542255063c66d57a96bd3f3eb179ef1c67bd1b2b9304a8d82da6,d81e3f0bb72d63717382f97b56efca89dc6e36e5e0847168a15e4109f3caaa72,b9d08fb632f927ed2c6701a01465961d48be6290843748c7a14ee191dedc40b4,b9d08fb632f927ed2c6701a01465961d48be6290843748c7a14ee191dedc40b4,1,1,1868,0,0,,,
Labour,CES0500000003,5,pre_employment_report,2023-12,2024-01-04,Labour Equal-Weight Ensemble,5.2639359156470888,3.496506062538113,4.0176215966626758,0.5211155341245628,1.7674298531089758,1.246314318984413,3.1238082856608158,1.5532993817055811,-1.5705089039552347,1.7674298531089758,1.246314318984413,-0.5211155341245628,c5e56cffe44735191f46e496aa0b24ddf4cd493263fa7c72f17608600b8da4fa,34feba021ef983f50cbb46a189182fdc4b5d6638999de275293d99f0cb0b4afc,738e115655b1a6cb9e305469bcf1d9256fd6cd0b2c4f2145784f420db57204b8,738e115655b1a6cb9e305469bcf1d9256fd6cd0b2c4f2145784f420db57204b8,1,1,1872,0,0,,,
Labour,CES0500000003,1,month_open,2024-01,2024-01-01,Labour Bridge Ridge,6.6173437171489269,3.6533491616950062,4.8670156935465965,1.2136665318515902,2.9639945554539207,1.7503280236023304,8.785263724760485,3.06364819020764,-5.7216155345528446,2.9639945554539207,1.7503280236023304,-1.2136665318515902,3519333accd53327f1080036a15493a48742a0a34f4f87436c06d7119d3e3764,52c16bda03fdf6cd8f70b47c71ab08e734285afe817c43b498412b2cb86ab069,b9d08fb632f927ed2c6701a01465961d48be6290843748c7a14ee191dedc40b4,b9d08fb632f927ed2c6701a01465961d48be6290843748c7a14ee191dedc40b4,1,1,1868,0,0,,,
Labour,CES0500000003,2,after_week_1,2024-01,2024-01-07,Labour Bridge Ridge,6.6173437171489269,4.0259091974380929,4.9051148455021085,0.87920564806401558,2.5914345197108339,1.7122288716468184,6.7155328699489205,2.9317277089009366,-3.7838051610479839,2.5914345197108339,1.7122288716468184,-0.87920564806401558,a252c50a87f26aba33a12acedf7870a0a48f124684b844c1ad2f0650d5369cd4,6bf931a2847e74959052d49b0208a68befb440139c749665cacd1b663c8c9b6f,dd6b28334e3f5964197e633ef2756e77ebf2c424f9881007c81cac3c641e6179,dd6b28334e3f5964197e633ef2756e77ebf2c424f9881007c81cac3c641e6179,1,1,1868,0,0,,,
Labour,CES0500000003,3,after_week_2,2024-01,2024-01-14,Labour Bridge Ridge,6.6173437171489269,4.0234149166767645,4.8827241267324286,0.85930921005566407,2.5939288004721623,1.7346195904164983,6.7284666219189511,3.0089051234567004,-3.7195614984622507,2.5939288004721623,1.7346195904164983,-0.85930921005566407,4137aca638b70cbdb714544313f398ba6149872c41a12595f85b84fec079499b,c039273c45d89c57ad70270fd6bd0357b347667e0da1665fd0f16bd76da2fa79,008bfebf828d2912db6890163ef6cf7939011c2debb00fade0dfc0d0eba0e5a3,008bfebf828d2912db6890163ef6cf7939011c2debb00fade0dfc0d0eba0e5a3,1,1,1866,0,0,,,
Labour,CES0500000003,4,month_end,2024-01,2024-01-31,Labour Equal-Weight Ensemble,6.6173437171489269,3.6535059868772897,4.0435111394346572,0.39000515255736756,2.9638377302716372,2.5738325777142697,8.78433409138173,6.6246141381032819,-2.1597199532784481,2.9638377302716372,2.5738325777142697,-0.39000515255736756,8b7ca7ee27539c100809fb99a89db4363c964d7ce55b3e34fa72dabf6ba8438d,9707a53dd9aecf00a1d49bcf56ab6957a33c8088d7b147cf808210a28eea579b,6f2e14a1a234131d9381e5d5680cb78ad5ae983392ad643d2532aa6db1f2acb6,6f2e14a1a234131d9381e5d5680cb78ad5ae983392ad643d2532aa6db1f2acb6,1,1,1872,0,0,,,
Labour,CES0500000003,5,pre_employment_report,2024-01,2024-02-01,Labour Equal-Weight Ensemble,6.6173437171489269,3.7032100700519557,4.0879938827731586,0.38478381272120288,2.9141336470969712,2.5293498343757683,8.4921749131426942,6.3976105846567268,-2.0945643284859674,2.9141336470969712,2.5293498343757683,-0.38478381272120288,3701b2b60e17f3a387ae6dd4e9bc665cc172f5749b445cec879e69b5b005416e,8a93adce5d06b5d888cbfea100fe810824e119abe58d9c1f30eea6ed8a1e4d99,263d5e171d130688310ed97e514202d77ae8b5dfa5f3aaf4e42ae1375199ad37,263d5e171d130688310ed97e514202d77ae8b5dfa5f3aaf4e42ae1375199ad37,1,1,1874,0,0,,,
Labour,CES0500000003,1,month_open,2024-02,2024-02-01,Labour Bridge Ridge,1.7368652619673242,4.7820641561549806,4.4936811146035875,-0.28838304155139305,-3.0451988941876564,-2.7568158526362634,9.2732363051617259,7.600033645346608,-1.673202659815118,3.0451988941876564,2.7568158526362634,-0.28838304155139305,3701b2b60e17f3a387ae6dd4e9bc665cc172f5749b445cec879e69b5b005416e,8a93adce5d06b5d888cbfea100fe810824e119abe58d9c1f30eea6ed8a1e4d99,263d5e171d130688310ed97e514202d77ae8b5dfa5f3aaf4e42ae1375199ad37,263d5e171d130688310ed97e514202d77ae8b5dfa5f3aaf4e42ae1375199ad37,1,1,1874,0,0,,,
Labour,CES0500000003,2,after_week_1,2024-02,2024-02-07,Labour Bridge Ridge,1.7368652619673242,3.8727942618497644,3.3594260931767534,-0.51336816867301094,-2.1359289998824402,-1.6225608312094293,4.562192692538801,2.6327036509750341,-1.9294890415637669,2.1359289998824402,1.6225608312094293,-0.51336816867301094,a4241ad2fc581d1496b94a0b1bec695555a3d43881a153582fa6b660ae64a15d,57ccb044e011cf095777f94eec0fda3e311c8a599a4a739f5d543629fd6db676,17ed3b1f7d512acd9883c0720aac73eb5f30a39942be20473318e1fc7fe2b102,17ed3b1f7d512acd9883c0720aac73eb5f30a39942be20473318e1fc7fe2b102,1,1,1859,0,0,,,
Labour,CES0500000003,3,after_week_2,2024-02,2024-02-14,Labour Bridge Ridge,1.7368652619673242,3.9018671705830892,3.3771713286462348,-0.52469584193685437,-2.165001908615765,-1.6403060666789107,4.6872332643099055,2.6906039923836387,-1.9966292719262668,2.165001908615765,1.6403060666789107,-0.52469584193685437,e66a3d829626762dc37bc2abaef61abbae0b316e83b458eb9e862f6e10aab1d2,47c225785f983f4a4d3b7b8c884d4d2cc455659357c5096988da6def92b1cfee,adcb0d66b7e1600ddd390d20fac278ad0dde0c1a640569ba339ae3e1b78e1fac,adcb0d66b7e1600ddd390d20fac278ad0dde0c1a640569ba339ae3e1b78e1fac,1,1,1861,0,0,,,
Labour,CES0500000003,4,month_end,2024-02,2024-02-29,Labour Equal-Weight Ensemble,1.7368652619673242,3.7624345021224088,3.6766184767703858,-0.08581602535202304,-2.0255692401550847,-1.9397532148030616,4.1029307466624472,3.7626425343388124,-0.34028821232363482,2.0255692401550847,1.9397532148030616,-0.08581602535202304,04841ef40dafcdc536a79240e7a22a4ea8336419419f1ec8074618f2a3963450,d18f5ca0deb9fa98f0430bc113a194158b2618e3986f3d99c16d8c241edaea4c,4ed33693770fc834953d0941b58e10c7c7327f452bf37515c89dcd557595d991,4ed33693770fc834953d0941b58e10c7c7327f452bf37515c89dcd557595d991,1,1,1866,0,0,,,
Labour,CES0500000003,5,pre_employment_report,2024-02,2024-03-07,Labour Equal-Weight Ensemble,1.7368652619673242,3.9061399710661981,3.7244260591700686,-0.18171391189612951,-2.169274709098874,-1.9875607972027445,4.7057527635360046,3.950397922577209,-0.75535484095879557,2.169274709098874,1.9875607972027445,-0.18171391189612951,a8ee776c9f04382a27263870e48955c258b313cab6154421801a9a3c9d2d95cf,fe388ab462e08d5407963fdd9e9fadf6e49337a1a9d945369a93185800bcba36,ccb1fb21067594ca032792811092e515f16c14bbe4a956f2b009e5bf85885219,ccb1fb21067594ca032792811092e515f16c14bbe4a956f2b009e5bf85885219,1,1,1856,0,0,,,
Labour,CES0500000003,1,month_open,2024-03,2024-03-01,Labour Bridge Ridge,4.1582484577501688,4.3073901307237223,3.4103917199317539,-0.8969984107919684,-0.14914167297355352,0.74785673781841489,0.022243238617350385,0.55928970030040137,0.53704646168305104,0.14914167297355352,0.74785673781841489,0.59871506484486137,77548f2852b75aef580efa27cc6c20479ec5dc3089e524f4893a7b89b3ff0f3c,3cdba64a70abe67dd8ab51e26c618dd2d93e5ec881bff796a9a5c0b31d5d8848,4ed33693770fc834953d0941b58e10c7c7327f452bf37515c89dcd557595d991,4ed33693770fc834953d0941b58e10c7c7327f452bf37515c89dcd557595d991,1,1,1866,0,0,,,
Labour,CES0500000003,2,after_week_1,2024-03,2024-03-07,Labour Bridge Ridge,4.1582484577501688,4.2683266529298916,3.5409610251609811,-0.72736562776891045,-0.11007819517972273,0.61728743258918772,0.012117209054025132,0.381043774432551,0.36892656537852586,0.11007819517972273,0.61728743258918772,0.507209237409465,a8ee776c9f04382a27263870e48955c258b313cab6154421801a9a3c9d2d95cf,fe388ab462e08d5407963fdd9e9fadf6e49337a1a9d945369a93185800bcba36,ccb1fb21067594ca032792811092e515f16c14bbe4a956f2b009e5bf85885219,ccb1fb21067594ca032792811092e515f16c14bbe4a956f2b009e5bf85885219,1,1,1856,0,0,,,
Labour,CES0500000003,3,after_week_2,2024-03,2024-03-14,Labour Bridge Ridge,4.1582484577501688,5.0738806579658728,4.6075551492794062,-0.46632550868646661,-0.91563220021570402,-0.44930669152923741,0.83838232607185104,0.2018765030529493,-0.6365058230189018,0.91563220021570402,0.44930669152923741,-0.46632550868646661,6082a0e5af4d013b8a575a7e0c2f72c977bf815d00f07e82c024da13b8dbdd8c,82d96801da56bbe0cda367aae533ade68c787faabfaccb8f2d03f02f227056f4,3f0dee2c220923a4c89f86703051b8995f4b1c414fa65d0cec5d212b9a879ea6,3f0dee2c220923a4c89f86703051b8995f4b1c414fa65d0cec5d212b9a879ea6,1,1,1865,0,0,,,
Labour,CES0500000003,4,month_end,2024-03,2024-03-31,Labour Equal-Weight Ensemble,4.1582484577501688,4.0754792230145096,3.8620682499665038,-0.21341097304800583,0.082769234735659225,0.29618020778366505,0.0068507462187266579,0.087722715482775007,0.080871969264048355,0.082769234735659225,0.29618020778366505,0.21341097304800583,d8f9cec934588cef4f635943e0a3012b5d783790202aef237ba7b866779390e9,98236d9ecf7744cde504be0e97007b350d03491c852c7a85ac7344ac45f336a8,2c8d172e0b20b3c6a16115472aaa1a2af2fda043ff078b4b87c97096be315ed6,2c8d172e0b20b3c6a16115472aaa1a2af2fda043ff078b4b87c97096be315ed6,1,1,1744,0,0,,,
Labour,CES0500000003,5,pre_employment_report,2024-03,2024-04-04,Labour Equal-Weight Ensemble,4.1582484577501688,4.1078711304600413,3.7631284814354937,-0.34474264902454754,0.05037732729012756,0.3951199763146751,0.0025378751048966311,0.1561197956829094,0.15358192057801276,0.05037732729012756,0.3951199763146751,0.34474264902454754,3c614a922141ff47ddcbb53904e11bec16d45036125079e935570cd818d20308,8ac883924266c3353bd5986289bd1d614d954db6caf6e710fa1b0e7a4cece37e,57df407ae2bcf19c62da1589f4d1ac417f244ed53d0b77d351e5fd7fe7ef502f,57df407ae2bcf19c62da1589f4d1ac417f244ed53d0b77d351e5fd7fe7ef502f,1,1,1748,0,0,,,
Labour,CES0500000003,1,month_open,2024-04,2024-04-01,Labour Bridge Ridge,2.4197041181523105,4.8087116448927496,5.2714545156114641,0.46274287071871445,-2.3890075267404391,-2.8517503974591536,5.7073569628224696,8.1324803294084411,2.4251233665859715,2.3890075267404391,2.8517503974591536,0.46274287071871445,f3e7ab5cea5b82b2ff68483aefae2427714a7b2b3172e6acc5bdef31debf210b,5861295ec66965c74ecd87c21b3a0e935a56f379c2a687f00f12ac7d2b0450e0,2c8d172e0b20b3c6a16115472aaa1a2af2fda043ff078b4b87c97096be315ed6,2c8d172e0b20b3c6a16115472aaa1a2af2fda043ff078b4b87c97096be315ed6,1,1,1744,0,0,,,
Labour,CES0500000003,2,after_week_1,2024-04,2024-04-07,Labour Bridge Ridge,2.4197041181523105,4.3775118387643968,5.0540322632623909,0.6765204244979941,-1.9578077206120863,-2.6343281451100804,3.833011070888293,6.9396847761191172,3.1066737052308242,1.9578077206120863,2.6343281451100804,0.6765204244979941,ca78175c4d5921f128c9ea62d66a38c43edce9fd95b11492bfdef46efef9422e,fd535772b715da435e1dd2b7a68a9c0d8579cd58a4e6a5e63248b1b91ff7c433,675b69ddc1dc9434a72a7952ad117ffeaf701955b531b2d6d587f9b8bd67c5c0,675b69ddc1dc9434a72a7952ad117ffeaf701955b531b2d6d587f9b8bd67c5c0,1,1,1754,0,0,,,
Labour,CES0500000003,3,after_week_2,2024-04,2024-04-14,Labour Bridge Ridge,2.4197041181523105,4.3833625457826564,5.0709717142908257,0.68760916850816933,-1.9636584276303459,-2.6512675961385153,3.8559544204036826,7.0292198663341017,3.173265445930419,1.9636584276303459,2.6512675961385153,0.68760916850816933,f361a111d81ddea7281c1841c3e7377ead6751e7738e314e5c5a783bd67b93a7,4663a9130d45dad6a955e61661adf9491dae691b57ad2d456364d8a88776b3c9,9eb1b20cece96e0dff67bc55feafdfa3fbaf37772286a2099fcc570050b9a2c0,9eb1b20cece96e0dff67bc55feafdfa3fbaf37772286a2099fcc570050b9a2c0,1,1,1756,0,0,,,
Labour,CES0500000003,4,month_end,2024-04,2024-04-30,Labour Equal-Weight Ensemble,2.4197041181523105,3.945312535792779,4.1049139454753911,0.15960140968261216,-1.5256084176404685,-1.6852098273230807,2.3274810439754541,2.8399321621062872,0.51245111813083311,1.5256084176404685,1.6852098273230807,0.15960140968261216,c8a398c207425212c887b26d5dbe108904be6744256a227a3bf1b8630afe050c,7eaddfbc05bc6729a5c31caa81aa1bab752b060f86e602bac820f04121eaa455,80a21ecee3d3ec86978f63f008876335604e95f190fd918c37165d281581bfa8,80a21ecee3d3ec86978f63f008876335604e95f190fd918c37165d281581bfa8,1,1,1758,0,0,,,
Labour,CES0500000003,5,pre_employment_report,2024-04,2024-05-02,Labour Equal-Weight Ensemble,2.4197041181523105,3.9948850397440157,4.2092926532485295,0.21440761350451387,-1.5751809215917052,-1.7895885350962191,2.4811949357464935,3.2026271249478313,0.72143218920133778,1.5751809215917052,1.7895885350962191,0.21440761350451387,c19c383bf66ea97e8440e09bbf68fb6cae777bb3d7dda974dc99d85629750969,a887d004f43ebcd70b7557d04f395b117b3aa5bb576d357109237a8e9ea49f0f,24acb28621ce2b3da5bbc89402abafd7c8ad121bae561366a20b7525c0c4cfb8,24acb28621ce2b3da5bbc89402abafd7c8ad121bae561366a20b7525c0c4cfb8,1,1,1761,0,0,,,
Labour,CES0500000003,1,month_open,2024-05,2024-05-01,Labour Bridge Ridge,4.822050116609411,4.3958221673153899,4.2167839930228856,-0.17903817429250424,0.42622794929402108,0.60526612358652532,0.18167026475938661,0.36634708036145897,0.18467681560207236,0.42622794929402108,0.60526612358652532,0.17903817429250424,54bb7e70ea519f9b1d13ed3660f1d855156a427c1a91f45267677ad5bbe663f2,862be7eefcd41422f59ce0d88e55ae41a8235bb3843167c4e846035dfdaaedcc,569c6df1726ce7d768104d710fc70b0f01f0b05de7aab46527cf96039461890f,569c6df1726ce7d768104d710fc70b0f01f0b05de7aab46527cf96039461890f,1,1,1759,0,0,,,
Labour,CES0500000003,2,after_week_1,2024-05,2024-05-07,Labour Bridge Ridge,4.822050116609411,4.6973922312726879,4.4071191682778377,-0.29027306299485023,0.12465788533672306,0.41493094833157329,0.015539588376623595,0.17216769188333875,0.15662810350671516,0.12465788533672306,0.41493094833157329,0.29027306299485023,ba741d1b161e87db6a8511e63833a6c04f0fcbf08a7534893c60302232e6ab6f,772a296f685b07b8d3698d6d3c362a5f1e72a83121574cc43e1b2c6086c51b31,37535c2fcb235626cfb95f0a11b96295adbc300805bb1ff343973399995a753c,37535c2fcb235626cfb95f0a11b96295adbc300805bb1ff343973399995a753c,1,1,1767,0,0,,,
Labour,CES0500000003,3,after_week_2,2024-05,2024-05-14,Labour Bridge Ridge,4.822050116609411,4.7123856525357537,4.3689329601376823,-0.34345269239807141,0.10966446407365726,0.45311715647172868,0.012026294680562464,0.20531515748902504,0.19328886280846258,0.10966446407365726,0.45311715647172868,0.34345269239807141,8aaa812faa2efa57d1e16617bd809a906549a3d52532e4eb2aa5a91bf3174426,a3efe960a8991d1e8136f406ff90ccb8dc15c804633c49c6b52cdd07572db1b5,e673ae6a7e95cfe311ef166f45cad62f7dad0446e0cc3141d9a3576c547e2767,e673ae6a7e95cfe311ef166f45cad62f7dad0446e0cc3141d9a3576c547e2767,1,1,1769,0,0,,,
Labour,CES0500000003,4,month_end,2024-05,2024-05-31,Labour Equal-Weight Ensemble,4.822050116609411,4.1252424295102772,4.0055955679888458,-0.11964686152143145,0.69680768709913377,0.81645454862056521,0.48554095280044429,0.66659802996321094,0.18105707716276664,0.69680768709913377,0.81645454862056521,0.11964686152143145,4c4446c658be80fb35aa570dec5ca427851a31b7ddfe358ae6a03c9b0edc48ec,ca4416be7ac8630c17bf29ba73c80ec0ac2cd24ac22ab2b7812c405386cfcf9d,7ddb82c9aa64aa0d74f61c75d2ab607f6d1d6db4d15851015454089a6c7f0cdc,7ddb82c9aa64aa0d74f61c75d2ab607f6d1d6db4d15851015454089a6c7f0cdc,1,1,1775,0,0,,,
Labour,CES0500000003,5,pre_employment_report,2024-05,2024-06-06,Labour Equal-Weight Ensemble,4.822050116609411,4.1361643194752586,3.9192254023282889,-0.21693891714696978,0.68588579713415232,0.9028247142811221,0.47043932671035155,0.81509246471678976,0.34465313800643821,0.68588579713415232,0.9028247142811221,0.21693891714696978,e5739ff7426bc2d03e33812e3dc053aafe2e99bdd80ee86b4d90b7ea686d5a11,69b21fe08e6c024cb71fe77e2ae3777bd22ad22896a63d0da26870dc84395764,90216d90c143ec584240db98f7988620c6bc1bf98375cd70ee088d4652092553,90216d90c143ec584240db98f7988620c6bc1bf98375cd70ee088d4652092553,1,1,1779,0,0,,,
Labour,CES0500000003,1,month_open,2024-06,2024-06-01,Labour Bridge Ridge,3.4334787372383602,4.8304298017943985,4.7535967851020855,-0.076833016692313016,-1.3969510645560383,-1.3201180478637253,1.9514722767642487,1.742711660295533,-0.20876061646871569,1.3969510645560383,1.3201180478637253,-0.076833016692313016,1a29a50fce25676ba4df60dc2a227497d5912955dfc3391913627a002c9252a3,39008f244877f83e96a3e5ba40bcf79fb220b58bc470a7c7ed331a327a9d34b1,7ddb82c9aa64aa0d74f61c75d2ab607f6d1d6db4d15851015454089a6c7f0cdc,7ddb82c9aa64aa0d74f61c75d2ab607f6d1d6db4d15851015454089a6c7f0cdc,1,1,1775,0,0,,,
Labour,CES0500000003,2,after_week_1,2024-06,2024-06-07,Labour Bridge Ridge,3.4334787372383602,4.8088562890069468,5.1843842394233084,0.37552795041636156,-1.3753775517685867,-1.7509055021849482,1.8916634099089513,3.0656700775815255,1.1740066676725742,1.3753775517685867,1.7509055021849482,0.37552795041636156,a169daa65ea8b174d1c6c12af99fac4c2c993e382e163b9b729280e5bda003f2,a491ee37d48af43d831a4f4385f5ee29b129899d6431aff77b1aefb597acd460,9ce9fb6601bd4e737b47dd8cb3947c1f430c605f8e5e9618ac24e3311baa6778,9ce9fb6601bd4e737b47dd8cb3947c1f430c605f8e5e9618ac24e3311baa6778,1,1,1786,0,0,,,
Labour,CES0500000003,3,after_week_2,2024-06,2024-06-14,Labour Bridge Ridge,3.4334787372383602,4.8900505351465178,5.1937862307376248,0.30373569559110702,-1.4565717979081576,-1.7603074934992646,2.1216014024614029,3.0986824716696635,0.97708106920826054,1.4565717979081576,1.7603074934992646,0.30373569559110702,5b118d1a38fdc61e0354d414940750989584533b032f3ebc5108ce5237a83dda,27cd7b75ba6e892453e491ace94803b04f55942b94e7f719ca74a676fc69993f,fb9c31f61dd7d169887f1dd790a795965b77e03d92527f2684a7067d1b2a2f45,fb9c31f61dd7d169887f1dd790a795965b77e03d92527f2684a7067d1b2a2f45,1,1,1788,0,0,,,
Labour,CES0500000003,4,month_end,2024-06,2024-06-30,Labour Equal-Weight Ensemble,3.4334787372383602,4.1117929743640884,4.1854125143365328,0.073619539972444414,-0.67831423712572825,-0.75193377709817266,0.46011020428745869,0.56540440514112444,0.10529420085366575,0.67831423712572825,0.75193377709817266,0.073619539972444414,66b68196eefe79db940752639d613747ca2ba48e5ea9ffb2463ea72cace78419,abadb721279c5669048fa565106503c424ba939cca1c844153c71e7f6c898bce,db11808607749f43fb381f98c057801e7d351d26b101f795302d467acd584c1f,db11808607749f43fb381f98c057801e7d351d26b101f795302d467acd584c1f,1,1,1791,0,0,,,
Labour,CES0500000003,5,pre_employment_report,2024-06,2024-07-04,Labour Equal-Weight Ensemble,3.4334787372383602,4.0734840228833109,4.2156191606550921,0.14213513777178122,-0.64000528564495074,-0.78214042341673196,0.40960676565347498,0.61174364194250475,0.20213687628902977,0.64000528564495074,0.78214042341673196,0.14213513777178122,6497673dc139911c57af9fc6a34db5905086eb186e0aca8fadc5040ec52000fe,bca749f44d1bd10cd6f8a834e2a226b9a8dc0209752e9998638398822ff2fb5a,835cf7411b520f3fbb30e9da17dd7f215d715056fdd689f501837571541033ca,835cf7411b520f3fbb30e9da17dd7f215d715056fdd689f501837571541033ca,1,1,1796,0,0,,,
Labour,CES0500000003,1,month_open,2024-07,2024-07-01,Labour Bridge Ridge,2.7405093269878833,5.2781535601271301,5.450391769066635,0.17223820893950492,-2.5376442331392468,-2.7098824420787517,6.4396382539848762,7.3434628498866994,0.90382459590182318,2.5376442331392468,2.7098824420787517,0.17223820893950492,4c87aae8629352590fc1e432e4813cbaff4f6e9f6b181cea657a60ee780a4e0c,5a4ca9e737bab77d0e12b626659e660f587235241cbce935a2833ffdc6188cf2,db11808607749f43fb381f98c057801e7d351d26b101f795302d467acd584c1f,db11808607749f43fb381f98c057801e7d351d26b101f795302d467acd584c1f,1,1,1791,0,0,,,
Labour,CES0500000003,2,after_week_1,2024-07,2024-07-07,Labour Bridge Ridge,2.7405093269878833,5.8954828047016505,5.300033676079547,-0.59544912862210353,-3.1549734777137672,-2.5595243490916637,9.9538576450773029,6.5511648935931044,-3.4026927514841985,3.1549734777137672,2.5595243490916637,-0.59544912862210353,59d76c06705e6428cb53e639d275bd1c60f4cd814f4e38381f010eb1fbfb991c,ed02dc91b17bcd36d8932ef69f637741f2c2fa8078fc3a015284499435d63028,8fc9a0e9a9369e6664958ea2b19dd0f5a69027494755eb015907c1e555747fc0,8fc9a0e9a9369e6664958ea2b19dd0f5a69027494755eb015907c1e555747fc0,1,1,1802,0,0,,,
Labour,CES0500000003,3,after_week_2,2024-07,2024-07-14,Labour Bridge Ridge,2.7405093269878833,5.8931292227355971,5.3441386838527052,-0.54899053888289195,-3.1526198957477138,-2.6036293568648219,9.9390122070643265,6.7788858279283257,-3.1601263791360008,3.1526198957477138,2.6036293568648219,-0.54899053888289195,b9d9d06b76243fbeb3e3c4f0ee993d001c65ada355bcca8b593fcb3afbe8683b,e6b9e2b1db3200c0ab16e07aee8896803c9516793e02f00cb80fb29aee92f525,8fd2655090cc532fb7ed1ca4a02e1295a4dfab707564493fb3a9d0cf9046b17c,8fd2655090cc532fb7ed1ca4a02e1295a4dfab707564493fb3a9d0cf9046b17c,1,1,1805,0,0,,,
Labour,CES0500000003,4,month_end,2024-07,2024-07-31,Labour Equal-Weight Ensemble,2.7405093269878833,4.2175397570386473,4.1263386253618179,-0.091201131676829306,-1.477030430050764,-1.3858292983739346,2.1816188912959449,1.920522844231592,-0.26109604706435285,1.477030430050764,1.3858292983739346,-0.091201131676829306,c3a0cfd07a89a9461ffab86252ae088529cb2362cc99b544dee29cdc48adf2f6,65c4288243444deaa0bbe8bf0f59dc83f27957afba976db5d2ea5b319fd1b835,839bf40df96aad299b875253fb64f60c25ec79ba836ccef00d7dbed0a6b77da1,839bf40df96aad299b875253fb64f60c25ec79ba836ccef00d7dbed0a6b77da1,1,1,1809,0,0,,,
Labour,CES0500000003,5,pre_employment_report,2024-07,2024-08-01,Labour Equal-Weight Ensemble,2.7405093269878833,4.2292550379286462,4.1361974233932592,-0.093057614535386968,-1.4887457109407629,-1.3956880964053759,2.2163637918445178,1.9479452624476621,-0.26841852939685573,1.4887457109407629,1.3956880964053759,-0.093057614535386968,1cb149f34c3a59f532e4c49889de041b32bf26f923648d832d4fb47e89fccca4,87297f2a6be8980eb906037fe6af287d27de64309ba1129234aa45ff4029d607,6a2c69b2ecd69eee6775c035be50ba78064a72f3095f1aad53912b7020464fab,6a2c69b2ecd69eee6775c035be50ba78064a72f3095f1aad53912b7020464fab,1,1,1811,0,0,,,
Labour,CES0500000003,1,month_open,2024-08,2024-08-01,Labour Bridge Ridge,4.7808828178496299,5.3316284131277651,4.7943116557572765,-0.53731675737048867,-0.55074559527813527,-0.013428837907646596,0.30332071071826755,0.00018033368754984621,-0.30314037703071772,0.55074559527813527,0.013428837907646596,-0.53731675737048867,1cb149f34c3a59f532e4c49889de041b32bf26f923648d832d4fb47e89fccca4,87297f2a6be8980eb906037fe6af287d27de64309ba1129234aa45ff4029d607,6a2c69b2ecd69eee6775c035be50ba78064a72f3095f1aad53912b7020464fab,6a2c69b2ecd69eee6775c035be50ba78064a72f3095f1aad53912b7020464fab,1,1,1811,0,0,,,
Labour,CES0500000003,2,after_week_1,2024-08,2024-08-07,Labour Bridge Ridge,4.7808828178496299,4.8983050360477929,4.7917056089715819,-0.10659942707621095,-0.11742221819816301,-0.010822791121952058,0.013787977326577005,0.00011713280766940429,-0.013670844518907601,0.11742221819816301,0.010822791121952058,-0.10659942707621095,e42c04762dad2df063bb0350438ac0035341666051ecdfb9e487763adb761ed9,f2a68d2cbf9e432db3e10b1d3dd7e7589dc79aa2c1424e90959dc4f9d5ee3649,1bd3bd58a4c348947028b025e355f872c183ad3e15502ccf78ee06f8e7a42ba6,1bd3bd58a4c348947028b025e355f872c183ad3e15502ccf78ee06f8e7a42ba6,1,1,1817,0,0,,,
Labour,CES0500000003,3,after_week_2,2024-08,2024-08-14,Labour Bridge Ridge,4.7808828178496299,4.9042901759344675,4.8050303223278625,-0.099259853606604942,-0.1234073580848376,-0.024147504478232662,0.015229376029479333,0.00058310197252626648,-0.014646274056953066,0.1234073580848376,0.024147504478232662,-0.099259853606604942,68ab36fad37d8d08cf9611ee2be678ce8b335aca49799811a4838a7bdc8c0a82,d1539eadabc181667319ac17d5a1f0f8a157bfdd9779024c2a1f00c1f4625c6c,c872c07c77ae27726a062f72bd3db5e45d6c3780a9eb8981ac94b001cb5344cb,c872c07c77ae27726a062f72bd3db5e45d6c3780a9eb8981ac94b001cb5344cb,1,1,1819,0,0,,,
Labour,CES0500000003,4,month_end,2024-08,2024-08-31,Labour Equal-Weight Ensemble,4.7808828178496299,3.9165519426831019,4.0090146127762711,0.092462670093169219,0.86433087516652796,0.77186820507335874,0.74706786176613615,0.59578052600316855,-0.1512873357629676,0.86433087516652796,0.77186820507335874,-0.092462670093169219,732c63f7ec21aca5181fcbf6a7ce6e57eecc05a6e05ae98f806fe33824c84b98,32bbdb566a79ff73fefb8d05b974f260cb267d1b869792838d0bddd00eba38a3,24aa729d53f494bd65eb562696c57b77bacb76709fba3e9a5ba2f3167f42baa4,24aa729d53f494bd65eb562696c57b77bacb76709fba3e9a5ba2f3167f42baa4,1,1,1822,0,0,,,
Labour,CES0500000003,5,pre_employment_report,2024-08,2024-09-05,Labour Equal-Weight Ensemble,4.7808828178496299,3.7985969021446042,3.9447700573587312,0.14617315521412699,0.98228591570502566,0.83611276049089867,0.96488562019246082,0.69908454825571087,-0.26580107193674996,0.98228591570502566,0.83611276049089867,-0.14617315521412699,24a267aaceb23a104c9ca97b400f9fb58668961c2456c19611e82d7266e00b5e,91ba7fbfa9612df2ed661ce34ef93ed97381d76c5e60ee08e4ff2eab9354e15a,d3d6b7e57205b2af4d5dcb4cec9192481492d9042737798b26b8992d2df49a09,d3d6b7e57205b2af4d5dcb4cec9192481492d9042737798b26b8992d2df49a09,1,1,1824,0,0,,,
Labour,CES0500000003,1,month_open,2024-09,2024-09-01,Labour Bridge Ridge,4.4198944995560652,4.1042182709255712,4.1826239180545768,0.078405647129005551,0.31567622863049394,0.23727058150148839,0.099651481322371879,0.056297328846054442,-0.043354152476317437,0.31567622863049394,0.23727058150148839,-0.078405647129005551,5fdfc5666824fdc0b1b10afc856fa2d9825c20b59931314ccf7bd7e9db343ae9,ae25254d1c377f5101783df17c6592fea9d7bee3128bb30bb71d881856707013,24aa729d53f494bd65eb562696c57b77bacb76709fba3e9a5ba2f3167f42baa4,24aa729d53f494bd65eb562696c57b77bacb76709fba3e9a5ba2f3167f42baa4,1,1,1822,0,0,,,
Labour,CES0500000003,2,after_week_1,2024-09,2024-09-07,Labour Bridge Ridge,4.4198944995560652,4.177500679331466,3.8990499587417893,-0.27845072058967668,0.24239382022459921,0.52084454081427589,0.058754764083075318,0.2712790356960339,0.21252427161295859,0.24239382022459921,0.52084454081427589,0.27845072058967668,6630db4ba0d712d7c49345b6885e146b8167fbe90b0cd4a7afdcd4f8399bcfb9,5bd7647d3c359549ef62ce7b459916ed95e78100ce07673ee497d2616738e6af,18430e4c90b5ba42bd7fb3d2870a44951fdd0ea3079aa65e41cf5b9e686a8060,18430e4c90b5ba42bd7fb3d2870a44951fdd0ea3079aa65e41cf5b9e686a8060,1,1,1829,0,0,,,
Labour,CES0500000003,3,after_week_2,2024-09,2024-09-14,Labour Bridge Ridge,4.4198944995560652,4.1828840590099468,3.8898837684748782,-0.2930002905350686,0.23701044054611842,0.53001073108118701,0.056173948927865133,0.28091137506121433,0.22473742613334918,0.23701044054611842,0.53001073108118701,0.2930002905350686,814ee909d35ffc640fcbea52b33bfdb18fdaecd4e09d342999f2426fec159eec,31bfb7e58937937839969e81e5b8a5c5a016b33c849f4adcea234edaba3f2e18,14886977011a7d10ffe0a731359703a49f06e84e27558378c55932d3c67ada72,14886977011a7d10ffe0a731359703a49f06e84e27558378c55932d3c67ada72,1,1,1832,0,0,,,
Labour,CES0500000003,4,month_end,2024-09,2024-09-30,Labour Equal-Weight Ensemble,4.4198944995560652,3.5703736123769008,3.5843712040651892,0.013997591688288402,0.84952088717916441,0.83552329549087601,0.72168573775367462,0.69809917730793369,-0.023586560445740923,0.84952088717916441,0.83552329549087601,-0.013997591688288402,01cfebddb7a8f5d4de9b24b54aa2c3119e470edbe7ad3c651429945bc92b3825,fca5c353d7573ac14524cc4c76065ed29269e8db9f08c2bf9bb91c105e9e23d2,9399e59b0c220eed98483c5298b691a6090157cb1af819c7674e643195d7b6c6,9399e59b0c220eed98483c5298b691a6090157cb1af819c7674e643195d7b6c6,1,1,1837,0,0,,,
Labour,CES0500000003,5,pre_employment_report,2024-09,2024-10-03,Labour Equal-Weight Ensemble,4.4198944995560652,3.5153801746603901,3.531165268114993,0.015785093454602883,0.90451432489567507,0.88872923144107219,0.81814616394147888,0.7898396468178388,-0.028306517123640074,0.90451432489567507,0.88872923144107219,-0.015785093454602883,85384614c03de2ae9110b37baa3cac585f55f2fcf76aaaa0322fc5ef4b037c14,dc27e9deb9ad86078819b2bd4c9922e4c8ff473ef98dc76c1d35581a3daa2a71,fb7ae2b67912b92816027434d88db885ab2a09f3a9f06a4ecd403a57a2c58cf5,fb7ae2b67912b92816027434d88db885ab2a09f3a9f06a4ecd403a57a2c58cf5,1,1,1842,0,0,,,
Labour,CES0500000003,1,month_open,2024-10,2024-10-01,Labour Bridge Ridge,4.4074071300096662,4.3287903609226843,4.6285644231147218,0.2997740621920375,0.078616769086981897,-0.22115729310505561,0.0061805963816758324,0.048910548293555477,0.042729951911879643,0.078616769086981897,0.22115729310505561,0.14254052401807371,f7b88be0eee7738e05aa6fee1d30c15c4a80e51c0331616978de0f0bbf3cedcb,79070ca6da48e438d8f82709b06e3edc032da908571873b95355c84a6f22f5cf,b7988bf6223e6cee949c07b81e5dad41bc067b35b54364fdda009d357627a902,b7988bf6223e6cee949c07b81e5dad41bc067b35b54364fdda009d357627a902,1,1,1840,0,0,,,
Labour,CES0500000003,2,after_week_1,2024-10,2024-10-07,Labour Bridge Ridge,4.4074071300096662,4.4504140722375745,4.591365849804367,0.14095177756679256,-0.04300694222790824,-0.1839587197947008,0.001849597079794637,0.033840810588505243,0.031991213508710606,0.04300694222790824,0.1839587197947008,0.14095177756679256,db7b7696e6aae99e7694dd5e1c58c95683a8d4964287ec1a555371478da90ebc,28213358d6326f9c04a5acc283b9fa1126db86d3970e204b11334f60c5799b71,058f39ed5648918af7ebf8b4192bc9d2e204e13f90338890324acab2c1d36fea,058f39ed5648918af7ebf8b4192bc9d2e204e13f90338890324acab2c1d36fea,1,1,1848,0,0,,,
Labour,CES0500000003,3,after_week_2,2024-10,2024-10-14,Labour Bridge Ridge,4.4074071300096662,4.4829748224419284,4.5357286918134658,0.052753869371537476,-0.075567692432262135,-0.12832156180379961,0.0057104761395369678,0.016466423223766364,0.010755947084229396,0.075567692432262135,0.12832156180379961,0.052753869371537476,61b8d5b40194c98196c5f929ef9c999e7e018da38356e02462e8016b1c5c8cb9,278478dadaf5e9f0446126b91372d8e6f2510601cbe8547a1acd3189466b96a2,db1eed9167c7865b1beeb731de682572ddd9c2fb48440b0e04866aa92691545b,db1eed9167c7865b1beeb731de682572ddd9c2fb48440b0e04866aa92691545b,1,1,1849,0,0,,,
Labour,CES0500000003,4,month_end,2024-10,2024-10-31,Labour Equal-Weight Ensemble,4.4074071300096662,4.1327153999588511,4.1339948823608497,0.0012794824019985995,0.27469173005081515,0.27341224764881655,0.075455546558309911,0.074754257164377794,-0.00070128939393211687,0.27469173005081515,0.27341224764881655,-0.0012794824019985995,bb84d013a9a2a7b27d5fe0aa8e8d9395b3a3d825ace33a5cbb55efc1207025e5,dc6ae188b27672aa141921550ba6f4845669bf51e89f776528b50f4b11c1584a,d785d1f2b3fac2f53518055122853dccbaeb123bf6237ae9617dee9fc3703941,d785d1f2b3fac2f53518055122853dccbaeb123bf6237ae9617dee9fc3703941,1,1,1857,0,0,,,
Labour,CES0500000003,5,pre_employment_report,2024-10,2024-10-31,Labour Equal-Weight Ensemble,4.4074071300096662,4.1327153999588511,4.1339948823608497,0.0012794824019985995,0.27469173005081515,0.27341224764881655,0.075455546558309911,0.074754257164377794,-0.00070128939393211687,0.27469173005081515,0.27341224764881655,-0.0012794824019985995,bb84d013a9a2a7b27d5fe0aa8e8d9395b3a3d825ace33a5cbb55efc1207025e5,dc6ae188b27672aa141921550ba6f4845669bf51e89f776528b50f4b11c1584a,d785d1f2b3fac2f53518055122853dccbaeb123bf6237ae9617dee9fc3703941,d785d1f2b3fac2f53518055122853dccbaeb123bf6237ae9617dee9fc3703941,1,1,1857,0,0,,,
Labour,CES0500000003,1,month_open,2024-11,2024-11-01,Labour Bridge Ridge,4.3888078179692869,5.5144793100744645,4.7687546128551581,-0.74572469721930634,-1.1256714921051776,-0.37994679488587124,1.2671363081382969,0.14435956694404631,-1.1227767411942506,1.1256714921051776,0.37994679488587124,-0.74572469721930634,48f5e811c5e66226b53eaec64496c7be903b86ac794ef9d8d90efc169a49a304,c248dedfafc197d5fbd86a4e2373c79da53b5b452202b71aa5da564f6ac41ca3,4e28e10bf6e19ac35abd3c3a41f1ff1012521fe68af007042673df5c79e26c1a,4e28e10bf6e19ac35abd3c3a41f1ff1012521fe68af007042673df5c79e26c1a,1,1,1861,0,0,,,
Labour,CES0500000003,2,after_week_1,2024-11,2024-11-07,Labour Bridge Ridge,4.3888078179692869,5.5170729851990394,4.8205735313344862,-0.69649945386455325,-1.1282651672297526,-0.43176571336519931,1.2729822875839816,0.18642163123775946,-1.0865606563462222,1.1282651672297526,0.43176571336519931,-0.69649945386455325,96e1ec0cf077d79a876d72878c52811dd67fc548936fe8bc4d7a31f5c16a0d3d,3b397bd569b29ff240e6242cb453b9c9da85d4d218e90f76d81381c305e48565,c64c44d443dba8bae38f5c1ed93dc5ba400069953956521ca3079f14c902b887,c64c44d443dba8bae38f5c1ed93dc5ba400069953956521ca3079f14c902b887,1,1,1861,0,0,,,
Labour,CES0500000003,3,after_week_2,2024-11,2024-11-14,Labour Bridge Ridge,4.3888078179692869,5.3630950984835994,4.7254024846795879,-0.63769261380401154,-0.97428728051431257,-0.33659466671030103,0.94923570497197474,0.11329596965781863,-0.83593973531415611,0.97428728051431257,0.33659466671030103,-0.63769261380401154,215c1be6722346fedf96008e93374abccf3a01c6c1ba6059675edd4b9ce324ea,68c2504e29687514d030b06f2ac5c8ac925f3d86a589c52bc75c3ddda2163da3,2f9478a9e3f79d5ff9a3f1e1e0e9295ccdebd0927467fcef5716315c2bf0f54e,2f9478a9e3f79d5ff9a3f1e1e0e9295ccdebd0927467fcef5716315c2bf0f54e,1,1,1863,0,0,,,
Labour,CES0500000003,4,month_end,2024-11,2024-11-30,Labour Equal-Weight Ensemble,4.3888078179692869,4.4100552891495459,4.1791641732866216,-0.23089111586292432,-0.021247471180259048,0.20964364468266528,0.00045145503155593882,0.043950457755831611,0.043499002724275669,0.021247471180259048,0.20964364468266528,0.18839617350240623,47f401181e8f074bd710761ba1e46076c3e0995fa29431b0fde81a166a48cb18,36086b195041aa5a9f4869644967c97e6d8e460eea6d906c9108d7bde0b5cce6,ba79437465c11ae8c07a4170756b5996f68baa19d7b46ea93f108d313ad623c8,ba79437465c11ae8c07a4170756b5996f68baa19d7b46ea93f108d313ad623c8,1,1,1868,0,0,,,
Labour,CES0500000003,5,pre_employment_report,2024-11,2024-12-05,Labour Equal-Weight Ensemble,4.3888078179692869,4.1490023231062052,3.9749084296634813,-0.17409389344272386,0.23980549486308167,0.41389938830580553,0.057506675366527489,0.17131270363991999,0.11380602827339251,0.23980549486308167,0.41389938830580553,0.17409389344272386,8508c1e46daa20337ca3613a5e44f3d99c40f85a4a8627509a10a97d7b3f22b7,a2e0cff56f508dff31fdd37764e29159d5bf443baa72ef2dd78aafba60d58b64,7717ab2906370a4d1b510e3d8202cbcb66bf1b4e7a6c260b694854a84c5131e3,7717ab2906370a4d1b510e3d8202cbcb66bf1b4e7a6c260b694854a84c5131e3,1,1,1872,0,0,,,
Labour,CES0500000003,1,month_open,2024-12,2024-12-01,Labour Bridge Ridge,3.3670055759611017,4.7708017785276251,4.2036956804013341,-0.56710609812629098,-1.4037962025665234,-0.8366901044402324,1.9706437783401916,0.700050330868207,-1.2705934474719847,1.4037962025665234,0.8366901044402324,-0.56710609812629098,65bb2277f867bc39d04bd21dd903761138ec9b7b1607aa99aeb44ec8f6e16bc3,d8974492939836fe44c4a629dbf8dbb91bf52e3366dd23d025d2ce07fae8cc8b,ba79437465c11ae8c07a4170756b5996f68baa19d7b46ea93f108d313ad623c8,ba79437465c11ae8c07a4170756b5996f68baa19d7b46ea93f108d313ad623c8,1,1,1868,0,0,,,
Labour,CES0500000003,2,after_week_1,2024-12,2024-12-07,Labour Bridge Ridge,3.3670055759611017,4.4681550193566535,3.6582190797950491,-0.80993593956160437,-1.1011494433955518,-0.2912135038339474,1.2125300966903334,0.084805304815244495,-1.127724791875089,1.1011494433955518,0.2912135038339474,-0.80993593956160437,b12f8d34692d44fd7280401e60abc407818c59de8c6522a02b37f0100be55cdb,03114a5790257dce84a1b8242f4f21274d0ef2687c2c0e5b3a676d0dd90aae1d,f13e11124bb2246e962ba2ec46bce5c65e83022feaaec5070334c220fa4b1077,f13e11124bb2246e962ba2ec46bce5c65e83022feaaec5070334c220fa4b1077,1,1,1879,0,0,,,
Labour,CES0500000003,3,after_week_2,2024-12,2024-12-14,Labour Bridge Ridge,3.3670055759611017,4.486715895148107,3.5859114548956597,-0.90080444025244732,-1.1197103191870053,-0.21890587893455793,1.2537511988938652,0.047919783832111332,-1.205831415061754,1.1197103191870053,0.21890587893455793,-0.90080444025244732,d3c3c0e7405a14727e41d886ce321ba0ab55bd204b29cf9a0eeaca5c20ea4ea8,1b0658c477ba280e4bad149e403850979f214ad0d2b4a9fe176613f0222a1bef,6bb6ff6763e1089cbb496d5292298391dff714d3c0a9c9a00c3238cebf631c8f,6bb6ff6763e1089cbb496d5292298391dff714d3c0a9c9a00c3238cebf631c8f,1,1,1881,0,0,,,
Labour,CES0500000003,4,month_end,2024-12,2024-12-31,Labour Equal-Weight Ensemble,3.3670055759611017,3.4712235562084359,3.3177588285600539,-0.15346472764838204,-0.1042179802473342,0.049246747401047841,0.01086138740683374,0.0024252421295826122,-0.0084361452772511274,0.1042179802473342,0.049246747401047841,-0.054971232846286355,761459f7a6b227c41ed280a4a05d2437356630df52b11dc143100317fe789afd,51a58acfd4d8adda762ebe077cabefa256cdb771bef5b5b39e41588eb4ed21fb,5d1209bc2601d2630ec0ed97b5d8ddad4cbaf6eecaf989d3259a1f15fc533359,5d1209bc2601d2630ec0ed97b5d8ddad4cbaf6eecaf989d3259a1f15fc533359,1,1,1885,0,0,,,
Labour,CES0500000003,5,pre_employment_report,2024-12,2025-01-09,Labour Equal-Weight Ensemble,3.3670055759611017,3.6259649080399954,3.4035929284479987,-0.22237197959199673,-0.25895933207889366,-0.036587352486896929,0.067059935670746723,0.0013386343620004429,-0.065721301308746274,0.25895933207889366,0.036587352486896929,-0.22237197959199673,a9d997314e99be04688b87f0fa8abb96895adeb156522b3fd9b3bf5733a710ce,cb5d982092e636a0277c725866a08b0489e91deb71353ab81f3515e404325a67,1f53b466d19694a7a89aed2c3a0eb1cf45b31490aa99641b5e359bf7ef3dd785,1f53b466d19694a7a89aed2c3a0eb1cf45b31490aa99641b5e359bf7ef3dd785,1,1,1891,0,0,,,
Labour,CES0500000003,1,month_open,2025-01,2025-01-01,Labour Bridge Ridge,5.7007233103172794,4.675641853393719,4.0349184228793531,-0.64072343051436587,1.0250814569235605,1.6658048874379263,1.0507919933285292,2.7749059230120823,1.724113929683553,1.0250814569235605,1.6658048874379263,0.64072343051436587,232704b0d42e2a1666e5093bd494eef549eea6361b508fa98d4163161219c108,ea543234c76894fa82aa0c3be247928211b8b10d91b38e8ace44ffda3c569f0d,5d1209bc2601d2630ec0ed97b5d8ddad4cbaf6eecaf989d3259a1f15fc533359,5d1209bc2601d2630ec0ed97b5d8ddad4cbaf6eecaf989d3259a1f15fc533359,1,1,1885,0,0,,,
Labour,CES0500000003,2,after_week_1,2025-01,2025-01-07,Labour Bridge Ridge,5.7007233103172794,3.298665942714508,3.7409367929389314,0.44227085022442347,2.4020573676027714,1.959786517378348,5.7698795972547563,3.8407631936979536,-1.9291164035568027,2.4020573676027714,1.959786517378348,-0.44227085022442347,4922dff46c56aee99cc2df4e0191b2d1b1854b99292fc5080c21169b2a227bbe,b47cbfe862d540ce18162bd9f50e2b7eb86af1c4bb96d036ac20cee9c718852b,6450a4e885194b1a1fbfc67eaec220dfd3cbe43c65a226f1108e67e6d9722e8c,6450a4e885194b1a1fbfc67eaec220dfd3cbe43c65a226f1108e67e6d9722e8c,1,1,1889,0,0,,,
Labour,CES0500000003,3,after_week_2,2025-01,2025-01-14,Labour Bridge Ridge,5.7007233103172794,3.4449177763657794,4.2500915123615846,0.80517373599580511,2.2558055339515,1.4506317979556949,5.0886586070062121,2.1043326132401718,-2.9843259937660402,2.2558055339515,1.4506317979556949,-0.80517373599580511,4b93e5cdf0425cd1cc7f61e84aa17c7dca1aaf5c8808b9ff6e9e159f8e2eb790,a5e30d2fbf5f47d6436f9e72942cbbd5e993f6c79775f9e15b25c0fbee67a606,b7cd37edd3841e3140c1ce55a56db0bbb71bf35bfcf2607d10deed916f90bd40,b7cd37edd3841e3140c1ce55a56db0bbb71bf35bfcf2607d10deed916f90bd40,1,1,1872,0,0,,,
Labour,CES0500000003,4,month_end,2025-01,2025-01-31,Labour Equal-Weight Ensemble,5.7007233103172794,3.6314795262795809,3.729787546633311,0.098308020353730097,2.0692437840376985,1.9709357636839684,4.2817698377786533,3.8845877845685077,-0.39718205321014555,2.0692437840376985,1.9709357636839684,-0.098308020353730097,bc182377d8909f138a980f0f2af1a3b5342236e8fb97dc046d48ba4782727463,9bad95c19d3ce37af5bdb9a0c04f7099069d97219a76b1055bc132cf10d5e72f,6bb9f7760df8679fff4b7713b7d08763ce90dc7f342aaf621d3f9a0a31a0adc1,6bb9f7760df8679fff4b7713b7d08763ce90dc7f342aaf621d3f9a0a31a0adc1,1,1,1878,0,0,,,
Labour,CES0500000003,5,pre_employment_report,2025-01,2025-02-06,Labour Equal-Weight Ensemble,5.7007233103172794,3.7212070687792083,3.7360428307883802,0.014835762009171916,1.9795162415380712,1.9646804795288992,3.918484550513011,3.8599693866419056,-0.058515163871105447,1.9795162415380712,1.9646804795288992,-0.014835762009171916,d7a1933298a6c1eafdc265f1fcaef2b01689992bda7854961bda82dd6f236d48,b08452ba14b821978735f53a55913ec93c303f32f92465bbcf309c9b4cf11366,3f377f1e650a56a8756597ad1f2e606f14910925e293d0501b00a909f7e5f8aa,3f377f1e650a56a8756597ad1f2e606f14910925e293d0501b00a909f7e5f8aa,1,1,1883,0,0,,,
Labour,CES0500000003,1,month_open,2025-02,2025-02-01,Labour Bridge Ridge,3.3444837702777619,4.0385040572419708,4.6149823509743806,0.57647829373240977,-0.69402028696420892,-1.2704985806966187,0.48166415871788287,1.6141666435521225,1.1325024848342395,0.69402028696420892,1.2704985806966187,0.57647829373240977,54d87f057dbe572aa4d6800f9f043c021a1b5f0621ff2e5cb1ad699b26014af8,74a4289557e0e4821f95338a67b25b2ccbc560a5c1eaac14418ae3b02f1b7316,6bb9f7760df8679fff4b7713b7d08763ce90dc7f342aaf621d3f9a0a31a0adc1,6bb9f7760df8679fff4b7713b7d08763ce90dc7f342aaf621d3f9a0a31a0adc1,1,1,1878,0,0,,,
Labour,CES0500000003,2,after_week_1,2025-02,2025-02-07,Labour Bridge Ridge,3.3444837702777619,4.5615254226823723,4.458847618722638,-0.10267780395973425,-1.2170416524046104,-1.1143638484448761,1.4811903836877445,1.2418067867208749,-0.23938359696686962,1.2170416524046104,1.1143638484448761,-0.10267780395973425,93edd098120094468c12061d68adb07729e2994766c3600755c23d0b76750c61,9bba1820c124ec2e5343212f83da635e016625fb4463f0c0ef6f8b738fa5e812,c9b483aa9f309c04f9c75a4ad154511a7d7dfbc17f8e2ac70a71aa4abe538fc2,c9b483aa9f309c04f9c75a4ad154511a7d7dfbc17f8e2ac70a71aa4abe538fc2,1,1,1338,0,0,,,
Labour,CES0500000003,3,after_week_2,2025-02,2025-02-14,Labour Bridge Ridge,3.3444837702777619,4.4961503585404872,4.3359763463733758,-0.16017401216711136,-1.1516665882627253,-0.99149257609561392,1.3263359305207056,0.98305752845271677,-0.34327840206798887,1.1516665882627253,0.99149257609561392,-0.16017401216711136,22b8da27f748fc8795008423c52ac6d06223d40a9b614318c2cdfde7d1a7f7e4,f4337c4dd1e72c0579c0e7cc926351c81faf3e34feb0445023e4c633bfbe32a8,9d0f8b029a82dc5f7587929ed4e257331e8c75280dd36ad7050158cddd343f38,9d0f8b029a82dc5f7587929ed4e257331e8c75280dd36ad7050158cddd343f38,1,1,1340,0,0,,,
Labour,CES0500000003,4,month_end,2025-02,2025-02-28,Labour Equal-Weight Ensemble,3.3444837702777619,4.0488567342119559,3.9843747643405716,-0.064481969871384326,-0.70437296393419402,-0.63989099406280969,0.4961412723214414,0.40946048428269077,-0.086680788038750622,0.70437296393419402,0.63989099406280969,-0.064481969871384326,008dc5003c888083c121f90abe86553ff4e5ca7037c97c44fa1bdda536129088,3250ff0b740dc0db1fbae7680f0af97f0fe0b97672ad0defa68bcada1f50655b,5c5fc27bf2d99e61dd339299943864813a6234d8108000be672135fb9a45b69f,5c5fc27bf2d99e61dd339299943864813a6234d8108000be672135fb9a45b69f,1,1,1344,0,0,,,
Labour,CES0500000003,5,pre_employment_report,2025-02,2025-03-06,Labour Equal-Weight Ensemble,3.3444837702777619,4.058767955792784,3.9963729337566414,-0.062395022036142667,-0.71428418551502215,-0.65188916347887949,0.51020189767685853,0.42495948146119328,-0.085242416215665251,0.71428418551502215,0.65188916347887949,-0.062395022036142667,9ffd3f9202ace8cf1da7b1c03d131c29c1c9dd1d8971d2ee9f2081b84239a5a3,513d55cd400ecb52c9f566c13d3032f39e7e78b54757690b55a71388c58ee6dc,b0b946ea49424940cf94b0028e53f3ec9a74fe1db3ddccdd5eba06dabc96f85b,b0b946ea49424940cf94b0028e53f3ec9a74fe1db3ddccdd5eba06dabc96f85b,1,1,1346,0,0,,,
Labour,CES0500000003,1,month_open,2025-03,2025-03-01,Labour Bridge Ridge,3.0037562617421187,4.6960726075188948,4.3085577047615367,-0.38751490275735812,-1.692316345776776,-1.3048014430194179,2.8639346141832607,1.7025068057055552,-1.1614278084777054,1.692316345776776,1.3048014430194179,-0.38751490275735812,1bc4c18efc619ff94240cac4cabc8566a6add3141589d781de955ac10217975e,3e59e3c2fc7696c51e729001353d0d35f2301b48aeea3b53fb233c4848156707,5c5fc27bf2d99e61dd339299943864813a6234d8108000be672135fb9a45b69f,5c5fc27bf2d99e61dd339299943864813a6234d8108000be672135fb9a45b69f,1,1,1344,0,0,,,
Labour,CES0500000003,2,after_week_1,2025-03,2025-03-07,Labour Bridge Ridge,3.0037562617421187,4.9706625344540205,4.5922318418892605,-0.37843069256476003,-1.9669062727119018,-1.5884755801471417,3.868720285633426,2.5232546687237987,-1.3454656169096273,1.9669062727119018,1.5884755801471417,-0.37843069256476003,054bd2f0a117ba037ef1e61ffa5443e5c43f4a7ac0859433ffb20157ae45a464,d6a13e63598400dcb86340e031dca0bfc3b678a7d7cee04632db039db23361ff,2e58c9211009bf8114191f36127945d7fc6c63eaed8d8f4950710ed611148d0e,2e58c9211009bf8114191f36127945d7fc6c63eaed8d8f4950710ed611148d0e,1,1,1353,0,0,,,
Labour,CES0500000003,3,after_week_2,2025-03,2025-03-14,Labour Bridge Ridge,3.0037562617421187,5.5338945909631274,4.868981144959454,-0.66491344600367341,-2.5301383292210087,-1.8652248832173353,6.4015999649932773,3.479063864973122,-2.9225361000201553,2.5301383292210087,1.8652248832173353,-0.66491344600367341,9cf450f9b31e54e708500e903cf3587e84972f39f67c485e2e322be211f2980e,754262ef1ee565a986e35818526261ab38f57af525b7acfa4a10af650e8110cb,51632af9cc90ac4f5335a775c46ef934fbe52fa731b7ef67fc24dbe9c3c8c09b,51632af9cc90ac4f5335a775c46ef934fbe52fa731b7ef67fc24dbe9c3c8c09b,1,1,1337,0,0,,,
Labour,CES0500000003,4,month_end,2025-03,2025-03-31,Labour Equal-Weight Ensemble,3.0037562617421187,3.9738324913594791,3.7831841988360928,-0.19064829252338633,-0.9700762296173604,-0.77942793709397407,0.94104789126863375,0.60750790912256802,-0.33353998214606573,0.9700762296173604,0.77942793709397407,-0.19064829252338633,bc04457d4517591c1730c971e9ba798296295a2942edca566dc5fb768e1ee180,024df6cbfadb250829c9dd8953a0a62dbd214f168c4c13a3e2d65f20ae95dd1d,615d784aa47b867b4e2a5babf7087ac4dca9b4c45a7c74531b51d28ab8fd6c27,615d784aa47b867b4e2a5babf7087ac4dca9b4c45a7c74531b51d28ab8fd6c27,1,1,1252,0,0,,,
Labour,CES0500000003,5,pre_employment_report,2025-03,2025-04-03,Labour Equal-Weight Ensemble,3.0037562617421187,4.0429820005971813,3.9156342484336317,-0.12734775216354954,-1.0392257388550625,-0.91187798669151299,1.0799901362988507,0.8315214626125671,-0.24846867368628356,1.0392257388550625,0.91187798669151299,-0.12734775216354954,31ea4c9aa3e553fd66fc90d0dd85528f33587c204bc8248b227aca4b2e36df5d,314be6741d9dc84422cfee0619db540827beb438f18f6c48368d9018bd8e0f2a,c6fd67da7789ea11447a080d046347aad3fe590865bd91172b469d4412622062,c6fd67da7789ea11447a080d046347aad3fe590865bd91172b469d4412622062,1,1,1255,0,0,,,
Labour,CES0500000003,1,month_open,2025-04,2025-04-01,Labour Bridge Ridge,1.9983351828734897,4.7779407063620827,4.8303494629820953,0.052408756620012653,-2.779605523488593,-2.8320142801086057,7.7262068662082957,8.0203048827390635,0.29409801653076784,2.779605523488593,2.8320142801086057,0.052408756620012653,79549f7da5fac61d28805e92085456fd205ab626655c43ab48524b9d93b3ead2,3b7e116698da4e0fc9ec45b1989dd0c49b04f8ddef5b908400bdabad37f12436,b60aef71ff1f77078ec9d9c9eb0805d690e1dc78a8a25372cc56fb6a770c7e73,b60aef71ff1f77078ec9d9c9eb0805d690e1dc78a8a25372cc56fb6a770c7e73,1,1,1252,0,0,,,
Labour,CES0500000003,2,after_week_1,2025-04,2025-04-07,Labour Bridge Ridge,1.9983351828734897,4.6639834741419861,4.5926605345492879,-0.071322939592698198,-2.6656482912684965,-2.5943253516757983,7.105680812742655,6.7305240303477545,-0.37515678239490047,2.6656482912684965,2.5943253516757983,-0.071322939592698198,38f9c3fd6b2e04c3e040adaa16477edc05783a6cc9be160a94499d836679f8b9,dbd7240f6b303a7228bfe5c9e8d41168f488c552f4cefef148b8bdf90e7b6a22,7f6bd5d08f2267a799a47dde07a2ef54e173064d80a4ed6650fc0c6d9de8105c,7f6bd5d08f2267a799a47dde07a2ef54e173064d80a4ed6650fc0c6d9de8105c,1,1,1260,0,0,,,
Labour,CES0500000003,3,after_week_2,2025-04,2025-04-14,Labour Bridge Ridge,1.9983351828734897,4.6502271282151124,4.5830007240710557,-0.067226404144056673,-2.6518919453416228,-2.5846655411975661,7.0325308897677763,6.6804959598541069,-0.35203492991366936,2.6518919453416228,2.5846655411975661,-0.067226404144056673,9a23e979555fdbc6d14c6e1f43c1d3c6518de5890fe29d3f9aa359c8ccdec8a4,a06d850060ef2d286d95f6685d36d16183e60c418873b5eb7a209901bb4fae79,83c3a94c6c9b9c77e35d9e600bb82cd711978f718bffbb27661913a7295a9a93,83c3a94c6c9b9c77e35d9e600bb82cd711978f718bffbb27661913a7295a9a93,1,1,1261,0,0,,,
Labour,CES0500000003,4,month_end,2025-04,2025-04-30,Labour Equal-Weight Ensemble,1.9983351828734897,3.9115627685220158,3.8036710072567175,-0.10789176126529831,-1.9132275856485261,-1.8053358243832278,3.6604397944864884,3.2592374388014687,-0.40120235568501972,1.9132275856485261,1.8053358243832278,-0.10789176126529831,6dcf1b1fbb1683899ae0571023bb9a23c38b5900f187f0d317ccba88c6a32075,fba7978e42c7de94e5aaea590f127fb5d3631712f10fdda49a0f8ce2d0a3a1e3,8051239d1085c9cdc75116a0264d25a929627d057103fc1869159e22bf90de77,8051239d1085c9cdc75116a0264d25a929627d057103fc1869159e22bf90de77,1,1,1269,0,0,,,
Labour,CES0500000003,5,pre_employment_report,2025-04,2025-05-01,Labour Equal-Weight Ensemble,1.9983351828734897,3.9371475570436281,3.8270823116691957,-0.11006524537443241,-1.9388123741701384,-1.828747128795706,3.7589934222352488,3.3443160610785387,-0.41467736115671006,1.9388123741701384,1.828747128795706,-0.11006524537443241,75104d601135eddf8c1e3b6c360c34a122a3c061b69b7fae10f981935160c092,f22401f367d285cb072c99c83c8e828ee14f111803969c3ca45b4fb4773f9d62,7f92345671df601d440d40143cd7b083bdcf153c795914858e59fcb96a02825c,7f92345671df601d440d40143cd7b083bdcf153c795914858e59fcb96a02825c,1,1,1271,0,0,,,
Labour,CES0500000003,1,month_open,2025-05,2025-05-01,Labour Bridge Ridge,4.9771950240979024,4.394647341876496,5.0072425277934611,0.61259518591696516,0.5825476822214064,-0.030047503695558753,0.33936180206153271,0.00090285247833461692,-0.33845894958319811,0.5825476822214064,0.030047503695558753,-0.55250017852584765,75104d601135eddf8c1e3b6c360c34a122a3c061b69b7fae10f981935160c092,f22401f367d285cb072c99c83c8e828ee14f111803969c3ca45b4fb4773f9d62,7f92345671df601d440d40143cd7b083bdcf153c795914858e59fcb96a02825c,7f92345671df601d440d40143cd7b083bdcf153c795914858e59fcb96a02825c,1,1,1271,0,0,,,
Labour,CES0500000003,2,after_week_1,2025-05,2025-05-07,Labour Bridge Ridge,4.9771950240979024,4.3162901599895127,5.4362058690543282,1.1199157090648155,0.66090486410838967,-0.45901084495642586,0.436795239402129,0.21069095578761202,-0.22610428361451698,0.66090486410838967,0.45901084495642586,-0.20189401915196381,1277a270d8450380abcfaaad3ec190cb54f3a176d3573292c5ab982d2593bc8e,8b1a9f8ebdde3c23feaafdae3ed83bc7be12c02b573240505b1f5189c2f79cb3,474c8c7b39686cfd3e49b921a0d8ed82917cc6856a8bb249a5a75fd00045617c,474c8c7b39686cfd3e49b921a0d8ed82917cc6856a8bb249a5a75fd00045617c,1,1,1276,0,0,,,
Labour,CES0500000003,3,after_week_2,2025-05,2025-05-14,Labour Bridge Ridge,4.9771950240979024,4.3155713860167655,5.4381287589003211,1.1225573728835556,0.66162363808113689,-0.46093373480241873,0.43774583846771919,0.21245990787890648,-0.22528593058881272,0.66162363808113689,0.46093373480241873,-0.20068990327871816,213c183aeee6eec37fe9f7d97708b57570c27ee87cfb24ea035a6736a5562a7f,52e326e000f9c8ca344f129bd8c7c3482afad891714959708a5b3077719b1f90,1cfeaa3d98e062ced7ae9d2e0114a9441057211cc20e41d2ecb67c2281230fcf,1cfeaa3d98e062ced7ae9d2e0114a9441057211cc20e41d2ecb67c2281230fcf,1,1,1277,0,0,,,
Labour,CES0500000003,4,month_end,2025-05,2025-05-31,Labour Equal-Weight Ensemble,4.9771950240979024,3.8407559135193203,4.049950362946185,0.20919444942686471,1.136439110578582,0.92724466115171733,1.2914938520526387,0.85978266163436312,-0.43171119041827555,1.136439110578582,0.92724466115171733,-0.20919444942686471,8814e19f98ccf79260e2df771557f49f21b55de93e6451e4f28fc8adfb2e4008,8f6b4e74d4ec8341817330cc901a60c9a1dce7ec55a1bc3a7e1aa5cfedaaa081,4731150bc46d9e3ecbdbcdcbb685846e2093badfdc94e4887797cf5acda76c11,4731150bc46d9e3ecbdbcdcbb685846e2093badfdc94e4887797cf5acda76c11,1,1,1285,0,0,,,
Labour,CES0500000003,5,pre_employment_report,2025-05,2025-06-05,Labour Equal-Weight Ensemble,4.9771950240979024,3.9196308893054805,4.2963526922290711,0.37672180292359059,1.0575641347924218,0.68084233186883125,1.1184418991992437,0.46354628086458777,-0.65489561833465593,1.0575641347924218,0.68084233186883125,-0.37672180292359059,67b0243a3d7a58d67ae63e1e4f7c7e9ac44ec4b6923aa2f940a86dde6890a140,e14258bdb5f0de0960da1df8567b88d885a33b8d97e81da5b601ae794b6300cc,c06e67be5d6e99572044567a5cebebe436a6098e3b9905f94bcafea0b954886b,c06e67be5d6e99572044567a5cebebe436a6098e3b9905f94bcafea0b954886b,1,1,1288,0,0,,,
Labour,CES0500000003,1,month_open,2025-06,2025-06-01,Labour Bridge Ridge,2.6475465786454322,4.3913246173053624,5.0435543293444853,0.65222971203912294,-1.7437780386599302,-2.3960077506990531,3.0407618481126728,5.7408531414099357,2.7000912932972629,1.7437780386599302,2.3960077506990531,0.65222971203912294,02b6774eb3f19b903187739584a159e96a8d8e7537de832aabd525a17ab6b6b0,944062a5400d31571e433688a8dea78933f558bec472d3d0df6c08a152528556,4731150bc46d9e3ecbdbcdcbb685846e2093badfdc94e4887797cf5acda76c11,4731150bc46d9e3ecbdbcdcbb685846e2093badfdc94e4887797cf5acda76c11,1,1,1285,0,0,,,
Labour,CES0500000003,2,after_week_1,2025-06,2025-06-07,Labour Bridge Ridge,2.6475465786454322,4.2194065732378485,3.8986011302892547,-0.32080544294859381,-1.5718599945924163,-1.2510545516438225,2.4707438426000712,1.5651374911887257,-0.90560635141134549,1.5718599945924163,1.2510545516438225,-0.32080544294859381,83beda7e8df1fea8713ab210f3e177bf0993ab54a8305a67d5576a637bd589a8,103c9c307ec81439cd436db8860ab229243c99a38bc05b9d4b391f61b96df0a8,9fee01e97b4a6f3011462fdb87051003aad9c183413554484b3a2015a425f8b3,9fee01e97b4a6f3011462fdb87051003aad9c183413554484b3a2015a425f8b3,1,1,1294,0,0,,,
Labour,CES0500000003,3,after_week_2,2025-06,2025-06-14,Labour Bridge Ridge,2.6475465786454322,4.2335978611917593,3.8999413194382937,-0.3336565417534656,-1.5860512825463271,-1.2523947407928615,2.5155586708668491,1.5684925867656188,-0.94706608410123039,1.5860512825463271,1.2523947407928615,-0.3336565417534656,2564788b5d1c10d7b86de0010b313903faea9132d4a494b277bcf0770590cc5b,d92e1ec88db555c06885eace20cf4c0e4b51142d71b933a3ffecf998db07b5ea,9746c28fafbaf64bd1b72c7e0e6fd861e5d547a1ef1b09059550389af29ce3d6,9746c28fafbaf64bd1b72c7e0e6fd861e5d547a1ef1b09059550389af29ce3d6,1,1,1296,0,0,,,
Labour,CES0500000003,4,month_end,2025-06,2025-06-30,Labour Equal-Weight Ensemble,2.6475465786454322,3.9170370056932313,3.8836229006141667,-0.033414105079064615,-1.2694904270477991,-1.2360763219687345,1.6116059443660034,1.5278846737317546,-0.083721270634248723,1.2694904270477991,1.2360763219687345,-0.033414105079064615,7b456dd2caa6006bbe768b4f8f087f1aeecd143f3c5cc3fa1bebc2b73e5c09d3,b4d08456ed85a05438afec6481bcb32ca340cd2516e2a7b1e287edf18dbd2600,e624e36e5beae667e9373aca0d207a0cc27f8937b8dcadce81bf1ffcf52d6138,e624e36e5beae667e9373aca0d207a0cc27f8937b8dcadce81bf1ffcf52d6138,1,1,1300,0,0,,,
Labour,CES0500000003,5,pre_employment_report,2025-06,2025-07-02,Labour Equal-Weight Ensemble,2.6475465786454322,3.6850341742694099,3.5542766641835044,-0.13075751008590553,-1.0374875956239777,-0.90673008553807222,1.0763805110736224,0.82215944801987972,-0.2542210630537427,1.0374875956239777,0.90673008553807222,-0.13075751008590553,78d55cfdf9cd0d23d2462d64acbbde0fa06facc98833bfd6d481ac34ca86290b,070f85f8af932b1369393a73ca3b60c81a77d2b6f731c9ded86976710c0d29a3,05e2d74ef10d9413ab1265ff1c227cac7e85f89153df814a15c3f113daecfdde,05e2d74ef10d9413ab1265ff1c227cac7e85f89153df814a15c3f113daecfdde,1,1,1301,0,0,,,
Labour,CES0500000003,1,month_open,2025-07,2025-07-01,Labour Bridge Ridge,3.9582223903979141,4.7863170211146597,4.5814390742854387,-0.204877946829221,-0.82809463071674561,-0.6232166838875246,0.68574071742190323,0.38839903507576279,-0.29734168234614045,0.82809463071674561,0.6232166838875246,-0.204877946829221,b6b9c06c653e60e89f358828ec8730bc4e680f2fe36784bafa9d410e93efd003,43f81ad8381fd68761bd12d3a745e744121d61feeedfb6c5d2c543b4b0d3fb02,05e2d74ef10d9413ab1265ff1c227cac7e85f89153df814a15c3f113daecfdde,05e2d74ef10d9413ab1265ff1c227cac7e85f89153df814a15c3f113daecfdde,1,1,1301,0,0,,,
Labour,CES0500000003,2,after_week_1,2025-07,2025-07-07,Labour Bridge Ridge,3.9582223903979141,4.6051239102632513,4.7982309652319772,0.19310705496872593,-0.64690151986533717,-0.8400085748340631,0.41848157640408323,0.70561440579475376,0.28713282939067053,0.64690151986533717,0.8400085748340631,0.19310705496872593,fcaf5bc138fe2f3332d5d1509669235199f952e3a2960a20504ac231e8463b50,be9dc394a200ea2f96d794dfdfeff8e9237a7a62344abe9f665fa421eb1f93e1,8eb1ffb708eb13811cc9cff09eb29a2b80baa96b4be256c2c0229bcbd0bfd566,8eb1ffb708eb13811cc9cff09eb29a2b80baa96b4be256c2c0229bcbd0bfd566,1,1,1309,0,0,,,
Labour,CES0500000003,3,after_week_2,2025-07,2025-07-14,Labour Bridge Ridge,3.9582223903979141,4.630053516691941,4.8334898540577402,0.20343633736579925,-0.67183112629402686,-0.87526746365982611,0.45135706225750066,0.76609313294150505,0.31473607068400439,0.67183112629402686,0.87526746365982611,0.20343633736579925,1d642d82148daeb467d53ad4ca7cb5a0683458f104637af0db56793bf314b3b7,ef2f28f756769b95c94fafc77daf878840107ec4d1ad3e35f064659f6037a639,ec8ba1ccdd55546c6074a87d90aca8af770bd515bdcfbeb406e592b5295b31f1,ec8ba1ccdd55546c6074a87d90aca8af770bd515bdcfbeb406e592b5295b31f1,1,1,1311,0,0,,,
Labour,CES0500000003,4,month_end,2025-07,2025-07-31,Labour Equal-Weight Ensemble,3.9582223903979141,3.6612779883501361,3.7705790576104525,0.10930106926031646,0.29694440204777806,0.18764333278746159,0.088175977907512457,0.035210020339586055,-0.052965957567926401,0.29694440204777806,0.18764333278746159,-0.10930106926031646,4d961af8bf48247227b9886247f41c6245bc2a7c214e9b6a5e509260eb549c2a,a726f46eb381ff44e59ea33c151384508d789e04b72cc93ab65aabf7deeb813d,12db9e7dbc905b2d4a19bc376f932398818c5fe212d669b78fa74d30c2900524,12db9e7dbc905b2d4a19bc376f932398818c5fe212d669b78fa74d30c2900524,1,1,1319,0,0,,,
Labour,CES0500000003,5,pre_employment_report,2025-07,2025-07-31,Labour Equal-Weight Ensemble,3.9582223903979141,3.6612779883501361,3.7705790576104525,0.10930106926031646,0.29694440204777806,0.18764333278746159,0.088175977907512457,0.035210020339586055,-0.052965957567926401,0.29694440204777806,0.18764333278746159,-0.10930106926031646,4d961af8bf48247227b9886247f41c6245bc2a7c214e9b6a5e509260eb549c2a,a726f46eb381ff44e59ea33c151384508d789e04b72cc93ab65aabf7deeb813d,12db9e7dbc905b2d4a19bc376f932398818c5fe212d669b78fa74d30c2900524,12db9e7dbc905b2d4a19bc376f932398818c5fe212d669b78fa74d30c2900524,1,1,1319,0,0,,,
Labour,CES0500000003,1,month_open,2025-08,2025-08-01,Labour Bridge Ridge,3.2894757440626421,4.0901042999604229,4.2343596703340296,0.1442553703736067,-0.80062855589778081,-0.94488392627138751,0.6410060845189659,0.89280563412603287,0.25179954960706696,0.80062855589778081,0.94488392627138751,0.1442553703736067,2fcac741c98a87ac4181a30967023a1886f8e59147a4827b2b0a1f5ab8858d18,abd8e5a16367cfce44a86e9cae91fb21c79f6c8c0ecb418c3866d37bfea13e27,20c9c0a54a51c2eb36cbe40d564255c438077d02d64b3b36b8c7cf37c1462209,20c9c0a54a51c2eb36cbe40d564255c438077d02d64b3b36b8c7cf37c1462209,1,1,1325,0,0,,,
Labour,CES0500000003,2,after_week_1,2025-08,2025-08-07,Labour Bridge Ridge,3.2894757440626421,4.0672367946800918,4.1989375546452781,0.13170075996518626,-0.77776105061744971,-0.90946181058263598,0.60491225185755915,0.82712078490824648,0.22220853305068733,0.77776105061744971,0.90946181058263598,0.13170075996518626,e96b583c044cdd4e56c565cfe33c2b2a448d1affd9b2a1d4f123434714f8f419,5c173683f4c6525435f6b64bc66ba88d77a8fa8e577c05e6fa6a79b65f584f90,662959e08945791a0692bfdfd8dffc8dfd9faac0608223610e324f47bc84fc44,662959e08945791a0692bfdfd8dffc8dfd9faac0608223610e324f47bc84fc44,1,1,1324,0,0,,,
Labour,CES0500000003,3,after_week_2,2025-08,2025-08-14,Labour Bridge Ridge,3.2894757440626421,4.0795713426932405,4.194970081852146,0.11539873915890553,-0.79009559863059842,-0.90549433778950394,0.62425105497544364,0.81991999576885222,0.19566894079340857,0.79009559863059842,0.90549433778950394,0.11539873915890553,c3f066641b9fa527f7df4b280e9f7960a407b74c79d35fc133459acfda7eae9c,159e8619757e9a6bf2cc25cac15cdc1294f7b19d2d394b67a3d14d61d999307c,a467bc7e788abecc4cdddfc163e74178e3c21902504d20db83d38dd4362b8775,a467bc7e788abecc4cdddfc163e74178e3c21902504d20db83d38dd4362b8775,1,1,1326,0,0,,,
Labour,CES0500000003,4,month_end,2025-08,2025-08-31,Labour Equal-Weight Ensemble,3.2894757440626421,3.6779154395828102,3.6621156201638727,-0.015799819418937489,-0.3884396955201681,-0.37263987610123062,0.1508853970558009,0.13886047726074049,-0.012024919795060401,0.3884396955201681,0.37263987610123062,-0.015799819418937489,6c62b6995120e86b0d022a54a9fe4b3b17a236c6a063d185b725ab3453847f74,1545a6b3a5fde37fb1a35baba0b60870ee231e3e9453b9823f9bd084d4e7a271,cc629d80a538dad0b3170307b356caf0fc70beb055fa21a212f6ac03ca468122,cc629d80a538dad0b3170307b356caf0fc70beb055fa21a212f6ac03ca468122,1,1,1329,0,0,,,
Labour,CES0500000003,5,pre_employment_report,2025-08,2025-09-04,Labour Equal-Weight Ensemble,3.2894757440626421,3.6508324964227477,3.7049844390159237,0.054151942593176017,-0.36135675236010556,-0.41550869495328158,0.13057870247624265,0.1726474755817792,0.042068773105536555,0.36135675236010556,0.41550869495328158,0.054151942593176017,bc9a81409939e0bfa9d677aeb16622edab37721b5b13a6522d9bb51234d21353,36f41cfa146534bd1e59d89e36602372876f03f86a2a9a49e9604a4f697c5cd7,cafcf0447a29a5e1054fce6c531b843593ae5a6f8afc7633a6b8365664389523,cafcf0447a29a5e1054fce6c531b843593ae5a6f8afc7633a6b8365664389523,1,1,1332,0,0,,,
Labour,CES0500000003,1,month_open,2025-09,2025-09-01,Labour Bridge Ridge,2.948806944617921,4.511112786814353,4.7114112881813064,0.20029850136695337,-1.562305842196432,-1.7626043435633854,2.4407995445611026,3.1067740719485126,0.66597452738741003,1.562305842196432,1.7626043435633854,0.20029850136695337,56a43cb6d4a83f7018a9e5c08194f26e20ec8059795f73a8315391ae48e158a9,c2fa5118744a6d75f334ca458eacf83ee5accfab01177c6835b65d9ae1c9b2bc,cc629d80a538dad0b3170307b356caf0fc70beb055fa21a212f6ac03ca468122,cc629d80a538dad0b3170307b356caf0fc70beb055fa21a212f6ac03ca468122,1,1,1329,0,0,,,
Labour,CES0500000003,2,after_week_1,2025-09,2025-09-07,Labour Bridge Ridge,2.948806944617921,4.5926466904881114,4.3368215754700827,-0.25582511501802863,-1.6438397458701903,-1.3880146308521617,2.7022091101025718,1.9265846154596626,-0.77562449464290917,1.6438397458701903,1.3880146308521617,-0.25582511501802863,de2edea823cb93c6737bf52e436d82048db9488695b8cfe07863468096cba4a0,25c3c2e93f80c3bbc969536e4ef3629d309dea8b97f480312ae284c1254df25d,bdee02706f2ca469bfe5da6fca2d1803bf2e9d18dfdace57b5df8eda8aae8277,bdee02706f2ca469bfe5da6fca2d1803bf2e9d18dfdace57b5df8eda8aae8277,1,1,1337,0,0,,,
Labour,CES0500000003,3,after_week_2,2025-09,2025-09-14,Labour Bridge Ridge,2.948806944617921,4.5596450810551374,4.2950398412937778,-0.26460523976135963,-1.6108381364372164,-1.3462328966758568,2.5947995018005243,1.8123430120922681,-0.78245648970825621,1.6108381364372164,1.3462328966758568,-0.26460523976135963,fb1375351bcb66a8ebe84262496380f7546d5de53dce37c8bb491382c2e5a504,605a87ad296187ea1dc39dc51361964e84ceeee3f9f20c20a9809d72beecc059,b234f2223ab965103b2f9eca2dd5e7027cb9cb837001cd1e4c27b2f75aeb3d33,b234f2223ab965103b2f9eca2dd5e7027cb9cb837001cd1e4c27b2f75aeb3d33,1,1,1338,0,0,,,
Labour,CES0500000003,4,month_end,2025-09,2025-09-30,Labour Equal-Weight Ensemble,2.948806944617921,3.8804067610056525,3.7755066164932281,-0.10490014451242446,-0.93159981638773148,-0.82669967187530702,0.86787821789365505,0.68343234747874027,-0.18444587041491478,0.93159981638773148,0.82669967187530702,-0.10490014451242446,8370e6bddaf1ac9bdd5f8039854e4d3bf31c27979ed1408ff01f7f76beffc2e6,48699a038072c3126390f9521eed5ef9143387c8e70a3f1d03319899a047249e,a9a44d85c2de82d65d573c130ba05fa5fd8dfc2ea98aa47b34b6b0e0cbaa17be,a9a44d85c2de82d65d573c130ba05fa5fd8dfc2ea98aa47b34b6b0e0cbaa17be,1,1,1344,0,0,,,
Labour,CES0500000003,5,pre_employment_report,2025-09,2025-11-19,Labour Equal-Weight Ensemble,2.948806944617921,3.8804067610056525,3.7755066164932281,-0.10490014451242446,-0.93159981638773148,-0.82669967187530702,0.86787821789365505,0.68343234747874027,-0.18444587041491478,0.93159981638773148,0.82669967187530702,-0.10490014451242446,5a7cfc6a74b6b09b4fa07ebbd9b0e05841092b974ddb2f28af3796f79fcda4f3,8c9cfaf555f6ab06c819eba74360bdb6b79a7d4a71a95e200c958bf8cef7a21b,a9a44d85c2de82d65d573c130ba05fa5fd8dfc2ea98aa47b34b6b0e0cbaa17be,a9a44d85c2de82d65d573c130ba05fa5fd8dfc2ea98aa47b34b6b0e0cbaa17be,1,1,1344,0,0,,,
Labour,CES0500000003,1,month_open,2025-10,2025-10-01,Labour Bridge Ridge,5.2273428699233904,4.2842602476838998,4.4007402682060697,0.11648002052216988,0.94308262223949058,0.8266026017173207,0.8894048323701137,0.68327186116584349,-0.20613297120427021,0.94308262223949058,0.8266026017173207,-0.11648002052216988,52ea09ee5653c4b92176fe231383636eec9c7a0aabcb0a20f703476593b0a995,755296ee579b4ccc46ef91d9436dae5a20796fe0a09f60aefaa058bdf144b9e9,a9a44d85c2de82d65d573c130ba05fa5fd8dfc2ea98aa47b34b6b0e0cbaa17be,a9a44d85c2de82d65d573c130ba05fa5fd8dfc2ea98aa47b34b6b0e0cbaa17be,1,1,1344,0,0,,,
Labour,CES0500000003,2,after_week_1,2025-10,2025-10-07,Labour Bridge Ridge,5.2273428699233904,4.2842602476838998,4.4007402682060697,0.11648002052216988,0.94308262223949058,0.8266026017173207,0.8894048323701137,0.68327186116584349,-0.20613297120427021,0.94308262223949058,0.8266026017173207,-0.11648002052216988,360b1bf55e81a63dface52829e6e00ba960cea56442717def8f2f6b1f1a7555d,4dae453cae25d50ef7e50e5eff25c21099685adf11859a8d12ee0140c7fc89b7,a9a44d85c2de82d65d573c130ba05fa5fd8dfc2ea98aa47b34b6b0e0cbaa17be,a9a44d85c2de82d65d573c130ba05fa5fd8dfc2ea98aa47b34b6b0e0cbaa17be,1,1,1344,0,0,,,
Labour,CES0500000003,3,after_week_2,2025-10,2025-10-14,Labour Bridge Ridge,5.2273428699233904,4.2842602476838998,4.4007402682060697,0.11648002052216988,0.94308262223949058,0.8266026017173207,0.8894048323701137,0.68327186116584349,-0.20613297120427021,0.94308262223949058,0.8266026017173207,-0.11648002052216988,fb99f5e2d83988b21675b8e517a9d2ad3e1e5dbf58c99242db9372de579fc9de,3971979998b14d656fe014dd0ec2414300c3ce79f90de42cc3442a0aa1646825,a9a44d85c2de82d65d573c130ba05fa5fd8dfc2ea98aa47b34b6b0e0cbaa17be,a9a44d85c2de82d65d573c130ba05fa5fd8dfc2ea98aa47b34b6b0e0cbaa17be,1,1,1344,0,0,,,
Labour,CES0500000003,4,month_end,2025-10,2025-10-31,Labour Equal-Weight Ensemble,5.2273428699233904,3.7859335708443749,3.7531506567863051,-0.032782914058069768,1.4414092990790155,1.4741922131370853,2.0776607674714587,2.1732426812740173,0.095581913802558649,1.4414092990790155,1.4741922131370853,0.032782914058069768,9de3aa1627a6c212eec7e285c9949b1a9f5f06e5b9d4a1f7141ab72ba522eb0a,8a0790343baa25479495f20196b7f539cc26fea6966f23fad57d6caebe2fd436,a9a44d85c2de82d65d573c130ba05fa5fd8dfc2ea98aa47b34b6b0e0cbaa17be,a9a44d85c2de82d65d573c130ba05fa5fd8dfc2ea98aa47b34b6b0e0cbaa17be,1,1,1344,0,0,,,
Labour,CES0500000003,5,pre_employment_report,2025-10,2025-12-15,Labour Equal-Weight Ensemble,5.2273428699233904,3.9819291526570439,3.7759712258575617,-0.20595792679948222,1.2454137172663464,1.4513716440658286,1.551055327155179,2.1064796491983464,0.55542432204316738,1.2454137172663464,1.4513716440658286,0.20595792679948222,f98a1afbb63fe46a326528c231b267a54ab54163e5726a6c2ac0f36fad7972c3,ebddbd35aa71d58b6eb29b6f40753229ca140fc49b8edb64bb3261b2cb1aef46,dead410bbf5ec2918ee54dfb02c8140410de8c03ffb9ac8cef92136c3c6945e9,dead410bbf5ec2918ee54dfb02c8140410de8c03ffb9ac8cef92136c3c6945e9,1,1,884,0,0,,,
Labour,CES0500000003,1,month_open,2025-11,2025-11-01,Labour Bridge Ridge,1.6288858208966417,4.3292296776996322,4.603418725186958,0.27418904748732587,-2.7003438568029905,-2.9745329042903164,7.2918569449736497,8.8478459987057843,1.5559890537321346,2.7003438568029905,2.9745329042903164,0.27418904748732587,977a5c002ed197043d5d39ecac45bdef20d03cbe8aaa4e545052854d2b848f65,5f4dd6be6e794b9ae91053562d76272773465aa8d8b466f48ac90b2015eb57bd,a9a44d85c2de82d65d573c130ba05fa5fd8dfc2ea98aa47b34b6b0e0cbaa17be,a9a44d85c2de82d65d573c130ba05fa5fd8dfc2ea98aa47b34b6b0e0cbaa17be,1,1,1344,0,0,,,
Labour,CES0500000003,2,after_week_1,2025-11,2025-11-07,Labour Bridge Ridge,1.6288858208966417,4.3292296776996322,4.603418725186958,0.27418904748732587,-2.7003438568029905,-2.9745329042903164,7.2918569449736497,8.8478459987057843,1.5559890537321346,2.7003438568029905,2.9745329042903164,0.27418904748732587,ca8b81a0095c12210660a4fb6cc9660677d5e71f1aec8d56d540e31fa3056ad8,0827fc157f8e152f75b508db2bedc1201dff06803e4d6fbfa2c7d1c50908f8c4,a9a44d85c2de82d65d573c130ba05fa5fd8dfc2ea98aa47b34b6b0e0cbaa17be,a9a44d85c2de82d65d573c130ba05fa5fd8dfc2ea98aa47b34b6b0e0cbaa17be,1,1,1344,0,0,,,
Labour,CES0500000003,3,after_week_2,2025-11,2025-11-14,Labour Bridge Ridge,1.6288858208966417,4.3292296776996322,4.603418725186958,0.27418904748732587,-2.7003438568029905,-2.9745329042903164,7.2918569449736497,8.8478459987057843,1.5559890537321346,2.7003438568029905,2.9745329042903164,0.27418904748732587,fce261c232d8f7fc7176fbc41f5bc9f760fd4c375ab1f47f68118cb00ac9f65f,a43c6de077746695740299124a4a66cf02a867a1b787010ec325949c2a75d71e,a9a44d85c2de82d65d573c130ba05fa5fd8dfc2ea98aa47b34b6b0e0cbaa17be,a9a44d85c2de82d65d573c130ba05fa5fd8dfc2ea98aa47b34b6b0e0cbaa17be,1,1,1344,0,0,,,
Labour,CES0500000003,4,month_end,2025-11,2025-11-30,Labour Equal-Weight Ensemble,1.6288858208966417,3.7636107365166382,3.7474331874233151,-0.01617754909332314,-2.1347249156199966,-2.1185473665266734,4.5570504653688015,4.4882429442171032,-0.068807521151698303,2.1347249156199966,2.1185473665266734,-0.01617754909332314,0c896a2302e5e5210650a5bcc02de10294e49638d0e25e558104a6669ae65edd,7946ea6aef8d7def7d74e06d05d4e0f8ad840a2ddf4d7089d0cef66e273a21a3,0076491046f8ca290efa9c9a54f11918243f58e8a209feb17cd82ca01fd6cbc1,0076491046f8ca290efa9c9a54f11918243f58e8a209feb17cd82ca01fd6cbc1,1,1,876,0,0,,,
Labour,CES0500000003,5,pre_employment_report,2025-11,2025-12-15,Labour Equal-Weight Ensemble,1.6288858208966417,4.0137406596629575,3.6263517243664194,-0.38738893529653806,-2.3848548387663158,-1.9974659034697777,5.68753260198711,3.9898700355243353,-1.6976625664627747,2.3848548387663158,1.9974659034697777,-0.38738893529653806,f98a1afbb63fe46a326528c231b267a54ab54163e5726a6c2ac0f36fad7972c3,ebddbd35aa71d58b6eb29b6f40753229ca140fc49b8edb64bb3261b2cb1aef46,dead410bbf5ec2918ee54dfb02c8140410de8c03ffb9ac8cef92136c3c6945e9,dead410bbf5ec2918ee54dfb02c8140410de8c03ffb9ac8cef92136c3c6945e9,1,1,884,0,0,,,
Labour,CES0500000003,1,month_open,2025-12,2025-12-01,Labour Bridge Ridge,3.8961073186440487,3.9217710394269001,3.9871332431549753,0.065362203728075219,-0.025663720782851396,-0.091025924510926615,0.00065862656442015866,0.0082857189330689113,0.0076270923686487524,0.025663720782851396,0.091025924510926615,0.065362203728075219,58c0cb4c638b2295a728f26941de0aa0d421dc6d67fc92e942c0ebb0e8d4d96f,c67daebb2b297e35fcfd1b2c6d4f6ca6775b2ced3ee348cb02c09c9169086fef,0076491046f8ca290efa9c9a54f11918243f58e8a209feb17cd82ca01fd6cbc1,0076491046f8ca290efa9c9a54f11918243f58e8a209feb17cd82ca01fd6cbc1,1,1,876,0,0,,,
Labour,CES0500000003,2,after_week_1,2025-12,2025-12-07,Labour Bridge Ridge,3.8961073186440487,3.8824004584045473,4.0665950531442192,0.18419459473967192,0.013706860239501406,-0.17048773450017052,0.00018787801762522454,0.029066067615000631,0.028878189597375408,0.013706860239501406,0.17048773450017052,0.15678087426066911,3e12e701e5a2d64154efe9bea276c8029ad622a52886daabaede35dd87e07236,9243f930739a876302532337118997b8443d55a5a126c83dce097ebb70a4c858,e8138480fab6be28a56ea8d5d38b279aa28aa90f437858f7086e0665150506c1,e8138480fab6be28a56ea8d5d38b279aa28aa90f437858f7086e0665150506c1,1,1,876,0,0,,,
Labour,CES0500000003,3,after_week_2,2025-12,2025-12-14,Labour Bridge Ridge,3.8961073186440487,3.4944199351408036,3.9455705735805804,0.45115063843977676,0.40168738350324507,-0.049463254936531698,0.16135275406568308,0.0024466135889163274,-0.15890614047676677,0.40168738350324507,0.049463254936531698,-0.35222412856671337,75d0ef6ecaab0a4dcc8eca7c1982f999d0fde8656a1445135f3843c530e18e15,5f7c39190e962aeb96206ce8266b7f3c2963e26681a34fb5d65f93a275aa5b4d,dead410bbf5ec2918ee54dfb02c8140410de8c03ffb9ac8cef92136c3c6945e9,dead410bbf5ec2918ee54dfb02c8140410de8c03ffb9ac8cef92136c3c6945e9,1,1,884,0,0,,,
Labour,CES0500000003,4,month_end,2025-12,2025-12-31,Labour Equal-Weight Ensemble,3.8961073186440487,3.5778763688610575,3.3616531396630673,-0.2162232291979902,0.31823094978299116,0.53445417898098135,0.10127093739978464,0.28564126943023482,0.18437033203045017,0.31823094978299116,0.53445417898098135,0.2162232291979902,17f9c04874b999f3808b7961e7affc0f1aac0cbea808e40e38082edb0d6d1831,c21d0bca523cf0ee6901755d45909ab7142a0f05c765db070cbff925d735a8d0,22bee1146282a78e140a0ca1f5091bd00c630d14679ca3804230ee652102c6e3,22bee1146282a78e140a0ca1f5091bd00c630d14679ca3804230ee652102c6e3,1,1,899,0,0,,,
Labour,CES0500000003,5,pre_employment_report,2025-12,2026-01-08,Labour Equal-Weight Ensemble,3.8961073186440487,3.4940531793084055,3.3361349278669832,-0.15791825144142235,0.40205413933564316,0.55997239077706551,0.16164753095692477,0.31356907843258258,0.15192154747565781,0.40205413933564316,0.55997239077706551,0.15791825144142235,7f2574b0e02739ebd85c44cb6e8a029224cac4418bcd3f9b7fd238cef0330635,478a097dea1c186d7fd3e1b3606c444efafa0393094b4c58f3262336647aae56,987c0702d323ff7f9ba9543b340b7aace285037620122a5a5cd70080c7024d26,987c0702d323ff7f9ba9543b340b7aace285037620122a5a5cd70080c7024d26,1,1,901,0,0,,,
Labour,CES0500000003,1,month_open,2026-01,2026-01-01,Labour Bridge Ridge,4.8524125965711207,3.8174208535909342,3.8584824359132694,0.041061582322335255,1.0349917429801865,0.99393016065785122,1.0712079080371644,0.98789716426534191,-0.08331074377182246,1.0349917429801865,0.99393016065785122,-0.041061582322335255,fac6f29d2b652c12cdf69a6e5efa5ffde4c492936a9adc66a209dc433e7273d7,ae2ab403762f82b7824690f1d95172ccd803eb6f891e9f68861839751fdf8735,22bee1146282a78e140a0ca1f5091bd00c630d14679ca3804230ee652102c6e3,22bee1146282a78e140a0ca1f5091bd00c630d14679ca3804230ee652102c6e3,1,1,899,0,0,,,
Labour,CES0500000003,2,after_week_1,2026-01,2026-01-07,Labour Bridge Ridge,4.8524125965711207,4.6353960925688478,4.1214429188549477,-0.51395317371390004,0.2170165040022729,0.73096967771617294,0.04709616300936853,0.53431666974048575,0.48722050673111722,0.2170165040022729,0.73096967771617294,0.51395317371390004,d43da6537ff4bcad48bd47092b820d596fcb9c64db7fa6c95a58451e5a56770d,d2d51074effdd2bfc638bfe7fdb377fc2d75c8010a4c89daf45624b4435cf71d,1fd91fe8f7d6352740ff9e0c87895f9baefb0affb10e6e4071013adf438aba09,1fd91fe8f7d6352740ff9e0c87895f9baefb0affb10e6e4071013adf438aba09,1,1,899,0,0,,,
Labour,CES0500000003,3,after_week_2,2026-01,2026-01-14,Labour Bridge Ridge,4.8524125965711207,4.6325235518607037,5.1215597482586652,0.48903619639796148,0.21988904471041693,-0.26914715168754455,0.048351191983659732,0.072440189261518115,0.024088997277858383,0.21988904471041693,0.26914715168754455,0.049258106977127625,f5b2998c2021fe2be01a4d559269087f59f319630d1c9c4e67dbf8d0e0073a04,7209c67d3575ce8982d02651032c469e3b36945976883b1da479786476b96e68,31bbfa23943c0d5b285c422ea625551bfbeb7606f1913c780413ffe1aeaf7ff7,31bbfa23943c0d5b285c422ea625551bfbeb7606f1913c780413ffe1aeaf7ff7,1,1,883,0,0,,,
Labour,CES0500000003,4,month_end,2026-01,2026-01-31,Labour Equal-Weight Ensemble,4.8524125965711207,3.8918550312687401,3.9844623641661179,0.09260733289737777,0.96055756530238057,0.8679502324050028,0.92267083625963708,0.75333760593189836,-0.16933323032773873,0.96055756530238057,0.8679502324050028,-0.09260733289737777,5be923ed610a63b5e8d0127b7176fb220b55dd1a9efc221ebe5f38b499ee9a2d,cb1d30956826a7dfe67cd723eb18bdc5b0b3d2ed9466d29be5eecbd6bfca50a6,91c18ef0d48d7eba519118811a15f855767625d78198c9deae79d4480a369fe6,91c18ef0d48d7eba519118811a15f855767625d78198c9deae79d4480a369fe6,1,1,885,0,0,,,
Labour,CES0500000003,5,pre_employment_report,2026-01,2026-02-10,Labour Equal-Weight Ensemble,4.8524125965711207,4.0303251768828376,4.0587513683835788,0.028426191500741105,0.82208741968828303,0.79366122818754192,0.67582772560973925,0.62989814512815745,-0.0459295804815818,0.82208741968828303,0.79366122818754192,-0.028426191500741105,fee22f4da32cbfc3f29b149dfc127e9e54c4e3051c2cf9b3852d4873286d2847,4f028d80273a57dad99eb90846d7a877a22c68a503adae19059c9646d93df8f9,6c5e47bc2779b8a76d89f2e62c5e7c7231440cf8e0757ae41800c5a4fae8583f,6c5e47bc2779b8a76d89f2e62c5e7c7231440cf8e0757ae41800c5a4fae8583f,1,1,888,0,0,,,
Labour,CES0500000003,1,month_open,2026-02,2026-02-01,Labour Bridge Ridge,4.8328700039784067,4.4904971991275824,4.8197567077414325,0.32925950861385012,0.34237280485082433,0.013113296236974215,0.11721913750142064,0.00017195853819864209,-0.117047178963222,0.34237280485082433,0.013113296236974215,-0.32925950861385012,e5cdc81382c78fb1f258be68d762c3f7d2cdd962727c129f638e8a8db7f98c73,95516ab73fe345b55944ed8da4d6415807f0e4fee816356085b91172e6ed742b,91c18ef0d48d7eba519118811a15f855767625d78198c9deae79d4480a369fe6,91c18ef0d48d7eba519118811a15f855767625d78198c9deae79d4480a369fe6,1,1,885,0,0,,,
Labour,CES0500000003,2,after_week_1,2026-02,2026-02-07,Labour Bridge Ridge,4.8328700039784067,4.3340436747278268,4.6505142762374767,0.3164706015096499,0.4988263292505799,0.18235572774093001,0.24882770675360794,0.03325361143992419,-0.21557409531368374,0.4988263292505799,0.18235572774093001,-0.3164706015096499,37c69c231cbac476995f7ae8103aef740098628d299161150c826005831eadd2,4eff05eda1bde5e3cf14f1cc2d6b66bbcc026e4dce6a4199181075a0d4613103,6c5e47bc2779b8a76d89f2e62c5e7c7231440cf8e0757ae41800c5a4fae8583f,6c5e47bc2779b8a76d89f2e62c5e7c7231440cf8e0757ae41800c5a4fae8583f,1,1,888,0,0,,,
Labour,CES0500000003,3,after_week_2,2026-02,2026-02-14,Labour Bridge Ridge,4.8328700039784067,3.4249279436167113,3.738690552026871,0.31376260841015968,1.4079420603616954,1.0941794519515358,1.982300845335536,1.1972286730729631,-0.78507217226257286,1.4079420603616954,1.0941794519515358,-0.31376260841015968,80041a019a51c1f914d20ffc21c55e1aa914c77955be7e9ec773633233791864,de0bf84a4316bfed4b436391ad6f8471acd4c9dacbda73ae844d219bdcc1771b,6507905b233620f8b4e14ede1a2eafd6a5e7a807966661699c24f13059c21206,6507905b233620f8b4e14ede1a2eafd6a5e7a807966661699c24f13059c21206,1,1,427,0,0,,,
Labour,CES0500000003,4,month_end,2026-02,2026-02-28,Labour Equal-Weight Ensemble,4.8328700039784067,3.5995302091546884,3.6910404338192944,0.09151022466460601,1.2333397948237184,1.1418295701591124,1.5211270494958118,1.3037747672897433,-0.2173522822060685,1.2333397948237184,1.1418295701591124,-0.09151022466460601,da7fe850311202997c3df1f480d1ecd82e7a36fa5c90ab9bc02c6f4e527081cf,3849d15f3538934f82213bd35fbb581a788104015fbc51964d0ab4298452a23a,ec3174bd8fbc3a3d89122f4221372f3dd045944332fa1c9c751dd325b0d70b7c,ec3174bd8fbc3a3d89122f4221372f3dd045944332fa1c9c751dd325b0d70b7c,1,1,430,0,0,,,
Labour,CES0500000003,5,pre_employment_report,2026-02,2026-03-05,Labour Equal-Weight Ensemble,4.8328700039784067,3.6025737308024524,3.7009624371773362,0.098388706374883839,1.2302962731759544,1.1319075668010705,1.5136289197906425,1.2812147397815199,-0.23241418000912262,1.2302962731759544,1.1319075668010705,-0.098388706374883839,36b785424159da4fdf5b6c9479a7b2a92ea365c14a7224f96e2d6728a732524f,44dbe7d0bf2c27502464e8b70ba67455fae26b74c3d913a733668150d54eca13,754efb030ff1f703169820cb6a11d6340a74736eb92a8d94c2a189898579def1,754efb030ff1f703169820cb6a11d6340a74736eb92a8d94c2a189898579def1,1,1,432,0,0,,,
Labour,CES0500000003,1,month_open,2026-03,2026-03-01,Labour Bridge Ridge,2.8927294040249407,4.1895412538409875,3.7638009984767318,-0.42574025536425575,-1.2968118498160468,-0.87107159445179105,1.6817209738233172,0.75876572266078557,-0.92295525116253163,1.2968118498160468,0.87107159445179105,-0.42574025536425575,16b1a548967fdcffc384c08ec2ab49737230674e04f3d332ba7f12961213b0d7,004535bb2773fa5f36d424a50cb17faabbaa6bfcff47abc495092395d1f11a60,ec3174bd8fbc3a3d89122f4221372f3dd045944332fa1c9c751dd325b0d70b7c,ec3174bd8fbc3a3d89122f4221372f3dd045944332fa1c9c751dd325b0d70b7c,1,1,430,0,0,,,
Labour,CES0500000003,2,after_week_1,2026-03,2026-03-07,Labour Bridge Ridge,2.8927294040249407,4.8052098272888815,4.2186626692195786,-0.58654715806930291,-1.9124804232639407,-1.3259332651946378,3.6575813693678221,1.7580990237497138,-1.8994823456181082,1.9124804232639407,1.3259332651946378,-0.58654715806930291,f7b758ab5cd15f34035c7f85593761ad6610b9cf39f92cf30fe1302005238127,404ac377dc792040c9107f96e7ace950262c8a4407ae87d491d76717593a9825,923308bde33b452ede68d817dfafce87b79479741f019422fb8d32b6b4c05e70,923308bde33b452ede68d817dfafce87b79479741f019422fb8d32b6b4c05e70,1,1,431,0,0,,,
Labour,CES0500000003,3,after_week_2,2026-03,2026-03-14,Labour Bridge Ridge,2.8927294040249407,4.7453606234694519,4.0915076620752915,-0.65385296139416038,-1.8526312194445111,-1.1987782580503508,3.4322424352604566,1.4370693119742333,-1.9951731232862233,1.8526312194445111,1.1987782580503508,-0.65385296139416038,80f673451026065a08158f9ad45264f9545624108dcbb152c0a0a194392e4665,840611b85f708dd9cb8e6e2a5942eb8ed9c943f21d1801f2598566036d97d18e,84b4994d1f47877d88124561655d78a4a452cd8fecb086a715fad89f57d46d6d,84b4994d1f47877d88124561655d78a4a452cd8fecb086a715fad89f57d46d6d,1,1,356,0,0,,,
Labour,CES0500000003,4,month_end,2026-03,2026-03-31,Labour Equal-Weight Ensemble,2.8927294040249407,3.883653954731217,3.600887656598919,-0.28276629813229803,-0.99092455070627627,-0.70815825257397824,0.98193146519243546,0.50148811068863031,-0.48044335450380515,0.99092455070627627,0.70815825257397824,-0.28276629813229803,0b3941461f2aa9c93166e499ca454e286199ed8cb9170c88f5a48c886b779fc5,81af02be07ce37ead02b53064885181a72e94d228b78e4167cc8aedf10a768e0,470a5526273b05b7b929de826cbb39e79ab842eff853664172282acf7fea8102,470a5526273b05b7b929de826cbb39e79ab842eff853664172282acf7fea8102,1,1,18,0,0,,,
Labour,CES0500000003,5,pre_employment_report,2026-03,2026-04-02,Labour Equal-Weight Ensemble,2.8927294040249407,3.8835039518147014,3.5987214792033431,-0.28478247261135836,-0.99077454778976071,-0.70599207517840235,0.98163420454800487,0.49842481021470691,-0.48320939433329796,0.99077454778976071,0.70599207517840235,-0.28478247261135836,45a17d7fe6bdfd8cff1f18fa59146367abf91a4f48b35e20fdf663b9168460ab,0e0419352364fdb60a9c2603bdd3f2e75f49f2df4cef2ce2ba448c9f5ae1cd6b,887b4ed533ac3b4aec328d9fb49d911a746880a20899d22b583a1c8092d3efc4,887b4ed533ac3b4aec328d9fb49d911a746880a20899d22b583a1c8092d3efc4,1,1,18,0,0,,,
Labour,CES0500000003,1,month_open,2026-04,2026-04-01,Labour Bridge Ridge,1.9261641374738403,4.2559682025855254,4.2079097917352613,-0.048058410850264188,-2.3298040651116851,-2.281745654261421,5.4279869818109336,5.2063632307408803,-0.22162375107005339,2.3298040651116851,2.281745654261421,-0.048058410850264188,9df61ce80c86f71100d8b13eb9ef4d8b48d49deb3b3e5e9ce0cac90ff6c6844d,37fbc862a4c83f511258734b373ea69f120c24d06401ba71a887c1f7f27fb698,470a5526273b05b7b929de826cbb39e79ab842eff853664172282acf7fea8102,470a5526273b05b7b929de826cbb39e79ab842eff853664172282acf7fea8102,1,1,18,0,0,,,
Labour,CES0500000003,2,after_week_1,2026-04,2026-04-07,Labour Bridge Ridge,1.9261641374738403,4.0637489000984699,4.1828656084768552,0.11911670837838528,-2.1375847626246296,-2.2567014710030149,4.5692686174049939,5.0927015292271713,0.52343291182217744,2.1375847626246296,2.2567014710030149,0.11911670837838528,756f7615f928dae9df0542acd7dbc63ca7013dc60608c838446f6205be7d8080,30d52ce2a71d7923e9ed751760595699404dc4fc5b6d526bc6462bcfa7fd1d30,93a1d6eb94dd4024beba14d145fb8d4aebbbde47f08187ee902e0456416c9d2d,93a1d6eb94dd4024beba14d145fb8d4aebbbde47f08187ee902e0456416c9d2d,1,1,17,0,0,,,
Labour,CES0500000003,3,after_week_2,2026-04,2026-04-14,Labour Bridge Ridge,1.9261641374738403,4.0068078152780089,4.1273704157922468,0.12056260051423795,-2.0806436778041686,-2.2012062783184065,4.3290781139864567,4.84530907970837,0.51623096572191329,2.0806436778041686,2.2012062783184065,0.12056260051423795,8629ac2b41f90c9aeeb10f8c512b4f6fab7ad55f787730548b9a49b370b1d2da,3d2827f6ecac7f613954093dc6834aba240c0a2bb71adcfae417ae984311c543,45c189c5b97572fd40fde22d3d316d7323305e8e5afd72c02b4d9d2560b469b4,45c189c5b97572fd40fde22d3d316d7323305e8e5afd72c02b4d9d2560b469b4,1,1,17,0,0,,,
Labour,CES0500000003,4,month_end,2026-04,2026-04-30,Labour Equal-Weight Ensemble,1.9261641374738403,3.7376417168498413,3.7014451428135202,-0.036196574036321039,-1.811477579376001,-1.7752810053396799,3.2814510205819358,3.1516226479198646,-0.12982837266207126,1.811477579376001,1.7752810053396799,-0.036196574036321039,e9b2931657ea7e2c64fdec1868969d68b6fa4f0098307b891f6492385ff27cfe,a96c63253d829b6266ac5f2b6ff21dbee6363b456dadb5836170579a3cf16a6b,7a0603db32c5cb66690155776c302300999059e957dded2abe9b6a7ad1baf6b4,7a0603db32c5cb66690155776c302300999059e957dded2abe9b6a7ad1baf6b4,1,1,17,0,0,,,
Labour,CES0500000003,5,pre_employment_report,2026-04,2026-05-07,Labour Equal-Weight Ensemble,1.9261641374738403,3.5517854180694246,3.5163048124908785,-0.035480605578546154,-1.6256212805955843,-1.5901406750170382,2.6426445479252276,2.5285473663436417,-0.11409718158158588,1.6256212805955843,1.5901406750170382,-0.035480605578546154,c1a70b31504609df70e57a8900964825b53d74c5d0f5fd5f3c774df3b96ba5b0,aadcaaef46782bc047a6d1bf27669a734ba7d2e3c7ecf3298cbb7953006fc294,d15ee3ff4de0da2e33cd86818d1fd1ffd685526c750ef5eaf5edfd4053849208,d15ee3ff4de0da2e33cd86818d1fd1ffd685526c750ef5eaf5edfd4053849208,1,1,17,0,0,,,
Labour,CES0500000003,1,month_open,2026-05,2026-05-01,Labour Bridge Ridge,3.8430777442499675,3.9203025101020192,3.8730351360895345,-0.047267374012484709,-0.077224765852051735,-0.029957391839567027,0.0059636644609042154,0.00089744532582935706,-0.0050662191350748587,0.077224765852051735,0.029957391839567027,-0.047267374012484709,6c034c922c5f56744e61d8c891e2a7b7f4a87342629911312ea4e92ca7e1ad5a,0a459d84c1664516318f07b0f601376329aeea2b8219e02859020a966f9429b2,7a0603db32c5cb66690155776c302300999059e957dded2abe9b6a7ad1baf6b4,7a0603db32c5cb66690155776c302300999059e957dded2abe9b6a7ad1baf6b4,1,1,17,0,0,,,
Labour,CES0500000003,2,after_week_1,2026-05,2026-05-07,Labour Bridge Ridge,3.8430777442499675,4.3192730920287046,4.2734761108878763,-0.045796981140828308,-0.47619534777873707,-0.43039836663790876,0.22676200924611234,0.18524275400457973,-0.041519255241532604,0.47619534777873707,0.43039836663790876,-0.045796981140828308,c1a70b31504609df70e57a8900964825b53d74c5d0f5fd5f3c774df3b96ba5b0,aadcaaef46782bc047a6d1bf27669a734ba7d2e3c7ecf3298cbb7953006fc294,d15ee3ff4de0da2e33cd86818d1fd1ffd685526c750ef5eaf5edfd4053849208,d15ee3ff4de0da2e33cd86818d1fd1ffd685526c750ef5eaf5edfd4053849208,1,1,17,0,0,,,
Labour,CES0500000003,3,after_week_2,2026-05,2026-05-14,Labour Bridge Ridge,3.8430777442499675,4.5045176025526468,4.5185629358200448,0.014045333267397986,-0.66143985830267926,-0.67548519157007725,0.43750268615146842,0.45628024403046397,0.018777557878995543,0.66143985830267926,0.67548519157007725,0.014045333267397986,0caf7bc06b0509c09b64ca8b897e8f5a13585e8a2ebddb51be170b64ab40ea7f,e2734f092f56e51fcd533bcdd328f1984f77450eba2ea4b0f563d8d53a97b076,ad8e6f8975eac1a24d92f0b979826e2eb80780c447af6d94cb23ed5cba4e7496,ad8e6f8975eac1a24d92f0b979826e2eb80780c447af6d94cb23ed5cba4e7496,1,1,14,0,0,,,
Labour,CES0500000003,4,month_end,2026-05,2026-05-31,Labour Equal-Weight Ensemble,3.8430777442499675,3.6630516492161274,3.6307201731164311,-0.032331476099696221,0.18002609503384015,0.21235757113353637,0.032409394893133242,0.045095738017734963,0.012686343124601721,0.18002609503384015,0.21235757113353637,0.032331476099696221,1a433339712659ccc8304b58487b1d8576405e57dfadf386daff065d937734e8,d4a0b804c837c8de9d590be20a2044dab63a263203aa258e664c7c12d7b49562,13f0daa9b6878d1e9b3e8bebb2ec1f031ec7d89897f3dc2fe91eee1832f3c64e,13f0daa9b6878d1e9b3e8bebb2ec1f031ec7d89897f3dc2fe91eee1832f3c64e,1,1,14,0,0,,,
Labour,CES0500000003,5,pre_employment_report,2026-05,2026-06-04,Labour Equal-Weight Ensemble,3.8430777442499675,3.647201409666144,3.6292203130395815,-0.017981096626562554,0.19587633458382347,0.21385743121038603,0.038367538449993958,0.045735000883904996,0.0073674624339110373,0.19587633458382347,0.21385743121038603,0.017981096626562554,92a663192feec587f3176af523495241328ecabc278f467430e3efe81b876abe,19dade31935b46cdd9f8348b54f4f0c97c4942c7ab3137e30bf799ca197365af,68e9af5d81bc23076536e904dabfb8b0c89265c33f99a912027635ca079ede2c,68e9af5d81bc23076536e904dabfb8b0c89265c33f99a912027635ca079ede2c,1,1,13,0,0,,,
Labour,CES0500000003,1,month_open,2026-06,2026-06-01,Labour Bridge Ridge,4.1517007480594614,4.68303910188488,4.6613743219433914,-0.021664779941488632,-0.53133835382541861,-0.50967357388392998,0.28232044624590574,0.25976715191561783,-0.02255329433028791,0.53133835382541861,0.50967357388392998,-0.021664779941488632,2a9dcc995e4322da4a57b74e2df32835f188a11d6f41b195fdcafd7580cb2d98,a1d3ce0155b03c843fe26a20f8a9433ceffc0aabcf17ab8dc23aec2cffe2f159,13f0daa9b6878d1e9b3e8bebb2ec1f031ec7d89897f3dc2fe91eee1832f3c64e,13f0daa9b6878d1e9b3e8bebb2ec1f031ec7d89897f3dc2fe91eee1832f3c64e,1,1,14,0,0,,,
Labour,CES0500000003,2,after_week_1,2026-06,2026-06-07,Labour Bridge Ridge,4.1517007480594614,3.7528679506671478,4.0290053621937698,0.27613741152662197,0.39883279739231359,0.12269538586569162,0.15906760027577826,0.01505415771273096,-0.14401344256304729,0.39883279739231359,0.12269538586569162,-0.27613741152662197,8784239341aa001ab1647806c07a3f0361b1419a04dfa39baa7e045cd22234ad,00b7ba002260fd60cba5a45797fd4e569b8f81aa38e40860ac53fcb6a5bd0efd,e42aa820201d09bef8958c42eecfc2ef4405e13fd4fe98fd49b41cdf1274896b,e42aa820201d09bef8958c42eecfc2ef4405e13fd4fe98fd49b41cdf1274896b,1,1,14,0,0,,,
Labour,CES0500000003,3,after_week_2,2026-06,2026-06-14,Labour Bridge Ridge,4.1517007480594614,3.7304815449600017,4.0039111868390789,0.27342964187907715,0.4212192030994597,0.14778956122038256,0.17742561705974388,0.021841754405713204,-0.15558386265403068,0.4212192030994597,0.14778956122038256,-0.27342964187907715,3e5fe4178128c4c9c691c210afb5c33042b4f830dfae2cf299efd5ce99376254,613769401590b8572ca42a8f38404787f8cdc3f95e171a29b306c9e5356a1ea1,73853a220b01cc387a7e90707a7a3326577d13216c95a356d8691761314e82a1,73853a220b01cc387a7e90707a7a3326577d13216c95a356d8691761314e82a1,1,1,15,0,0,,,
Labour,CES0500000003,4,month_end,2026-06,2026-06-30,Labour Equal-Weight Ensemble,4.1517007480594614,3.5347982593996101,3.5340587845584337,-0.00073947484117642404,0.61690248865985131,0.61764196350102774,0.38056868051471798,0.38148159507740487,0.00091291456268688398,0.61690248865985131,0.61764196350102774,0.00073947484117642404,cfc5d3f5304c510ad3b5c71a0b1da69b55da82e144777d9838460b3ef80935bd,dd9057e77d2f11740e0f6aa10544446cff9819757688f2a1a03d97116b487eb5,a4286fc09bb51cab240b6c6b2678e8c76819dc9d9b270256a0d1f6913a6761c3,a4286fc09bb51cab240b6c6b2678e8c76819dc9d9b270256a0d1f6913a6761c3,1,1,16,0,0,,,
Labour,CES0500000003,5,pre_employment_report,2026-06,2026-07-01,Labour Equal-Weight Ensemble,4.1517007480594614,3.5347982593996101,3.5340587845584337,-0.00073947484117642404,0.61690248865985131,0.61764196350102774,0.38056868051471798,0.38148159507740487,0.00091291456268688398,0.61690248865985131,0.61764196350102774,0.00073947484117642404,4ddd519170c9cffa44842a12fe5193c70298c5681d7a3335155c60f1a9b10bf1,142a69450df06d4f197e2e2f962fbb71290b225cbfc894f3228ed75015444ec4,a4286fc09bb51cab240b6c6b2678e8c76819dc9d9b270256a0d1f6913a6761c3,a4286fc09bb51cab240b6c6b2678e8c76819dc9d9b270256a0d1f6913a6761c3,1,1,16,0,0,,,
Labour,PAYEMS,1,month_open,2023-02,2023-02-01,Labour 12-Month Mean,311,375.25,377.16666666666669,1.9166666666666856,-64.25,-66.166666666666686,4128.0625,4378.0277777777801,249.9652777777801,64.25,66.166666666666686,1.9166666666666856,a625e8022d1833e223ee211a4d0dc372e5fd183c04740ebbcd8913bb57033a61,4da72d56a2509f509f203097de377d4d57e6e2a01f4800498cf459b574d09dc5,7d35d7c3dc468d12ed16fada0ea9ec7383be677245819836385fbdda5d10c9cc,7d35d7c3dc468d12ed16fada0ea9ec7383be677245819836385fbdda5d10c9cc,1,1,1911,0,0,,,
Labour,PAYEMS,2,after_week_1,2023-02,2023-02-07,Labour Bridge Ridge,311,679.1298757406455,317.33270796826673,-361.79716777237877,-368.1298757406455,-6.3327079682667318,135519.60541282309,40.103190211348959,-135479.50222261174,368.1298757406455,6.3327079682667318,-361.79716777237877,bb41d6dfe98a395523c37c474f213db161202a21d6b68c213d32b3cd9487d8ff,95feb6189127476270801ccf86d61d24e0fc74c98e556db36e8e76a425ab49f2,83c50e99b281d0eb38c02c929b1e5f9d33312869870167cdfd3c55faf4571388,83c50e99b281d0eb38c02c929b1e5f9d33312869870167cdfd3c55faf4571388,1,1,1837,0,0,,,
Labour,PAYEMS,3,after_week_2,2023-02,2023-02-14,Labour Factor Ridge,311,515.94364259341387,327.30663582776583,-188.63700676564804,-204.94364259341387,-16.306635827765831,42001.896639456965,265.90637201937625,-41735.990267437592,204.94364259341387,16.306635827765831,-188.63700676564804,8493c3522808cec4223f6f3d60cef7f8cb31652eb221cdb7aeb18631eac2e8ad,51688d3c3857dde0fbfd14c8bbe9a46ec08b8421858ab5382c2f5a3199ac25c6,fd2d35ce1026a42a648cd52556a493c8205890a8d71abd893b40d420d98188ef,fd2d35ce1026a42a648cd52556a493c8205890a8d71abd893b40d420d98188ef,1,1,1839,0,0,,,
Labour,PAYEMS,4,month_end,2023-02,2023-02-28,Labour Bridge Ridge,311,665.6478479893218,307.58582900853474,-358.06201898078706,-354.6478479893218,3.4141709914652552,125775.0960834571,11.656563558962844,-125763.43951989814,354.6478479893218,3.4141709914652552,-351.23367699785655,6279ba25f52d576567d18e8c8d0c041afe74443b1991c4639a039fa121bde214,2e66bf641a5eb39e65f397986f432566f502c0233ede35fb24851271cca3e9eb,a18b67123bc9d3a511711613b2d0584f5207124c0ee697a050640cb7fe51df6c,a18b67123bc9d3a511711613b2d0584f5207124c0ee697a050640cb7fe51df6c,1,1,1844,0,0,,,
Labour,PAYEMS,5,pre_employment_report,2023-02,2023-03-09,Labour Bridge Ridge,311,675.17675287516965,324.5952481273149,-350.58150474785475,-364.17675287516965,-13.595248127314903,132624.7073347024,184.8307716432594,-132439.87656305914,364.17675287516965,13.595248127314903,-350.58150474785475,ea1953db71ea93329228e0be21b528f4229ee4087001f532d032e7c08430992a,391a6dd48e9c0e87931806ea9cbabe1dc7b9e4dee87245fe9a16a786fc2712fe,18b387da350fc6c68e6cceb4c80b04e1c49646466ca91fcac31e9dafce6f959b,18b387da350fc6c68e6cceb4c80b04e1c49646466ca91fcac31e9dafce6f959b,1,1,1826,0,0,,,
Labour,PAYEMS,1,month_open,2023-03,2023-03-01,Labour 12-Month Mean,236,401.16666666666669,377.16666666666669,-24,-165.16666666666669,-141.16666666666669,27280.027777777785,19928.027777777785,-7352,165.16666666666669,141.16666666666669,-24,9c677fcb35ec200fbad5da0c1d6f9f47034a0a3b1ada1b288239b7872f68ac41,982f4ae2f22f5d87197f6d03d4efe73ec3a643e0faa033626ce975f132955558,a18b67123bc9d3a511711613b2d0584f5207124c0ee697a050640cb7fe51df6c,a18b67123bc9d3a511711613b2d0584f5207124c0ee697a050640cb7fe51df6c,1,1,1844,0,0,,,
Labour,PAYEMS,2,after_week_1,2023-03,2023-03-07,Labour Bridge Ridge,236,332.03152352259525,93.788010960356004,-238.24351256223923,-96.031523522595251,142.21198903964398,9222.0535100707657,20224.24982661182,11002.196316541054,96.031523522595251,142.21198903964398,46.180465517048731,04d542ce609f6ce78f4fb75c8c7f297a3a3521c22fa3383998fa70977d5761ee,51a6fe342d53fe66394f7b642172de155780dce361e993fe22d92cb17de94fa5,ff6b128653620e6111a24dc004b5384a65a39b5ea7c18a6e12df505679eef710,ff6b128653620e6111a24dc004b5384a65a39b5ea7c18a6e12df505679eef710,1,1,1846,0,0,,,
Labour,PAYEMS,3,after_week_2,2023-03,2023-03-14,Labour Factor Ridge,236,-30.172287435149755,-208.40479470111103,-178.23250726596126,266.17228743514977,444.40479470111103,70847.686598459986,197495.62155333665,126647.93495487666,266.17228743514977,444.40479470111103,178.23250726596126,20c40afbcca5c648db06a4273bcffc60ee94d000b3934a3793b1cb51918278bb,b13335b03229eca0eca481539a8deca14abc0de7257c141270f4aa7873d031d9,f0a06166be8b2f09574960562daf7c4a85217b0cb9130c32bf4cb62939095ad8,f0a06166be8b2f09574960562daf7c4a85217b0cb9130c32bf4cb62939095ad8,1,1,1832,0,0,,,
Labour,PAYEMS,4,month_end,2023-03,2023-03-31,Labour Bridge Ridge,236,244.41862044385573,134.80355637360555,-109.61506407025018,-8.4186204438557297,101.19644362639445,70.873170177705646,10240.720202630031,10169.847032452326,8.4186204438557297,101.19644362639445,92.777823182538725,97c2667ce008751c1b7129bd44acbe9aa35adf09d5459c5a81e6a34249711428,7c0e10a60da33a832765e69afb22d2b6a31f26a777adf094f067908a63081936,f4dc6fdf75a874999698eb11b178407d904e52dbeb4dc96f36d6a09341f570ef,f4dc6fdf75a874999698eb11b178407d904e52dbeb4dc96f36d6a09341f570ef,1,1,1839,0,0,,,
Labour,PAYEMS,5,pre_employment_report,2023-03,2023-04-06,Labour Bridge Ridge,236,28.464423121693443,103.73151103563407,75.267087913940628,207.53557687830656,132.26848896436593,43071.015670211491,17494.95317291659,-25576.062497294901,207.53557687830656,132.26848896436593,-75.267087913940628,c56eac5a7e701385dda0a1d390a232e05d0df7e0b23351958797c02c8a6db216,2cb10392a083f7c684e8a029aefa45152586844e76a377e6fa97dfa3780fe0bb,fef984e8c334a087ff3321681cf90594ac383ba269f4d9cd9b836979e63bf0b8,fef984e8c334a087ff3321681cf90594ac383ba269f4d9cd9b836979e63bf0b8,1,1,1729,0,0,,,
Labour,PAYEMS,1,month_open,2023-04,2023-04-01,Labour 12-Month Mean,253,411.08333333333331,397.5,-13.583333333333314,-158.08333333333331,-144.5,24990.34027777777,20880.25,-4110.0902777777701,158.08333333333331,144.5,-13.583333333333314,de14489ce738d0aa9d434beb29ac87c6b1c1045ae0496fb5e29591065aea364b,a5e8ec61c85935af23a9ef57081d9ef14ac069423fcf15ca8fd7439282442645,f4dc6fdf75a874999698eb11b178407d904e52dbeb4dc96f36d6a09341f570ef,f4dc6fdf75a874999698eb11b178407d904e52dbeb4dc96f36d6a09341f570ef,1,1,1839,0,0,,,
Labour,PAYEMS,2,after_week_1,2023-04,2023-04-07,Labour Bridge Ridge,253,-81.660840557629271,-53.797183723009496,27.863656834619775,334.66084055762929,306.79718372300948,111997.87820273897,94124.511940370037,-17873.366262368931,334.66084055762929,306.79718372300948,-27.863656834619803,d6291ecb4244544f0603af35576d597cf0ad0e6af414b0dd4da59e14033b9d8b,16a376402a6e4c4759cc58b0414a684a818fb1f1740b67b9a5cc457952e45c1e,650af8f2d5977eb243bb4deafc13d0ae0af40a09e368d916af98d2285e39d99c,650af8f2d5977eb243bb4deafc13d0ae0af40a09e368d916af98d2285e39d99c,1,1,1733,0,0,,,
Labour,PAYEMS,3,after_week_2,2023-04,2023-04-14,Labour Factor Ridge,253,49.558871912661232,-9.5623515794404028,-59.121223492101635,203.44112808733877,262.56235157944042,41388.292597448977,68938.988466925672,27550.695869476694,203.44112808733877,262.56235157944042,59.121223492101649,67ee23bbaa58d22cbf3c8878e5129f497073227cf66af8559e3990e7ed85be3f,d1281dd6199deb47ddf779458911e8eab87dc84340a5934c2c790bc377d80bf5,de533a5b379c48f97ca4c116ac63e6c05abb59dd0cdbc99838875e1e57a1381b,de533a5b379c48f97ca4c116ac63e6c05abb59dd0cdbc99838875e1e57a1381b,1,1,1736,0,0,,,
Labour,PAYEMS,4,month_end,2023-04,2023-04-30,Labour Bridge Ridge,253,-40.968750147817545,-52.348955974853013,-11.380205827035468,293.96875014781756,305.34895597485303,86417.626063469987,93237.984914932735,6820.3588514627481,293.96875014781756,305.34895597485303,11.380205827035468,e811f526b64f8e7326cd3d36e4d2062d605e0421fec2fb11ecf8d12b27b2c893,c6d3c60f8e32989b32e550a1737cb07165cbf914f4a34704eca2182575ca2fe8,89b2a5beb531b5b42b9127bf185f10898695aea31673c35c4c4c592cbdc4f973,89b2a5beb531b5b42b9127bf185f10898695aea31673c35c4c4c592cbdc4f973,1,1,1740,0,0,,,
Labour,PAYEMS,5,pre_employment_report,2023-04,2023-05-04,Labour Bridge Ridge,253,26.8263640089272,-22.651445601746133,-49.477809610673333,226.17363599107279,275.6514456017461,51154.513617422293,75983.719462332389,24829.205844910095,226.17363599107279,275.6514456017461,49.477809610673319,a45b23477f7ad3211864f8b90308b33a3f4a5dcbe3bc716e61bd4072869944fa,132845ff2e5688aaa7bf8c7346bae468a6389caf30e6f53ffe10a6717f3d0b34,6a683014196c39371e9e4583f972b21c6b6fd126af5957fc125ab7d97a0b925e,6a683014196c39371e9e4583f972b21c6b6fd126af5957fc125ab7d97a0b925e,1,1,1744,0,0,,,
Labour,PAYEMS,1,month_open,2023-05,2023-05-01,Labour 12-Month Mean,339,360.25,353.41666666666669,-6.8333333333333144,-21.25,-14.416666666666686,451.5625,207.84027777777831,-243.72222222222169,21.25,14.416666666666686,-6.8333333333333144,7f83bf8482e2c2930f8ac46371522cd54958a30311b96105be2e9af7368463e5,455fbdb86d4ec953917e71f938ce464ac4c4d04a203ef39820b446d491e7503b,89b2a5beb531b5b42b9127bf185f10898695aea31673c35c4c4c592cbdc4f973,89b2a5beb531b5b42b9127bf185f10898695aea31673c35c4c4c592cbdc4f973,1,1,1740,0,0,,,
Labour,PAYEMS,2,after_week_1,2023-05,2023-05-07,Labour Bridge Ridge,339,272.69465347658377,305.17062387220921,32.475970395625438,66.305346523416233,33.829376127790795,4396.3989775903055,1144.4266891955417,-3251.9722883947638,66.305346523416233,33.829376127790795,-32.475970395625438,534bcacc239f9d9bc0ce2ecfc6f4243a4cb1d4205daaf6b49325cb9c542ba6dc,a9bf40c3c9b3fa9209d9960d45cc9fc831085b646c4d1d2f9c785b614125acb9,ac1427a63fe2da086d38767c0beb5edd07da599edf30d47c3128a4f96f51bd2e,ac1427a63fe2da086d38767c0beb5edd07da599edf30d47c3128a4f96f51bd2e,1,1,1749,0,0,,,
Labour,PAYEMS,3,after_week_2,2023-05,2023-05-14,Labour Factor Ridge,339,-32.113592344799642,29.918031626402637,62.031623971202279,371.11359234479966,309.08196837359736,137725.29842306214,95531.663173697438,-42193.635249364699,371.11359234479966,309.08196837359736,-62.031623971202293,b003a900f1a4b4c48d303b15f513372ec6de625c0248d6c2eaa4985d38abb73e,28e452210e21c73690e9c3bd0e262bb9035ca8b26a4c960e9bf562b0affcdaef,b66aae63e8f6baa487667ea673af3dfbdde8b86cb83ef028598a419c8f3f1808,b66aae63e8f6baa487667ea673af3dfbdde8b86cb83ef028598a419c8f3f1808,1,1,1751,0,0,,,
Labour,PAYEMS,4,month_end,2023-05,2023-05-31,Labour Bridge Ridge,339,343.98976172218829,369.65398412655003,25.664222404361738,-4.9897617221882911,-30.653984126550029,24.89772204421546,939.66674283078112,914.76902078656565,4.9897617221882911,30.653984126550029,25.664222404361738,47a3ec2530f58d9c3b9b533370d871a212d295cc2d8510e172b9cf67c635cc4e,a28863615b76f821e99df90dafc90d6b9b59ff337412c96cfdc790381ad26406,84d5eb47183d2f0f1c72d047cc110e119857eb20ee952ee856783e8baa60170c,84d5eb47183d2f0f1c72d047cc110e119857eb20ee952ee856783e8baa60170c,1,1,1757,0,0,,,
Labour,PAYEMS,5,pre_employment_report,2023-05,2023-06-01,Labour Bridge Ridge,339,346.75816835198918,358.40528258637863,11.647114234389448,-7.758168351989184,-19.405282586378632,60.189176177806573,376.56499225720978,316.37581607940319,7.758168351989184,19.405282586378632,11.647114234389448,780a896b5ae77b003c614f12ec4890201f28be64859fea0aac6731484376ca2e,02be6d7a776971eb51fad421faf7eab9005405f914f25e9cf548835ff1848838,cd0b03bf581c648c84f4afac415e2fd0d168939e9c82517e129f53ea353118d7,cd0b03bf581c648c84f4afac415e2fd0d168939e9c82517e129f53ea353118d7,1,1,1759,0,0,,,
Labour,PAYEMS,1,month_open,2023-06,2023-06-01,Labour 12-Month Mean,209,332.91666666666669,312.66666666666669,-20.25,-123.91666666666669,-103.66666666666669,15355.340277777783,10746.777777777781,-4608.5625000000018,123.91666666666669,103.66666666666669,-20.25,780a896b5ae77b003c614f12ec4890201f28be64859fea0aac6731484376ca2e,02be6d7a776971eb51fad421faf7eab9005405f914f25e9cf548835ff1848838,cd0b03bf581c648c84f4afac415e2fd0d168939e9c82517e129f53ea353118d7,cd0b03bf581c648c84f4afac415e2fd0d168939e9c82517e129f53ea353118d7,1,1,1759,0,0,,,
Labour,PAYEMS,2,after_week_1,2023-06,2023-06-07,Labour Bridge Ridge,209,361.34212692593252,94.064463347218336,-267.27766357871417,-152.34212692593252,114.93553665278166,23208.123636316934,13210.177585662917,-9997.9460506540163,152.34212692593252,114.93553665278166,-37.406590273150854,6e46d3399a89fbed7a12c75408ae6f4c803fdbf2f2b618c06662410c19837114,1decdff2ae06ea835e073f46d70fbce737fdb59b71cac71d47b382a4e8547436,e1d78e336ec78b03fa350e427e75b8adcf3653cc5efd463e034e6453a5486451,e1d78e336ec78b03fa350e427e75b8adcf3653cc5efd463e034e6453a5486451,1,1,1765,0,0,,,
Labour,PAYEMS,3,after_week_2,2023-06,2023-06-14,Labour Factor Ridge,209,242.92309913996777,115.61972643041406,-127.30337270955371,-33.923099139967775,93.380273569585938,1150.7766552600824,8719.8754919307103,7569.0988366706279,33.923099139967775,93.380273569585938,59.457174429618163,734ba86a6992f197f3ad1bf69bd17c3d9183d762c13d6d479bb70ac3ab3b0c76,c839d9624bb67f3f2079399d5fc97da1d2163005355527a86890e815cd130f65,67e77f14d4bd87e1aca2ab1890a7dcebc698be352c7186dd735c6dc28a6acb1d,67e77f14d4bd87e1aca2ab1890a7dcebc698be352c7186dd735c6dc28a6acb1d,1,1,1767,0,0,,,
Labour,PAYEMS,4,month_end,2023-06,2023-06-30,Labour Bridge Ridge,209,347.88506706093887,67.600553677321571,-280.28451338361731,-138.88506706093887,141.39944632267844,19289.061852521485,19993.803420360022,704.74156783853687,138.88506706093887,141.39944632267844,2.5143792617395775,84395dc96d4f2a5c9468cb5755d3d1d33991b8259cb83f65753aa4f99fc85048,b5629d554ba50dfb2f765d1f80433217ab6424f48ede15727fcbfb199474e4f3,5a68db28f20c8a1366233583c6d23778ddb61bc8c5cb9647d8aa2f65f3e411b5,5a68db28f20c8a1366233583c6d23778ddb61bc8c5cb9647d8aa2f65f3e411b5,1,1,1774,0,0,,,
Labour,PAYEMS,5,pre_employment_report,2023-06,2023-07-06,Labour Bridge Ridge,209,304.85725399823883,-48.058257649311329,-352.91551164755015,-95.857253998238832,257.05825764931132,9188.613144082874,66078.947825699724,56890.334681616849,95.857253998238832,257.05825764931132,161.20100365107248,bf8f19819a871ad1c1d1cd6fc4b976ae7385ba2db41b40831f7e51fb5f1e5a12,36268bbb8f9cff7885ea3a2fc1da7ed978935cbcefc79132c12e9a6f779454cf,615ccd580fdb84d4d9517947b82566fd83dfcb86a2e678d72a5836ed324dcf55,615ccd580fdb84d4d9517947b82566fd83dfcb86a2e678d72a5836ed324dcf55,1,1,1775,0,0,,,
Labour,PAYEMS,1,month_open,2023-07,2023-07-01,Labour 12-Month Mean,187,340.66666666666669,312.66666666666669,-28,-153.66666666666669,-125.66666666666669,23613.444444444449,15792.111111111117,-7821.3333333333321,153.66666666666669,125.66666666666669,-28,3a4c14b4be18f6ceb889d4b76f185b7118870ecdf457828c530aa21dd96674ed,8626c131db45c339b18feb2c0a0dfd01f6bd1f519fff5ee676bce6487dcca620,5a68db28f20c8a1366233583c6d23778ddb61bc8c5cb9647d8aa2f65f3e411b5,5a68db28f20c8a1366233583c6d23778ddb61bc8c5cb9647d8aa2f65f3e411b5,1,1,1774,0,0,,,
Labour,PAYEMS,2,after_week_1,2023-07,2023-07-07,Labour Bridge Ridge,187,-111.29978177033736,-273.27994043326953,-161.98015866293218,298.29978177033735,460.27994043326953,88982.759804230882,211857.62356525415,122874.86376102327,298.29978177033735,460.27994043326953,161.98015866293218,77ba7fefe2849cfab833dadd8c869b78456ad996c7411b1a46556d234973fb79,ce0098c5f67c582b764b3b8a4c9af71446e7cb5b1542e65f7c8f054d3220e625,6e46fd0c64f1fe0dd29b21bf05bc5b78e49db0326c3b7b04f46e65df1ec4e00c,6e46fd0c64f1fe0dd29b21bf05bc5b78e49db0326c3b7b04f46e65df1ec4e00c,1,1,1780,0,0,,,
Labour,PAYEMS,3,after_week_2,2023-07,2023-07-14,Labour Factor Ridge,187,170.8808885969508,86.693974671706187,-84.18691392524461,16.119111403049203,100.30602532829381,259.82575242391084,10061.29871716032,9801.4729647364093,16.119111403049203,100.30602532829381,84.18691392524461,e4811844862e309cfc8322d765ffa7a257731b6fe4cf0af7302c064d6f2e7608,14d51a561b4e171cdff39a22f4eaa6bf965f72e702d69f466f6d8011dcfc2d13,51c68b94f8059bc312466721303b440813c186e94f7f507f84f7333d7938ca5d,51c68b94f8059bc312466721303b440813c186e94f7f507f84f7333d7938ca5d,1,1,1783,0,0,,,
Labour,PAYEMS,4,month_end,2023-07,2023-07-31,Labour Bridge Ridge,187,-126.4036650911916,-253.85958277240394,-127.45591768121234,313.40366509119161,440.85958277240394,98221.857292591798,194357.17172225809,96135.314429666294,313.40366509119161,440.85958277240394,127.45591768121233,fbc319d6b5ac0fd2775cd9c76bd4dcd8de1f4360e65a63d4718ace7671787554,f05e8926257c80d461719c81730b87e37e6c0dc7e7959b8341fb6dcd67970055,64f17961535b03db133104e8c69d7aec0447aca467ec27ea23a05952bccc4a14,64f17961535b03db133104e8c69d7aec0447aca467ec27ea23a05952bccc4a14,1,1,1788,0,0,,,
Labour,PAYEMS,5,pre_employment_report,2023-07,2023-08-03,Labour Bridge Ridge,187,-43.962494337400628,-128.58283550842395,-84.620341171023327,230.96249433740064,315.58283550842395,53343.673790553825,99592.526067536965,46248.85227698314,230.96249433740064,315.58283550842395,84.620341171023313,1fbb51fcff7e9a26b23c58e68f7f791da8a62fbf6323c2c5f244c8a399327bee,d28b05fd301a54ddaaf80c18728766bc09c90ffaa858409d775222dbd3575d8b,cc7fbfdc803cfb9f735e6cf36d647d15c05a0e9b062ecf773bce20068302421c,cc7fbfdc803cfb9f735e6cf36d647d15c05a0e9b062ecf773bce20068302421c,1,1,1791,0,0,,,
Labour,PAYEMS,1,month_open,2023-08,2023-08-01,Labour 12-Month Mean,187,316,293.5,-22.5,-129,-106.5,16641,11342.25,-5298.75,129,106.5,-22.5,ccb96bbce2db9e933322c92059d3ac77bd10deef41331c2b428204b788a4a218,c46b724b01e8cd95caa8a639b16f2646c408c404eb049116d8ce2831abf3385e,f97ab143a8f46896893c69f8bba4ea5d7ec2110552081cbdd421233db767c75f,f97ab143a8f46896893c69f8bba4ea5d7ec2110552081cbdd421233db767c75f,1,1,1789,0,0,,,
Labour,PAYEMS,2,after_week_1,2023-08,2023-08-07,Labour Bridge Ridge,187,435.63646086219046,288.87004539188388,-146.76641547030658,-248.63646086219046,-101.87004539188388,61820.089670075569,10377.506148144481,-51442.58352193109,248.63646086219046,101.87004539188388,-146.76641547030658,b12d207d247e6299aa4c05ccfc0651dad64482d8216ff838262719b475fe8bc0,1bf18fa3c33886ff961a39e85b5889caa378f99e00e5743c6ee35d4e80f1e3dd,4ba5cb9b40e86c6e09dff80bc4da309ca158783228615dc5cd8036125da63eaf,4ba5cb9b40e86c6e09dff80bc4da309ca158783228615dc5cd8036125da63eaf,1,1,1796,0,0,,,
Labour,PAYEMS,3,after_week_2,2023-08,2023-08-14,Labour Factor Ridge,187,15.589833727832868,-134.35262969558107,-149.94246342341393,171.41016627216715,321.35262969558107,29381.445101451987,103267.51261226526,73886.067510813271,171.41016627216715,321.35262969558107,149.94246342341393,ded400bd99d0525f109e312456fba5df514a4d773b390ecc853d70110c30193b,d1105a9c3996c577a5844a2df4073c7ec3305c4706182a98cc26ad385edfccea,cb457340583c238bfd3c11c7208640de9a0b6ced5580cf59edec6ef4adffe464,cb457340583c238bfd3c11c7208640de9a0b6ced5580cf59edec6ef4adffe464,1,1,1798,0,0,,,
Labour,PAYEMS,4,month_end,2023-08,2023-08-31,Labour Bridge Ridge,187,417.67699877891579,270.60783633530684,-147.06916244360895,-230.67699877891579,-83.607836335306843,53211.877765647914,6990.2702966714551,-46221.607468976457,230.67699877891579,83.607836335306843,-147.06916244360895,98f13c26d07eaf0eb0e880cd715440adc3fbae7968b44b9231773834cccf4443,b25051d571b70495675082d1468dbb05db06d51369f34a0d65a10ea10eef33ac,7ccba31c64a731a90334815835a84be8f209af1b666ba9f875ba5611fc975015,7ccba31c64a731a90334815835a84be8f209af1b666ba9f875ba5611fc975015,1,1,1806,0,0,,,
Labour,PAYEMS,5,pre_employment_report,2023-08,2023-08-31,Labour Bridge Ridge,187,417.67699877891579,270.60783633530684,-147.06916244360895,-230.67699877891579,-83.607836335306843,53211.877765647914,6990.2702966714551,-46221.607468976457,230.67699877891579,83.607836335306843,-147.06916244360895,98f13c26d07eaf0eb0e880cd715440adc3fbae7968b44b9231773834cccf4443,b25051d571b70495675082d1468dbb05db06d51369f34a0d65a10ea10eef33ac,7ccba31c64a731a90334815835a84be8f209af1b666ba9f875ba5611fc975015,7ccba31c64a731a90334815835a84be8f209af1b666ba9f875ba5611fc975015,1,1,1806,0,0,,,
Labour,PAYEMS,1,month_open,2023-09,2023-09-01,Labour 12-Month Mean,336,271,247.58333333333334,-23.416666666666657,65,88.416666666666657,4225,7817.5069444444425,3592.5069444444425,65,88.416666666666657,23.416666666666657,34d4cc0b568fa2fe0432876aee9da9fcd5b749809db5f1eb09648c661964643c,cff63aee36fc1953f0b6dff588047b3884b378bdf747fb733e75c054012c02e3,5417ecc2969c31a8305b447495f5159da0dca4c04bf568b85af9e8535b51013b,5417ecc2969c31a8305b447495f5159da0dca4c04bf568b85af9e8535b51013b,1,1,1811,0,0,,,
Labour,PAYEMS,2,after_week_1,2023-09,2023-09-07,Labour Bridge Ridge,336,256.69599123812333,119.73407429176123,-136.96191694636209,79.304008761876673,216.26592570823877,6289.1258057038121,46770.950622441451,40481.824816737637,79.304008761876673,216.26592570823877,136.96191694636209,5dfa949842e927b33ada7d19d99bd4787428f2e189df197e651ba3958f39b74d,04970326665328623b17c82d2cefbd6ca97c85fa0a4585ca6484fb02f9b33eec,7c760ed6ba026eaf878ae4852598c22909e214cbb0519bcb36f5049be91c2540,7c760ed6ba026eaf878ae4852598c22909e214cbb0519bcb36f5049be91c2540,1,1,1813,0,0,,,
Labour,PAYEMS,3,after_week_2,2023-09,2023-09-14,Labour Factor Ridge,336,136.81352145994094,39.079714644886053,-97.733806815054891,199.18647854005906,296.92028535511395,39675.253233189404,88161.655855362289,48486.402622172885,199.18647854005906,296.92028535511395,97.733806815054891,b92020924c9b8daef618fd1bf659b4548d6867910f86e626465a464ba71cce2d,d5ad10ba796dcb40dbbad8e132774131d1487b628eb98510041db73b504228ac,3ed4b2b36abbbe343126219906e7b719e0e035a7bf768ec5afc827a39fd7c08e,3ed4b2b36abbbe343126219906e7b719e0e035a7bf768ec5afc827a39fd7c08e,1,1,1815,0,0,,,
Labour,PAYEMS,4,month_end,2023-09,2023-09-30,Labour Bridge Ridge,336,291.26670852895109,154.24871570936671,-137.01799281958438,44.733291471048915,181.75128429063329,2001.0673658338176,33033.529341294605,31032.461975460788,44.733291471048915,181.75128429063329,137.01799281958438,67078a8f26e3a5e1d4f32ab4069129481cef2e548278a60daddb0f9108f5e2ed,4c68857a99ef26a2c99e1424c57db8cc9959c4dfb1166b4b213318adfd861a6f,7ee95b65021244aeec75119e54a0c33fefea943a08e0fc983b669f528b16b95f,7ee95b65021244aeec75119e54a0c33fefea943a08e0fc983b669f528b16b95f,1,1,1820,0,0,,,
Labour,PAYEMS,5,pre_employment_report,2023-09,2023-10-05,Labour Bridge Ridge,336,237.44347812566053,137.2777646709865,-100.16571345467403,98.556521874339467,198.7222353290135,9713.3880039671531,39490.526814159821,29777.138810192668,98.556521874339467,198.7222353290135,100.16571345467403,28723410f143be952a4248168e4ee6e9eacf07eb0d4d374ff5b2e1472ee4ed0b,e810baa0bb6c2d4e3906cdee07c7f60818e3aecc5fddf7db49b629b5ccf40d2a,d6b4a65814094220d9fc835f7abd6a79e4bff2921ba35dce1865396427f81539,d6b4a65814094220d9fc835f7abd6a79e4bff2921ba35dce1865396427f81539,1,1,1823,0,0,,,
Labour,PAYEMS,1,month_open,2023-10,2023-10-01,Labour 12-Month Mean,150,271,247.58333333333334,-23.416666666666657,-121,-97.583333333333343,14641,9522.5069444444471,-5118.4930555555529,121,97.583333333333343,-23.416666666666657,2501f3ee713082b68040e08e0c96faa39b1d30ed992d5a5e135d82f85e635122,23dbf50445aa8b6d15354a496fad70a5b42664743d10770be306ee18164166de,7ee95b65021244aeec75119e54a0c33fefea943a08e0fc983b669f528b16b95f,7ee95b65021244aeec75119e54a0c33fefea943a08e0fc983b669f528b16b95f,1,1,1820,0,0,,,
Labour,PAYEMS,2,after_week_1,2023-10,2023-10-07,Labour Bridge Ridge,150,552.41811505061276,486.48675027341142,-65.931364777201338,-402.41811505061276,-336.48675027341142,161940.33932088819,113223.33310956114,-48717.006211327054,402.41811505061276,336.48675027341142,-65.931364777201338,d9d493e5ffc80c8624d08be9014bd596d65351a375f0f2610c0f89f612f96dda,b0489e891020057fd7334fcdb9ad42818fb76b1b6f6efe5c6af36a2ccb02b85e,8c9823492fec3eef126709bfecd04f44d12a7e576d2fe476c47bd8f894287322,8c9823492fec3eef126709bfecd04f44d12a7e576d2fe476c47bd8f894287322,1,1,1831,0,0,,,
Labour,PAYEMS,3,after_week_2,2023-10,2023-10-14,Labour Factor Ridge,150,456.84783833928861,289.99120667133553,-166.85663166795308,-306.84783833928861,-139.99120667133553,94155.595893494203,19597.537945296579,-74558.057948197616,306.84783833928861,139.99120667133553,-166.85663166795308,c8bb26bc6ccd1e562376422f23b273f0897968f271d71fef3c2c57267c55258c,7012039806a66f860d0fa69ab6a6c743b08060ac297bd68b61d387b8174c6b72,590caedcb04cc79e41363b13e27b9b14e4d408c9c29c2081eaa940a83f0e6e84,590caedcb04cc79e41363b13e27b9b14e4d408c9c29c2081eaa940a83f0e6e84,1,1,1833,0,0,,,
Labour,PAYEMS,4,month_end,2023-10,2023-10-31,Labour Bridge Ridge,150,405.56635425741513,474.61111507027545,69.044760812860318,-255.56635425741513,-324.61111507027545,65314.161428426611,105372.3760271676,40058.214598740989,255.56635425741513,324.61111507027545,69.044760812860318,dafc9e6a287c630203f0500d569d359231ed7e0bc3cadecea74f0289ddd91749,2fe7ce248be609e2f189babfb17dccd68bd7e94075be7020dcbabeecf2192002,14deef7836f5883d8ec2c12634d8f11a5a484a818c47ae3da6bf3e101f3284f0,14deef7836f5883d8ec2c12634d8f11a5a484a818c47ae3da6bf3e101f3284f0,1,1,1837,0,0,,,
Labour,PAYEMS,5,pre_employment_report,2023-10,2023-11-02,Labour Bridge Ridge,150,400.06061437240362,466.33124766083046,66.270633288426836,-250.06061437240362,-316.33124766083046,62530.310860303951,100065.45824665765,37535.147386353703,250.06061437240362,316.33124766083046,66.270633288426836,d4fe0e651754d4e46172c21d3bfe0cc37f332928bbeddc93a54c9d86da74dfec,a260f589bb969ff8da6bc45be1a79c7de35a48150a251f8563ddcef1d9d6467e,b529f562455b85b269aec7629dcf2318d7816dc288c070da0e6bf6cd92c31742,b529f562455b85b269aec7629dcf2318d7816dc288c070da0e6bf6cd92c31742,1,1,1839,0,0,,,
Labour,PAYEMS,1,month_open,2023-11,2023-11-01,Labour 12-Month Mean,199,266,236.25,-29.75,-67,-37.25,4489,1387.5625,-3101.4375,67,37.25,-29.75,a54cb0106a3f48fc14619cacce2ee2c6a7574aa8f68f547408b64fcb04c16cfa,386bbe13ad8d81aac26d75a3f5f05606c400b41049cfb94e3ffaebab5a8e3731,28fde8a145ac86a33e0d9de9326a7369f7e778d7f2a982eab1978deda651dd3f,28fde8a145ac86a33e0d9de9326a7369f7e778d7f2a982eab1978deda651dd3f,1,1,1838,0,0,,,
Labour,PAYEMS,2,after_week_1,2023-11,2023-11-07,Labour Bridge Ridge,199,75.606658478174808,160.68598103561558,85.079322557440776,123.39334152182519,38.314018964384417,15225.916731921789,1467.9640492032088,-13757.95268271858,123.39334152182519,38.314018964384417,-85.079322557440776,92bf152df1d49ecadde4f53d12cfe935f7739382310fdbaa04dac35fc39a3ece,70d3c0a211351500ed85dcf874ba4a97a1091b86c99eb308b43a1c15ebad8f3c,5de309a3b626e99a97c6cfb6a2dc41f4c3902754812b5525f98cc8f9138bdf6d,5de309a3b626e99a97c6cfb6a2dc41f4c3902754812b5525f98cc8f9138bdf6d,1,1,1844,0,0,,,
Labour,PAYEMS,3,after_week_2,2023-11,2023-11-14,Labour Factor Ridge,199,81.544989346939857,124.68810402599415,43.143114679054293,117.45501065306014,74.31189597400585,13795.679527510472,5522.2578832514664,-8273.4216442590059,117.45501065306014,74.31189597400585,-43.143114679054293,f5c0f612dc58e9016dc44763f1e1b02ededc60d3770a17e50bdb3572bb610a1c,4cb27ea38f0a2676eb5547a1f67703ec6d61a0ce3025e7896a62fed5a3b21ce6,0ae0b4a0eb5845783c2f7fd7f4ea523050993294ecc6262f87fe4cb3c3102887,0ae0b4a0eb5845783c2f7fd7f4ea523050993294ecc6262f87fe4cb3c3102887,1,1,1846,0,0,,,
Labour,PAYEMS,4,month_end,2023-11,2023-11-30,Labour Bridge Ridge,199,90.979432503016113,184.45651432231764,93.477081819301532,108.02056749698389,14.543485677682355,11668.443002370452,211.5129756569518,-11456.9300267135,108.02056749698389,14.543485677682355,-93.477081819301532,699604e989d8b352ecf5a2746628df7956010c4a22358acf6525a9a470e4964b,5a94b057743cf8f6d3004743cddf311fc1adb742cf5591cd08da652ca1517625,668e9b08455f1a5e2d8cea11cdab04677291626d21b719bfb9766b6914f9a1a8,668e9b08455f1a5e2d8cea11cdab04677291626d21b719bfb9766b6914f9a1a8,1,1,1853,0,0,,,
Labour,PAYEMS,5,pre_employment_report,2023-11,2023-12-07,Labour Bridge Ridge,199,113.3664004525794,171.34724320257968,57.980842750000278,85.633599547420602,27.652756797420324,7333.1133714479938,764.67495849727595,-6568.438412950718,85.633599547420602,27.652756797420324,-57.980842750000278,48c8b1e298d62e2347ce60adc394dbf07031c5fc7ede397c06bc43220de5f2cf,57657c6ddfc48b016e8907a0ca5f8427061d337c920939bcca9c2f3062de3bbc,a5e56338da0cdc1e84228794036dfbb89c240d0803c6ca1c8afdd077a9e8e4ca,a5e56338da0cdc1e84228794036dfbb89c240d0803c6ca1c8afdd077a9e8e4ca,1,1,1856,0,0,,,
Labour,PAYEMS,1,month_open,2023-12,2023-12-01,Labour 12-Month Mean,216,257.58333333333331,236.25,-21.333333333333314,-41.583333333333314,-20.25,1729.1736111111095,410.0625,-1319.1111111111095,41.583333333333314,20.25,-21.333333333333314,c2c85a0812bf8a07ee4c04256da709a5e1b62f787e0859b5c27c65ff95fde2e3,11b1180141e5a999a6014f0837febe78571cf27ce003927e311b933fa10c0aef,668e9b08455f1a5e2d8cea11cdab04677291626d21b719bfb9766b6914f9a1a8,668e9b08455f1a5e2d8cea11cdab04677291626d21b719bfb9766b6914f9a1a8,1,1,1853,0,0,,,
Labour,PAYEMS,2,after_week_1,2023-12,2023-12-07,Labour Bridge Ridge,216,62.057179316488103,46.661896013562995,-15.395283302925108,153.94282068351191,169.33810398643701,23698.392039995902,28675.393461721353,4977.0014217254502,153.94282068351191,169.33810398643701,15.395283302925094,48c8b1e298d62e2347ce60adc394dbf07031c5fc7ede397c06bc43220de5f2cf,57657c6ddfc48b016e8907a0ca5f8427061d337c920939bcca9c2f3062de3bbc,a5e56338da0cdc1e84228794036dfbb89c240d0803c6ca1c8afdd077a9e8e4ca,a5e56338da0cdc1e84228794036dfbb89c240d0803c6ca1c8afdd077a9e8e4ca,1,1,1856,0,0,,,
Labour,PAYEMS,3,after_week_2,2023-12,2023-12-14,Labour Factor Ridge,216,-24.600037012705698,-95.567569876862038,-70.96753286415634,240.60003701270568,311.56756987686202,57888.377810515347,97074.350598973295,39185.972788457948,240.60003701270568,311.56756987686202,70.96753286415634,aff022967a092f45ea0cc83de606b7add419d69251ad673c8850e401433d4a81,b51d11371ef591d770a63692823620eab4788cbfbefc28e2808f3e9e23a8d8c6,02792a3605ac89f19a1b268c7fabe5fb9926325957efa69a702a98fb70e7fa00,02792a3605ac89f19a1b268c7fabe5fb9926325957efa69a702a98fb70e7fa00,1,1,1864,0,0,,,
Labour,PAYEMS,4,month_end,2023-12,2023-12-31,Labour Bridge Ridge,216,371.69853692171483,189.05987791965225,-182.63865900206258,-155.69853692171483,26.940122080347749,24242.034399562595,725.77017770404029,-23516.264221858553,155.69853692171483,26.940122080347749,-128.75841484136708,276f8d1dd873542255063c66d57a96bd3f3eb179ef1c67bd1b2b9304a8d82da6,d81e3f0bb72d63717382f97b56efca89dc6e36e5e0847168a15e4109f3caaa72,b9d08fb632f927ed2c6701a01465961d48be6290843748c7a14ee191dedc40b4,b9d08fb632f927ed2c6701a01465961d48be6290843748c7a14ee191dedc40b4,1,1,1868,0,0,,,
Labour,PAYEMS,5,pre_employment_report,2023-12,2024-01-04,Labour Bridge Ridge,216,370.49769629982154,177.2779056038454,-193.21979069597614,-154.49769629982154,38.722094396154603,23869.538161951892,1499.4005944247076,-22370.137567527185,154.49769629982154,38.722094396154603,-115.77560190366694,c5e56cffe44735191f46e496aa0b24ddf4cd493263fa7c72f17608600b8da4fa,34feba021ef983f50cbb46a189182fdc4b5d6638999de275293d99f0cb0b4afc,738e115655b1a6cb9e305469bcf1d9256fd6cd0b2c4f2145784f420db57204b8,738e115655b1a6cb9e305469bcf1d9256fd6cd0b2c4f2145784f420db57204b8,1,1,1872,0,0,,,
Labour,PAYEMS,1,month_open,2024-01,2024-01-01,Labour 12-Month Mean,353,240.16666666666666,219.75,-20.416666666666657,112.83333333333334,133.25,12731.361111111113,17755.5625,5024.2013888888869,112.83333333333334,133.25,20.416666666666657,3519333accd53327f1080036a15493a48742a0a34f4f87436c06d7119d3e3764,52c16bda03fdf6cd8f70b47c71ab08e734285afe817c43b498412b2cb86ab069,b9d08fb632f927ed2c6701a01465961d48be6290843748c7a14ee191dedc40b4,b9d08fb632f927ed2c6701a01465961d48be6290843748c7a14ee191dedc40b4,1,1,1868,0,0,,,
Labour,PAYEMS,2,after_week_1,2024-01,2024-01-07,Labour Bridge Ridge,353,322.19485460168812,216.70552110770666,-105.48933349398146,30.805145398311879,136.29447889229334,948.95698301113555,18576.184976521796,17627.22799351066,30.805145398311879,136.29447889229334,105.48933349398146,a252c50a87f26aba33a12acedf7870a0a48f124684b844c1ad2f0650d5369cd4,6bf931a2847e74959052d49b0208a68befb440139c749665cacd1b663c8c9b6f,dd6b28334e3f5964197e633ef2756e77ebf2c424f9881007c81cac3c641e6179,dd6b28334e3f5964197e633ef2756e77ebf2c424f9881007c81cac3c641e6179,1,1,1868,0,0,,,
Labour,PAYEMS,3,after_week_2,2024-01,2024-01-14,Labour Factor Ridge,353,90.859083674599077,145.95829835591934,55.099214681320262,262.14091632540089,207.04170164408066,68717.860011920828,42866.266219676516,-25851.593792244312,262.14091632540089,207.04170164408066,-55.099214681320234,4137aca638b70cbdb714544313f398ba6149872c41a12595f85b84fec079499b,c039273c45d89c57ad70270fd6bd0357b347667e0da1665fd0f16bd76da2fa79,008bfebf828d2912db6890163ef6cf7939011c2debb00fade0dfc0d0eba0e5a3,008bfebf828d2912db6890163ef6cf7939011c2debb00fade0dfc0d0eba0e5a3,1,1,1866,0,0,,,
Labour,PAYEMS,4,month_end,2024-01,2024-01-31,Labour Bridge Ridge,353,346.70160527758821,317.64383508445724,-29.057770193130978,6.2983947224117856,35.356164915542763,39.669776079304633,1250.0583975350571,1210.3886214557524,6.2983947224117856,35.356164915542763,29.057770193130978,8b7ca7ee27539c100809fb99a89db4363c964d7ce55b3e34fa72dabf6ba8438d,9707a53dd9aecf00a1d49bcf56ab6957a33c8088d7b147cf808210a28eea579b,6f2e14a1a234131d9381e5d5680cb78ad5ae983392ad643d2532aa6db1f2acb6,6f2e14a1a234131d9381e5d5680cb78ad5ae983392ad643d2532aa6db1f2acb6,1,1,1872,0,0,,,
Labour,PAYEMS,5,pre_employment_report,2024-01,2024-02-01,Labour Bridge Ridge,353,317.29008415101873,283.0626358645182,-34.227448286500533,35.709915848981268,69.937364135481801,1275.1980899413236,4891.2349022189765,3616.0368122776526,35.709915848981268,69.937364135481801,34.227448286500533,3701b2b60e17f3a387ae6dd4e9bc665cc172f5749b445cec879e69b5b005416e,8a93adce5d06b5d888cbfea100fe810824e119abe58d9c1f30eea6ed8a1e4d99,263d5e171d130688310ed97e514202d77ae8b5dfa5f3aaf4e42ae1375199ad37,263d5e171d130688310ed97e514202d77ae8b5dfa5f3aaf4e42ae1375199ad37,1,1,1874,0,0,,,
Labour,PAYEMS,1,month_open,2024-02,2024-02-01,Labour 12-Month Mean,275,224.75,209.58333333333334,-15.166666666666657,50.25,65.416666666666657,2525.0625,4279.3402777777765,1754.2777777777765,50.25,65.416666666666657,15.166666666666657,3701b2b60e17f3a387ae6dd4e9bc665cc172f5749b445cec879e69b5b005416e,8a93adce5d06b5d888cbfea100fe810824e119abe58d9c1f30eea6ed8a1e4d99,263d5e171d130688310ed97e514202d77ae8b5dfa5f3aaf4e42ae1375199ad37,263d5e171d130688310ed97e514202d77ae8b5dfa5f3aaf4e42ae1375199ad37,1,1,1874,0,0,,,
Labour,PAYEMS,2,after_week_1,2024-02,2024-02-07,Labour Bridge Ridge,275,406.58436372554661,341.98295478561147,-64.601408939935141,-131.58436372554661,-66.982954785611469,17314.444777056946,4486.7162318112705,-12827.728545245674,131.58436372554661,66.982954785611469,-64.601408939935141,a4241ad2fc581d1496b94a0b1bec695555a3d43881a153582fa6b660ae64a15d,57ccb044e011cf095777f94eec0fda3e311c8a599a4a739f5d543629fd6db676,17ed3b1f7d512acd9883c0720aac73eb5f30a39942be20473318e1fc7fe2b102,17ed3b1f7d512acd9883c0720aac73eb5f30a39942be20473318e1fc7fe2b102,1,1,1859,0,0,,,
Labour,PAYEMS,3,after_week_2,2024-02,2024-02-14,Labour Factor Ridge,275,237.30039354017504,82.373584760272593,-154.92680877990244,37.699606459824963,192.62641523972741,1421.2603272256761,37104.935848107889,35683.675520882214,37.699606459824963,192.62641523972741,154.92680877990244,e66a3d829626762dc37bc2abaef61abbae0b316e83b458eb9e862f6e10aab1d2,47c225785f983f4a4d3b7b8c884d4d2cc455659357c5096988da6def92b1cfee,adcb0d66b7e1600ddd390d20fac278ad0dde0c1a640569ba339ae3e1b78e1fac,adcb0d66b7e1600ddd390d20fac278ad0dde0c1a640569ba339ae3e1b78e1fac,1,1,1861,0,0,,,
Labour,PAYEMS,4,month_end,2024-02,2024-02-29,Labour Bridge Ridge,275,332.6551397617925,293.1985937641349,-39.456545997657599,-57.655139761792498,-18.198593764134898,3324.1151409518261,331.18881499200961,-2992.9263259598165,57.655139761792498,18.198593764134898,-39.456545997657599,04841ef40dafcdc536a79240e7a22a4ea8336419419f1ec8074618f2a3963450,d18f5ca0deb9fa98f0430bc113a194158b2618e3986f3d99c16d8c241edaea4c,4ed33693770fc834953d0941b58e10c7c7327f452bf37515c89dcd557595d991,4ed33693770fc834953d0941b58e10c7c7327f452bf37515c89dcd557595d991,1,1,1866,0,0,,,
Labour,PAYEMS,5,pre_employment_report,2024-02,2024-03-07,Labour Bridge Ridge,275,351.58515003589872,267.51501035720935,-84.070139678689372,-76.585150035898721,7.4849896427906515,5865.285206021118,56.025069952683324,-5809.2601360684348,76.585150035898721,7.4849896427906515,-69.100160393108069,a8ee776c9f04382a27263870e48955c258b313cab6154421801a9a3c9d2d95cf,fe388ab462e08d5407963fdd9e9fadf6e49337a1a9d945369a93185800bcba36,ccb1fb21067594ca032792811092e515f16c14bbe4a956f2b009e5bf85885219,ccb1fb21067594ca032792811092e515f16c14bbe4a956f2b009e5bf85885219,1,1,1856,0,0,,,
Labour,PAYEMS,1,month_open,2024-03,2024-03-01,Labour 12-Month Mean,303,254.66666666666666,209.58333333333334,-45.083333333333314,48.333333333333343,93.416666666666657,2336.1111111111122,8726.6736111111095,6390.5624999999973,48.333333333333343,93.416666666666657,45.083333333333314,77548f2852b75aef580efa27cc6c20479ec5dc3089e524f4893a7b89b3ff0f3c,3cdba64a70abe67dd8ab51e26c618dd2d93e5ec881bff796a9a5c0b31d5d8848,4ed33693770fc834953d0941b58e10c7c7327f452bf37515c89dcd557595d991,4ed33693770fc834953d0941b58e10c7c7327f452bf37515c89dcd557595d991,1,1,1866,0,0,,,
Labour,PAYEMS,2,after_week_1,2024-03,2024-03-07,Labour Bridge Ridge,303,282.4531895499407,277.2682857949253,-5.184903755015398,20.546810450059297,25.731714205074695,422.17141967066595,662.12111593164286,239.94969626097691,20.546810450059297,25.731714205074695,5.184903755015398,a8ee776c9f04382a27263870e48955c258b313cab6154421801a9a3c9d2d95cf,fe388ab462e08d5407963fdd9e9fadf6e49337a1a9d945369a93185800bcba36,ccb1fb21067594ca032792811092e515f16c14bbe4a956f2b009e5bf85885219,ccb1fb21067594ca032792811092e515f16c14bbe4a956f2b009e5bf85885219,1,1,1856,0,0,,,
Labour,PAYEMS,3,after_week_2,2024-03,2024-03-14,Labour Factor Ridge,303,117.63272753751264,-87.954913039924861,-205.5876405774375,185.36727246248736,390.95491303992486,34361.025700182028,152845.74403005521,118484.71832987318,185.36727246248736,390.95491303992486,205.5876405774375,6082a0e5af4d013b8a575a7e0c2f72c977bf815d00f07e82c024da13b8dbdd8c,82d96801da56bbe0cda367aae533ade68c787faabfaccb8f2d03f02f227056f4,3f0dee2c220923a4c89f86703051b8995f4b1c414fa65d0cec5d212b9a879ea6,3f0dee2c220923a4c89f86703051b8995f4b1c414fa65d0cec5d212b9a879ea6,1,1,1865,0,0,,,
Labour,PAYEMS,4,month_end,2024-03,2024-03-31,Labour Bridge Ridge,303,207.38401238212663,162.64488569395422,-44.739126688172405,95.615987617873373,140.35511430604578,9142.4170881413138,19699.558111863174,10557.141023721861,95.615987617873373,140.35511430604578,44.739126688172405,d8f9cec934588cef4f635943e0a3012b5d783790202aef237ba7b866779390e9,98236d9ecf7744cde504be0e97007b350d03491c852c7a85ac7344ac45f336a8,2c8d172e0b20b3c6a16115472aaa1a2af2fda043ff078b4b87c97096be315ed6,2c8d172e0b20b3c6a16115472aaa1a2af2fda043ff078b4b87c97096be315ed6,1,1,1744,0,0,,,
Labour,PAYEMS,5,pre_employment_report,2024-03,2024-04-04,Labour Bridge Ridge,303,173.98825375885303,132.74290808032708,-41.24534567852595,129.01174624114697,170.25709191967292,16644.030668190098,28987.477348943954,12343.446680753856,129.01174624114697,170.25709191967292,41.24534567852595,3c614a922141ff47ddcbb53904e11bec16d45036125079e935570cd818d20308,8ac883924266c3353bd5986289bd1d614d954db6caf6e710fa1b0e7a4cece37e,57df407ae2bcf19c62da1589f4d1ac417f244ed53d0b77d351e5fd7fe7ef502f,57df407ae2bcf19c62da1589f4d1ac417f244ed53d0b77d351e5fd7fe7ef502f,1,1,1748,0,0,,,
Labour,PAYEMS,1,month_open,2024-04,2024-04-01,Labour 12-Month Mean,175,230,188,-42,-55,-13,3025,169,-2856,55,13,-42,f3e7ab5cea5b82b2ff68483aefae2427714a7b2b3172e6acc5bdef31debf210b,5861295ec66965c74ecd87c21b3a0e935a56f379c2a687f00f12ac7d2b0450e0,2c8d172e0b20b3c6a16115472aaa1a2af2fda043ff078b4b87c97096be315ed6,2c8d172e0b20b3c6a16115472aaa1a2af2fda043ff078b4b87c97096be315ed6,1,1,1744,0,0,,,
Labour,PAYEMS,2,after_week_1,2024-04,2024-04-07,Labour Bridge Ridge,175,257.47394644514549,106.27792767307587,-151.19601877206964,-82.473946445145486,68.722072326924135,6801.9518422367255,4722.7232249069921,-2079.2286173297334,82.473946445145486,68.722072326924135,-13.751874118221352,ca78175c4d5921f128c9ea62d66a38c43edce9fd95b11492bfdef46efef9422e,fd535772b715da435e1dd2b7a68a9c0d8579cd58a4e6a5e63248b1b91ff7c433,675b69ddc1dc9434a72a7952ad117ffeaf701955b531b2d6d587f9b8bd67c5c0,675b69ddc1dc9434a72a7952ad117ffeaf701955b531b2d6d587f9b8bd67c5c0,1,1,1754,0,0,,,
Labour,PAYEMS,3,after_week_2,2024-04,2024-04-14,Labour Factor Ridge,175,162.66437155139695,276.10424564149605,113.4398740900991,12.335628448603046,-101.10424564149605,152.16772922198479,10222.068486735972,10069.900757513988,12.335628448603046,101.10424564149605,88.768617192893004,f361a111d81ddea7281c1841c3e7377ead6751e7738e314e5c5a783bd67b93a7,4663a9130d45dad6a955e61661adf9491dae691b57ad2d456364d8a88776b3c9,9eb1b20cece96e0dff67bc55feafdfa3fbaf37772286a2099fcc570050b9a2c0,9eb1b20cece96e0dff67bc55feafdfa3fbaf37772286a2099fcc570050b9a2c0,1,1,1756,0,0,,,
Labour,PAYEMS,4,month_end,2024-04,2024-04-30,Labour Bridge Ridge,175,272.59287393326321,116.72259790318432,-155.87027603007888,-97.592873933263206,58.277402096815678,9524.3690425538043,3396.2555951539362,-6128.1134473998682,97.592873933263206,58.277402096815678,-39.315471836447529,c8a398c207425212c887b26d5dbe108904be6744256a227a3bf1b8630afe050c,7eaddfbc05bc6729a5c31caa81aa1bab752b060f86e602bac820f04121eaa455,80a21ecee3d3ec86978f63f008876335604e95f190fd918c37165d281581bfa8,80a21ecee3d3ec86978f63f008876335604e95f190fd918c37165d281581bfa8,1,1,1758,0,0,,,
Labour,PAYEMS,5,pre_employment_report,2024-04,2024-05-02,Labour Bridge Ridge,175,302.30656092305941,160.13499905171557,-142.17156187134384,-127.30656092305941,14.865000948284433,16206.960454056636,220.96825319249709,-15985.992200864139,127.30656092305941,14.865000948284433,-112.44155997477498,c19c383bf66ea97e8440e09bbf68fb6cae777bb3d7dda974dc99d85629750969,a887d004f43ebcd70b7557d04f395b117b3aa5bb576d357109237a8e9ea49f0f,24acb28621ce2b3da5bbc89402abafd7c8ad121bae561366a20b7525c0c4cfb8,24acb28621ce2b3da5bbc89402abafd7c8ad121bae561366a20b7525c0c4cfb8,1,1,1761,0,0,,,
Labour,PAYEMS,1,month_open,2024-05,2024-05-01,Labour 12-Month Mean,272,243.91666666666666,194.33333333333334,-49.583333333333314,28.083333333333343,77.666666666666657,788.67361111111165,6032.1111111111095,5243.4374999999982,28.083333333333343,77.666666666666657,49.583333333333314,54bb7e70ea519f9b1d13ed3660f1d855156a427c1a91f45267677ad5bbe663f2,862be7eefcd41422f59ce0d88e55ae41a8235bb3843167c4e846035dfdaaedcc,569c6df1726ce7d768104d710fc70b0f01f0b05de7aab46527cf96039461890f,569c6df1726ce7d768104d710fc70b0f01f0b05de7aab46527cf96039461890f,1,1,1759,0,0,,,
Labour,PAYEMS,2,after_week_1,2024-05,2024-05-07,Labour Bridge Ridge,272,322.81579487884278,272.91661676485131,-49.899178113991468,-50.81579487884278,-0.91661676485131238,2582.2450091686242,0.84018629360648611,-2581.4048228750175,50.81579487884278,0.91661676485131238,-49.899178113991468,ba741d1b161e87db6a8511e63833a6c04f0fcbf08a7534893c60302232e6ab6f,772a296f685b07b8d3698d6d3c362a5f1e72a83121574cc43e1b2c6086c51b31,37535c2fcb235626cfb95f0a11b96295adbc300805bb1ff343973399995a753c,37535c2fcb235626cfb95f0a11b96295adbc300805bb1ff343973399995a753c,1,1,1767,0,0,,,
Labour,PAYEMS,3,after_week_2,2024-05,2024-05-14,Labour Factor Ridge,272,32.670590217735182,14.820158730473779,-17.850431487261403,239.3294097822648,257.17984126952621,57278.566386727231,66141.47075541869,8862.9043686914592,239.3294097822648,257.17984126952621,17.850431487261403,8aaa812faa2efa57d1e16617bd809a906549a3d52532e4eb2aa5a91bf3174426,a3efe960a8991d1e8136f406ff90ccb8dc15c804633c49c6b52cdd07572db1b5,e673ae6a7e95cfe311ef166f45cad62f7dad0446e0cc3141d9a3576c547e2767,e673ae6a7e95cfe311ef166f45cad62f7dad0446e0cc3141d9a3576c547e2767,1,1,1769,0,0,,,
Labour,PAYEMS,4,month_end,2024-05,2024-05-31,Labour Bridge Ridge,272,286.33791392704802,240.12167838321801,-46.21623554383001,-14.337913927048021,31.878321616781989,205.57577577943761,1016.2273891029898,810.65161332355228,14.337913927048021,31.878321616781989,17.540407689733968,4c4446c658be80fb35aa570dec5ca427851a31b7ddfe358ae6a03c9b0edc48ec,ca4416be7ac8630c17bf29ba73c80ec0ac2cd24ac22ab2b7812c405386cfcf9d,7ddb82c9aa64aa0d74f61c75d2ab607f6d1d6db4d15851015454089a6c7f0cdc,7ddb82c9aa64aa0d74f61c75d2ab607f6d1d6db4d15851015454089a6c7f0cdc,1,1,1775,0,0,,,
Labour,PAYEMS,5,pre_employment_report,2024-05,2024-06-06,Labour Bridge Ridge,272,236.86563555939847,190.83898628224699,-46.026649277151478,35.13436444060153,81.161013717753008,1234.4235646450052,6587.1101476932918,5352.6865830482866,35.13436444060153,81.161013717753008,46.026649277151478,e5739ff7426bc2d03e33812e3dc053aafe2e99bdd80ee86b4d90b7ea686d5a11,69b21fe08e6c024cb71fe77e2ae3777bd22ad22896a63d0da26870dc84395764,90216d90c143ec584240db98f7988620c6bc1bf98375cd70ee088d4652092553,90216d90c143ec584240db98f7988620c6bc1bf98375cd70ee088d4652092553,1,1,1779,0,0,,,
Labour,PAYEMS,1,month_open,2024-06,2024-06-01,Labour 12-Month Mean,206,242.08333333333334,194.33333333333334,-47.75,-36.083333333333343,11.666666666666657,1302.006944444445,136.11111111111089,-1165.8958333333342,36.083333333333343,11.666666666666657,-24.416666666666686,1a29a50fce25676ba4df60dc2a227497d5912955dfc3391913627a002c9252a3,39008f244877f83e96a3e5ba40bcf79fb220b58bc470a7c7ed331a327a9d34b1,7ddb82c9aa64aa0d74f61c75d2ab607f6d1d6db4d15851015454089a6c7f0cdc,7ddb82c9aa64aa0d74f61c75d2ab607f6d1d6db4d15851015454089a6c7f0cdc,1,1,1775,0,0,,,
Labour,PAYEMS,2,after_week_1,2024-06,2024-06-07,Labour Bridge Ridge,206,112.72075168140729,-15.9074262717034,-128.62817795311071,93.279248318592707,221.9074262717034,8701.0181668816804,49242.905834531477,40541.887667649797,93.279248318592707,221.9074262717034,128.62817795311071,a169daa65ea8b174d1c6c12af99fac4c2c993e382e163b9b729280e5bda003f2,a491ee37d48af43d831a4f4385f5ee29b129899d6431aff77b1aefb597acd460,9ce9fb6601bd4e737b47dd8cb3947c1f430c605f8e5e9618ac24e3311baa6778,9ce9fb6601bd4e737b47dd8cb3947c1f430c605f8e5e9618ac24e3311baa6778,1,1,1786,0,0,,,
Labour,PAYEMS,3,after_week_2,2024-06,2024-06-14,Labour Factor Ridge,206,34.898819514139319,-1.9509969501204978,-36.849816464259817,171.10118048586068,207.9509969501205,29275.613963655072,43243.617132549021,13968.003168893949,171.10118048586068,207.9509969501205,36.849816464259817,5b118d1a38fdc61e0354d414940750989584533b032f3ebc5108ce5237a83dda,27cd7b75ba6e892453e491ace94803b04f55942b94e7f719ca74a676fc69993f,fb9c31f61dd7d169887f1dd790a795965b77e03d92527f2684a7067d1b2a2f45,fb9c31f61dd7d169887f1dd790a795965b77e03d92527f2684a7067d1b2a2f45,1,1,1788,0,0,,,
Labour,PAYEMS,4,month_end,2024-06,2024-06-30,Labour Bridge Ridge,206,86.268820085421254,-30.471988911966491,-116.74080899738775,119.73117991457875,236.47198891196649,14335.555443737225,55919.001539981204,41583.446096243977,119.73117991457875,236.47198891196649,116.74080899738775,66b68196eefe79db940752639d613747ca2ba48e5ea9ffb2463ea72cace78419,abadb721279c5669048fa565106503c424ba939cca1c844153c71e7f6c898bce,db11808607749f43fb381f98c057801e7d351d26b101f795302d467acd584c1f,db11808607749f43fb381f98c057801e7d351d26b101f795302d467acd584c1f,1,1,1791,0,0,,,
Labour,PAYEMS,5,pre_employment_report,2024-06,2024-07-04,Labour Bridge Ridge,206,84.527174057882917,5.8749140425832422,-78.652260015299674,121.47282594211708,200.12508595741676,14755.647442363874,40050.050029463448,25294.402587099576,121.47282594211708,200.12508595741676,78.652260015299674,6497673dc139911c57af9fc6a34db5905086eb186e0aca8fadc5040ec52000fe,bca749f44d1bd10cd6f8a834e2a226b9a8dc0209752e9998638398822ff2fb5a,835cf7411b520f3fbb30e9da17dd7f215d715056fdd689f501837571541033ca,835cf7411b520f3fbb30e9da17dd7f215d715056fdd689f501837571541033ca,1,1,1796,0,0,,,
Labour,PAYEMS,1,month_open,2024-07,2024-07-01,Labour 12-Month Mean,114,232.25,179.58333333333334,-52.666666666666657,-118.25,-65.583333333333343,13983.0625,4301.1736111111122,-9681.8888888888869,118.25,65.583333333333343,-52.666666666666657,4c87aae8629352590fc1e432e4813cbaff4f6e9f6b181cea657a60ee780a4e0c,5a4ca9e737bab77d0e12b626659e660f587235241cbce935a2833ffdc6188cf2,db11808607749f43fb381f98c057801e7d351d26b101f795302d467acd584c1f,db11808607749f43fb381f98c057801e7d351d26b101f795302d467acd584c1f,1,1,1791,0,0,,,
Labour,PAYEMS,2,after_week_1,2024-07,2024-07-07,Labour Bridge Ridge,114,-115.35993456981944,-28.443713390115661,86.916221179703783,229.35993456981944,142.44371339011565,52605.979585871857,20290.211484365413,-32315.768101506445,229.35993456981944,142.44371339011565,-86.916221179703797,59d76c06705e6428cb53e639d275bd1c60f4cd814f4e38381f010eb1fbfb991c,ed02dc91b17bcd36d8932ef69f637741f2c2fa8078fc3a015284499435d63028,8fc9a0e9a9369e6664958ea2b19dd0f5a69027494755eb015907c1e555747fc0,8fc9a0e9a9369e6664958ea2b19dd0f5a69027494755eb015907c1e555747fc0,1,1,1802,0,0,,,
Labour,PAYEMS,3,after_week_2,2024-07,2024-07-14,Labour Factor Ridge,114,223.47254080191308,155.14689990639556,-68.325640895517523,-109.47254080191308,-41.146899906395561,11984.237189626525,1693.067371906935,-10291.16981771959,109.47254080191308,41.146899906395561,-68.325640895517523,b9d9d06b76243fbeb3e3c4f0ee993d001c65ada355bcca8b593fcb3afbe8683b,e6b9e2b1db3200c0ab16e07aee8896803c9516793e02f00cb80fb29aee92f525,8fd2655090cc532fb7ed1ca4a02e1295a4dfab707564493fb3a9d0cf9046b17c,8fd2655090cc532fb7ed1ca4a02e1295a4dfab707564493fb3a9d0cf9046b17c,1,1,1805,0,0,,,
Labour,PAYEMS,4,month_end,2024-07,2024-07-31,Labour Bridge Ridge,114,-45.260584701137972,-25.342999674115575,19.917585027022398,159.26058470113799,139.34299967411556,25363.933839348349,19416.471558180569,-5947.46228116778,159.26058470113799,139.34299967411556,-19.917585027022426,c3a0cfd07a89a9461ffab86252ae088529cb2362cc99b544dee29cdc48adf2f6,65c4288243444deaa0bbe8bf0f59dc83f27957afba976db5d2ea5b319fd1b835,839bf40df96aad299b875253fb64f60c25ec79ba836ccef00d7dbed0a6b77da1,839bf40df96aad299b875253fb64f60c25ec79ba836ccef00d7dbed0a6b77da1,1,1,1809,0,0,,,
Labour,PAYEMS,5,pre_employment_report,2024-07,2024-08-01,Labour Bridge Ridge,114,-50.688757606608405,-31.129017332347871,19.559740274260534,164.68875760660842,145.12901733234787,27122.386882008221,21062.43167185293,-6059.9552101552908,164.68875760660842,145.12901733234787,-19.559740274260548,1cb149f34c3a59f532e4c49889de041b32bf26f923648d832d4fb47e89fccca4,87297f2a6be8980eb906037fe6af287d27de64309ba1129234aa45ff4029d607,6a2c69b2ecd69eee6775c035be50ba78064a72f3095f1aad53912b7020464fab,6a2c69b2ecd69eee6775c035be50ba78064a72f3095f1aad53912b7020464fab,1,1,1811,0,0,,,
Labour,PAYEMS,1,month_open,2024-08,2024-08-01,Labour 12-Month Mean,142,217.58333333333334,151.25,-66.333333333333343,-75.583333333333343,-9.25,5712.8402777777792,85.5625,-5627.2777777777792,75.583333333333343,9.25,-66.333333333333343,1cb149f34c3a59f532e4c49889de041b32bf26f923648d832d4fb47e89fccca4,87297f2a6be8980eb906037fe6af287d27de64309ba1129234aa45ff4029d607,6a2c69b2ecd69eee6775c035be50ba78064a72f3095f1aad53912b7020464fab,6a2c69b2ecd69eee6775c035be50ba78064a72f3095f1aad53912b7020464fab,1,1,1811,0,0,,,
Labour,PAYEMS,2,after_week_1,2024-08,2024-08-07,Labour Bridge Ridge,142,175.10868679173581,108.92421161803409,-66.184475173701713,-33.108686791735806,33.075788381965907,1096.1851410732611,1094.007777088591,-2.1773639846701371,33.108686791735806,33.075788381965907,-0.032898409769899217,e42c04762dad2df063bb0350438ac0035341666051ecdfb9e487763adb761ed9,f2a68d2cbf9e432db3e10b1d3dd7e7589dc79aa2c1424e90959dc4f9d5ee3649,1bd3bd58a4c348947028b025e355f872c183ad3e15502ccf78ee06f8e7a42ba6,1bd3bd58a4c348947028b025e355f872c183ad3e15502ccf78ee06f8e7a42ba6,1,1,1817,0,0,,,
Labour,PAYEMS,3,after_week_2,2024-08,2024-08-14,Labour Factor Ridge,142,286.09737136586904,120.36747335133234,-165.7298980145367,-144.09737136586904,21.632526648667664,20764.052434553174,467.96620920531666,-20296.086225347859,144.09737136586904,21.632526648667664,-122.46484471720137,68ab36fad37d8d08cf9611ee2be678ce8b335aca49799811a4838a7bdc8c0a82,d1539eadabc181667319ac17d5a1f0f8a157bfdd9779024c2a1f00c1f4625c6c,c872c07c77ae27726a062f72bd3db5e45d6c3780a9eb8981ac94b001cb5344cb,c872c07c77ae27726a062f72bd3db5e45d6c3780a9eb8981ac94b001cb5344cb,1,1,1819,0,0,,,
Labour,PAYEMS,4,month_end,2024-08,2024-08-31,Labour Bridge Ridge,142,199.61239401290402,132.13065880488529,-67.481735208018733,-57.612394012904019,9.8693411951147141,3319.1879438980991,97.403895625588333,-3221.784048272511,57.612394012904019,9.8693411951147141,-47.743052817789305,732c63f7ec21aca5181fcbf6a7ce6e57eecc05a6e05ae98f806fe33824c84b98,32bbdb566a79ff73fefb8d05b974f260cb267d1b869792838d0bddd00eba38a3,24aa729d53f494bd65eb562696c57b77bacb76709fba3e9a5ba2f3167f42baa4,24aa729d53f494bd65eb562696c57b77bacb76709fba3e9a5ba2f3167f42baa4,1,1,1822,0,0,,,
Labour,PAYEMS,5,pre_employment_report,2024-08,2024-09-05,Labour Bridge Ridge,142,220.69524085918187,142.14037830230063,-78.554862556881233,-78.695240859181865,-0.14037830230063264,6192.9409338846472,0.019706067756807805,-6192.9212278168907,78.695240859181865,0.14037830230063264,-78.554862556881233,24a267aaceb23a104c9ca97b400f9fb58668961c2456c19611e82d7266e00b5e,91ba7fbfa9612df2ed661ce34ef93ed97381d76c5e60ee08e4ff2eab9354e15a,d3d6b7e57205b2af4d5dcb4cec9192481492d9042737798b26b8992d2df49a09,d3d6b7e57205b2af4d5dcb4cec9192481492d9042737798b26b8992d2df49a09,1,1,1824,0,0,,,
Labour,PAYEMS,1,month_open,2024-09,2024-09-01,Labour 12-Month Mean,254,215.16666666666666,151.25,-63.916666666666657,38.833333333333343,102.75,1508.0277777777785,10557.5625,9049.5347222222208,38.833333333333343,102.75,63.916666666666657,5fdfc5666824fdc0b1b10afc856fa2d9825c20b59931314ccf7bd7e9db343ae9,ae25254d1c377f5101783df17c6592fea9d7bee3128bb30bb71d881856707013,24aa729d53f494bd65eb562696c57b77bacb76709fba3e9a5ba2f3167f42baa4,24aa729d53f494bd65eb562696c57b77bacb76709fba3e9a5ba2f3167f42baa4,1,1,1822,0,0,,,
Labour,PAYEMS,2,after_week_1,2024-09,2024-09-07,Labour Bridge Ridge,254,180.63874355348511,134.64018148638206,-45.998562067103052,73.361256446514886,119.35981851361794,5381.8739474113218,14246.766275603812,8864.8923281924908,73.361256446514886,119.35981851361794,45.998562067103052,6630db4ba0d712d7c49345b6885e146b8167fbe90b0cd4a7afdcd4f8399bcfb9,5bd7647d3c359549ef62ce7b459916ed95e78100ce07673ee497d2616738e6af,18430e4c90b5ba42bd7fb3d2870a44951fdd0ea3079aa65e41cf5b9e686a8060,18430e4c90b5ba42bd7fb3d2870a44951fdd0ea3079aa65e41cf5b9e686a8060,1,1,1829,0,0,,,
Labour,PAYEMS,3,after_week_2,2024-09,2024-09-14,Labour Factor Ridge,254,185.47766100331177,70.653266142880881,-114.82439486043089,68.522338996688234,183.34673385711912,4695.3109415770614,33616.024816073274,28920.713874496214,68.522338996688234,183.34673385711912,114.82439486043089,814ee909d35ffc640fcbea52b33bfdb18fdaecd4e09d342999f2426fec159eec,31bfb7e58937937839969e81e5b8a5c5a016b33c849f4adcea234edaba3f2e18,14886977011a7d10ffe0a731359703a49f06e84e27558378c55932d3c67ada72,14886977011a7d10ffe0a731359703a49f06e84e27558378c55932d3c67ada72,1,1,1832,0,0,,,
Labour,PAYEMS,4,month_end,2024-09,2024-09-30,Labour Bridge Ridge,254,213.67031545924991,159.01767419701227,-54.652641262237637,40.329684540750094,94.982325802987731,1626.4834551564172,9021.6422149449081,7395.1587597884909,40.329684540750094,94.982325802987731,54.652641262237637,01cfebddb7a8f5d4de9b24b54aa2c3119e470edbe7ad3c651429945bc92b3825,fca5c353d7573ac14524cc4c76065ed29269e8db9f08c2bf9bb91c105e9e23d2,9399e59b0c220eed98483c5298b691a6090157cb1af819c7674e643195d7b6c6,9399e59b0c220eed98483c5298b691a6090157cb1af819c7674e643195d7b6c6,1,1,1837,0,0,,,
Labour,PAYEMS,5,pre_employment_report,2024-09,2024-10-03,Labour Bridge Ridge,254,298.8884839997815,158.7482331717182,-140.1402508280633,-44.888483999781499,95.251766828281802,2014.9759957986396,9072.8990839093658,7057.923088110726,44.888483999781499,95.251766828281802,50.363282828500303,85384614c03de2ae9110b37baa3cac585f55f2fcf76aaaa0322fc5ef4b037c14,dc27e9deb9ad86078819b2bd4c9922e4c8ff473ef98dc76c1d35581a3daa2a71,fb7ae2b67912b92816027434d88db885ab2a09f3a9f06a4ecd403a57a2c58cf5,fb7ae2b67912b92816027434d88db885ab2a09f3a9f06a4ecd403a57a2c58cf5,1,1,1842,0,0,,,
Labour,PAYEMS,1,month_open,2024-10,2024-10-01,Labour 12-Month Mean,12,196.5,124.66666666666667,-71.833333333333329,-184.5,-112.66666666666667,34040.25,12693.777777777779,-21346.472222222219,184.5,112.66666666666667,-71.833333333333329,f7b88be0eee7738e05aa6fee1d30c15c4a80e51c0331616978de0f0bbf3cedcb,79070ca6da48e438d8f82709b06e3edc032da908571873b95355c84a6f22f5cf,b7988bf6223e6cee949c07b81e5dad41bc067b35b54364fdda009d357627a902,b7988bf6223e6cee949c07b81e5dad41bc067b35b54364fdda009d357627a902,1,1,1840,0,0,,,
Labour,PAYEMS,2,after_week_1,2024-10,2024-10-07,Labour Bridge Ridge,12,282.76237474536919,164.07903750163146,-118.68333724373772,-270.76237474536919,-152.07903750163146,73312.263577751743,23128.033647422628,-50184.229930329115,270.76237474536919,152.07903750163146,-118.68333724373772,db7b7696e6aae99e7694dd5e1c58c95683a8d4964287ec1a555371478da90ebc,28213358d6326f9c04a5acc283b9fa1126db86d3970e204b11334f60c5799b71,058f39ed5648918af7ebf8b4192bc9d2e204e13f90338890324acab2c1d36fea,058f39ed5648918af7ebf8b4192bc9d2e204e13f90338890324acab2c1d36fea,1,1,1848,0,0,,,
Labour,PAYEMS,3,after_week_2,2024-10,2024-10-14,Labour Factor Ridge,12,253.75168924186622,230.25546649043855,-23.496222751427666,-241.75168924186622,-218.25546649043855,58443.879251295853,47635.448652958949,-10808.430598336905,241.75168924186622,218.25546649043855,-23.496222751427666,61b8d5b40194c98196c5f929ef9c999e7e018da38356e02462e8016b1c5c8cb9,278478dadaf5e9f0446126b91372d8e6f2510601cbe8547a1acd3189466b96a2,db1eed9167c7865b1beeb731de682572ddd9c2fb48440b0e04866aa92691545b,db1eed9167c7865b1beeb731de682572ddd9c2fb48440b0e04866aa92691545b,1,1,1849,0,0,,,
Labour,PAYEMS,4,month_end,2024-10,2024-10-31,Labour Bridge Ridge,12,173.57913250507511,108.52442743727428,-65.054705067800825,-161.57913250507511,-96.524427437274284,26107.816061092621,9316.9650920936292,-16790.850968998991,161.57913250507511,96.524427437274284,-65.054705067800825,bb84d013a9a2a7b27d5fe0aa8e8d9395b3a3d825ace33a5cbb55efc1207025e5,dc6ae188b27672aa141921550ba6f4845669bf51e89f776528b50f4b11c1584a,d785d1f2b3fac2f53518055122853dccbaeb123bf6237ae9617dee9fc3703941,d785d1f2b3fac2f53518055122853dccbaeb123bf6237ae9617dee9fc3703941,1,1,1857,0,0,,,
Labour,PAYEMS,5,pre_employment_report,2024-10,2024-10-31,Labour Bridge Ridge,12,173.57913250507511,108.52442743727428,-65.054705067800825,-161.57913250507511,-96.524427437274284,26107.816061092621,9316.9650920936292,-16790.850968998991,161.57913250507511,96.524427437274284,-65.054705067800825,bb84d013a9a2a7b27d5fe0aa8e8d9395b3a3d825ace33a5cbb55efc1207025e5,dc6ae188b27672aa141921550ba6f4845669bf51e89f776528b50f4b11c1584a,d785d1f2b3fac2f53518055122853dccbaeb123bf6237ae9617dee9fc3703941,d785d1f2b3fac2f53518055122853dccbaeb123bf6237ae9617dee9fc3703941,1,1,1857,0,0,,,
Labour,PAYEMS,1,month_open,2024-11,2024-11-01,Labour 12-Month Mean,227,193.83333333333334,124.58333333333333,-69.250000000000014,33.166666666666657,102.41666666666667,1100.0277777777771,10489.173611111111,9389.1458333333339,33.166666666666657,102.41666666666667,69.250000000000014,48f5e811c5e66226b53eaec64496c7be903b86ac794ef9d8d90efc169a49a304,c248dedfafc197d5fbd86a4e2373c79da53b5b452202b71aa5da564f6ac41ca3,4e28e10bf6e19ac35abd3c3a41f1ff1012521fe68af007042673df5c79e26c1a,4e28e10bf6e19ac35abd3c3a41f1ff1012521fe68af007042673df5c79e26c1a,1,1,1861,0,0,,,
Labour,PAYEMS,2,after_week_1,2024-11,2024-11-07,Labour Bridge Ridge,227,-146.00291769215949,-137.40322334707383,8.599694345085652,373.00291769215949,364.40322334707383,139131.17660686391,132789.70918573739,-6341.4674211265228,373.00291769215949,364.40322334707383,-8.599694345085652,96e1ec0cf077d79a876d72878c52811dd67fc548936fe8bc4d7a31f5c16a0d3d,3b397bd569b29ff240e6242cb453b9c9da85d4d218e90f76d81381c305e48565,c64c44d443dba8bae38f5c1ed93dc5ba400069953956521ca3079f14c902b887,c64c44d443dba8bae38f5c1ed93dc5ba400069953956521ca3079f14c902b887,1,1,1861,0,0,,,
Labour,PAYEMS,3,after_week_2,2024-11,2024-11-14,Labour Factor Ridge,227,-211.63726053004706,-224.99032216091152,-13.35306163086446,438.63726053004706,451.99032216091155,192402.64632530438,204295.2513271246,11892.605001820222,438.63726053004706,451.99032216091155,13.353061630864488,215c1be6722346fedf96008e93374abccf3a01c6c1ba6059675edd4b9ce324ea,68c2504e29687514d030b06f2ac5c8ac925f3d86a589c52bc75c3ddda2163da3,2f9478a9e3f79d5ff9a3f1e1e0e9295ccdebd0927467fcef5716315c2bf0f54e,2f9478a9e3f79d5ff9a3f1e1e0e9295ccdebd0927467fcef5716315c2bf0f54e,1,1,1863,0,0,,,
Labour,PAYEMS,4,month_end,2024-11,2024-11-30,Labour Bridge Ridge,227,-113.84891417152048,-110.83570694643014,3.0132072250903406,340.84891417152051,337.83570694643015,116177.98229190455,114132.96488799424,-2045.0174039103149,340.84891417152051,337.83570694643015,-3.0132072250903548,47f401181e8f074bd710761ba1e46076c3e0995fa29431b0fde81a166a48cb18,36086b195041aa5a9f4869644967c97e6d8e460eea6d906c9108d7bde0b5cce6,ba79437465c11ae8c07a4170756b5996f68baa19d7b46ea93f108d313ad623c8,ba79437465c11ae8c07a4170756b5996f68baa19d7b46ea93f108d313ad623c8,1,1,1868,0,0,,,
Labour,PAYEMS,5,pre_employment_report,2024-11,2024-12-05,Labour Bridge Ridge,227,-167.64851877955761,-108.84665991231101,58.801858867246594,394.64851877955761,335.846659912311,155747.45337489882,112792.97897425549,-42954.474400643332,394.64851877955761,335.846659912311,-58.801858867246608,8508c1e46daa20337ca3613a5e44f3d99c40f85a4a8627509a10a97d7b3f22b7,a2e0cff56f508dff31fdd37764e29159d5bf443baa72ef2dd78aafba60d58b64,7717ab2906370a4d1b510e3d8202cbcb66bf1b4e7a6c260b694854a84c5131e3,7717ab2906370a4d1b510e3d8202cbcb66bf1b4e7a6c260b694854a84c5131e3,1,1,1872,0,0,,,
Labour,PAYEMS,1,month_open,2024-12,2024-12-01,Labour 12-Month Mean,256,193.83333333333334,124.58333333333333,-69.250000000000014,62.166666666666657,131.41666666666669,3864.6944444444434,17270.340277777781,13405.645833333338,62.166666666666657,131.41666666666669,69.250000000000028,65bb2277f867bc39d04bd21dd903761138ec9b7b1607aa99aeb44ec8f6e16bc3,d8974492939836fe44c4a629dbf8dbb91bf52e3366dd23d025d2ce07fae8cc8b,ba79437465c11ae8c07a4170756b5996f68baa19d7b46ea93f108d313ad623c8,ba79437465c11ae8c07a4170756b5996f68baa19d7b46ea93f108d313ad623c8,1,1,1868,0,0,,,
Labour,PAYEMS,2,after_week_1,2024-12,2024-12-07,Labour Bridge Ridge,256,319.96642429115167,371.16335727851782,51.196932987366154,-63.966424291151668,-115.16335727851782,4091.7034365956383,13262.598859659543,9170.8954230639047,63.966424291151668,115.16335727851782,51.196932987366154,b12f8d34692d44fd7280401e60abc407818c59de8c6522a02b37f0100be55cdb,03114a5790257dce84a1b8242f4f21274d0ef2687c2c0e5b3a676d0dd90aae1d,f13e11124bb2246e962ba2ec46bce5c65e83022feaaec5070334c220fa4b1077,f13e11124bb2246e962ba2ec46bce5c65e83022feaaec5070334c220fa4b1077,1,1,1879,0,0,,,
Labour,PAYEMS,3,after_week_2,2024-12,2024-12-14,Labour Factor Ridge,256,648.54433939535511,421.44932232054884,-227.09501707480626,-392.54433939535511,-165.44932232054884,154091.05839133574,27373.478256328861,-126717.58013500688,392.54433939535511,165.44932232054884,-227.09501707480626,d3c3c0e7405a14727e41d886ce321ba0ab55bd204b29cf9a0eeaca5c20ea4ea8,1b0658c477ba280e4bad149e403850979f214ad0d2b4a9fe176613f0222a1bef,6bb6ff6763e1089cbb496d5292298391dff714d3c0a9c9a00c3238cebf631c8f,6bb6ff6763e1089cbb496d5292298391dff714d3c0a9c9a00c3238cebf631c8f,1,1,1881,0,0,,,
Labour,PAYEMS,4,month_end,2024-12,2024-12-31,Labour Bridge Ridge,256,331.54470502256078,382.0853755372961,50.540670514735325,-75.544705022560777,-126.0853755372961,5707.0024569457191,15897.521924380986,10190.519467435268,75.544705022560777,126.0853755372961,50.540670514735325,761459f7a6b227c41ed280a4a05d2437356630df52b11dc143100317fe789afd,51a58acfd4d8adda762ebe077cabefa256cdb771bef5b5b39e41588eb4ed21fb,5d1209bc2601d2630ec0ed97b5d8ddad4cbaf6eecaf989d3259a1f15fc533359,5d1209bc2601d2630ec0ed97b5d8ddad4cbaf6eecaf989d3259a1f15fc533359,1,1,1885,0,0,,,
Labour,PAYEMS,5,pre_employment_report,2024-12,2025-01-09,Labour Bridge Ridge,256,448.6194631163699,404.50859624540914,-44.110866870960763,-192.6194631163699,-148.50859624540914,37102.257571238588,22054.80315878195,-15047.454412456638,192.6194631163699,148.50859624540914,-44.110866870960763,a9d997314e99be04688b87f0fa8abb96895adeb156522b3fd9b3bf5733a710ce,cb5d982092e636a0277c725866a08b0489e91deb71353ab81f3515e404325a67,1f53b466d19694a7a89aed2c3a0eb1cf45b31490aa99641b5e359bf7ef3dd785,1f53b466d19694a7a89aed2c3a0eb1cf45b31490aa99641b5e359bf7ef3dd785,1,1,1891,0,0,,,
Labour,PAYEMS,1,month_open,2025-01,2025-01-01,Labour 12-Month Mean,143,185.75,114.08333333333333,-71.666666666666671,-42.75,28.916666666666671,1827.5625,836.17361111111143,-991.38888888888857,42.75,28.916666666666671,-13.833333333333329,232704b0d42e2a1666e5093bd494eef549eea6361b508fa98d4163161219c108,ea543234c76894fa82aa0c3be247928211b8b10d91b38e8ace44ffda3c569f0d,5d1209bc2601d2630ec0ed97b5d8ddad4cbaf6eecaf989d3259a1f15fc533359,5d1209bc2601d2630ec0ed97b5d8ddad4cbaf6eecaf989d3259a1f15fc533359,1,1,1885,0,0,,,
Labour,PAYEMS,2,after_week_1,2025-01,2025-01-07,Labour Bridge Ridge,143,408.02366429579359,290.44449954909015,-117.57916474670344,-265.02366429579359,-147.44449954909015,70237.542636769504,21739.880447281648,-48497.662189487855,265.02366429579359,147.44449954909015,-117.57916474670344,4922dff46c56aee99cc2df4e0191b2d1b1854b99292fc5080c21169b2a227bbe,b47cbfe862d540ce18162bd9f50e2b7eb86af1c4bb96d036ac20cee9c718852b,6450a4e885194b1a1fbfc67eaec220dfd3cbe43c65a226f1108e67e6d9722e8c,6450a4e885194b1a1fbfc67eaec220dfd3cbe43c65a226f1108e67e6d9722e8c,1,1,1889,0,0,,,
Labour,PAYEMS,3,after_week_2,2025-01,2025-01-14,Labour Factor Ridge,143,120.08789819743214,155.19412451523755,35.106226317805408,22.912101802567861,-12.194124515237547,524.96440901123344,148.69667269311734,-376.26773631811614,22.912101802567861,12.194124515237547,-10.717977287330314,4b93e5cdf0425cd1cc7f61e84aa17c7dca1aaf5c8808b9ff6e9e159f8e2eb790,a5e30d2fbf5f47d6436f9e72942cbbd5e993f6c79775f9e15b25c0fbee67a606,b7cd37edd3841e3140c1ce55a56db0bbb71bf35bfcf2607d10deed916f90bd40,b7cd37edd3841e3140c1ce55a56db0bbb71bf35bfcf2607d10deed916f90bd40,1,1,1872,0,0,,,
Labour,PAYEMS,4,month_end,2025-01,2025-01-31,Labour Bridge Ridge,143,291.41073908492024,154.94340242916667,-136.46733665575357,-148.41073908492024,-11.943402429166667,22025.747475732271,142.64486158502424,-21883.102614147247,148.41073908492024,11.943402429166667,-136.46733665575357,bc182377d8909f138a980f0f2af1a3b5342236e8fb97dc046d48ba4782727463,9bad95c19d3ce37af5bdb9a0c04f7099069d97219a76b1055bc132cf10d5e72f,6bb9f7760df8679fff4b7713b7d08763ce90dc7f342aaf621d3f9a0a31a0adc1,6bb9f7760df8679fff4b7713b7d08763ce90dc7f342aaf621d3f9a0a31a0adc1,1,1,1878,0,0,,,
Labour,PAYEMS,5,pre_employment_report,2025-01,2025-02-06,Labour Bridge Ridge,143,203.62715379779385,126.64865923022083,-76.978494567573023,-60.627153797793852,16.351340769779171,3675.6517776213495,267.36634496944248,-3408.2854326519073,60.627153797793852,16.351340769779171,-44.275813028014682,d7a1933298a6c1eafdc265f1fcaef2b01689992bda7854961bda82dd6f236d48,b08452ba14b821978735f53a55913ec93c303f32f92465bbcf309c9b4cf11366,3f377f1e650a56a8756597ad1f2e606f14910925e293d0501b00a909f7e5f8aa,3f377f1e650a56a8756597ad1f2e606f14910925e293d0501b00a909f7e5f8aa,1,1,1883,0,0,,,
Labour,PAYEMS,1,month_open,2025-02,2025-02-01,Labour 12-Month Mean,151,188.83333333333334,114.66666666666667,-74.166666666666671,-37.833333333333343,36.333333333333329,1431.3611111111118,1320.1111111111109,-111.25000000000091,37.833333333333343,36.333333333333329,-1.5000000000000142,54d87f057dbe572aa4d6800f9f043c021a1b5f0621ff2e5cb1ad699b26014af8,74a4289557e0e4821f95338a67b25b2ccbc560a5c1eaac14418ae3b02f1b7316,6bb9f7760df8679fff4b7713b7d08763ce90dc7f342aaf621d3f9a0a31a0adc1,6bb9f7760df8679fff4b7713b7d08763ce90dc7f342aaf621d3f9a0a31a0adc1,1,1,1878,0,0,,,
Labour,PAYEMS,2,after_week_1,2025-02,2025-02-07,Labour Bridge Ridge,151,326.04549720664903,220.18904052189708,-105.85645668475195,-175.04549720664903,-69.189040521897084,30640.926092322974,4787.1233283407164,-25853.802763982258,175.04549720664903,69.189040521897084,-105.85645668475195,93edd098120094468c12061d68adb07729e2994766c3600755c23d0b76750c61,9bba1820c124ec2e5343212f83da635e016625fb4463f0c0ef6f8b738fa5e812,c9b483aa9f309c04f9c75a4ad154511a7d7dfbc17f8e2ac70a71aa4abe538fc2,c9b483aa9f309c04f9c75a4ad154511a7d7dfbc17f8e2ac70a71aa4abe538fc2,1,1,1338,0,0,,,
Labour,PAYEMS,3,after_week_2,2025-02,2025-02-14,Labour Factor Ridge,151,28.143197932514596,-3.0199485672884947,-31.163146499803091,122.8568020674854,154.01994856728851,15093.793814249286,23722.144556670199,8628.3507424209129,122.8568020674854,154.01994856728851,31.163146499803105,22b8da27f748fc8795008423c52ac6d06223d40a9b614318c2cdfde7d1a7f7e4,f4337c4dd1e72c0579c0e7cc926351c81faf3e34feb0445023e4c633bfbe32a8,9d0f8b029a82dc5f7587929ed4e257331e8c75280dd36ad7050158cddd343f38,9d0f8b029a82dc5f7587929ed4e257331e8c75280dd36ad7050158cddd343f38,1,1,1340,0,0,,,
Labour,PAYEMS,4,month_end,2025-02,2025-02-28,Labour Bridge Ridge,151,345.89650321701038,242.1893942958921,-103.70710892111828,-194.89650321701038,-91.1893942958921,37984.646966218133,8315.5056320516778,-29669.141334166456,194.89650321701038,91.1893942958921,-103.70710892111828,008dc5003c888083c121f90abe86553ff4e5ca7037c97c44fa1bdda536129088,3250ff0b740dc0db1fbae7680f0af97f0fe0b97672ad0defa68bcada1f50655b,5c5fc27bf2d99e61dd339299943864813a6234d8108000be672135fb9a45b69f,5c5fc27bf2d99e61dd339299943864813a6234d8108000be672135fb9a45b69f,1,1,1344,0,0,,,
Labour,PAYEMS,5,pre_employment_report,2025-02,2025-03-06,Labour Bridge Ridge,151,336.92306178534875,231.68721750285368,-105.23584428249507,-185.92306178534875,-80.687217502853684,34567.384903638609,6510.4270683528175,-28056.957835285793,185.92306178534875,80.687217502853684,-105.23584428249507,9ffd3f9202ace8cf1da7b1c03d131c29c1c9dd1d8971d2ee9f2081b84239a5a3,513d55cd400ecb52c9f566c13d3032f39e7e78b54757690b55a71388c58ee6dc,b0b946ea49424940cf94b0028e53f3ec9a74fe1db3ddccdd5eba06dabc96f85b,b0b946ea49424940cf94b0028e53f3ec9a74fe1db3ddccdd5eba06dabc96f85b,1,1,1346,0,0,,,
Labour,PAYEMS,1,month_open,2025-03,2025-03-01,Labour 12-Month Mean,228,166.33333333333334,121.58333333333333,-44.750000000000014,61.666666666666657,106.41666666666667,3802.7777777777765,11324.506944444445,7521.7291666666688,61.666666666666657,106.41666666666667,44.750000000000014,1bc4c18efc619ff94240cac4cabc8566a6add3141589d781de955ac10217975e,3e59e3c2fc7696c51e729001353d0d35f2301b48aeea3b53fb233c4848156707,5c5fc27bf2d99e61dd339299943864813a6234d8108000be672135fb9a45b69f,5c5fc27bf2d99e61dd339299943864813a6234d8108000be672135fb9a45b69f,1,1,1344,0,0,,,
Labour,PAYEMS,2,after_week_1,2025-03,2025-03-07,Labour Bridge Ridge,228,138.7157918335987,83.268876152471066,-55.446915681127635,89.284208166401299,144.73112384752892,7971.6698279012808,20947.098210168755,12975.428382267473,89.284208166401299,144.73112384752892,55.446915681127621,054bd2f0a117ba037ef1e61ffa5443e5c43f4a7ac0859433ffb20157ae45a464,d6a13e63598400dcb86340e031dca0bfc3b678a7d7cee04632db039db23361ff,2e58c9211009bf8114191f36127945d7fc6c63eaed8d8f4950710ed611148d0e,2e58c9211009bf8114191f36127945d7fc6c63eaed8d8f4950710ed611148d0e,1,1,1353,0,0,,,
Labour,PAYEMS,3,after_week_2,2025-03,2025-03-14,Labour Factor Ridge,228,491.78746208794672,306.61327982043218,-185.17418226751454,-263.78746208794672,-78.613279820432183,69583.825154799924,6180.0477641255702,-63403.777390674353,263.78746208794672,78.613279820432183,-185.17418226751454,9cf450f9b31e54e708500e903cf3587e84972f39f67c485e2e322be211f2980e,754262ef1ee565a986e35818526261ab38f57af525b7acfa4a10af650e8110cb,51632af9cc90ac4f5335a775c46ef934fbe52fa731b7ef67fc24dbe9c3c8c09b,51632af9cc90ac4f5335a775c46ef934fbe52fa731b7ef67fc24dbe9c3c8c09b,1,1,1337,0,0,,,
Labour,PAYEMS,4,month_end,2025-03,2025-03-31,Labour Bridge Ridge,228,-23.002503040640917,0.53188795410956402,23.534390994750481,251.00250304064093,227.46811204589045,63002.256532666957,51741.741997721772,-11260.514534945185,251.00250304064093,227.46811204589045,-23.534390994750481,bc04457d4517591c1730c971e9ba798296295a2942edca566dc5fb768e1ee180,024df6cbfadb250829c9dd8953a0a62dbd214f168c4c13a3e2d65f20ae95dd1d,615d784aa47b867b4e2a5babf7087ac4dca9b4c45a7c74531b51d28ab8fd6c27,615d784aa47b867b4e2a5babf7087ac4dca9b4c45a7c74531b51d28ab8fd6c27,1,1,1252,0,0,,,
Labour,PAYEMS,5,pre_employment_report,2025-03,2025-04-03,Labour Bridge Ridge,228,40.165751813369162,5.7425523096573841,-34.423199503711778,187.83424818663084,222.25744769034262,35281.704791836833,49398.373053825388,14116.668261988554,187.83424818663084,222.25744769034262,34.423199503711771,31ea4c9aa3e553fd66fc90d0dd85528f33587c204bc8248b227aca4b2e36df5d,314be6741d9dc84422cfee0619db540827beb438f18f6c48368d9018bd8e0f2a,c6fd67da7789ea11447a080d046347aad3fe590865bd91172b469d4412622062,c6fd67da7789ea11447a080d046347aad3fe590865bd91172b469d4412622062,1,1,1255,0,0,,,
Labour,PAYEMS,1,month_open,2025-04,2025-04-01,Labour 12-Month Mean,177,162.25,89.333333333333329,-72.916666666666671,14.75,87.666666666666671,217.5625,7685.4444444444453,7467.8819444444453,14.75,87.666666666666671,72.916666666666671,79549f7da5fac61d28805e92085456fd205ab626655c43ab48524b9d93b3ead2,3b7e116698da4e0fc9ec45b1989dd0c49b04f8ddef5b908400bdabad37f12436,b60aef71ff1f77078ec9d9c9eb0805d690e1dc78a8a25372cc56fb6a770c7e73,b60aef71ff1f77078ec9d9c9eb0805d690e1dc78a8a25372cc56fb6a770c7e73,1,1,1252,0,0,,,
Labour,PAYEMS,2,after_week_1,2025-04,2025-04-07,Labour Bridge Ridge,177,250.13243234500698,173.74555932093426,-76.386873024072713,-73.132432345006976,3.2544406790657376,5348.3526606970227,10.59138413355786,-5337.7612765634649,73.132432345006976,3.2544406790657376,-69.877991665941238,38f9c3fd6b2e04c3e040adaa16477edc05783a6cc9be160a94499d836679f8b9,dbd7240f6b303a7228bfe5c9e8d41168f488c552f4cefef148b8bdf90e7b6a22,7f6bd5d08f2267a799a47dde07a2ef54e173064d80a4ed6650fc0c6d9de8105c,7f6bd5d08f2267a799a47dde07a2ef54e173064d80a4ed6650fc0c6d9de8105c,1,1,1260,0,0,,,
Labour,PAYEMS,3,after_week_2,2025-04,2025-04-14,Labour Factor Ridge,177,228.15619163587593,204.60390532522189,-23.55228631065404,-51.156191635875928,-27.603905325221888,2616.9559426864621,761.97558920381334,-1854.9803534826488,51.156191635875928,27.603905325221888,-23.55228631065404,9a23e979555fdbc6d14c6e1f43c1d3c6518de5890fe29d3f9aa359c8ccdec8a4,a06d850060ef2d286d95f6685d36d16183e60c418873b5eb7a209901bb4fae79,83c3a94c6c9b9c77e35d9e600bb82cd711978f718bffbb27661913a7295a9a93,83c3a94c6c9b9c77e35d9e600bb82cd711978f718bffbb27661913a7295a9a93,1,1,1261,0,0,,,
Labour,PAYEMS,4,month_end,2025-04,2025-04-30,Labour Bridge Ridge,177,249.48552937902153,146.77831798560464,-102.70721139341688,-72.485529379021528,30.221682014395356,5254.1519693569935,913.35006377922775,-4340.8019055777659,72.485529379021528,30.221682014395356,-42.263847364626173,6dcf1b1fbb1683899ae0571023bb9a23c38b5900f187f0d317ccba88c6a32075,fba7978e42c7de94e5aaea590f127fb5d3631712f10fdda49a0f8ce2d0a3a1e3,8051239d1085c9cdc75116a0264d25a929627d057103fc1869159e22bf90de77,8051239d1085c9cdc75116a0264d25a929627d057103fc1869159e22bf90de77,1,1,1269,0,0,,,
Labour,PAYEMS,5,pre_employment_report,2025-04,2025-05-01,Labour Bridge Ridge,177,232.54145993671855,130.01535365203233,-102.52610628468622,-55.541459936718553,46.984646347967669,3084.8537719021119,2207.5569924435918,-877.29677945852018,55.541459936718553,46.984646347967669,-8.5568135887508845,75104d601135eddf8c1e3b6c360c34a122a3c061b69b7fae10f981935160c092,f22401f367d285cb072c99c83c8e828ee14f111803969c3ca45b4fb4773f9d62,7f92345671df601d440d40143cd7b083bdcf153c795914858e59fcb96a02825c,7f92345671df601d440d40143cd7b083bdcf153c795914858e59fcb96a02825c,1,1,1271,0,0,,,
Labour,PAYEMS,1,month_open,2025-05,2025-05-01,Labour 12-Month Mean,139,156.75,75.916666666666671,-80.833333333333329,-17.75,63.083333333333329,315.0625,3979.5069444444439,3664.4444444444439,17.75,63.083333333333329,45.333333333333329,75104d601135eddf8c1e3b6c360c34a122a3c061b69b7fae10f981935160c092,f22401f367d285cb072c99c83c8e828ee14f111803969c3ca45b4fb4773f9d62,7f92345671df601d440d40143cd7b083bdcf153c795914858e59fcb96a02825c,7f92345671df601d440d40143cd7b083bdcf153c795914858e59fcb96a02825c,1,1,1271,0,0,,,
Labour,PAYEMS,2,after_week_1,2025-05,2025-05-07,Labour Bridge Ridge,139,201.97871484678905,70.271685410977213,-131.70702943581182,-62.978714846789046,68.728314589022787,3966.318523753167,4723.581226247682,757.262702494515,62.978714846789046,68.728314589022787,5.749599742233741,1277a270d8450380abcfaaad3ec190cb54f3a176d3573292c5ab982d2593bc8e,8b1a9f8ebdde3c23feaafdae3ed83bc7be12c02b573240505b1f5189c2f79cb3,474c8c7b39686cfd3e49b921a0d8ed82917cc6856a8bb249a5a75fd00045617c,474c8c7b39686cfd3e49b921a0d8ed82917cc6856a8bb249a5a75fd00045617c,1,1,1276,0,0,,,
Labour,PAYEMS,3,after_week_2,2025-05,2025-05-14,Labour Factor Ridge,139,212.217829370473,357.21820301252228,145.00037364204928,-73.217829370472998,-218.21820301252228,5360.8505377236988,47619.184126014385,42258.333588290683,73.217829370472998,218.21820301252228,145.00037364204928,213c183aeee6eec37fe9f7d97708b57570c27ee87cfb24ea035a6736a5562a7f,52e326e000f9c8ca344f129bd8c7c3482afad891714959708a5b3077719b1f90,1cfeaa3d98e062ced7ae9d2e0114a9441057211cc20e41d2ecb67c2281230fcf,1cfeaa3d98e062ced7ae9d2e0114a9441057211cc20e41d2ecb67c2281230fcf,1,1,1277,0,0,,,
Labour,PAYEMS,4,month_end,2025-05,2025-05-31,Labour Bridge Ridge,139,188.16837339056192,56.124945792685764,-132.04342759787616,-49.168373390561925,82.875054207314236,2417.5289418737179,6868.2746098652733,4450.7456679915558,49.168373390561925,82.875054207314236,33.706680816752311,8814e19f98ccf79260e2df771557f49f21b55de93e6451e4f28fc8adfb2e4008,8f6b4e74d4ec8341817330cc901a60c9a1dce7ec55a1bc3a7e1aa5cfedaaa081,4731150bc46d9e3ecbdbcdcbb685846e2093badfdc94e4887797cf5acda76c11,4731150bc46d9e3ecbdbcdcbb685846e2093badfdc94e4887797cf5acda76c11,1,1,1285,0,0,,,
Labour,PAYEMS,5,pre_employment_report,2025-05,2025-06-05,Labour Bridge Ridge,139,234.46400800548355,148.78919462221205,-85.674813383271498,-95.464008005483549,-9.7891946222120509,9113.3768244710263,95.828331351545344,-9017.5484931194806,95.464008005483549,9.7891946222120509,-85.674813383271498,67b0243a3d7a58d67ae63e1e4f7c7e9ac44ec4b6923aa2f940a86dde6890a140,e14258bdb5f0de0960da1df8567b88d885a33b8d97e81da5b601ae794b6300cc,c06e67be5d6e99572044567a5cebebe436a6098e3b9905f94bcafea0b954886b,c06e67be5d6e99572044567a5cebebe436a6098e3b9905f94bcafea0b954886b,1,1,1288,0,0,,,
Labour,PAYEMS,1,month_open,2025-06,2025-06-01,Labour 12-Month Mean,147,151.91666666666666,75.916666666666671,-75.999999999999986,-4.9166666666666572,71.083333333333329,24.173611111111018,5052.8402777777774,5028.6666666666661,4.9166666666666572,71.083333333333329,66.166666666666671,02b6774eb3f19b903187739584a159e96a8d8e7537de832aabd525a17ab6b6b0,944062a5400d31571e433688a8dea78933f558bec472d3d0df6c08a152528556,4731150bc46d9e3ecbdbcdcbb685846e2093badfdc94e4887797cf5acda76c11,4731150bc46d9e3ecbdbcdcbb685846e2093badfdc94e4887797cf5acda76c11,1,1,1285,0,0,,,
Labour,PAYEMS,2,after_week_1,2025-06,2025-06-07,Labour Bridge Ridge,147,90.232851172730633,153.29769243753537,63.064841264804741,56.767148827269367,-6.2976924375353747,3222.5091859773497,39.660930037790251,-3182.8482559395593,56.767148827269367,6.2976924375353747,-50.469456389733992,83beda7e8df1fea8713ab210f3e177bf0993ab54a8305a67d5576a637bd589a8,103c9c307ec81439cd436db8860ab229243c99a38bc05b9d4b391f61b96df0a8,9fee01e97b4a6f3011462fdb87051003aad9c183413554484b3a2015a425f8b3,9fee01e97b4a6f3011462fdb87051003aad9c183413554484b3a2015a425f8b3,1,1,1294,0,0,,,
Labour,PAYEMS,3,after_week_2,2025-06,2025-06-14,Labour Factor Ridge,147,52.57208625696029,-65.335334821195516,-117.90742107815581,94.42791374303971,212.33533482119552,8916.6308938629481,45086.294413629206,36169.663519766254,94.42791374303971,212.33533482119552,117.90742107815581,2564788b5d1c10d7b86de0010b313903faea9132d4a494b277bcf0770590cc5b,d92e1ec88db555c06885eace20cf4c0e4b51142d71b933a3ffecf998db07b5ea,9746c28fafbaf64bd1b72c7e0e6fd861e5d547a1ef1b09059550389af29ce3d6,9746c28fafbaf64bd1b72c7e0e6fd861e5d547a1ef1b09059550389af29ce3d6,1,1,1296,0,0,,,
Labour,PAYEMS,4,month_end,2025-06,2025-06-30,Labour Bridge Ridge,147,62.270688388203311,137.1665806053517,74.895892217148386,84.729311611796689,9.8334193946483026,7179.0562462089456,96.696136991045393,-7082.3601092179006,84.729311611796689,9.8334193946483026,-74.895892217148386,7b456dd2caa6006bbe768b4f8f087f1aeecd143f3c5cc3fa1bebc2b73e5c09d3,b4d08456ed85a05438afec6481bcb32ca340cd2516e2a7b1e287edf18dbd2600,e624e36e5beae667e9373aca0d207a0cc27f8937b8dcadce81bf1ffcf52d6138,e624e36e5beae667e9373aca0d207a0cc27f8937b8dcadce81bf1ffcf52d6138,1,1,1300,0,0,,,
Labour,PAYEMS,5,pre_employment_report,2025-06,2025-07-02,Labour Bridge Ridge,147,21.283617044294161,66.539450783473626,45.255833739179465,125.71638295570584,80.460549216526374,15804.608943465686,6473.8999802250628,-9330.7089632406241,125.71638295570584,80.460549216526374,-45.255833739179465,78d55cfdf9cd0d23d2462d64acbbde0fa06facc98833bfd6d481ac34ca86290b,070f85f8af932b1369393a73ca3b60c81a77d2b6f731c9ded86976710c0d29a3,05e2d74ef10d9413ab1265ff1c227cac7e85f89153df814a15c3f113daecfdde,05e2d74ef10d9413ab1265ff1c227cac7e85f89153df814a15c3f113daecfdde,1,1,1301,0,0,,,
Labour,PAYEMS,1,month_open,2025-07,2025-07-01,Labour 12-Month Mean,73,144.41666666666666,74.166666666666671,-70.249999999999986,-71.416666666666657,-1.1666666666666714,5100.3402777777765,1.3611111111111223,-5098.9791666666652,71.416666666666657,1.1666666666666714,-70.249999999999986,b6b9c06c653e60e89f358828ec8730bc4e680f2fe36784bafa9d410e93efd003,43f81ad8381fd68761bd12d3a745e744121d61feeedfb6c5d2c543b4b0d3fb02,05e2d74ef10d9413ab1265ff1c227cac7e85f89153df814a15c3f113daecfdde,05e2d74ef10d9413ab1265ff1c227cac7e85f89153df814a15c3f113daecfdde,1,1,1301,0,0,,,
Labour,PAYEMS,2,after_week_1,2025-07,2025-07-07,Labour Bridge Ridge,73,-3.007726467050972,-65.368689979808181,-62.360963512757209,76.007726467050972,138.36868997980818,5777.1744826900413,19145.894366728269,13368.719884038228,76.007726467050972,138.36868997980818,62.360963512757209,fcaf5bc138fe2f3332d5d1509669235199f952e3a2960a20504ac231e8463b50,be9dc394a200ea2f96d794dfdfeff8e9237a7a62344abe9f665fa421eb1f93e1,8eb1ffb708eb13811cc9cff09eb29a2b80baa96b4be256c2c0229bcbd0bfd566,8eb1ffb708eb13811cc9cff09eb29a2b80baa96b4be256c2c0229bcbd0bfd566,1,1,1309,0,0,,,
Labour,PAYEMS,3,after_week_2,2025-07,2025-07-14,Labour Factor Ridge,73,452.67370237916543,404.93748802252981,-47.736214356635628,-379.67370237916543,-331.93748802252981,144152.1202783031,110182.49595470712,-33969.624323595985,379.67370237916543,331.93748802252981,-47.736214356635628,1d642d82148daeb467d53ad4ca7cb5a0683458f104637af0db56793bf314b3b7,ef2f28f756769b95c94fafc77daf878840107ec4d1ad3e35f064659f6037a639,ec8ba1ccdd55546c6074a87d90aca8af770bd515bdcfbeb406e592b5295b31f1,ec8ba1ccdd55546c6074a87d90aca8af770bd515bdcfbeb406e592b5295b31f1,1,1,1311,0,0,,,
Labour,PAYEMS,4,month_end,2025-07,2025-07-31,Labour Bridge Ridge,73,105.32402562631216,3.6112122285322386,-101.71281339777993,-32.324025626312164,69.388787771467761,1044.8426326904855,4814.8038683937939,3769.9612357033084,32.324025626312164,69.388787771467761,37.064762145155598,4d961af8bf48247227b9886247f41c6245bc2a7c214e9b6a5e509260eb549c2a,a726f46eb381ff44e59ea33c151384508d789e04b72cc93ab65aabf7deeb813d,12db9e7dbc905b2d4a19bc376f932398818c5fe212d669b78fa74d30c2900524,12db9e7dbc905b2d4a19bc376f932398818c5fe212d669b78fa74d30c2900524,1,1,1319,0,0,,,
Labour,PAYEMS,5,pre_employment_report,2025-07,2025-07-31,Labour Bridge Ridge,73,105.32402562631216,3.6112122285322386,-101.71281339777993,-32.324025626312164,69.388787771467761,1044.8426326904855,4814.8038683937939,3769.9612357033084,32.324025626312164,69.388787771467761,37.064762145155598,4d961af8bf48247227b9886247f41c6245bc2a7c214e9b6a5e509260eb549c2a,a726f46eb381ff44e59ea33c151384508d789e04b72cc93ab65aabf7deeb813d,12db9e7dbc905b2d4a19bc376f932398818c5fe212d669b78fa74d30c2900524,12db9e7dbc905b2d4a19bc376f932398818c5fe212d669b78fa74d30c2900524,1,1,1319,0,0,,,
Labour,PAYEMS,1,month_open,2025-08,2025-08-01,Labour 12-Month Mean,22,129.25,65.25,-64,-107.25,-43.25,11502.5625,1870.5625,-9632,107.25,43.25,-64,2fcac741c98a87ac4181a30967023a1886f8e59147a4827b2b0a1f5ab8858d18,abd8e5a16367cfce44a86e9cae91fb21c79f6c8c0ecb418c3866d37bfea13e27,20c9c0a54a51c2eb36cbe40d564255c438077d02d64b3b36b8c7cf37c1462209,20c9c0a54a51c2eb36cbe40d564255c438077d02d64b3b36b8c7cf37c1462209,1,1,1325,0,0,,,
Labour,PAYEMS,2,after_week_1,2025-08,2025-08-07,Labour Bridge Ridge,22,322.99612090524283,268.33202505126383,-54.664095853979006,-300.99612090524283,-246.33202505126383,90598.664800003564,60679.46656585647,-29919.198234147094,300.99612090524283,246.33202505126383,-54.664095853979006,e96b583c044cdd4e56c565cfe33c2b2a448d1affd9b2a1d4f123434714f8f419,5c173683f4c6525435f6b64bc66ba88d77a8fa8e577c05e6fa6a79b65f584f90,662959e08945791a0692bfdfd8dffc8dfd9faac0608223610e324f47bc84fc44,662959e08945791a0692bfdfd8dffc8dfd9faac0608223610e324f47bc84fc44,1,1,1324,0,0,,,
Labour,PAYEMS,3,after_week_2,2025-08,2025-08-14,Labour Factor Ridge,22,291.95107103239002,322.88542301545579,30.934351983065767,-269.95107103239002,-300.88542301545579,72873.580751534479,90532.037783189764,17658.457031655285,269.95107103239002,300.88542301545579,30.934351983065767,c3f066641b9fa527f7df4b280e9f7960a407b74c79d35fc133459acfda7eae9c,159e8619757e9a6bf2cc25cac15cdc1294f7b19d2d394b67a3d14d61d999307c,a467bc7e788abecc4cdddfc163e74178e3c21902504d20db83d38dd4362b8775,a467bc7e788abecc4cdddfc163e74178e3c21902504d20db83d38dd4362b8775,1,1,1326,0,0,,,
Labour,PAYEMS,4,month_end,2025-08,2025-08-31,Labour Bridge Ridge,22,318.48666623755435,265.83245179528672,-52.65421444226763,-296.48666623755435,-243.83245179528672,87904.343256658947,59454.264548500818,-28450.078708158129,296.48666623755435,243.83245179528672,-52.65421444226763,6c62b6995120e86b0d022a54a9fe4b3b17a236c6a063d185b725ab3453847f74,1545a6b3a5fde37fb1a35baba0b60870ee231e3e9453b9823f9bd084d4e7a271,cc629d80a538dad0b3170307b356caf0fc70beb055fa21a212f6ac03ca468122,cc629d80a538dad0b3170307b356caf0fc70beb055fa21a212f6ac03ca468122,1,1,1329,0,0,,,
Labour,PAYEMS,5,pre_employment_report,2025-08,2025-09-04,Labour Bridge Ridge,22,327.90283703511193,296.53041843637845,-31.372418598733475,-305.90283703511193,-274.53041843637845,93576.545706130244,75366.950646853045,-18209.595059277199,305.90283703511193,274.53041843637845,-31.372418598733475,bc9a81409939e0bfa9d677aeb16622edab37721b5b13a6522d9bb51234d21353,36f41cfa146534bd1e59d89e36602372876f03f86a2a9a49e9604a4f697c5cd7,cafcf0447a29a5e1054fce6c531b843593ae5a6f8afc7633a6b8365664389523,cafcf0447a29a5e1054fce6c531b843593ae5a6f8afc7633a6b8365664389523,1,1,1332,0,0,,,
Labour,PAYEMS,1,month_open,2025-09,2025-09-01,Labour 12-Month Mean,119,129.25,65.25,-64,-10.25,53.75,105.0625,2889.0625,2784,10.25,53.75,43.5,56a43cb6d4a83f7018a9e5c08194f26e20ec8059795f73a8315391ae48e158a9,c2fa5118744a6d75f334ca458eacf83ee5accfab01177c6835b65d9ae1c9b2bc,cc629d80a538dad0b3170307b356caf0fc70beb055fa21a212f6ac03ca468122,cc629d80a538dad0b3170307b356caf0fc70beb055fa21a212f6ac03ca468122,1,1,1329,0,0,,,
Labour,PAYEMS,2,after_week_1,2025-09,2025-09-07,Labour Bridge Ridge,119,56.874462321106797,92.439855207761482,35.565392886654685,62.125537678893203,26.560144792238518,3859.5824318915788,705.44129138467486,-3154.1411405069039,62.125537678893203,26.560144792238518,-35.565392886654685,de2edea823cb93c6737bf52e436d82048db9488695b8cfe07863468096cba4a0,25c3c2e93f80c3bbc969536e4ef3629d309dea8b97f480312ae284c1254df25d,bdee02706f2ca469bfe5da6fca2d1803bf2e9d18dfdace57b5df8eda8aae8277,bdee02706f2ca469bfe5da6fca2d1803bf2e9d18dfdace57b5df8eda8aae8277,1,1,1337,0,0,,,
Labour,PAYEMS,3,after_week_2,2025-09,2025-09-14,Labour Factor Ridge,119,172.41413208866464,110.86050226350785,-61.55362982515679,-53.414132088664644,8.1394977364921459,2853.0695067853139,66.251423402360771,-2786.8180833829533,53.414132088664644,8.1394977364921459,-45.274634352172498,fb1375351bcb66a8ebe84262496380f7546d5de53dce37c8bb491382c2e5a504,605a87ad296187ea1dc39dc51361964e84ceeee3f9f20c20a9809d72beecc059,b234f2223ab965103b2f9eca2dd5e7027cb9cb837001cd1e4c27b2f75aeb3d33,b234f2223ab965103b2f9eca2dd5e7027cb9cb837001cd1e4c27b2f75aeb3d33,1,1,1338,0,0,,,
Labour,PAYEMS,4,month_end,2025-09,2025-09-30,Labour Bridge Ridge,119,92.931132931112614,71.156960103726121,-21.774172827386494,26.068867068887386,47.843039896273879,679.58583025532118,2288.9564665164539,1609.3706362611329,26.068867068887386,47.843039896273879,21.774172827386494,8370e6bddaf1ac9bdd5f8039854e4d3bf31c27979ed1408ff01f7f76beffc2e6,48699a038072c3126390f9521eed5ef9143387c8e70a3f1d03319899a047249e,a9a44d85c2de82d65d573c130ba05fa5fd8dfc2ea98aa47b34b6b0e0cbaa17be,a9a44d85c2de82d65d573c130ba05fa5fd8dfc2ea98aa47b34b6b0e0cbaa17be,1,1,1344,0,0,,,
Labour,PAYEMS,5,pre_employment_report,2025-09,2025-11-19,Labour Bridge Ridge,119,92.931132931112614,71.156960103726121,-21.774172827386494,26.068867068887386,47.843039896273879,679.58583025532118,2288.9564665164539,1609.3706362611329,26.068867068887386,47.843039896273879,21.774172827386494,5a7cfc6a74b6b09b4fa07ebbd9b0e05841092b974ddb2f28af3796f79fcda4f3,8c9cfaf555f6ab06c819eba74360bdb6b79a7d4a71a95e200c958bf8cef7a21b,a9a44d85c2de82d65d573c130ba05fa5fd8dfc2ea98aa47b34b6b0e0cbaa17be,a9a44d85c2de82d65d573c130ba05fa5fd8dfc2ea98aa47b34b6b0e0cbaa17be,1,1,1344,0,0,,,
Labour,PAYEMS,1,month_open,2025-10,2025-10-01,Labour 12-Month Mean,-105,122.16666666666667,59.583333333333336,-62.583333333333336,-227.16666666666669,-164.58333333333334,51604.694444444453,27087.673611111113,-24517.020833333339,227.16666666666669,164.58333333333334,-62.583333333333343,52ea09ee5653c4b92176fe231383636eec9c7a0aabcb0a20f703476593b0a995,755296ee579b4ccc46ef91d9436dae5a20796fe0a09f60aefaa058bdf144b9e9,a9a44d85c2de82d65d573c130ba05fa5fd8dfc2ea98aa47b34b6b0e0cbaa17be,a9a44d85c2de82d65d573c130ba05fa5fd8dfc2ea98aa47b34b6b0e0cbaa17be,1,1,1344,0,0,,,
Labour,PAYEMS,2,after_week_1,2025-10,2025-10-07,Labour Bridge Ridge,-105,95.773044196184742,14.875929863412694,-80.897114332772048,-200.77304419618474,-119.87592986341269,40309.81527580315,14370.23856061784,-25939.576715185311,200.77304419618474,119.87592986341269,-80.897114332772048,360b1bf55e81a63dface52829e6e00ba960cea56442717def8f2f6b1f1a7555d,4dae453cae25d50ef7e50e5eff25c21099685adf11859a8d12ee0140c7fc89b7,a9a44d85c2de82d65d573c130ba05fa5fd8dfc2ea98aa47b34b6b0e0cbaa17be,a9a44d85c2de82d65d573c130ba05fa5fd8dfc2ea98aa47b34b6b0e0cbaa17be,1,1,1344,0,0,,,
Labour,PAYEMS,3,after_week_2,2025-10,2025-10-14,Labour Factor Ridge,-105,163.29742977335496,179.74835631560433,16.450926542249363,-268.29742977335496,-284.74835631560433,71983.510822988334,81081.626424438364,9098.1156014500302,268.29742977335496,284.74835631560433,16.450926542249363,fb99f5e2d83988b21675b8e517a9d2ad3e1e5dbf58c99242db9372de579fc9de,3971979998b14d656fe014dd0ec2414300c3ce79f90de42cc3442a0aa1646825,a9a44d85c2de82d65d573c130ba05fa5fd8dfc2ea98aa47b34b6b0e0cbaa17be,a9a44d85c2de82d65d573c130ba05fa5fd8dfc2ea98aa47b34b6b0e0cbaa17be,1,1,1344,0,0,,,
Labour,PAYEMS,4,month_end,2025-10,2025-10-31,Labour Bridge Ridge,-105,95.773044196184742,14.875929863412694,-80.897114332772048,-200.77304419618474,-119.87592986341269,40309.81527580315,14370.23856061784,-25939.576715185311,200.77304419618474,119.87592986341269,-80.897114332772048,9de3aa1627a6c212eec7e285c9949b1a9f5f06e5b9d4a1f7141ab72ba522eb0a,8a0790343baa25479495f20196b7f539cc26fea6966f23fad57d6caebe2fd436,a9a44d85c2de82d65d573c130ba05fa5fd8dfc2ea98aa47b34b6b0e0cbaa17be,a9a44d85c2de82d65d573c130ba05fa5fd8dfc2ea98aa47b34b6b0e0cbaa17be,1,1,1344,0,0,,,
Labour,PAYEMS,5,pre_employment_report,2025-10,2025-12-15,Labour Bridge Ridge,-105,101.53886600268322,44.214664501700966,-57.324201500982255,-206.53886600268322,-149.21466450170095,42658.303169674335,22265.016102355174,-20393.287067319161,206.53886600268322,149.21466450170095,-57.324201500982269,f98a1afbb63fe46a326528c231b267a54ab54163e5726a6c2ac0f36fad7972c3,ebddbd35aa71d58b6eb29b6f40753229ca140fc49b8edb64bb3261b2cb1aef46,dead410bbf5ec2918ee54dfb02c8140410de8c03ffb9ac8cef92136c3c6945e9,dead410bbf5ec2918ee54dfb02c8140410de8c03ffb9ac8cef92136c3c6945e9,1,1,884,0,0,,,
Labour,PAYEMS,1,month_open,2025-11,2025-11-01,Labour 12-Month Mean,64,122.16666666666667,59.583333333333336,-62.583333333333336,-58.166666666666671,4.4166666666666643,3383.3611111111118,19.506944444444425,-3363.8541666666674,58.166666666666671,4.4166666666666643,-53.750000000000007,977a5c002ed197043d5d39ecac45bdef20d03cbe8aaa4e545052854d2b848f65,5f4dd6be6e794b9ae91053562d76272773465aa8d8b466f48ac90b2015eb57bd,a9a44d85c2de82d65d573c130ba05fa5fd8dfc2ea98aa47b34b6b0e0cbaa17be,a9a44d85c2de82d65d573c130ba05fa5fd8dfc2ea98aa47b34b6b0e0cbaa17be,1,1,1344,0,0,,,
Labour,PAYEMS,2,after_week_1,2025-11,2025-11-07,Labour Bridge Ridge,64,86.990651803379407,8.9722869675856458,-78.018364835793761,-22.990651803379407,55.027713032414354,528.57007034423282,3028.0492015777445,2499.4791312335119,22.990651803379407,55.027713032414354,32.037061229034947,ca8b81a0095c12210660a4fb6cc9660677d5e71f1aec8d56d540e31fa3056ad8,0827fc157f8e152f75b508db2bedc1201dff06803e4d6fbfa2c7d1c50908f8c4,a9a44d85c2de82d65d573c130ba05fa5fd8dfc2ea98aa47b34b6b0e0cbaa17be,a9a44d85c2de82d65d573c130ba05fa5fd8dfc2ea98aa47b34b6b0e0cbaa17be,1,1,1344,0,0,,,
Labour,PAYEMS,3,after_week_2,2025-11,2025-11-14,Labour Factor Ridge,64,153.43516609240444,169.79051876176641,16.355352669361963,-89.435166092404444,-105.79051876176641,7998.6489339759692,11191.63385988365,3192.9849259076809,89.435166092404444,105.79051876176641,16.355352669361963,fce261c232d8f7fc7176fbc41f5bc9f760fd4c375ab1f47f68118cb00ac9f65f,a43c6de077746695740299124a4a66cf02a867a1b787010ec325949c2a75d71e,a9a44d85c2de82d65d573c130ba05fa5fd8dfc2ea98aa47b34b6b0e0cbaa17be,a9a44d85c2de82d65d573c130ba05fa5fd8dfc2ea98aa47b34b6b0e0cbaa17be,1,1,1344,0,0,,,
Labour,PAYEMS,4,month_end,2025-11,2025-11-30,Labour Bridge Ridge,64,255.89984173660741,202.56123168870175,-53.338610047905661,-191.89984173660741,-138.56123168870175,36825.549258534971,19199.214927090088,-17626.334331444883,191.89984173660741,138.56123168870175,-53.338610047905661,0c896a2302e5e5210650a5bcc02de10294e49638d0e25e558104a6669ae65edd,7946ea6aef8d7def7d74e06d05d4e0f8ad840a2ddf4d7089d0cef66e273a21a3,0076491046f8ca290efa9c9a54f11918243f58e8a209feb17cd82ca01fd6cbc1,0076491046f8ca290efa9c9a54f11918243f58e8a209feb17cd82ca01fd6cbc1,1,1,876,0,0,,,
Labour,PAYEMS,5,pre_employment_report,2025-11,2025-12-15,Labour Bridge Ridge,64,240.06155712050705,225.68845395896597,-14.373103161541081,-176.06155712050705,-161.68845395896597,30997.671895697564,26143.156143640656,-4854.5157520569082,176.06155712050705,161.68845395896597,-14.373103161541081,f98a1afbb63fe46a326528c231b267a54ab54163e5726a6c2ac0f36fad7972c3,ebddbd35aa71d58b6eb29b6f40753229ca140fc49b8edb64bb3261b2cb1aef46,dead410bbf5ec2918ee54dfb02c8140410de8c03ffb9ac8cef92136c3c6945e9,dead410bbf5ec2918ee54dfb02c8140410de8c03ffb9ac8cef92136c3c6945e9,1,1,884,0,0,,,
Labour,PAYEMS,1,month_open,2025-12,2025-12-01,Labour 12-Month Mean,50,119.41666666666667,59.583333333333336,-59.833333333333336,-69.416666666666671,-9.5833333333333357,4818.6736111111122,91.840277777777828,-4726.8333333333339,69.416666666666671,9.5833333333333357,-59.833333333333336,58c0cb4c638b2295a728f26941de0aa0d421dc6d67fc92e942c0ebb0e8d4d96f,c67daebb2b297e35fcfd1b2c6d4f6ca6775b2ced3ee348cb02c09c9169086fef,0076491046f8ca290efa9c9a54f11918243f58e8a209feb17cd82ca01fd6cbc1,0076491046f8ca290efa9c9a54f11918243f58e8a209feb17cd82ca01fd6cbc1,1,1,876,0,0,,,
Labour,PAYEMS,2,after_week_1,2025-12,2025-12-07,Labour Bridge Ridge,50,296.84607660921898,198.1852636759827,-98.660812933236286,-246.84607660921898,-148.1852636759827,60932.98553736441,21958.872370720517,-38974.113166643889,246.84607660921898,148.1852636759827,-98.660812933236286,3e12e701e5a2d64154efe9bea276c8029ad622a52886daabaede35dd87e07236,9243f930739a876302532337118997b8443d55a5a126c83dce097ebb70a4c858,e8138480fab6be28a56ea8d5d38b279aa28aa90f437858f7086e0665150506c1,e8138480fab6be28a56ea8d5d38b279aa28aa90f437858f7086e0665150506c1,1,1,876,0,0,,,
Labour,PAYEMS,3,after_week_2,2025-12,2025-12-14,Labour Factor Ridge,50,55.771496597769492,214.45737795805991,158.68588136029041,-5.7714965977694916,-164.45737795805991,33.31017297806482,27046.22916484017,27012.918991862105,5.7714965977694916,164.45737795805991,158.68588136029041,75d0ef6ecaab0a4dcc8eca7c1982f999d0fde8656a1445135f3843c530e18e15,5f7c39190e962aeb96206ce8266b7f3c2963e26681a34fb5d65f93a275aa5b4d,dead410bbf5ec2918ee54dfb02c8140410de8c03ffb9ac8cef92136c3c6945e9,dead410bbf5ec2918ee54dfb02c8140410de8c03ffb9ac8cef92136c3c6945e9,1,1,884,0,0,,,
Labour,PAYEMS,4,month_end,2025-12,2025-12-31,Labour Bridge Ridge,50,386.59151044643096,248.71381222118507,-137.87769822524589,-336.59151044643096,-198.71381222118507,113293.84490460984,39487.179167476403,-73806.665737133444,336.59151044643096,198.71381222118507,-137.87769822524589,17f9c04874b999f3808b7961e7affc0f1aac0cbea808e40e38082edb0d6d1831,c21d0bca523cf0ee6901755d45909ab7142a0f05c765db070cbff925d735a8d0,22bee1146282a78e140a0ca1f5091bd00c630d14679ca3804230ee652102c6e3,22bee1146282a78e140a0ca1f5091bd00c630d14679ca3804230ee652102c6e3,1,1,899,0,0,,,
Labour,PAYEMS,5,pre_employment_report,2025-12,2026-01-08,Labour Bridge Ridge,50,264.94517011732171,217.16069004732896,-47.784480069992753,-214.94517011732171,-167.16069004732896,46201.42615676437,27942.696297099181,-18258.729859665189,214.94517011732171,167.16069004732896,-47.784480069992753,7f2574b0e02739ebd85c44cb6e8a029224cac4418bcd3f9b7fd238cef0330635,478a097dea1c186d7fd3e1b3606c444efafa0393094b4c58f3262336647aae56,987c0702d323ff7f9ba9543b340b7aace285037620122a5a5cd70080c7024d26,987c0702d323ff7f9ba9543b340b7aace285037620122a5a5cd70080c7024d26,1,1,901,0,0,,,
Labour,PAYEMS,1,month_open,2026-01,2026-01-01,Labour 12-Month Mean,130,106.58333333333333,53,-53.583333333333329,23.416666666666671,77,548.34027777777806,5929,5380.6597222222217,23.416666666666671,77,53.583333333333329,fac6f29d2b652c12cdf69a6e5efa5ffde4c492936a9adc66a209dc433e7273d7,ae2ab403762f82b7824690f1d95172ccd803eb6f891e9f68861839751fdf8735,22bee1146282a78e140a0ca1f5091bd00c630d14679ca3804230ee652102c6e3,22bee1146282a78e140a0ca1f5091bd00c630d14679ca3804230ee652102c6e3,1,1,899,0,0,,,
Labour,PAYEMS,2,after_week_1,2026-01,2026-01-07,Labour Bridge Ridge,130,146.74495150914237,170.05469008471647,23.309738575574102,-16.744951509142368,-40.054690084716469,280.39340104352925,1604.3781977826839,1323.9847967391547,16.744951509142368,40.054690084716469,23.309738575574102,d43da6537ff4bcad48bd47092b820d596fcb9c64db7fa6c95a58451e5a56770d,d2d51074effdd2bfc638bfe7fdb377fc2d75c8010a4c89daf45624b4435cf71d,1fd91fe8f7d6352740ff9e0c87895f9baefb0affb10e6e4071013adf438aba09,1fd91fe8f7d6352740ff9e0c87895f9baefb0affb10e6e4071013adf438aba09,1,1,899,0,0,,,
Labour,PAYEMS,3,after_week_2,2026-01,2026-01-14,Labour Factor Ridge,130,270.25781262945583,271.71817574630211,1.4603631168462812,-140.25781262945583,-141.71817574630211,19672.254003599537,20084.041336859773,411.78733326023576,140.25781262945583,141.71817574630211,1.4603631168462812,f5b2998c2021fe2be01a4d559269087f59f319630d1c9c4e67dbf8d0e0073a04,7209c67d3575ce8982d02651032c469e3b36945976883b1da479786476b96e68,31bbfa23943c0d5b285c422ea625551bfbeb7606f1913c780413ffe1aeaf7ff7,31bbfa23943c0d5b285c422ea625551bfbeb7606f1913c780413ffe1aeaf7ff7,1,1,883,0,0,,,
Labour,PAYEMS,4,month_end,2026-01,2026-01-31,Labour Bridge Ridge,130,111.73937408037909,84.939605371745216,-26.799768708633877,18.260625919620907,45.060394628254784,333.45045897633088,2030.4391640540525,1696.9887050777215,18.260625919620907,45.060394628254784,26.799768708633877,5be923ed610a63b5e8d0127b7176fb220b55dd1a9efc221ebe5f38b499ee9a2d,cb1d30956826a7dfe67cd723eb18bdc5b0b3d2ed9466d29be5eecbd6bfca50a6,91c18ef0d48d7eba519118811a15f855767625d78198c9deae79d4480a369fe6,91c18ef0d48d7eba519118811a15f855767625d78198c9deae79d4480a369fe6,1,1,885,0,0,,,
Labour,PAYEMS,5,pre_employment_report,2026-01,2026-02-10,Labour Bridge Ridge,130,150.09934233049984,113.36806422083004,-36.731278109669802,-20.099342330499837,16.631935779169964,403.98356211862261,276.62128776243401,-127.36227435618861,20.099342330499837,16.631935779169964,-3.4674065513298729,fee22f4da32cbfc3f29b149dfc127e9e54c4e3051c2cf9b3852d4873286d2847,4f028d80273a57dad99eb90846d7a877a22c68a503adae19059c9646d93df8f9,6c5e47bc2779b8a76d89f2e62c5e7c7231440cf8e0757ae41800c5a4fae8583f,6c5e47bc2779b8a76d89f2e62c5e7c7231440cf8e0757ae41800c5a4fae8583f,1,1,888,0,0,,,
Labour,PAYEMS,1,month_open,2026-02,2026-02-01,Labour 12-Month Mean,-92,106.58333333333333,53,-53.583333333333329,-198.58333333333331,-145,39435.340277777774,21025,-18410.340277777774,198.58333333333331,145,-53.583333333333314,e5cdc81382c78fb1f258be68d762c3f7d2cdd962727c129f638e8a8db7f98c73,95516ab73fe345b55944ed8da4d6415807f0e4fee816356085b91172e6ed742b,91c18ef0d48d7eba519118811a15f855767625d78198c9deae79d4480a369fe6,91c18ef0d48d7eba519118811a15f855767625d78198c9deae79d4480a369fe6,1,1,885,0,0,,,
Labour,PAYEMS,2,after_week_1,2026-02,2026-02-07,Labour Bridge Ridge,-92,246.27095383015075,217.94602713232783,-28.324926697822917,-338.27095383015075,-309.9460271323278,114427.23820515997,96066.539735113678,-18360.698470046293,338.27095383015075,309.9460271323278,-28.324926697822946,37c69c231cbac476995f7ae8103aef740098628d299161150c826005831eadd2,4eff05eda1bde5e3cf14f1cc2d6b66bbcc026e4dce6a4199181075a0d4613103,6c5e47bc2779b8a76d89f2e62c5e7c7231440cf8e0757ae41800c5a4fae8583f,6c5e47bc2779b8a76d89f2e62c5e7c7231440cf8e0757ae41800c5a4fae8583f,1,1,888,0,0,,,
Labour,PAYEMS,3,after_week_2,2026-02,2026-02-14,Labour Factor Ridge,-92,110.94344160387666,245.93101470596059,134.98757310208393,-202.94344160387666,-337.93101470596059,41186.040490026098,114197.37070020016,73011.330210174056,202.94344160387666,337.93101470596059,134.98757310208393,80041a019a51c1f914d20ffc21c55e1aa914c77955be7e9ec773633233791864,de0bf84a4316bfed4b436391ad6f8471acd4c9dacbda73ae844d219bdcc1771b,6507905b233620f8b4e14ede1a2eafd6a5e7a807966661699c24f13059c21206,6507905b233620f8b4e14ede1a2eafd6a5e7a807966661699c24f13059c21206,1,1,427,0,0,,,
Labour,PAYEMS,4,month_end,2026-02,2026-02-28,Labour Bridge Ridge,-92,315.37201352427599,288.3768155882409,-26.995197936035083,-407.37201352427599,-380.3768155882409,165951.95740282291,144686.52183705062,-21265.435565772292,407.37201352427599,380.3768155882409,-26.995197936035083,da7fe850311202997c3df1f480d1ecd82e7a36fa5c90ab9bc02c6f4e527081cf,3849d15f3538934f82213bd35fbb581a788104015fbc51964d0ab4298452a23a,ec3174bd8fbc3a3d89122f4221372f3dd045944332fa1c9c751dd325b0d70b7c,ec3174bd8fbc3a3d89122f4221372f3dd045944332fa1c9c751dd325b0d70b7c,1,1,430,0,0,,,
Labour,PAYEMS,5,pre_employment_report,2026-02,2026-03-05,Labour Bridge Ridge,-92,312.22637926302343,279.21388813833835,-33.012491124685084,-404.22637926302343,-371.21388813833835,163398.96569209365,137799.75074678278,-25599.214945310872,404.22637926302343,371.21388813833835,-33.012491124685084,36b785424159da4fdf5b6c9479a7b2a92ea365c14a7224f96e2d6728a732524f,44dbe7d0bf2c27502464e8b70ba67455fae26b74c3d913a733668150d54eca13,754efb030ff1f703169820cb6a11d6340a74736eb92a8d94c2a189898579def1,754efb030ff1f703169820cb6a11d6340a74736eb92a8d94c2a189898579def1,1,1,432,0,0,,,
Labour,PAYEMS,1,month_open,2026-03,2026-03-01,Labour 12-Month Mean,178,53,53,0,125,125,15625,15625,0,125,125,0,16b1a548967fdcffc384c08ec2ab49737230674e04f3d332ba7f12961213b0d7,004535bb2773fa5f36d424a50cb17faabbaa6bfcff47abc495092395d1f11a60,ec3174bd8fbc3a3d89122f4221372f3dd045944332fa1c9c751dd325b0d70b7c,ec3174bd8fbc3a3d89122f4221372f3dd045944332fa1c9c751dd325b0d70b7c,1,1,430,0,0,,,
Labour,PAYEMS,2,after_week_1,2026-03,2026-03-07,Labour Bridge Ridge,178,32.033768090260395,118.13567344513666,86.101905354876266,145.96623190973961,59.864326554863339,21306.140857927883,3583.7375938673158,-17722.403264060566,145.96623190973961,59.864326554863339,-86.101905354876266,f7b758ab5cd15f34035c7f85593761ad6610b9cf39f92cf30fe1302005238127,404ac377dc792040c9107f96e7ace950262c8a4407ae87d491d76717593a9825,923308bde33b452ede68d817dfafce87b79479741f019422fb8d32b6b4c05e70,923308bde33b452ede68d817dfafce87b79479741f019422fb8d32b6b4c05e70,1,1,431,0,0,,,
Labour,PAYEMS,3,after_week_2,2026-03,2026-03-14,Labour Factor Ridge,178,434.00132990178872,448.81693291051073,14.815603008722007,-256.00132990178872,-270.81693291051073,65536.680911484465,73341.81115105607,7805.1302395716048,256.00132990178872,270.81693291051073,14.815603008722007,80f673451026065a08158f9ad45264f9545624108dcbb152c0a0a194392e4665,840611b85f708dd9cb8e6e2a5942eb8ed9c943f21d1801f2598566036d97d18e,84b4994d1f47877d88124561655d78a4a452cd8fecb086a715fad89f57d46d6d,84b4994d1f47877d88124561655d78a4a452cd8fecb086a715fad89f57d46d6d,1,1,356,0,0,,,
Labour,PAYEMS,4,month_end,2026-03,2026-03-31,Labour Bridge Ridge,178,38.49290607808522,113.84229270336797,75.349386625282762,139.50709392191479,64.157707296632026,19462.229254537953,4116.2114055603106,-15346.017848977643,139.50709392191479,64.157707296632026,-75.349386625282762,0b3941461f2aa9c93166e499ca454e286199ed8cb9170c88f5a48c886b779fc5,81af02be07ce37ead02b53064885181a72e94d228b78e4167cc8aedf10a768e0,470a5526273b05b7b929de826cbb39e79ab842eff853664172282acf7fea8102,470a5526273b05b7b929de826cbb39e79ab842eff853664172282acf7fea8102,1,1,18,0,0,,,
Labour,PAYEMS,5,pre_employment_report,2026-03,2026-04-02,Labour Bridge Ridge,178,37.150291095170026,114.09708286383059,76.946791768660574,140.84970890482998,63.902917136169407,19838.640498575343,4083.5828185121336,-15755.05768006321,140.84970890482998,63.902917136169407,-76.946791768660574,45a17d7fe6bdfd8cff1f18fa59146367abf91a4f48b35e20fdf663b9168460ab,0e0419352364fdb60a9c2603bdd3f2e75f49f2df4cef2ce2ba448c9f5ae1cd6b,887b4ed533ac3b4aec328d9fb49d911a746880a20899d22b583a1c8092d3efc4,887b4ed533ac3b4aec328d9fb49d911a746880a20899d22b583a1c8092d3efc4,1,1,18,0,0,,,
Labour,PAYEMS,1,month_open,2026-04,2026-04-01,Labour 12-Month Mean,115,41.916666666666664,39.416666666666664,-2.5,73.083333333333343,75.583333333333343,5341.1736111111122,5712.8402777777792,371.66666666666697,73.083333333333343,75.583333333333343,2.5,9df61ce80c86f71100d8b13eb9ef4d8b48d49deb3b3e5e9ce0cac90ff6c6844d,37fbc862a4c83f511258734b373ea69f120c24d06401ba71a887c1f7f27fb698,470a5526273b05b7b929de826cbb39e79ab842eff853664172282acf7fea8102,470a5526273b05b7b929de826cbb39e79ab842eff853664172282acf7fea8102,1,1,18,0,0,,,
Labour,PAYEMS,2,after_week_1,2026-04,2026-04-07,Labour Bridge Ridge,115,326.84876244774176,328.04047725230976,1.1917148045679937,-211.84876244774176,-213.04047725230976,44879.898150639718,45386.244947891908,506.3467972521903,211.84876244774176,213.04047725230976,1.1917148045679937,756f7615f928dae9df0542acd7dbc63ca7013dc60608c838446f6205be7d8080,30d52ce2a71d7923e9ed751760595699404dc4fc5b6d526bc6462bcfa7fd1d30,93a1d6eb94dd4024beba14d145fb8d4aebbbde47f08187ee902e0456416c9d2d,93a1d6eb94dd4024beba14d145fb8d4aebbbde47f08187ee902e0456416c9d2d,1,1,17,0,0,,,
Labour,PAYEMS,3,after_week_2,2026-04,2026-04-14,Labour Factor Ridge,115,264.92246388507147,332.17248565457237,67.250021769500904,-149.92246388507147,-217.17248565457237,22476.745177370558,47163.888525385439,24687.143348014881,149.92246388507147,217.17248565457237,67.250021769500904,8629ac2b41f90c9aeeb10f8c512b4f6fab7ad55f787730548b9a49b370b1d2da,3d2827f6ecac7f613954093dc6834aba240c0a2bb71adcfae417ae984311c543,45c189c5b97572fd40fde22d3d316d7323305e8e5afd72c02b4d9d2560b469b4,45c189c5b97572fd40fde22d3d316d7323305e8e5afd72c02b4d9d2560b469b4,1,1,17,0,0,,,
Labour,PAYEMS,4,month_end,2026-04,2026-04-30,Labour Bridge Ridge,115,318.35547837128274,331.18666380608965,12.831185434806912,-203.35547837128274,-216.18666380608965,41353.450583613245,46736.673607607234,5383.223023993989,203.35547837128274,216.18666380608965,12.831185434806912,e9b2931657ea7e2c64fdec1868969d68b6fa4f0098307b891f6492385ff27cfe,a96c63253d829b6266ac5f2b6ff21dbee6363b456dadb5836170579a3cf16a6b,7a0603db32c5cb66690155776c302300999059e957dded2abe9b6a7ad1baf6b4,7a0603db32c5cb66690155776c302300999059e957dded2abe9b6a7ad1baf6b4,1,1,17,0,0,,,
Labour,PAYEMS,5,pre_employment_report,2026-04,2026-05-07,Labour Bridge Ridge,115,286.37506104204999,300.16586207769342,13.790801035643426,-171.37506104204999,-185.16586207769342,29369.411547166361,34286.396478975381,4916.9849318090201,171.37506104204999,185.16586207769342,13.790801035643426,c1a70b31504609df70e57a8900964825b53d74c5d0f5fd5f3c774df3b96ba5b0,aadcaaef46782bc047a6d1bf27669a734ba7d2e3c7ecf3298cbb7953006fc294,d15ee3ff4de0da2e33cd86818d1fd1ffd685526c750ef5eaf5edfd4053849208,d15ee3ff4de0da2e33cd86818d1fd1ffd685526c750ef5eaf5edfd4053849208,1,1,17,0,0,,,
Labour,PAYEMS,1,month_open,2026-05,2026-05-01,Labour 12-Month Mean,172,41.333333333333336,39.416666666666664,-1.9166666666666714,130.66666666666666,132.58333333333334,17073.777777777774,17578.340277777781,504.56250000000728,130.66666666666666,132.58333333333334,1.9166666666666856,6c034c922c5f56744e61d8c891e2a7b7f4a87342629911312ea4e92ca7e1ad5a,0a459d84c1664516318f07b0f601376329aeea2b8219e02859020a966f9429b2,7a0603db32c5cb66690155776c302300999059e957dded2abe9b6a7ad1baf6b4,7a0603db32c5cb66690155776c302300999059e957dded2abe9b6a7ad1baf6b4,1,1,17,0,0,,,
Labour,PAYEMS,2,after_week_1,2026-05,2026-05-07,Labour Bridge Ridge,172,216.69372840494543,224.09159948988321,7.3978710849377762,-44.693728404945432,-52.091599489883208,1997.5293587350261,2713.5347374144003,716.00537867937419,44.693728404945432,52.091599489883208,7.3978710849377762,c1a70b31504609df70e57a8900964825b53d74c5d0f5fd5f3c774df3b96ba5b0,aadcaaef46782bc047a6d1bf27669a734ba7d2e3c7ecf3298cbb7953006fc294,d15ee3ff4de0da2e33cd86818d1fd1ffd685526c750ef5eaf5edfd4053849208,d15ee3ff4de0da2e33cd86818d1fd1ffd685526c750ef5eaf5edfd4053849208,1,1,17,0,0,,,
Labour,PAYEMS,3,after_week_2,2026-05,2026-05-14,Labour Factor Ridge,172,421.18935822718458,451.88874951052111,30.699391283336524,-249.18935822718458,-279.88874951052111,62095.336253676127,78337.712102563237,16242.37584888711,249.18935822718458,279.88874951052111,30.699391283336524,0caf7bc06b0509c09b64ca8b897e8f5a13585e8a2ebddb51be170b64ab40ea7f,e2734f092f56e51fcd533bcdd328f1984f77450eba2ea4b0f563d8d53a97b076,ad8e6f8975eac1a24d92f0b979826e2eb80780c447af6d94cb23ed5cba4e7496,ad8e6f8975eac1a24d92f0b979826e2eb80780c447af6d94cb23ed5cba4e7496,1,1,14,0,0,,,
Labour,PAYEMS,4,month_end,2026-05,2026-05-31,Labour Bridge Ridge,172,123.06461362352366,134.85476955281504,11.790155929291387,48.935386376476345,37.145230447184957,2394.6720398150264,1379.7681449744764,-1014.90389484055,48.935386376476345,37.145230447184957,-11.790155929291387,1a433339712659ccc8304b58487b1d8576405e57dfadf386daff065d937734e8,d4a0b804c837c8de9d590be20a2044dab63a263203aa258e664c7c12d7b49562,13f0daa9b6878d1e9b3e8bebb2ec1f031ec7d89897f3dc2fe91eee1832f3c64e,13f0daa9b6878d1e9b3e8bebb2ec1f031ec7d89897f3dc2fe91eee1832f3c64e,1,1,14,0,0,,,
Labour,PAYEMS,5,pre_employment_report,2026-05,2026-06-04,Labour Bridge Ridge,172,157.0282960838783,172.85640566471218,15.828109580833882,14.971703916121697,-0.85640566471218449,224.15191815201376,0.73343066255111855,-223.41848748946265,14.971703916121697,0.85640566471218449,-14.115298251409513,92a663192feec587f3176af523495241328ecabc278f467430e3efe81b876abe,19dade31935b46cdd9f8348b54f4f0c97c4942c7ab3137e30bf799ca197365af,68e9af5d81bc23076536e904dabfb8b0c89265c33f99a912027635ca079ede2c,68e9af5d81bc23076536e904dabfb8b0c89265c33f99a912027635ca079ede2c,1,1,13,0,0,,,
Labour,PAYEMS,1,month_open,2026-06,2026-06-01,Labour 12-Month Mean,57,35.083333333333336,37.5,2.4166666666666643,21.916666666666664,19.5,480.34027777777766,380.25,-100.09027777777766,21.916666666666664,19.5,-2.4166666666666643,2a9dcc995e4322da4a57b74e2df32835f188a11d6f41b195fdcafd7580cb2d98,a1d3ce0155b03c843fe26a20f8a9433ceffc0aabcf17ab8dc23aec2cffe2f159,13f0daa9b6878d1e9b3e8bebb2ec1f031ec7d89897f3dc2fe91eee1832f3c64e,13f0daa9b6878d1e9b3e8bebb2ec1f031ec7d89897f3dc2fe91eee1832f3c64e,1,1,14,0,0,,,
Labour,PAYEMS,2,after_week_1,2026-06,2026-06-07,Labour Bridge Ridge,57,162.94911168250195,121.65036245475578,-41.298749227746171,-105.94911168250195,-64.650362454755779,11225.214266311272,4179.6693655312956,-7045.5449007799762,105.94911168250195,64.650362454755779,-41.298749227746171,8784239341aa001ab1647806c07a3f0361b1419a04dfa39baa7e045cd22234ad,00b7ba002260fd60cba5a45797fd4e569b8f81aa38e40860ac53fcb6a5bd0efd,e42aa820201d09bef8958c42eecfc2ef4405e13fd4fe98fd49b41cdf1274896b,e42aa820201d09bef8958c42eecfc2ef4405e13fd4fe98fd49b41cdf1274896b,1,1,14,0,0,,,
Labour,PAYEMS,3,after_week_2,2026-06,2026-06-14,Labour Factor Ridge,57,474.33281970938594,470.09978400454605,-4.2330357048398923,-417.33281970938594,-413.09978400454605,174166.68240658683,170651.43154460262,-3515.250861984212,417.33281970938594,413.09978400454605,-4.2330357048398923,3e5fe4178128c4c9c691c210afb5c33042b4f830dfae2cf299efd5ce99376254,613769401590b8572ca42a8f38404787f8cdc3f95e171a29b306c9e5356a1ea1,73853a220b01cc387a7e90707a7a3326577d13216c95a356d8691761314e82a1,73853a220b01cc387a7e90707a7a3326577d13216c95a356d8691761314e82a1,1,1,15,0,0,,,
Labour,PAYEMS,4,month_end,2026-06,2026-06-30,Labour Bridge Ridge,57,95.051002285650711,36.854534475412443,-58.196467810238268,-38.051002285650711,20.145465524587557,1447.8787749425956,405.83978120234582,-1042.0389937402497,38.051002285650711,20.145465524587557,-17.905536761063154,cfc5d3f5304c510ad3b5c71a0b1da69b55da82e144777d9838460b3ef80935bd,dd9057e77d2f11740e0f6aa10544446cff9819757688f2a1a03d97116b487eb5,a4286fc09bb51cab240b6c6b2678e8c76819dc9d9b270256a0d1f6913a6761c3,a4286fc09bb51cab240b6c6b2678e8c76819dc9d9b270256a0d1f6913a6761c3,1,1,16,0,0,,,
Labour,PAYEMS,5,pre_employment_report,2026-06,2026-07-01,Labour Bridge Ridge,57,95.051002285650711,36.854534475412443,-58.196467810238268,-38.051002285650711,20.145465524587557,1447.8787749425956,405.83978120234582,-1042.0389937402497,38.051002285650711,20.145465524587557,-17.905536761063154,4ddd519170c9cffa44842a12fe5193c70298c5681d7a3335155c60f1a9b10bf1,142a69450df06d4f197e2e2f962fbb71290b225cbfc894f3228ed75015444ec4,a4286fc09bb51cab240b6c6b2678e8c76819dc9d9b270256a0d1f6913a6761c3,a4286fc09bb51cab240b6c6b2678e8c76819dc9d9b270256a0d1f6913a6761c3,1,1,16,0,0,,,
Labour,UNRATE,1,month_open,2023-02,2023-02-01,Labour AR(1),3.6000000000000001,3.6612899293685683,3.6638388279577252,0.0025488985891568561,-0.061289929368568252,-0.063838827957725108,0.0037564554420040854,0.0040753959550160253,0.00031894051301193998,0.061289929368568252,0.063838827957725108,0.0025488985891568561,a625e8022d1833e223ee211a4d0dc372e5fd183c04740ebbcd8913bb57033a61,4da72d56a2509f509f203097de377d4d57e6e2a01f4800498cf459b574d09dc5,7d35d7c3dc468d12ed16fada0ea9ec7383be677245819836385fbdda5d10c9cc,7d35d7c3dc468d12ed16fada0ea9ec7383be677245819836385fbdda5d10c9cc,1,1,1911,0,0,,,
Labour,UNRATE,2,after_week_1,2023-02,2023-02-07,Labour Equal-Weight Ensemble,3.6000000000000001,3.236093340106406,3.3486149550949862,0.11252161498858015,0.36390665989359405,0.2513850449050139,0.13242805711491193,0.06319444080189586,-0.069233616313016069,0.36390665989359405,0.2513850449050139,-0.11252161498858015,bb41d6dfe98a395523c37c474f213db161202a21d6b68c213d32b3cd9487d8ff,95feb6189127476270801ccf86d61d24e0fc74c98e556db36e8e76a425ab49f2,83c50e99b281d0eb38c02c929b1e5f9d33312869870167cdfd3c55faf4571388,83c50e99b281d0eb38c02c929b1e5f9d33312869870167cdfd3c55faf4571388,1,1,1837,0,0,,,
Labour,UNRATE,3,after_week_2,2023-02,2023-02-14,Labour Equal-Weight Ensemble,3.6000000000000001,3.2233251218175236,3.3461418021271405,0.1228166803096169,0.37667487818247647,0.25385819787285957,0.14188396385378349,0.064443984627255924,-0.077439979226527567,0.37667487818247647,0.25385819787285957,-0.1228166803096169,8493c3522808cec4223f6f3d60cef7f8cb31652eb221cdb7aeb18631eac2e8ad,51688d3c3857dde0fbfd14c8bbe9a46ec08b8421858ab5382c2f5a3199ac25c6,fd2d35ce1026a42a648cd52556a493c8205890a8d71abd893b40d420d98188ef,fd2d35ce1026a42a648cd52556a493c8205890a8d71abd893b40d420d98188ef,1,1,1839,0,0,,,
Labour,UNRATE,4,month_end,2023-02,2023-02-28,Labour Equal-Weight Ensemble,3.6000000000000001,3.2225025094619753,3.3346571125142468,0.11215460305227154,0.37749749053802484,0.2653428874857533,0.14250435536250616,0.070406847939277137,-0.072097507423229026,0.37749749053802484,0.2653428874857533,-0.11215460305227154,6279ba25f52d576567d18e8c8d0c041afe74443b1991c4639a039fa121bde214,2e66bf641a5eb39e65f397986f432566f502c0233ede35fb24851271cca3e9eb,a18b67123bc9d3a511711613b2d0584f5207124c0ee697a050640cb7fe51df6c,a18b67123bc9d3a511711613b2d0584f5207124c0ee697a050640cb7fe51df6c,1,1,1844,0,0,,,
Labour,UNRATE,5,pre_employment_report,2023-02,2023-03-09,Labour Equal-Weight Ensemble,3.6000000000000001,3.1855427469840181,3.3491868664235303,0.16364411943951218,0.41445725301598202,0.25081313357646984,0.17177481457755372,0.062907227974448102,-0.10886758660310562,0.41445725301598202,0.25081313357646984,-0.16364411943951218,ea1953db71ea93329228e0be21b528f4229ee4087001f532d032e7c08430992a,391a6dd48e9c0e87931806ea9cbabe1dc7b9e4dee87245fe9a16a786fc2712fe,18b387da350fc6c68e6cceb4c80b04e1c49646466ca91fcac31e9dafce6f959b,18b387da350fc6c68e6cceb4c80b04e1c49646466ca91fcac31e9dafce6f959b,1,1,1826,0,0,,,
Labour,UNRATE,1,month_open,2023-03,2023-03-01,Labour AR(1),3.5,3.6612899293685683,3.6638388279577252,0.0025488985891568561,-0.16128992936856834,-0.1638388279577252,0.026014441315717764,0.026843161546561075,0.00082872023084331128,0.16128992936856834,0.1638388279577252,0.0025488985891568561,9c677fcb35ec200fbad5da0c1d6f9f47034a0a3b1ada1b288239b7872f68ac41,982f4ae2f22f5d87197f6d03d4efe73ec3a643e0faa033626ce975f132955558,a18b67123bc9d3a511711613b2d0584f5207124c0ee697a050640cb7fe51df6c,a18b67123bc9d3a511711613b2d0584f5207124c0ee697a050640cb7fe51df6c,1,1,1844,0,0,,,
Labour,UNRATE,2,after_week_1,2023-03,2023-03-07,Labour Equal-Weight Ensemble,3.5,3.2163519754465848,3.3366060710963148,0.12025409564973,0.2836480245534152,0.1633939289036852,0.080456201833054838,0.026697576002582536,-0.053758625830472306,0.2836480245534152,0.1633939289036852,-0.12025409564973,04d542ce609f6ce78f4fb75c8c7f297a3a3521c22fa3383998fa70977d5761ee,51a6fe342d53fe66394f7b642172de155780dce361e993fe22d92cb17de94fa5,ff6b128653620e6111a24dc004b5384a65a39b5ea7c18a6e12df505679eef710,ff6b128653620e6111a24dc004b5384a65a39b5ea7c18a6e12df505679eef710,1,1,1846,0,0,,,
Labour,UNRATE,3,after_week_2,2023-03,2023-03-14,Labour Equal-Weight Ensemble,3.5,3.2862374532775624,3.423082785599425,0.13684533232186258,0.21376254672243755,0.076917214400574974,0.045694426381262296,0.0059162578711440183,-0.039778168510118277,0.21376254672243755,0.076917214400574974,-0.13684533232186258,20c40afbcca5c648db06a4273bcffc60ee94d000b3934a3793b1cb51918278bb,b13335b03229eca0eca481539a8deca14abc0de7257c141270f4aa7873d031d9,f0a06166be8b2f09574960562daf7c4a85217b0cb9130c32bf4cb62939095ad8,f0a06166be8b2f09574960562daf7c4a85217b0cb9130c32bf4cb62939095ad8,1,1,1832,0,0,,,
Labour,UNRATE,4,month_end,2023-03,2023-03-31,Labour Equal-Weight Ensemble,3.5,3.2931890327518691,3.4219198481644475,0.12873081541257836,0.20681096724813086,0.078080151835552503,0.042770776174107454,0.0060965101106629331,-0.036674266063444524,0.20681096724813086,0.078080151835552503,-0.12873081541257836,97c2667ce008751c1b7129bd44acbe9aa35adf09d5459c5a81e6a34249711428,7c0e10a60da33a832765e69afb22d2b6a31f26a777adf094f067908a63081936,f4dc6fdf75a874999698eb11b178407d904e52dbeb4dc96f36d6a09341f570ef,f4dc6fdf75a874999698eb11b178407d904e52dbeb4dc96f36d6a09341f570ef,1,1,1839,0,0,,,
Labour,UNRATE,5,pre_employment_report,2023-03,2023-04-06,Labour Equal-Weight Ensemble,3.5,3.4105830531737955,3.4475651646476422,0.036982111473846668,0.089416946826204491,0.052434835352357823,0.007995390379720281,0.0027494119584288738,-0.0052459784212914072,0.089416946826204491,0.052434835352357823,-0.036982111473846668,c56eac5a7e701385dda0a1d390a232e05d0df7e0b23351958797c02c8a6db216,2cb10392a083f7c684e8a029aefa45152586844e76a377e6fa97dfa3780fe0bb,fef984e8c334a087ff3321681cf90594ac383ba269f4d9cd9b836979e63bf0b8,fef984e8c334a087ff3321681cf90594ac383ba269f4d9cd9b836979e63bf0b8,1,1,1729,0,0,,,
Labour,UNRATE,1,month_open,2023-04,2023-04-01,Labour AR(1),3.3999999999999999,3.5643396374394993,3.6618415817590058,0.097501944319506428,-0.16433963743949942,-0.26184158175900585,0.027007516433746118,0.068561013938058149,0.041553497504312031,0.16433963743949942,0.26184158175900585,0.097501944319506428,de14489ce738d0aa9d434beb29ac87c6b1c1045ae0496fb5e29591065aea364b,a5e8ec61c85935af23a9ef57081d9ef14ac069423fcf15ca8fd7439282442645,f4dc6fdf75a874999698eb11b178407d904e52dbeb4dc96f36d6a09341f570ef,f4dc6fdf75a874999698eb11b178407d904e52dbeb4dc96f36d6a09341f570ef,1,1,1839,0,0,,,
Labour,UNRATE,2,after_week_1,2023-04,2023-04-07,Labour Equal-Weight Ensemble,3.3999999999999999,3.4831865672503177,3.5170412565945655,0.033854689344247735,-0.083186567250317811,-0.11704125659456555,0.0069200049708916479,0.013698655745234933,0.0067786507743432855,0.083186567250317811,0.11704125659456555,0.033854689344247735,d6291ecb4244544f0603af35576d597cf0ad0e6af414b0dd4da59e14033b9d8b,16a376402a6e4c4759cc58b0414a684a818fb1f1740b67b9a5cc457952e45c1e,650af8f2d5977eb243bb4deafc13d0ae0af40a09e368d916af98d2285e39d99c,650af8f2d5977eb243bb4deafc13d0ae0af40a09e368d916af98d2285e39d99c,1,1,1733,0,0,,,
Labour,UNRATE,3,after_week_2,2023-04,2023-04-14,Labour Equal-Weight Ensemble,3.3999999999999999,3.456114945909357,3.5053186214928451,0.049203675583488149,-0.056114945909357061,-0.10531862149284521,0.0031488871544100689,0.011092012033153197,0.0079431248787431279,0.056114945909357061,0.10531862149284521,0.049203675583488149,67ee23bbaa58d22cbf3c8878e5129f497073227cf66af8559e3990e7ed85be3f,d1281dd6199deb47ddf779458911e8eab87dc84340a5934c2c790bc377d80bf5,de533a5b379c48f97ca4c116ac63e6c05abb59dd0cdbc99838875e1e57a1381b,de533a5b379c48f97ca4c116ac63e6c05abb59dd0cdbc99838875e1e57a1381b,1,1,1736,0,0,,,
Labour,UNRATE,4,month_end,2023-04,2023-04-30,Labour Equal-Weight Ensemble,3.3999999999999999,3.4659727615391875,3.5153075092975485,0.049334747758360997,-0.06597276153918763,-0.11530750929754863,0.0043524052651065142,0.013295821700404263,0.0089434164352977484,0.06597276153918763,0.11530750929754863,0.049334747758360997,e811f526b64f8e7326cd3d36e4d2062d605e0421fec2fb11ecf8d12b27b2c893,c6d3c60f8e32989b32e550a1737cb07165cbf914f4a34704eca2182575ca2fe8,89b2a5beb531b5b42b9127bf185f10898695aea31673c35c4c4c592cbdc4f973,89b2a5beb531b5b42b9127bf185f10898695aea31673c35c4c4c592cbdc4f973,1,1,1740,0,0,,,
Labour,UNRATE,5,pre_employment_report,2023-04,2023-05-04,Labour Equal-Weight Ensemble,3.3999999999999999,3.4515210014350743,3.4961625831262295,0.044641581691155174,-0.051521001435074432,-0.096162583126229606,0.0026544135888729417,0.0092472423935090198,0.0065928288046360785,0.051521001435074432,0.096162583126229606,0.044641581691155174,a45b23477f7ad3211864f8b90308b33a3f4a5dcbe3bc716e61bd4072869944fa,132845ff2e5688aaa7bf8c7346bae468a6389caf30e6f53ffe10a6717f3d0b34,6a683014196c39371e9e4583f972b21c6b6fd126af5957fc125ab7d97a0b925e,6a683014196c39371e9e4583f972b21c6b6fd126af5957fc125ab7d97a0b925e,1,1,1744,0,0,,,
Labour,UNRATE,1,month_open,2023-05,2023-05-01,Labour AR(1),3.7000000000000002,3.7522907595414581,3.7547499532571971,0.0024591937157389943,-0.052290759541457899,-0.054749953257196893,0.0027343235334225703,0.0029975573816652446,0.00026323384824267432,0.052290759541457899,0.054749953257196893,0.0024591937157389943,7f83bf8482e2c2930f8ac46371522cd54958a30311b96105be2e9af7368463e5,455fbdb86d4ec953917e71f938ce464ac4c4d04a203ef39820b446d491e7503b,89b2a5beb531b5b42b9127bf185f10898695aea31673c35c4c4c592cbdc4f973,89b2a5beb531b5b42b9127bf185f10898695aea31673c35c4c4c592cbdc4f973,1,1,1740,0,0,,,
Labour,UNRATE,2,after_week_1,2023-05,2023-05-07,Labour Equal-Weight Ensemble,3.7000000000000002,3.4126225218134358,3.4350368543916594,0.022414332578223561,0.28737747818656434,0.26496314560834078,0.082585814968869256,0.070205468530666795,-0.012380346438202461,0.28737747818656434,0.26496314560834078,-0.022414332578223561,534bcacc239f9d9bc0ce2ecfc6f4243a4cb1d4205daaf6b49325cb9c542ba6dc,a9bf40c3c9b3fa9209d9960d45cc9fc831085b646c4d1d2f9c785b614125acb9,ac1427a63fe2da086d38767c0beb5edd07da599edf30d47c3128a4f96f51bd2e,ac1427a63fe2da086d38767c0beb5edd07da599edf30d47c3128a4f96f51bd2e,1,1,1749,0,0,,,
Labour,UNRATE,3,after_week_2,2023-05,2023-05-14,Labour Equal-Weight Ensemble,3.7000000000000002,3.3949735468051085,3.423848689195653,0.02887514239054445,0.30502645319489163,0.27615131080434718,0.093041137148655417,0.07625954645895916,-0.016781590689696257,0.30502645319489163,0.27615131080434718,-0.02887514239054445,b003a900f1a4b4c48d303b15f513372ec6de625c0248d6c2eaa4985d38abb73e,28e452210e21c73690e9c3bd0e262bb9035ca8b26a4c960e9bf562b0affcdaef,b66aae63e8f6baa487667ea673af3dfbdde8b86cb83ef028598a419c8f3f1808,b66aae63e8f6baa487667ea673af3dfbdde8b86cb83ef028598a419c8f3f1808,1,1,1751,0,0,,,
Labour,UNRATE,4,month_end,2023-05,2023-05-31,Labour Equal-Weight Ensemble,3.7000000000000002,3.3674074681147022,3.3849526049073808,0.017545136792678662,0.33259253188529803,0.31504739509261936,0.11061779226587298,0.099254861154645005,-0.011362931111227978,0.33259253188529803,0.31504739509261936,-0.017545136792678662,47a3ec2530f58d9c3b9b533370d871a212d295cc2d8510e172b9cf67c635cc4e,a28863615b76f821e99df90dafc90d6b9b59ff337412c96cfdc790381ad26406,84d5eb47183d2f0f1c72d047cc110e119857eb20ee952ee856783e8baa60170c,84d5eb47183d2f0f1c72d047cc110e119857eb20ee952ee856783e8baa60170c,1,1,1757,0,0,,,
Labour,UNRATE,5,pre_employment_report,2023-05,2023-06-01,Labour Equal-Weight Ensemble,3.7000000000000002,3.3660028766968604,3.3879322033921078,0.021929326695247386,0.3339971233031398,0.31206779660789241,0.11155407837477277,0.097386309679704908,-0.014167768695067862,0.3339971233031398,0.31206779660789241,-0.021929326695247386,780a896b5ae77b003c614f12ec4890201f28be64859fea0aac6731484376ca2e,02be6d7a776971eb51fad421faf7eab9005405f914f25e9cf548835ff1848838,cd0b03bf581c648c84f4afac415e2fd0d168939e9c82517e129f53ea353118d7,cd0b03bf581c648c84f4afac415e2fd0d168939e9c82517e129f53ea353118d7,1,1,1759,0,0,,,
Labour,UNRATE,1,month_open,2023-06,2023-06-01,Labour AR(1),3.6000000000000001,3.558708373507359,3.5613079190733714,0.0025995455660123845,0.041291626492641065,0.03869208092662868,0.0017049984184077775,0.0014970771264327829,-0.00020792129197499455,0.041291626492641065,0.03869208092662868,-0.0025995455660123845,780a896b5ae77b003c614f12ec4890201f28be64859fea0aac6731484376ca2e,02be6d7a776971eb51fad421faf7eab9005405f914f25e9cf548835ff1848838,cd0b03bf581c648c84f4afac415e2fd0d168939e9c82517e129f53ea353118d7,cd0b03bf581c648c84f4afac415e2fd0d168939e9c82517e129f53ea353118d7,1,1,1759,0,0,,,
Labour,UNRATE,2,after_week_1,2023-06,2023-06-07,Labour Equal-Weight Ensemble,3.6000000000000001,3.312727898826799,3.375421194936953,0.062693296110154062,0.28727210117320112,0.22457880506304706,0.082525260112465901,0.050435639683546092,-0.032089620428919809,0.28727210117320112,0.22457880506304706,-0.062693296110154062,6e46d3399a89fbed7a12c75408ae6f4c803fdbf2f2b618c06662410c19837114,1decdff2ae06ea835e073f46d70fbce737fdb59b71cac71d47b382a4e8547436,e1d78e336ec78b03fa350e427e75b8adcf3653cc5efd463e034e6453a5486451,e1d78e336ec78b03fa350e427e75b8adcf3653cc5efd463e034e6453a5486451,1,1,1765,0,0,,,
Labour,UNRATE,3,after_week_2,2023-06,2023-06-14,Labour Equal-Weight Ensemble,3.6000000000000001,3.288217125138317,3.3675697892806791,0.079352664142362084,0.3117828748616831,0.23243021071932102,0.097208561057015946,0.054023802855027968,-0.043184758201987979,0.3117828748616831,0.23243021071932102,-0.079352664142362084,734ba86a6992f197f3ad1bf69bd17c3d9183d762c13d6d479bb70ac3ab3b0c76,c839d9624bb67f3f2079399d5fc97da1d2163005355527a86890e815cd130f65,67e77f14d4bd87e1aca2ab1890a7dcebc698be352c7186dd735c6dc28a6acb1d,67e77f14d4bd87e1aca2ab1890a7dcebc698be352c7186dd735c6dc28a6acb1d,1,1,1767,0,0,,,
Labour,UNRATE,4,month_end,2023-06,2023-06-30,Labour Equal-Weight Ensemble,3.6000000000000001,3.2997956268785846,3.3795228436613214,0.079727216782736754,0.30020437312141546,0.2204771563386787,0.090122665641222038,0.048610176467190173,-0.041512489174031865,0.30020437312141546,0.2204771563386787,-0.079727216782736754,84395dc96d4f2a5c9468cb5755d3d1d33991b8259cb83f65753aa4f99fc85048,b5629d554ba50dfb2f765d1f80433217ab6424f48ede15727fcbfb199474e4f3,5a68db28f20c8a1366233583c6d23778ddb61bc8c5cb9647d8aa2f65f3e411b5,5a68db28f20c8a1366233583c6d23778ddb61bc8c5cb9647d8aa2f65f3e411b5,1,1,1774,0,0,,,
Labour,UNRATE,5,pre_employment_report,2023-06,2023-07-06,Labour Equal-Weight Ensemble,3.6000000000000001,3.3635682804879443,3.4034567495931807,0.039888469105236357,0.23643171951205577,0.19654325040681941,0.055899957991427413,0.038629249280477722,-0.017270708710949691,0.23643171951205577,0.19654325040681941,-0.039888469105236357,bf8f19819a871ad1c1d1cd6fc4b976ae7385ba2db41b40831f7e51fb5f1e5a12,36268bbb8f9cff7885ea3a2fc1da7ed978935cbcefc79132c12e9a6f779454cf,615ccd580fdb84d4d9517947b82566fd83dfcb86a2e678d72a5836ed324dcf55,615ccd580fdb84d4d9517947b82566fd83dfcb86a2e678d72a5836ed324dcf55,1,1,1775,0,0,,,
Labour,UNRATE,1,month_open,2023-07,2023-07-01,Labour AR(1),3.5,3.558708373507359,3.5613079190733714,0.0025995455660123845,-0.058708373507359024,-0.061307919073371409,0.0034466731198795749,0.0037586609411070578,0.00031198782122748283,0.058708373507359024,0.061307919073371409,0.0025995455660123845,3a4c14b4be18f6ceb889d4b76f185b7118870ecdf457828c530aa21dd96674ed,8626c131db45c339b18feb2c0a0dfd01f6bd1f519fff5ee676bce6487dcca620,5a68db28f20c8a1366233583c6d23778ddb61bc8c5cb9647d8aa2f65f3e411b5,5a68db28f20c8a1366233583c6d23778ddb61bc8c5cb9647d8aa2f65f3e411b5,1,1,1774,0,0,,,
Labour,UNRATE,2,after_week_1,2023-07,2023-07-07,Labour Equal-Weight Ensemble,3.5,3.433337893579687,3.4984327541140625,0.06509486053437552,0.066662106420313005,0.0015672458859374849,0.0044438364323931365,2.4562596669879721e-06,-0.0044413801727261485,0.066662106420313005,0.0015672458859374849,-0.06509486053437552,77ba7fefe2849cfab833dadd8c869b78456ad996c7411b1a46556d234973fb79,ce0098c5f67c582b764b3b8a4c9af71446e7cb5b1542e65f7c8f054d3220e625,6e46fd0c64f1fe0dd29b21bf05bc5b78e49db0326c3b7b04f46e65df1ec4e00c,6e46fd0c64f1fe0dd29b21bf05bc5b78e49db0326c3b7b04f46e65df1ec4e00c,1,1,1780,0,0,,,
Labour,UNRATE,3,after_week_2,2023-07,2023-07-14,Labour Equal-Weight Ensemble,3.5,3.4432597047873372,3.4951013075509443,0.051841602763607053,0.056740295212662772,0.0048986924490557193,0.0032194611008201221,2.3997187710435521e-05,-0.0031954639131096863,0.056740295212662772,0.0048986924490557193,-0.051841602763607053,e4811844862e309cfc8322d765ffa7a257731b6fe4cf0af7302c064d6f2e7608,14d51a561b4e171cdff39a22f4eaa6bf965f72e702d69f466f6d8011dcfc2d13,51c68b94f8059bc312466721303b440813c186e94f7f507f84f7333d7938ca5d,51c68b94f8059bc312466721303b440813c186e94f7f507f84f7333d7938ca5d,1,1,1783,0,0,,,
Labour,UNRATE,4,month_end,2023-07,2023-07-31,Labour Equal-Weight Ensemble,3.5,3.4446005367391663,3.5017597355295891,0.057159198790422749,0.05539946326083367,-0.0017597355295890793,0.0030691005295884594,3.0966691340981575e-06,-0.0030660038604543613,0.05539946326083367,0.0017597355295890793,-0.053639727731244591,fbc319d6b5ac0fd2775cd9c76bd4dcd8de1f4360e65a63d4718ace7671787554,f05e8926257c80d461719c81730b87e37e6c0dc7e7959b8341fb6dcd67970055,64f17961535b03db133104e8c69d7aec0447aca467ec27ea23a05952bccc4a14,64f17961535b03db133104e8c69d7aec0447aca467ec27ea23a05952bccc4a14,1,1,1788,0,0,,,
Labour,UNRATE,5,pre_employment_report,2023-07,2023-08-03,Labour Equal-Weight Ensemble,3.5,3.4534211532546202,3.5489686806890646,0.09554752743444439,0.046578846745379821,-0.04896868068906457,0.0021695889641295805,0.0023979316884275652,0.00022834272429798474,0.046578846745379821,0.04896868068906457,0.0023898339436847493,1fbb51fcff7e9a26b23c58e68f7f791da8a62fbf6323c2c5f244c8a399327bee,d28b05fd301a54ddaaf80c18728766bc09c90ffaa858409d775222dbd3575d8b,cc7fbfdc803cfb9f735e6cf36d647d15c05a0e9b062ecf773bce20068302421c,cc7fbfdc803cfb9f735e6cf36d647d15c05a0e9b062ecf773bce20068302421c,1,1,1791,0,0,,,
Labour,UNRATE,1,month_open,2023-08,2023-08-01,Labour AR(1),3.7999999999999998,3.7455131929395886,3.7476883445366802,0.0021751515970915847,0.054486807060411202,0.052311655463319617,0.002968812143638476,0.0027365092973130572,-0.0002323028463254188,0.054486807060411202,0.052311655463319617,-0.0021751515970915847,ccb96bbce2db9e933322c92059d3ac77bd10deef41331c2b428204b788a4a218,c46b724b01e8cd95caa8a639b16f2646c408c404eb049116d8ce2831abf3385e,f97ab143a8f46896893c69f8bba4ea5d7ec2110552081cbdd421233db767c75f,f97ab143a8f46896893c69f8bba4ea5d7ec2110552081cbdd421233db767c75f,1,1,1789,0,0,,,
Labour,UNRATE,2,after_week_1,2023-08,2023-08-07,Labour Equal-Weight Ensemble,3.7999999999999998,3.4105728092749228,3.4767343586443737,0.066161549369450956,0.38942719072507703,0.32326564135562608,0.15165353687602554,0.10450067488106426,-0.04715286199496127,0.38942719072507703,0.32326564135562608,-0.066161549369450956,b12d207d247e6299aa4c05ccfc0651dad64482d8216ff838262719b475fe8bc0,1bf18fa3c33886ff961a39e85b5889caa378f99e00e5743c6ee35d4e80f1e3dd,4ba5cb9b40e86c6e09dff80bc4da309ca158783228615dc5cd8036125da63eaf,4ba5cb9b40e86c6e09dff80bc4da309ca158783228615dc5cd8036125da63eaf,1,1,1796,0,0,,,
Labour,UNRATE,3,after_week_2,2023-08,2023-08-14,Labour Equal-Weight Ensemble,3.7999999999999998,3.3862976325671839,3.456892618177136,0.070594985609952143,0.41370236743281597,0.34310738182286382,0.17114964881951666,0.11772267546134046,-0.0534269733581762,0.41370236743281597,0.34310738182286382,-0.070594985609952143,ded400bd99d0525f109e312456fba5df514a4d773b390ecc853d70110c30193b,d1105a9c3996c577a5844a2df4073c7ec3305c4706182a98cc26ad385edfccea,cb457340583c238bfd3c11c7208640de9a0b6ced5580cf59edec6ef4adffe464,cb457340583c238bfd3c11c7208640de9a0b6ced5580cf59edec6ef4adffe464,1,1,1798,0,0,,,
Labour,UNRATE,4,month_end,2023-08,2023-08-31,Labour Equal-Weight Ensemble,3.7999999999999998,3.3509625016512161,3.4110620766828723,0.060099575031656194,0.4490374983487837,0.38893792331712751,0.20163467492333392,0.15127270819423977,-0.050361966729094154,0.4490374983487837,0.38893792331712751,-0.060099575031656194,98f13c26d07eaf0eb0e880cd715440adc3fbae7968b44b9231773834cccf4443,b25051d571b70495675082d1468dbb05db06d51369f34a0d65a10ea10eef33ac,7ccba31c64a731a90334815835a84be8f209af1b666ba9f875ba5611fc975015,7ccba31c64a731a90334815835a84be8f209af1b666ba9f875ba5611fc975015,1,1,1806,0,0,,,
Labour,UNRATE,5,pre_employment_report,2023-08,2023-08-31,Labour Equal-Weight Ensemble,3.7999999999999998,3.3509625016512161,3.4110620766828723,0.060099575031656194,0.4490374983487837,0.38893792331712751,0.20163467492333392,0.15127270819423977,-0.050361966729094154,0.4490374983487837,0.38893792331712751,-0.060099575031656194,98f13c26d07eaf0eb0e880cd715440adc3fbae7968b44b9231773834cccf4443,b25051d571b70495675082d1468dbb05db06d51369f34a0d65a10ea10eef33ac,7ccba31c64a731a90334815835a84be8f209af1b666ba9f875ba5611fc975015,7ccba31c64a731a90334815835a84be8f209af1b666ba9f875ba5611fc975015,1,1,1806,0,0,,,
Labour,UNRATE,1,month_open,2023-09,2023-09-01,Labour AR(1),3.7999999999999998,3.6488785587704804,3.6511222286069511,0.0022436698364707297,0.15112144122951943,0.1488777713930487,0.022837689999287095,0.022164590814960868,-0.00067309918432622781,0.15112144122951943,0.1488777713930487,-0.0022436698364707297,34d4cc0b568fa2fe0432876aee9da9fcd5b749809db5f1eb09648c661964643c,cff63aee36fc1953f0b6dff588047b3884b378bdf747fb733e75c054012c02e3,5417ecc2969c31a8305b447495f5159da0dca4c04bf568b85af9e8535b51013b,5417ecc2969c31a8305b447495f5159da0dca4c04bf568b85af9e8535b51013b,1,1,1811,0,0,,,
Labour,UNRATE,2,after_week_1,2023-09,2023-09-07,Labour Equal-Weight Ensemble,3.7999999999999998,3.3708041882031679,3.4056579592019376,0.03485377099876974,0.42919581179683197,0.39434204079806223,0.1842090448639416,0.15550564514078058,-0.028703399723161022,0.42919581179683197,0.39434204079806223,-0.03485377099876974,5dfa949842e927b33ada7d19d99bd4787428f2e189df197e651ba3958f39b74d,04970326665328623b17c82d2cefbd6ca97c85fa0a4585ca6484fb02f9b33eec,7c760ed6ba026eaf878ae4852598c22909e214cbb0519bcb36f5049be91c2540,7c760ed6ba026eaf878ae4852598c22909e214cbb0519bcb36f5049be91c2540,1,1,1813,0,0,,,
Labour,UNRATE,3,after_week_2,2023-09,2023-09-14,Labour Equal-Weight Ensemble,3.7999999999999998,3.3654341817042472,3.3973261413657929,0.031891959661545677,0.43456581829575258,0.4026738586342069,0.18884745043105705,0.16214623642736126,-0.026701214003695795,0.43456581829575258,0.4026738586342069,-0.031891959661545677,b92020924c9b8daef618fd1bf659b4548d6867910f86e626465a464ba71cce2d,d5ad10ba796dcb40dbbad8e132774131d1487b628eb98510041db73b504228ac,3ed4b2b36abbbe343126219906e7b719e0e035a7bf768ec5afc827a39fd7c08e,3ed4b2b36abbbe343126219906e7b719e0e035a7bf768ec5afc827a39fd7c08e,1,1,1815,0,0,,,
Labour,UNRATE,4,month_end,2023-09,2023-09-30,Labour Equal-Weight Ensemble,3.7999999999999998,3.3649341359994813,3.4033256310039657,0.038391495004484355,0.4350658640005185,0.39667436899603414,0.18928230601851767,0.15735055501840187,-0.031931751000115804,0.4350658640005185,0.39667436899603414,-0.038391495004484355,67078a8f26e3a5e1d4f32ab4069129481cef2e548278a60daddb0f9108f5e2ed,4c68857a99ef26a2c99e1424c57db8cc9959c4dfb1166b4b213318adfd861a6f,7ee95b65021244aeec75119e54a0c33fefea943a08e0fc983b669f528b16b95f,7ee95b65021244aeec75119e54a0c33fefea943a08e0fc983b669f528b16b95f,1,1,1820,0,0,,,
Labour,UNRATE,5,pre_employment_report,2023-09,2023-10-05,Labour Equal-Weight Ensemble,3.7999999999999998,3.4835211917816178,3.4949577360847122,0.011436544303094376,0.31647880821838204,0.30504226391528766,0.10015883605132743,0.093050782774564009,-0.0071080532767634208,0.31647880821838204,0.30504226391528766,-0.011436544303094376,28723410f143be952a4248168e4ee6e9eacf07eb0d4d374ff5b2e1472ee4ed0b,e810baa0bb6c2d4e3906cdee07c7f60818e3aecc5fddf7db49b629b5ccf40d2a,d6b4a65814094220d9fc835f7abd6a79e4bff2921ba35dce1865396427f81539,d6b4a65814094220d9fc835f7abd6a79e4bff2921ba35dce1865396427f81539,1,1,1823,0,0,,,
Labour,UNRATE,1,month_open,2023-10,2023-10-01,Labour AR(1),3.8999999999999999,3.6488785587704804,3.6511222286069511,0.0022436698364707297,0.25112144122951952,0.24887777139304879,0.063061978245191025,0.061940145093570653,-0.0011218331516203717,0.25112144122951952,0.24887777139304879,-0.0022436698364707297,2501f3ee713082b68040e08e0c96faa39b1d30ed992d5a5e135d82f85e635122,23dbf50445aa8b6d15354a496fad70a5b42664743d10770be306ee18164166de,7ee95b65021244aeec75119e54a0c33fefea943a08e0fc983b669f528b16b95f,7ee95b65021244aeec75119e54a0c33fefea943a08e0fc983b669f528b16b95f,1,1,1820,0,0,,,
Labour,UNRATE,2,after_week_1,2023-10,2023-10-07,Labour Equal-Weight Ensemble,3.8999999999999999,3.4301008278390932,3.4651550497044874,0.035054221865394197,0.46989917216090671,0.43484495029551251,0.22080523199750543,0.18909013079750675,-0.03171510119999868,0.46989917216090671,0.43484495029551251,-0.035054221865394197,d9d493e5ffc80c8624d08be9014bd596d65351a375f0f2610c0f89f612f96dda,b0489e891020057fd7334fcdb9ad42818fb76b1b6f6efe5c6af36a2ccb02b85e,8c9823492fec3eef126709bfecd04f44d12a7e576d2fe476c47bd8f894287322,8c9823492fec3eef126709bfecd04f44d12a7e576d2fe476c47bd8f894287322,1,1,1831,0,0,,,
Labour,UNRATE,3,after_week_2,2023-10,2023-10-14,Labour Equal-Weight Ensemble,3.8999999999999999,3.4226478246324952,3.4557489332148097,0.03310110858231452,0.47735217536750474,0.44425106678519022,0.22786509932808899,0.19735901033977954,-0.030506088988309449,0.47735217536750474,0.44425106678519022,-0.03310110858231452,c8bb26bc6ccd1e562376422f23b273f0897968f271d71fef3c2c57267c55258c,7012039806a66f860d0fa69ab6a6c743b08060ac297bd68b61d387b8174c6b72,590caedcb04cc79e41363b13e27b9b14e4d408c9c29c2081eaa940a83f0e6e84,590caedcb04cc79e41363b13e27b9b14e4d408c9c29c2081eaa940a83f0e6e84,1,1,1833,0,0,,,
Labour,UNRATE,4,month_end,2023-10,2023-10-31,Labour Equal-Weight Ensemble,3.8999999999999999,3.4624730970731559,3.4592916179470312,-0.0031814791261246533,0.43752690292684404,0.44070838205296869,0.191429790784756,0.19422387801174543,0.0027940872269894279,0.43752690292684404,0.44070838205296869,0.0031814791261246533,dafc9e6a287c630203f0500d569d359231ed7e0bc3cadecea74f0289ddd91749,2fe7ce248be609e2f189babfb17dccd68bd7e94075be7020dcbabeecf2192002,14deef7836f5883d8ec2c12634d8f11a5a484a818c47ae3da6bf3e101f3284f0,14deef7836f5883d8ec2c12634d8f11a5a484a818c47ae3da6bf3e101f3284f0,1,1,1837,0,0,,,
Labour,UNRATE,5,pre_employment_report,2023-10,2023-11-02,Labour Equal-Weight Ensemble,3.8999999999999999,3.4642618449885982,3.4493519131040702,-0.014909931884528049,0.43573815501140167,0.45064808689592972,0.18986773973274032,0.20308369822296143,0.013215958490221114,0.43573815501140167,0.45064808689592972,0.014909931884528049,d4fe0e651754d4e46172c21d3bfe0cc37f332928bbeddc93a54c9d86da74dfec,a260f589bb969ff8da6bc45be1a79c7de35a48150a251f8563ddcef1d9d6467e,b529f562455b85b269aec7629dcf2318d7816dc288c070da0e6bf6cd92c31742,b529f562455b85b269aec7629dcf2318d7816dc288c070da0e6bf6cd92c31742,1,1,1839,0,0,,,
Labour,UNRATE,1,month_open,2023-11,2023-11-01,Labour AR(1),3.7000000000000002,3.9310630405168068,3.8379755496371097,-0.093087490879697032,-0.23106304051680659,-0.13797554963710956,0.053390128692871408,0.019037252297662486,-0.034352876395208926,0.23106304051680659,0.13797554963710956,-0.093087490879697032,a54cb0106a3f48fc14619cacce2ee2c6a7574aa8f68f547408b64fcb04c16cfa,386bbe13ad8d81aac26d75a3f5f05606c400b41049cfb94e3ffaebab5a8e3731,28fde8a145ac86a33e0d9de9326a7369f7e778d7f2a982eab1978deda651dd3f,28fde8a145ac86a33e0d9de9326a7369f7e778d7f2a982eab1978deda651dd3f,1,1,1838,0,0,,,
Labour,UNRATE,2,after_week_1,2023-11,2023-11-07,Labour Equal-Weight Ensemble,3.7000000000000002,3.6543985249775517,3.5385776114756258,-0.11582091350192592,0.04560147502244849,0.1614223885243744,0.0020794945242229934,0.02605718751691408,0.023977692992691087,0.04560147502244849,0.1614223885243744,0.11582091350192592,92bf152df1d49ecadde4f53d12cfe935f7739382310fdbaa04dac35fc39a3ece,70d3c0a211351500ed85dcf874ba4a97a1091b86c99eb308b43a1c15ebad8f3c,5de309a3b626e99a97c6cfb6a2dc41f4c3902754812b5525f98cc8f9138bdf6d,5de309a3b626e99a97c6cfb6a2dc41f4c3902754812b5525f98cc8f9138bdf6d,1,1,1844,0,0,,,
Labour,UNRATE,3,after_week_2,2023-11,2023-11-14,Labour Equal-Weight Ensemble,3.7000000000000002,3.6593013156403522,3.5322631960047377,-0.12703811963561451,0.040698684359647963,0.16773680399526247,0.0016563829086062537,0.028135635414545102,0.026479252505938848,0.040698684359647963,0.16773680399526247,0.12703811963561451,f5c0f612dc58e9016dc44763f1e1b02ededc60d3770a17e50bdb3572bb610a1c,4cb27ea38f0a2676eb5547a1f67703ec6d61a0ce3025e7896a62fed5a3b21ce6,0ae0b4a0eb5845783c2f7fd7f4ea523050993294ecc6262f87fe4cb3c3102887,0ae0b4a0eb5845783c2f7fd7f4ea523050993294ecc6262f87fe4cb3c3102887,1,1,1846,0,0,,,
Labour,UNRATE,4,month_end,2023-11,2023-11-30,Labour Equal-Weight Ensemble,3.7000000000000002,3.6505238357822378,3.5275083855582525,-0.1230154502239853,0.049476164217762353,0.17249161444174765,0.0024478908257029876,0.029753357052720527,0.027305466227017541,0.049476164217762353,0.17249161444174765,0.1230154502239853,699604e989d8b352ecf5a2746628df7956010c4a22358acf6525a9a470e4964b,5a94b057743cf8f6d3004743cddf311fc1adb742cf5591cd08da652ca1517625,668e9b08455f1a5e2d8cea11cdab04677291626d21b719bfb9766b6914f9a1a8,668e9b08455f1a5e2d8cea11cdab04677291626d21b719bfb9766b6914f9a1a8,1,1,1853,0,0,,,
Labour,UNRATE,5,pre_employment_report,2023-11,2023-12-07,Labour Equal-Weight Ensemble,3.7000000000000002,3.6747481440239729,3.5833851385953976,-0.091363005428575228,0.025251855976027304,0.11661486140460253,0.00063765623023402586,0.013599025900414657,0.01296136967018063,0.025251855976027304,0.11661486140460253,0.091363005428575228,48c8b1e298d62e2347ce60adc394dbf07031c5fc7ede397c06bc43220de5f2cf,57657c6ddfc48b016e8907a0ca5f8427061d337c920939bcca9c2f3062de3bbc,a5e56338da0cdc1e84228794036dfbb89c240d0803c6ca1c8afdd077a9e8e4ca,a5e56338da0cdc1e84228794036dfbb89c240d0803c6ca1c8afdd077a9e8e4ca,1,1,1856,0,0,,,
Labour,UNRATE,1,month_open,2023-12,2023-12-01,Labour AR(1),3.7000000000000002,3.9310630405168068,3.8379755496371097,-0.093087490879697032,-0.23106304051680659,-0.13797554963710956,0.053390128692871408,0.019037252297662486,-0.034352876395208926,0.23106304051680659,0.13797554963710956,-0.093087490879697032,c2c85a0812bf8a07ee4c04256da709a5e1b62f787e0859b5c27c65ff95fde2e3,11b1180141e5a999a6014f0837febe78571cf27ce003927e311b933fa10c0aef,668e9b08455f1a5e2d8cea11cdab04677291626d21b719bfb9766b6914f9a1a8,668e9b08455f1a5e2d8cea11cdab04677291626d21b719bfb9766b6914f9a1a8,1,1,1853,0,0,,,
Labour,UNRATE,2,after_week_1,2023-12,2023-12-07,Labour Equal-Weight Ensemble,3.7000000000000002,3.73354655409578,3.6412504062935951,-0.092296147802184869,-0.033546554095779779,0.05874959370640509,0.0011253712917010791,0.0034515147606676727,0.0023261434689665936,0.033546554095779779,0.05874959370640509,0.025203039610625311,48c8b1e298d62e2347ce60adc394dbf07031c5fc7ede397c06bc43220de5f2cf,57657c6ddfc48b016e8907a0ca5f8427061d337c920939bcca9c2f3062de3bbc,a5e56338da0cdc1e84228794036dfbb89c240d0803c6ca1c8afdd077a9e8e4ca,a5e56338da0cdc1e84228794036dfbb89c240d0803c6ca1c8afdd077a9e8e4ca,1,1,1856,0,0,,,
Labour,UNRATE,3,after_week_2,2023-12,2023-12-14,Labour Equal-Weight Ensemble,3.7000000000000002,3.5696787101421692,3.5623802491003715,-0.0072984610417976548,0.13032128985783098,0.13761975089962863,0.016983638590208801,0.018939195837675837,0.0019555572474670366,0.13032128985783098,0.13761975089962863,0.0072984610417976548,aff022967a092f45ea0cc83de606b7add419d69251ad673c8850e401433d4a81,b51d11371ef591d770a63692823620eab4788cbfbefc28e2808f3e9e23a8d8c6,02792a3605ac89f19a1b268c7fabe5fb9926325957efa69a702a98fb70e7fa00,02792a3605ac89f19a1b268c7fabe5fb9926325957efa69a702a98fb70e7fa00,1,1,1864,0,0,,,
Labour,UNRATE,4,month_end,2023-12,2023-12-31,Labour Equal-Weight Ensemble,3.7000000000000002,3.5569119933807762,3.5529113939824994,-0.004000599398276794,0.14308800661922394,0.14708860601750073,0.020474177638263074,0.021635058020171554,0.0011608803819084801,0.14308800661922394,0.14708860601750073,0.004000599398276794,276f8d1dd873542255063c66d57a96bd3f3eb179ef1c67bd1b2b9304a8d82da6,d81e3f0bb72d63717382f97b56efca89dc6e36e5e0847168a15e4109f3caaa72,b9d08fb632f927ed2c6701a01465961d48be6290843748c7a14ee191dedc40b4,b9d08fb632f927ed2c6701a01465961d48be6290843748c7a14ee191dedc40b4,1,1,1868,0,0,,,
Labour,UNRATE,5,pre_employment_report,2023-12,2024-01-04,Labour Equal-Weight Ensemble,3.7000000000000002,3.5161215664386383,3.5168629312427377,0.0007413648040994758,0.18387843356136191,0.18313706875726243,0.033811278328980184,0.033539185953002267,-0.00027209237597791702,0.18387843356136191,0.18313706875726243,-0.0007413648040994758,c5e56cffe44735191f46e496aa0b24ddf4cd493263fa7c72f17608600b8da4fa,34feba021ef983f50cbb46a189182fdc4b5d6638999de275293d99f0cb0b4afc,738e115655b1a6cb9e305469bcf1d9256fd6cd0b2c4f2145784f420db57204b8,738e115655b1a6cb9e305469bcf1d9256fd6cd0b2c4f2145784f420db57204b8,1,1,1872,0,0,,,
Labour,UNRATE,1,month_open,2024-01,2024-01-01,Labour AR(1),3.7000000000000002,4.0247234316056186,4.026357675577227,0.0016342439716083845,-0.32472343160561845,-0.32635767557722684,0.10544530703372876,0.10650933240817044,0.0010640253744416822,0.32472343160561845,0.32635767557722684,0.0016342439716083845,3519333accd53327f1080036a15493a48742a0a34f4f87436c06d7119d3e3764,52c16bda03fdf6cd8f70b47c71ab08e734285afe817c43b498412b2cb86ab069,b9d08fb632f927ed2c6701a01465961d48be6290843748c7a14ee191dedc40b4,b9d08fb632f927ed2c6701a01465961d48be6290843748c7a14ee191dedc40b4,1,1,1868,0,0,,,
Labour,UNRATE,2,after_week_1,2024-01,2024-01-07,Labour Equal-Weight Ensemble,3.7000000000000002,3.5376978079945496,3.5713642330062396,0.033666425011690038,0.1623021920054506,0.12863576699376056,0.026342001529774152,0.016547160550073058,-0.0097948409797010937,0.1623021920054506,0.12863576699376056,-0.033666425011690038,a252c50a87f26aba33a12acedf7870a0a48f124684b844c1ad2f0650d5369cd4,6bf931a2847e74959052d49b0208a68befb440139c749665cacd1b663c8c9b6f,dd6b28334e3f5964197e633ef2756e77ebf2c424f9881007c81cac3c641e6179,dd6b28334e3f5964197e633ef2756e77ebf2c424f9881007c81cac3c641e6179,1,1,1868,0,0,,,
Labour,UNRATE,3,after_week_2,2024-01,2024-01-14,Labour Equal-Weight Ensemble,3.7000000000000002,3.5342444701457389,3.5625683346634633,0.028323864517724395,0.16575552985426123,0.13743166533653683,0.027474895677266888,0.01888746263717386,-0.0085874330400930281,0.16575552985426123,0.13743166533653683,-0.028323864517724395,4137aca638b70cbdb714544313f398ba6149872c41a12595f85b84fec079499b,c039273c45d89c57ad70270fd6bd0357b347667e0da1665fd0f16bd76da2fa79,008bfebf828d2912db6890163ef6cf7939011c2debb00fade0dfc0d0eba0e5a3,008bfebf828d2912db6890163ef6cf7939011c2debb00fade0dfc0d0eba0e5a3,1,1,1866,0,0,,,
Labour,UNRATE,4,month_end,2024-01,2024-01-31,Labour Equal-Weight Ensemble,3.7000000000000002,3.5192178776339857,3.5824821618794327,0.063264284245446945,0.18078212236601443,0.11751783812056749,0.032682175767160614,0.013810442276531904,-0.018871733490628709,0.18078212236601443,0.11751783812056749,-0.063264284245446945,8b7ca7ee27539c100809fb99a89db4363c964d7ce55b3e34fa72dabf6ba8438d,9707a53dd9aecf00a1d49bcf56ab6957a33c8088d7b147cf808210a28eea579b,6f2e14a1a234131d9381e5d5680cb78ad5ae983392ad643d2532aa6db1f2acb6,6f2e14a1a234131d9381e5d5680cb78ad5ae983392ad643d2532aa6db1f2acb6,1,1,1872,0,0,,,
Labour,UNRATE,5,pre_employment_report,2024-01,2024-02-01,Labour Equal-Weight Ensemble,3.7000000000000002,3.5246614251757085,3.5903287671880193,0.065667342012310836,0.17533857482429172,0.10967123281198088,0.030743615821413744,0.012027779306499712,-0.018715836514914035,0.17533857482429172,0.10967123281198088,-0.065667342012310836,3701b2b60e17f3a387ae6dd4e9bc665cc172f5749b445cec879e69b5b005416e,8a93adce5d06b5d888cbfea100fe810824e119abe58d9c1f30eea6ed8a1e4d99,263d5e171d130688310ed97e514202d77ae8b5dfa5f3aaf4e42ae1375199ad37,263d5e171d130688310ed97e514202d77ae8b5dfa5f3aaf4e42ae1375199ad37,1,1,1874,0,0,,,
Labour,UNRATE,1,month_open,2024-02,2024-02-01,Labour AR(1),3.8999999999999999,3.8343677875845561,3.9290934829185038,0.094725695333947701,0.065632212415443814,-0.029093482918503888,0.0043075873065459369,0.00084643074832927746,-0.0034611565582166595,0.065632212415443814,0.029093482918503888,-0.036538729496939926,3701b2b60e17f3a387ae6dd4e9bc665cc172f5749b445cec879e69b5b005416e,8a93adce5d06b5d888cbfea100fe810824e119abe58d9c1f30eea6ed8a1e4d99,263d5e171d130688310ed97e514202d77ae8b5dfa5f3aaf4e42ae1375199ad37,263d5e171d130688310ed97e514202d77ae8b5dfa5f3aaf4e42ae1375199ad37,1,1,1874,0,0,,,
Labour,UNRATE,2,after_week_1,2024-02,2024-02-07,Labour Equal-Weight Ensemble,3.8999999999999999,3.4761160994324811,3.5531994527796216,0.077083353347140449,0.42388390056751879,0.34680054722037834,0.17967756116033415,0.12027061955235387,-0.059406941607980282,0.42388390056751879,0.34680054722037834,-0.077083353347140449,a4241ad2fc581d1496b94a0b1bec695555a3d43881a153582fa6b660ae64a15d,57ccb044e011cf095777f94eec0fda3e311c8a599a4a739f5d543629fd6db676,17ed3b1f7d512acd9883c0720aac73eb5f30a39942be20473318e1fc7fe2b102,17ed3b1f7d512acd9883c0720aac73eb5f30a39942be20473318e1fc7fe2b102,1,1,1859,0,0,,,
Labour,UNRATE,3,after_week_2,2024-02,2024-02-14,Labour Equal-Weight Ensemble,3.8999999999999999,3.4732288100058462,3.5600656449832542,0.086836834977408017,0.42677118999415375,0.33993435501674574,0.18213364860902609,0.11555536572065092,-0.066578282888375168,0.42677118999415375,0.33993435501674574,-0.086836834977408017,e66a3d829626762dc37bc2abaef61abbae0b316e83b458eb9e862f6e10aab1d2,47c225785f983f4a4d3b7b8c884d4d2cc455659357c5096988da6def92b1cfee,adcb0d66b7e1600ddd390d20fac278ad0dde0c1a640569ba339ae3e1b78e1fac,adcb0d66b7e1600ddd390d20fac278ad0dde0c1a640569ba339ae3e1b78e1fac,1,1,1861,0,0,,,
Labour,UNRATE,4,month_end,2024-02,2024-02-29,Labour Equal-Weight Ensemble,3.8999999999999999,3.4938753557763413,3.5816343525960499,0.087758996819708557,0.40612464422365857,0.31836564740395001,0.16493722664579324,0.10135668544693623,-0.063580541198857018,0.40612464422365857,0.31836564740395001,-0.087758996819708557,04841ef40dafcdc536a79240e7a22a4ea8336419419f1ec8074618f2a3963450,d18f5ca0deb9fa98f0430bc113a194158b2618e3986f3d99c16d8c241edaea4c,4ed33693770fc834953d0941b58e10c7c7327f452bf37515c89dcd557595d991,4ed33693770fc834953d0941b58e10c7c7327f452bf37515c89dcd557595d991,1,1,1866,0,0,,,
Labour,UNRATE,5,pre_employment_report,2024-02,2024-03-07,Labour Equal-Weight Ensemble,3.8999999999999999,3.5011826709528044,3.5537823889823739,0.05259971802956942,0.39881732904719547,0.34621761101762605,0.15905526194833899,0.11986663417875222,-0.039188627769586773,0.39881732904719547,0.34621761101762605,-0.05259971802956942,a8ee776c9f04382a27263870e48955c258b313cab6154421801a9a3c9d2d95cf,fe388ab462e08d5407963fdd9e9fadf6e49337a1a9d945369a93185800bcba36,ccb1fb21067594ca032792811092e515f16c14bbe4a956f2b009e5bf85885219,ccb1fb21067594ca032792811092e515f16c14bbe4a956f2b009e5bf85885219,1,1,1856,0,0,,,
Labour,UNRATE,1,month_open,2024-03,2024-03-01,Labour AR(1),3.7999999999999998,3.8343677875845561,3.9290934829185038,0.094725695333947701,-0.034367787584556275,-0.12909348291850398,0.0011811448234571806,0.016665127332030079,0.015483982508572898,0.034367787584556275,0.12909348291850398,0.094725695333947701,77548f2852b75aef580efa27cc6c20479ec5dc3089e524f4893a7b89b3ff0f3c,3cdba64a70abe67dd8ab51e26c618dd2d93e5ec881bff796a9a5c0b31d5d8848,4ed33693770fc834953d0941b58e10c7c7327f452bf37515c89dcd557595d991,4ed33693770fc834953d0941b58e10c7c7327f452bf37515c89dcd557595d991,1,1,1866,0,0,,,
Labour,UNRATE,2,after_week_1,2024-03,2024-03-07,Labour Equal-Weight Ensemble,3.7999999999999998,3.5279182459855041,3.5496392049090653,0.021720958923561184,0.27208175401449575,0.25036079509093456,0.074028480867604579,0.06268052771856493,-0.01134795314903965,0.27208175401449575,0.25036079509093456,-0.021720958923561184,a8ee776c9f04382a27263870e48955c258b313cab6154421801a9a3c9d2d95cf,fe388ab462e08d5407963fdd9e9fadf6e49337a1a9d945369a93185800bcba36,ccb1fb21067594ca032792811092e515f16c14bbe4a956f2b009e5bf85885219,ccb1fb21067594ca032792811092e515f16c14bbe4a956f2b009e5bf85885219,1,1,1856,0,0,,,
Labour,UNRATE,3,after_week_2,2024-03,2024-03-14,Labour Equal-Weight Ensemble,3.7999999999999998,3.524887422093586,3.5726696642398603,0.047782242146274356,0.27511257790641386,0.2273303357601395,0.075686930522312637,0.05167908155681776,-0.024007848965494877,0.27511257790641386,0.2273303357601395,-0.047782242146274356,6082a0e5af4d013b8a575a7e0c2f72c977bf815d00f07e82c024da13b8dbdd8c,82d96801da56bbe0cda367aae533ade68c787faabfaccb8f2d03f02f227056f4,3f0dee2c220923a4c89f86703051b8995f4b1c414fa65d0cec5d212b9a879ea6,3f0dee2c220923a4c89f86703051b8995f4b1c414fa65d0cec5d212b9a879ea6,1,1,1865,0,0,,,
Labour,UNRATE,4,month_end,2024-03,2024-03-31,Labour Equal-Weight Ensemble,3.7999999999999998,3.5355922113387788,3.5556931495288495,0.02010093819007075,0.26440778866122105,0.24430685047115031,0.069911478704716937,0.059685837187132995,-0.010225641517583942,0.26440778866122105,0.24430685047115031,-0.02010093819007075,d8f9cec934588cef4f635943e0a3012b5d783790202aef237ba7b866779390e9,98236d9ecf7744cde504be0e97007b350d03491c852c7a85ac7344ac45f336a8,2c8d172e0b20b3c6a16115472aaa1a2af2fda043ff078b4b87c97096be315ed6,2c8d172e0b20b3c6a16115472aaa1a2af2fda043ff078b4b87c97096be315ed6,1,1,1744,0,0,,,
Labour,UNRATE,5,pre_employment_report,2024-03,2024-04-04,Labour Equal-Weight Ensemble,3.7999999999999998,3.5953513741447645,3.617859756499874,0.022508382355109546,0.20464862585523536,0.18214024350012581,0.041881060064436107,0.033175068302285123,-0.0087059917621509844,0.20464862585523536,0.18214024350012581,-0.022508382355109546,3c614a922141ff47ddcbb53904e11bec16d45036125079e935570cd818d20308,8ac883924266c3353bd5986289bd1d614d954db6caf6e710fa1b0e7a4cece37e,57df407ae2bcf19c62da1589f4d1ac417f244ed53d0b77d351e5fd7fe7ef502f,57df407ae2bcf19c62da1589f4d1ac417f244ed53d0b77d351e5fd7fe7ef502f,1,1,1748,0,0,,,
Labour,UNRATE,1,month_open,2024-04,2024-04-01,Labour AR(1),3.8999999999999999,3.8330539906491472,3.8329480650059895,-0.00010592564315770048,0.066946009350852709,0.067051934994010409,0.0044817681680044581,0.004495961986440998,1.4193818436539912e-05,0.066946009350852709,0.067051934994010409,0.00010592564315770048,f3e7ab5cea5b82b2ff68483aefae2427714a7b2b3172e6acc5bdef31debf210b,5861295ec66965c74ecd87c21b3a0e935a56f379c2a687f00f12ac7d2b0450e0,2c8d172e0b20b3c6a16115472aaa1a2af2fda043ff078b4b87c97096be315ed6,2c8d172e0b20b3c6a16115472aaa1a2af2fda043ff078b4b87c97096be315ed6,1,1,1744,0,0,,,
Labour,UNRATE,2,after_week_1,2024-04,2024-04-07,Labour Equal-Weight Ensemble,3.8999999999999999,3.5862669832688696,3.6811617150696971,0.094894731800827525,0.3137330167311303,0.21883828493030277,0.098428405787215678,0.047890194951236378,-0.0505382108359793,0.3137330167311303,0.21883828493030277,-0.094894731800827525,ca78175c4d5921f128c9ea62d66a38c43edce9fd95b11492bfdef46efef9422e,fd535772b715da435e1dd2b7a68a9c0d8579cd58a4e6a5e63248b1b91ff7c433,675b69ddc1dc9434a72a7952ad117ffeaf701955b531b2d6d587f9b8bd67c5c0,675b69ddc1dc9434a72a7952ad117ffeaf701955b531b2d6d587f9b8bd67c5c0,1,1,1754,0,0,,,
Labour,UNRATE,3,after_week_2,2024-04,2024-04-14,Labour Equal-Weight Ensemble,3.8999999999999999,3.5925628823045099,3.6873568541861133,0.094793971881603323,0.30743711769548998,0.21264314581388666,0.094517581336910558,0.045217107461625862,-0.049300473875284696,0.30743711769548998,0.21264314581388666,-0.094793971881603323,f361a111d81ddea7281c1841c3e7377ead6751e7738e314e5c5a783bd67b93a7,4663a9130d45dad6a955e61661adf9491dae691b57ad2d456364d8a88776b3c9,9eb1b20cece96e0dff67bc55feafdfa3fbaf37772286a2099fcc570050b9a2c0,9eb1b20cece96e0dff67bc55feafdfa3fbaf37772286a2099fcc570050b9a2c0,1,1,1756,0,0,,,
Labour,UNRATE,4,month_end,2024-04,2024-04-30,Labour Equal-Weight Ensemble,3.8999999999999999,3.5880050736437714,3.6889917489970032,0.1009866753532318,0.3119949263562285,0.21100825100299669,0.09734083407202844,0.044524481991343658,-0.052816352080684782,0.3119949263562285,0.21100825100299669,-0.1009866753532318,c8a398c207425212c887b26d5dbe108904be6744256a227a3bf1b8630afe050c,7eaddfbc05bc6729a5c31caa81aa1bab752b060f86e602bac820f04121eaa455,80a21ecee3d3ec86978f63f008876335604e95f190fd918c37165d281581bfa8,80a21ecee3d3ec86978f63f008876335604e95f190fd918c37165d281581bfa8,1,1,1758,0,0,,,
Labour,UNRATE,5,pre_employment_report,2024-04,2024-05-02,Labour Equal-Weight Ensemble,3.8999999999999999,3.557353804310186,3.6943577281104858,0.1370039238002998,0.34264619568981391,0.20564227188951412,0.11740641542070225,0.04228874398788085,-0.075117671432821401,0.34264619568981391,0.20564227188951412,-0.1370039238002998,c19c383bf66ea97e8440e09bbf68fb6cae777bb3d7dda974dc99d85629750969,a887d004f43ebcd70b7557d04f395b117b3aa5bb576d357109237a8e9ea49f0f,24acb28621ce2b3da5bbc89402abafd7c8ad121bae561366a20b7525c0c4cfb8,24acb28621ce2b3da5bbc89402abafd7c8ad121bae561366a20b7525c0c4cfb8,1,1,1761,0,0,,,
Labour,UNRATE,1,month_open,2024-05,2024-05-01,Labour AR(1),4,3.9256934518479012,4.0205054892526899,0.094812037404788718,0.074306548152098806,-0.020505489252689912,0.0055214630982801782,0.00042047508949218148,-0.0051009880087879971,0.074306548152098806,0.020505489252689912,-0.053801058899408893,54bb7e70ea519f9b1d13ed3660f1d855156a427c1a91f45267677ad5bbe663f2,862be7eefcd41422f59ce0d88e55ae41a8235bb3843167c4e846035dfdaaedcc,569c6df1726ce7d768104d710fc70b0f01f0b05de7aab46527cf96039461890f,569c6df1726ce7d768104d710fc70b0f01f0b05de7aab46527cf96039461890f,1,1,1759,0,0,,,
Labour,UNRATE,2,after_week_1,2024-05,2024-05-07,Labour Equal-Weight Ensemble,4,3.5922464591515699,3.680492148171588,0.088245689020018059,0.40775354084843007,0.31950785182841202,0.16626295007443234,0.10208526738000649,-0.06417768269442585,0.40775354084843007,0.31950785182841202,-0.088245689020018059,ba741d1b161e87db6a8511e63833a6c04f0fcbf08a7534893c60302232e6ab6f,772a296f685b07b8d3698d6d3c362a5f1e72a83121574cc43e1b2c6086c51b31,37535c2fcb235626cfb95f0a11b96295adbc300805bb1ff343973399995a753c,37535c2fcb235626cfb95f0a11b96295adbc300805bb1ff343973399995a753c,1,1,1767,0,0,,,
Labour,UNRATE,3,after_week_2,2024-05,2024-05-14,Labour Equal-Weight Ensemble,4,3.5774190303077802,3.6663106044527076,0.088891574144927432,0.42258096969221981,0.33368939554729238,0.17857467594601681,0.11134861270071734,-0.067226063245299464,0.42258096969221981,0.33368939554729238,-0.088891574144927432,8aaa812faa2efa57d1e16617bd809a906549a3d52532e4eb2aa5a91bf3174426,a3efe960a8991d1e8136f406ff90ccb8dc15c804633c49c6b52cdd07572db1b5,e673ae6a7e95cfe311ef166f45cad62f7dad0446e0cc3141d9a3576c547e2767,e673ae6a7e95cfe311ef166f45cad62f7dad0446e0cc3141d9a3576c547e2767,1,1,1769,0,0,,,
Labour,UNRATE,4,month_end,2024-05,2024-05-31,Labour Equal-Weight Ensemble,4,3.5917522800460162,3.6830136358504286,0.091261355804412414,0.40824771995398379,0.31698636414957138,0.16666620084762637,0.10048035505676467,-0.066185845790861703,0.40824771995398379,0.31698636414957138,-0.091261355804412414,4c4446c658be80fb35aa570dec5ca427851a31b7ddfe358ae6a03c9b0edc48ec,ca4416be7ac8630c17bf29ba73c80ec0ac2cd24ac22ab2b7812c405386cfcf9d,7ddb82c9aa64aa0d74f61c75d2ab607f6d1d6db4d15851015454089a6c7f0cdc,7ddb82c9aa64aa0d74f61c75d2ab607f6d1d6db4d15851015454089a6c7f0cdc,1,1,1775,0,0,,,
Labour,UNRATE,5,pre_employment_report,2024-05,2024-06-06,Labour Equal-Weight Ensemble,4,3.6248668879474817,3.6637169610909499,0.038850073143468222,0.37513311205251831,0.33628303890905009,0.14072485175820726,0.11308628225790569,-0.027638569500301566,0.37513311205251831,0.33628303890905009,-0.038850073143468222,e5739ff7426bc2d03e33812e3dc053aafe2e99bdd80ee86b4d90b7ea686d5a11,69b21fe08e6c024cb71fe77e2ae3777bd22ad22896a63d0da26870dc84395764,90216d90c143ec584240db98f7988620c6bc1bf98375cd70ee088d4652092553,90216d90c143ec584240db98f7988620c6bc1bf98375cd70ee088d4652092553,1,1,1779,0,0,,,
Labour,UNRATE,1,month_open,2024-06,2024-06-01,Labour AR(1),4.0999999999999996,3.9256934518479012,4.0205054892526899,0.094812037404788718,0.17430654815209845,0.079494510747309732,0.030382772728699815,0.0063193772389541422,-0.024063395489745672,0.17430654815209845,0.079494510747309732,-0.094812037404788718,1a29a50fce25676ba4df60dc2a227497d5912955dfc3391913627a002c9252a3,39008f244877f83e96a3e5ba40bcf79fb220b58bc470a7c7ed331a327a9d34b1,7ddb82c9aa64aa0d74f61c75d2ab607f6d1d6db4d15851015454089a6c7f0cdc,7ddb82c9aa64aa0d74f61c75d2ab607f6d1d6db4d15851015454089a6c7f0cdc,1,1,1775,0,0,,,
Labour,UNRATE,2,after_week_1,2024-06,2024-06-07,Labour Equal-Weight Ensemble,4.0999999999999996,3.6627730493838597,3.724379537582069,0.061606488198209242,0.43722695061613992,0.37562046241793068,0.19116740634508847,0.14109073178706008,-0.050076674558028389,0.43722695061613992,0.37562046241793068,-0.061606488198209242,a169daa65ea8b174d1c6c12af99fac4c2c993e382e163b9b729280e5bda003f2,a491ee37d48af43d831a4f4385f5ee29b129899d6431aff77b1aefb597acd460,9ce9fb6601bd4e737b47dd8cb3947c1f430c605f8e5e9618ac24e3311baa6778,9ce9fb6601bd4e737b47dd8cb3947c1f430c605f8e5e9618ac24e3311baa6778,1,1,1786,0,0,,,
Labour,UNRATE,3,after_week_2,2024-06,2024-06-14,Labour Equal-Weight Ensemble,4.0999999999999996,3.6673883365541666,3.7230806008002837,0.055692264246117062,0.43261166344583302,0.37691939919971595,0.18715285134937071,0.14206823349307485,-0.045084617856295861,0.43261166344583302,0.37691939919971595,-0.055692264246117062,5b118d1a38fdc61e0354d414940750989584533b032f3ebc5108ce5237a83dda,27cd7b75ba6e892453e491ace94803b04f55942b94e7f719ca74a676fc69993f,fb9c31f61dd7d169887f1dd790a795965b77e03d92527f2684a7067d1b2a2f45,fb9c31f61dd7d169887f1dd790a795965b77e03d92527f2684a7067d1b2a2f45,1,1,1788,0,0,,,
Labour,UNRATE,4,month_end,2024-06,2024-06-30,Labour Equal-Weight Ensemble,4.0999999999999996,3.6655048139234183,3.7215392928327353,0.056034478909317009,0.43449518607658133,0.37846070716726432,0.18878606672372303,0.14323250686954581,-0.045553559854177222,0.43449518607658133,0.37846070716726432,-0.056034478909317009,66b68196eefe79db940752639d613747ca2ba48e5ea9ffb2463ea72cace78419,abadb721279c5669048fa565106503c424ba939cca1c844153c71e7f6c898bce,db11808607749f43fb381f98c057801e7d351d26b101f795302d467acd584c1f,db11808607749f43fb381f98c057801e7d351d26b101f795302d467acd584c1f,1,1,1791,0,0,,,
Labour,UNRATE,5,pre_employment_report,2024-06,2024-07-04,Labour Equal-Weight Ensemble,4.0999999999999996,3.7231568681143519,3.7687511013509174,0.045594233236565529,0.37684313188564778,0.33124889864908225,0.14201074604938371,0.10972583285622996,-0.032284913193153755,0.37684313188564778,0.33124889864908225,-0.045594233236565529,6497673dc139911c57af9fc6a34db5905086eb186e0aca8fadc5040ec52000fe,bca749f44d1bd10cd6f8a834e2a226b9a8dc0209752e9998638398822ff2fb5a,835cf7411b520f3fbb30e9da17dd7f215d715056fdd689f501837571541033ca,835cf7411b520f3fbb30e9da17dd7f215d715056fdd689f501837571541033ca,1,1,1796,0,0,,,
Labour,UNRATE,1,month_open,2024-07,2024-07-01,Labour AR(1),4.2999999999999998,4.0194879520762496,4.0194567602564595,-3.1191819790166164e-05,0.28051204792375017,0.28054323974354034,0.078687009030376315,0.078704509365801548,1.7500335425232882e-05,0.28051204792375017,0.28054323974354034,3.1191819790166164e-05,4c87aae8629352590fc1e432e4813cbaff4f6e9f6b181cea657a60ee780a4e0c,5a4ca9e737bab77d0e12b626659e660f587235241cbce935a2833ffdc6188cf2,db11808607749f43fb381f98c057801e7d351d26b101f795302d467acd584c1f,db11808607749f43fb381f98c057801e7d351d26b101f795302d467acd584c1f,1,1,1791,0,0,,,
Labour,UNRATE,2,after_week_1,2024-07,2024-07-07,Labour Equal-Weight Ensemble,4.2999999999999998,3.8220608368385207,3.8286690931602458,0.0066082563217251256,0.47793916316147911,0.47133090683975398,0.22842584368349494,0.22215282374238485,-0.0062730199411100973,0.47793916316147911,0.47133090683975398,-0.0066082563217251256,59d76c06705e6428cb53e639d275bd1c60f4cd814f4e38381f010eb1fbfb991c,ed02dc91b17bcd36d8932ef69f637741f2c2fa8078fc3a015284499435d63028,8fc9a0e9a9369e6664958ea2b19dd0f5a69027494755eb015907c1e555747fc0,8fc9a0e9a9369e6664958ea2b19dd0f5a69027494755eb015907c1e555747fc0,1,1,1802,0,0,,,
Labour,UNRATE,3,after_week_2,2024-07,2024-07-14,Labour Equal-Weight Ensemble,4.2999999999999998,3.8406308728978948,3.8448333597462074,0.0042024868483125921,0.45936912710210498,0.45516664025379239,0.21101999493454987,0.20717667039992527,-0.0038433245346246037,0.45936912710210498,0.45516664025379239,-0.0042024868483125921,b9d9d06b76243fbeb3e3c4f0ee993d001c65ada355bcca8b593fcb3afbe8683b,e6b9e2b1db3200c0ab16e07aee8896803c9516793e02f00cb80fb29aee92f525,8fd2655090cc532fb7ed1ca4a02e1295a4dfab707564493fb3a9d0cf9046b17c,8fd2655090cc532fb7ed1ca4a02e1295a4dfab707564493fb3a9d0cf9046b17c,1,1,1805,0,0,,,
Labour,UNRATE,4,month_end,2024-07,2024-07-31,Labour Equal-Weight Ensemble,4.2999999999999998,3.8582351600499378,3.8758377295080186,0.017602569458080808,0.44176483995006199,0.42416227049198119,0.1951561738161039,0.17991363170891261,-0.015242542107191281,0.44176483995006199,0.42416227049198119,-0.017602569458080808,c3a0cfd07a89a9461ffab86252ae088529cb2362cc99b544dee29cdc48adf2f6,65c4288243444deaa0bbe8bf0f59dc83f27957afba976db5d2ea5b319fd1b835,839bf40df96aad299b875253fb64f60c25ec79ba836ccef00d7dbed0a6b77da1,839bf40df96aad299b875253fb64f60c25ec79ba836ccef00d7dbed0a6b77da1,1,1,1809,0,0,,,
Labour,UNRATE,5,pre_employment_report,2024-07,2024-08-01,Labour Equal-Weight Ensemble,4.2999999999999998,3.8579346030451176,3.8757042041133745,0.017769601068256868,0.44206539695488223,0.42429579588662536,0.19542181518487758,0.18002692240706486,-0.015394892777812724,0.44206539695488223,0.42429579588662536,-0.017769601068256868,1cb149f34c3a59f532e4c49889de041b32bf26f923648d832d4fb47e89fccca4,87297f2a6be8980eb906037fe6af287d27de64309ba1129234aa45ff4029d607,6a2c69b2ecd69eee6775c035be50ba78064a72f3095f1aad53912b7020464fab,6a2c69b2ecd69eee6775c035be50ba78064a72f3095f1aad53912b7020464fab,1,1,1811,0,0,,,
Labour,UNRATE,1,month_open,2024-08,2024-08-01,Labour AR(1),4.2000000000000002,4.2072771242095097,4.2072089493578027,-6.8174851707070161e-05,-0.0072771242095095445,-0.0072089493578024744,5.2956536760629914e-05,5.1968950843360707e-05,-9.8758591726920669e-07,0.0072771242095095445,0.0072089493578024744,-6.8174851707070161e-05,1cb149f34c3a59f532e4c49889de041b32bf26f923648d832d4fb47e89fccca4,87297f2a6be8980eb906037fe6af287d27de64309ba1129234aa45ff4029d607,6a2c69b2ecd69eee6775c035be50ba78064a72f3095f1aad53912b7020464fab,6a2c69b2ecd69eee6775c035be50ba78064a72f3095f1aad53912b7020464fab,1,1,1811,0,0,,,
Labour,UNRATE,2,after_week_1,2024-08,2024-08-07,Labour Equal-Weight Ensemble,4.2000000000000002,3.8833706745016534,3.8897097463560044,0.0063390718543510083,0.31662932549834677,0.31029025364399576,0.10025412976553803,0.096280041506455222,-0.0039740882590828114,0.31662932549834677,0.31029025364399576,-0.0063390718543510083,e42c04762dad2df063bb0350438ac0035341666051ecdfb9e487763adb761ed9,f2a68d2cbf9e432db3e10b1d3dd7e7589dc79aa2c1424e90959dc4f9d5ee3649,1bd3bd58a4c348947028b025e355f872c183ad3e15502ccf78ee06f8e7a42ba6,1bd3bd58a4c348947028b025e355f872c183ad3e15502ccf78ee06f8e7a42ba6,1,1,1817,0,0,,,
Labour,UNRATE,3,after_week_2,2024-08,2024-08-14,Labour Equal-Weight Ensemble,4.2000000000000002,3.888253088755846,3.8943245689421544,0.0060714801863084311,0.31174691124415421,0.30567543105784578,0.097186136670270568,0.093437469152399824,-0.0037486675178707435,0.31174691124415421,0.30567543105784578,-0.0060714801863084311,68ab36fad37d8d08cf9611ee2be678ce8b335aca49799811a4838a7bdc8c0a82,d1539eadabc181667319ac17d5a1f0f8a157bfdd9779024c2a1f00c1f4625c6c,c872c07c77ae27726a062f72bd3db5e45d6c3780a9eb8981ac94b001cb5344cb,c872c07c77ae27726a062f72bd3db5e45d6c3780a9eb8981ac94b001cb5344cb,1,1,1819,0,0,,,
Labour,UNRATE,4,month_end,2024-08,2024-08-31,Labour Equal-Weight Ensemble,4.2000000000000002,3.879478541610657,3.8912785457689627,0.011800004158305732,0.32052145838934321,0.30872145423103747,0.10273400528803146,0.09530893630252657,-0.0074250689855048929,0.32052145838934321,0.30872145423103747,-0.011800004158305732,732c63f7ec21aca5181fcbf6a7ce6e57eecc05a6e05ae98f806fe33824c84b98,32bbdb566a79ff73fefb8d05b974f260cb267d1b869792838d0bddd00eba38a3,24aa729d53f494bd65eb562696c57b77bacb76709fba3e9a5ba2f3167f42baa4,24aa729d53f494bd65eb562696c57b77bacb76709fba3e9a5ba2f3167f42baa4,1,1,1822,0,0,,,
Labour,UNRATE,5,pre_employment_report,2024-08,2024-09-05,Labour Equal-Weight Ensemble,4.2000000000000002,3.9414452074123223,3.9430555252707484,0.0016103178584261357,0.25855479258767788,0.25694447472925175,0.066850580770057136,0.066020463093891091,-0.00083011767616604504,0.25855479258767788,0.25694447472925175,-0.0016103178584261357,24a267aaceb23a104c9ca97b400f9fb58668961c2456c19611e82d7266e00b5e,91ba7fbfa9612df2ed661ce34ef93ed97381d76c5e60ee08e4ff2eab9354e15a,d3d6b7e57205b2af4d5dcb4cec9192481492d9042737798b26b8992d2df49a09,d3d6b7e57205b2af4d5dcb4cec9192481492d9042737798b26b8992d2df49a09,1,1,1824,0,0,,,
Labour,UNRATE,1,month_open,2024-09,2024-09-01,Labour AR(1),4.0999999999999996,4.2072771242095097,4.2072089493578027,-6.8174851707070161e-05,-0.10727712420951008,-0.10720894935780301,0.011508381378662653,0.011493758822403969,-1.4622556258683805e-05,0.10727712420951008,0.10720894935780301,-6.8174851707070161e-05,5fdfc5666824fdc0b1b10afc856fa2d9825c20b59931314ccf7bd7e9db343ae9,ae25254d1c377f5101783df17c6592fea9d7bee3128bb30bb71d881856707013,24aa729d53f494bd65eb562696c57b77bacb76709fba3e9a5ba2f3167f42baa4,24aa729d53f494bd65eb562696c57b77bacb76709fba3e9a5ba2f3167f42baa4,1,1,1822,0,0,,,
Labour,UNRATE,2,after_week_1,2024-09,2024-09-07,Labour Equal-Weight Ensemble,4.0999999999999996,3.9551828417963613,4.0010023069464369,0.045819465150075622,0.14481715820363839,0.098997693053562763,0.02097200931017763,0.0098005432299274296,-0.0111714660802502,0.14481715820363839,0.098997693053562763,-0.045819465150075622,6630db4ba0d712d7c49345b6885e146b8167fbe90b0cd4a7afdcd4f8399bcfb9,5bd7647d3c359549ef62ce7b459916ed95e78100ce07673ee497d2616738e6af,18430e4c90b5ba42bd7fb3d2870a44951fdd0ea3079aa65e41cf5b9e686a8060,18430e4c90b5ba42bd7fb3d2870a44951fdd0ea3079aa65e41cf5b9e686a8060,1,1,1829,0,0,,,
Labour,UNRATE,3,after_week_2,2024-09,2024-09-14,Labour Equal-Weight Ensemble,4.0999999999999996,3.9523210080902493,3.9979156317380427,0.04559462364779332,0.14767899190975031,0.10208436826195699,0.021809084651480098,0.010421218243442852,-0.011387866408037246,0.14767899190975031,0.10208436826195699,-0.04559462364779332,814ee909d35ffc640fcbea52b33bfdb18fdaecd4e09d342999f2426fec159eec,31bfb7e58937937839969e81e5b8a5c5a016b33c849f4adcea234edaba3f2e18,14886977011a7d10ffe0a731359703a49f06e84e27558378c55932d3c67ada72,14886977011a7d10ffe0a731359703a49f06e84e27558378c55932d3c67ada72,1,1,1832,0,0,,,
Labour,UNRATE,4,month_end,2024-09,2024-09-30,Labour Equal-Weight Ensemble,4.0999999999999996,3.9402602681638541,3.9869613198491884,0.046701051685334338,0.15973973183614554,0.1130386801508112,0.02551678192708369,0.012777743210237398,-0.012739038716846292,0.15973973183614554,0.1130386801508112,-0.046701051685334338,01cfebddb7a8f5d4de9b24b54aa2c3119e470edbe7ad3c651429945bc92b3825,fca5c353d7573ac14524cc4c76065ed29269e8db9f08c2bf9bb91c105e9e23d2,9399e59b0c220eed98483c5298b691a6090157cb1af819c7674e643195d7b6c6,9399e59b0c220eed98483c5298b691a6090157cb1af819c7674e643195d7b6c6,1,1,1837,0,0,,,
Labour,UNRATE,5,pre_employment_report,2024-09,2024-10-03,Labour Equal-Weight Ensemble,4.0999999999999996,3.941688115035566,3.993820653249847,0.052132538214280988,0.1583118849644336,0.10617934675015261,0.025062652920992058,0.011274053676289145,-0.013788599244702913,0.1583118849644336,0.10617934675015261,-0.052132538214280988,85384614c03de2ae9110b37baa3cac585f55f2fcf76aaaa0322fc5ef4b037c14,dc27e9deb9ad86078819b2bd4c9922e4c8ff473ef98dc76c1d35581a3daa2a71,fb7ae2b67912b92816027434d88db885ab2a09f3a9f06a4ecd403a57a2c58cf5,fb7ae2b67912b92816027434d88db885ab2a09f3a9f06a4ecd403a57a2c58cf5,1,1,1842,0,0,,,
Labour,UNRATE,1,month_open,2024-10,2024-10-01,Labour AR(1),4.0999999999999996,4.300601936106986,4.3004508459411888,-0.00015109016579728518,-0.2006019361069864,-0.20045084594118912,0.040241136769871455,0.040180541638538333,-6.0595131333121555e-05,0.2006019361069864,0.20045084594118912,-0.00015109016579728518,f7b88be0eee7738e05aa6fee1d30c15c4a80e51c0331616978de0f0bbf3cedcb,79070ca6da48e438d8f82709b06e3edc032da908571873b95355c84a6f22f5cf,b7988bf6223e6cee949c07b81e5dad41bc067b35b54364fdda009d357627a902,b7988bf6223e6cee949c07b81e5dad41bc067b35b54364fdda009d357627a902,1,1,1840,0,0,,,
Labour,UNRATE,2,after_week_1,2024-10,2024-10-07,Labour Equal-Weight Ensemble,4.0999999999999996,3.8789887984782996,3.9277478315586891,0.048759033080389536,0.22101120152170006,0.17225216844131053,0.048845951198065514,0.029670809532733614,-0.0191751416653319,0.22101120152170006,0.17225216844131053,-0.048759033080389536,db7b7696e6aae99e7694dd5e1c58c95683a8d4964287ec1a555371478da90ebc,28213358d6326f9c04a5acc283b9fa1126db86d3970e204b11334f60c5799b71,058f39ed5648918af7ebf8b4192bc9d2e204e13f90338890324acab2c1d36fea,058f39ed5648918af7ebf8b4192bc9d2e204e13f90338890324acab2c1d36fea,1,1,1848,0,0,,,
Labour,UNRATE,3,after_week_2,2024-10,2024-10-14,Labour Equal-Weight Ensemble,4.0999999999999996,3.8608951058978174,3.9103134911805184,0.049418385282701038,0.23910489410218227,0.18968650881948124,0.057171150383615803,0.03598097162812313,-0.021190178755492672,0.23910489410218227,0.18968650881948124,-0.049418385282701038,61b8d5b40194c98196c5f929ef9c999e7e018da38356e02462e8016b1c5c8cb9,278478dadaf5e9f0446126b91372d8e6f2510601cbe8547a1acd3189466b96a2,db1eed9167c7865b1beeb731de682572ddd9c2fb48440b0e04866aa92691545b,db1eed9167c7865b1beeb731de682572ddd9c2fb48440b0e04866aa92691545b,1,1,1849,0,0,,,
Labour,UNRATE,4,month_end,2024-10,2024-10-31,Labour Equal-Weight Ensemble,4.0999999999999996,3.8394559484500825,3.8943988738431021,0.054942925393019593,0.26054405154991711,0.20560112615689752,0.067883202798045869,0.042271823076984488,-0.025611379721061381,0.26054405154991711,0.20560112615689752,-0.054942925393019593,bb84d013a9a2a7b27d5fe0aa8e8d9395b3a3d825ace33a5cbb55efc1207025e5,dc6ae188b27672aa141921550ba6f4845669bf51e89f776528b50f4b11c1584a,d785d1f2b3fac2f53518055122853dccbaeb123bf6237ae9617dee9fc3703941,d785d1f2b3fac2f53518055122853dccbaeb123bf6237ae9617dee9fc3703941,1,1,1857,0,0,,,
Labour,UNRATE,5,pre_employment_report,2024-10,2024-10-31,Labour Equal-Weight Ensemble,4.0999999999999996,3.8394559484500825,3.8943988738431021,0.054942925393019593,0.26054405154991711,0.20560112615689752,0.067883202798045869,0.042271823076984488,-0.025611379721061381,0.26054405154991711,0.20560112615689752,-0.054942925393019593,bb84d013a9a2a7b27d5fe0aa8e8d9395b3a3d825ace33a5cbb55efc1207025e5,dc6ae188b27672aa141921550ba6f4845669bf51e89f776528b50f4b11c1584a,d785d1f2b3fac2f53518055122853dccbaeb123bf6237ae9617dee9fc3703941,d785d1f2b3fac2f53518055122853dccbaeb123bf6237ae9617dee9fc3703941,1,1,1857,0,0,,,
Labour,UNRATE,1,month_open,2024-11,2024-11-01,Labour AR(1),4.2000000000000002,4.205054557438574,4.2048918366649009,-0.00016272077367318616,-0.005054557438573859,-0.0048918366649006728,2.5548550899842329e-05,2.3930065956066539e-05,-1.6184849437757898e-06,0.005054557438573859,0.0048918366649006728,-0.00016272077367318616,48f5e811c5e66226b53eaec64496c7be903b86ac794ef9d8d90efc169a49a304,c248dedfafc197d5fbd86a4e2373c79da53b5b452202b71aa5da564f6ac41ca3,4e28e10bf6e19ac35abd3c3a41f1ff1012521fe68af007042673df5c79e26c1a,4e28e10bf6e19ac35abd3c3a41f1ff1012521fe68af007042673df5c79e26c1a,1,1,1861,0,0,,,
Labour,UNRATE,2,after_week_1,2024-11,2024-11-07,Labour Equal-Weight Ensemble,4.2000000000000002,3.9740200921971649,3.9612723779678571,-0.012747714229307761,0.22597990780283528,0.23872762203214304,0.051066918730577934,0.056990877521121745,0.005923958790543811,0.22597990780283528,0.23872762203214304,0.012747714229307761,96e1ec0cf077d79a876d72878c52811dd67fc548936fe8bc4d7a31f5c16a0d3d,3b397bd569b29ff240e6242cb453b9c9da85d4d218e90f76d81381c305e48565,c64c44d443dba8bae38f5c1ed93dc5ba400069953956521ca3079f14c902b887,c64c44d443dba8bae38f5c1ed93dc5ba400069953956521ca3079f14c902b887,1,1,1861,0,0,,,
Labour,UNRATE,3,after_week_2,2024-11,2024-11-14,Labour Equal-Weight Ensemble,4.2000000000000002,3.9587108045585246,3.9503087632118228,-0.0084020413467018606,0.24128919544147553,0.2496912367881774,0.058220475836794579,0.062345713728809669,0.0041252378920150906,0.24128919544147553,0.2496912367881774,0.0084020413467018606,215c1be6722346fedf96008e93374abccf3a01c6c1ba6059675edd4b9ce324ea,68c2504e29687514d030b06f2ac5c8ac925f3d86a589c52bc75c3ddda2163da3,2f9478a9e3f79d5ff9a3f1e1e0e9295ccdebd0927467fcef5716315c2bf0f54e,2f9478a9e3f79d5ff9a3f1e1e0e9295ccdebd0927467fcef5716315c2bf0f54e,1,1,1863,0,0,,,
Labour,UNRATE,4,month_end,2024-11,2024-11-30,Labour Equal-Weight Ensemble,4.2000000000000002,3.9645073212562529,3.9531850165111826,-0.011322304745070344,0.23549267874374724,0.24681498348881759,0.055456801741905745,0.0609176360745853,0.0054608343326795553,0.23549267874374724,0.24681498348881759,0.011322304745070344,47f401181e8f074bd710761ba1e46076c3e0995fa29431b0fde81a166a48cb18,36086b195041aa5a9f4869644967c97e6d8e460eea6d906c9108d7bde0b5cce6,ba79437465c11ae8c07a4170756b5996f68baa19d7b46ea93f108d313ad623c8,ba79437465c11ae8c07a4170756b5996f68baa19d7b46ea93f108d313ad623c8,1,1,1868,0,0,,,
Labour,UNRATE,5,pre_employment_report,2024-11,2024-12-05,Labour Equal-Weight Ensemble,4.2000000000000002,3.9721990059386769,3.9903456503886225,0.018146644449945626,0.22780099406132326,0.20965434961137763,0.051893292895327035,0.043954946310969759,-0.0079383465843572767,0.22780099406132326,0.20965434961137763,-0.018146644449945626,8508c1e46daa20337ca3613a5e44f3d99c40f85a4a8627509a10a97d7b3f22b7,a2e0cff56f508dff31fdd37764e29159d5bf443baa72ef2dd78aafba60d58b64,7717ab2906370a4d1b510e3d8202cbcb66bf1b4e7a6c260b694854a84c5131e3,7717ab2906370a4d1b510e3d8202cbcb66bf1b4e7a6c260b694854a84c5131e3,1,1,1872,0,0,,,
Labour,UNRATE,1,month_open,2024-12,2024-12-01,Labour AR(1),4.0999999999999996,4.205054557438574,4.2048918366649009,-0.00016272077367318616,-0.10505455743857439,-0.10489183666490121,0.011036460038614726,0.011002297398936312,-3.4162639678413445e-05,0.10505455743857439,0.10489183666490121,-0.00016272077367318616,65bb2277f867bc39d04bd21dd903761138ec9b7b1607aa99aeb44ec8f6e16bc3,d8974492939836fe44c4a629dbf8dbb91bf52e3366dd23d025d2ce07fae8cc8b,ba79437465c11ae8c07a4170756b5996f68baa19d7b46ea93f108d313ad623c8,ba79437465c11ae8c07a4170756b5996f68baa19d7b46ea93f108d313ad623c8,1,1,1868,0,0,,,
Labour,UNRATE,2,after_week_1,2024-12,2024-12-07,Labour Equal-Weight Ensemble,4.0999999999999996,3.8435978157561674,3.9038043805392006,0.060206564783033212,0.25640218424383221,0.196195619460799,0.065742080085008078,0.038492721095606648,-0.02724935898940143,0.25640218424383221,0.196195619460799,-0.060206564783033212,b12f8d34692d44fd7280401e60abc407818c59de8c6522a02b37f0100be55cdb,03114a5790257dce84a1b8242f4f21274d0ef2687c2c0e5b3a676d0dd90aae1d,f13e11124bb2246e962ba2ec46bce5c65e83022feaaec5070334c220fa4b1077,f13e11124bb2246e962ba2ec46bce5c65e83022feaaec5070334c220fa4b1077,1,1,1879,0,0,,,
Labour,UNRATE,3,after_week_2,2024-12,2024-12-14,Labour Equal-Weight Ensemble,4.0999999999999996,3.8196619273953059,3.8803808068006913,0.060718879405385451,0.28033807260469379,0.21961919319930834,0.078589434951714568,0.048232590021515122,-0.030356844930199446,0.28033807260469379,0.21961919319930834,-0.060718879405385451,d3c3c0e7405a14727e41d886ce321ba0ab55bd204b29cf9a0eeaca5c20ea4ea8,1b0658c477ba280e4bad149e403850979f214ad0d2b4a9fe176613f0222a1bef,6bb6ff6763e1089cbb496d5292298391dff714d3c0a9c9a00c3238cebf631c8f,6bb6ff6763e1089cbb496d5292298391dff714d3c0a9c9a00c3238cebf631c8f,1,1,1881,0,0,,,
Labour,UNRATE,4,month_end,2024-12,2024-12-31,Labour Equal-Weight Ensemble,4.0999999999999996,3.8234157002565854,3.8848021754287196,0.061386475172134247,0.27658429974341425,0.21519782457128001,0.076498874864554825,0.046310103700211401,-0.030188771164343424,0.27658429974341425,0.21519782457128001,-0.061386475172134247,761459f7a6b227c41ed280a4a05d2437356630df52b11dc143100317fe789afd,51a58acfd4d8adda762ebe077cabefa256cdb771bef5b5b39e41588eb4ed21fb,5d1209bc2601d2630ec0ed97b5d8ddad4cbaf6eecaf989d3259a1f15fc533359,5d1209bc2601d2630ec0ed97b5d8ddad4cbaf6eecaf989d3259a1f15fc533359,1,1,1885,0,0,,,
Labour,UNRATE,5,pre_employment_report,2024-12,2025-01-09,Labour Equal-Weight Ensemble,4.0999999999999996,3.8758136412525555,3.9135729009513884,0.037759259698832981,0.22418635874744419,0.18642709904861121,0.050259523448437746,0.034755063259680696,-0.015504460188757049,0.22418635874744419,0.18642709904861121,-0.037759259698832981,a9d997314e99be04688b87f0fa8abb96895adeb156522b3fd9b3bf5733a710ce,cb5d982092e636a0277c725866a08b0489e91deb71353ab81f3515e404325a67,1f53b466d19694a7a89aed2c3a0eb1cf45b31490aa99641b5e359bf7ef3dd785,1f53b466d19694a7a89aed2c3a0eb1cf45b31490aa99641b5e359bf7ef3dd785,1,1,1891,0,0,,,
Labour,UNRATE,1,month_open,2025-01,2025-01-01,Labour AR(1),4,4.2042576964192797,4.2040957748135206,-0.00016192160575911885,-0.20425769641927971,-0.20409577481352059,0.041721206546510632,0.041655085296731308,-6.6121249779324542e-05,0.20425769641927971,0.20409577481352059,-0.00016192160575911885,232704b0d42e2a1666e5093bd494eef549eea6361b508fa98d4163161219c108,ea543234c76894fa82aa0c3be247928211b8b10d91b38e8ace44ffda3c569f0d,5d1209bc2601d2630ec0ed97b5d8ddad4cbaf6eecaf989d3259a1f15fc533359,5d1209bc2601d2630ec0ed97b5d8ddad4cbaf6eecaf989d3259a1f15fc533359,1,1,1885,0,0,,,
Labour,UNRATE,2,after_week_1,2025-01,2025-01-07,Labour Equal-Weight Ensemble,4,3.9014734888600806,3.9137191149388797,0.012245626078799088,0.098526511139919393,0.086280885061120305,0.0097074733974046607,0.0074443911269302526,-0.0022630822704744081,0.098526511139919393,0.086280885061120305,-0.012245626078799088,4922dff46c56aee99cc2df4e0191b2d1b1854b99292fc5080c21169b2a227bbe,b47cbfe862d540ce18162bd9f50e2b7eb86af1c4bb96d036ac20cee9c718852b,6450a4e885194b1a1fbfc67eaec220dfd3cbe43c65a226f1108e67e6d9722e8c,6450a4e885194b1a1fbfc67eaec220dfd3cbe43c65a226f1108e67e6d9722e8c,1,1,1889,0,0,,,
Labour,UNRATE,3,after_week_2,2025-01,2025-01-14,Labour Equal-Weight Ensemble,4,3.8923046775171808,3.935988083295316,0.043683405778135231,0.10769532248281921,0.06401191670468398,0.011598282484678426,0.0040975254802074002,-0.0075007570044710254,0.10769532248281921,0.06401191670468398,-0.043683405778135231,4b93e5cdf0425cd1cc7f61e84aa17c7dca1aaf5c8808b9ff6e9e159f8e2eb790,a5e30d2fbf5f47d6436f9e72942cbbd5e993f6c79775f9e15b25c0fbee67a606,b7cd37edd3841e3140c1ce55a56db0bbb71bf35bfcf2607d10deed916f90bd40,b7cd37edd3841e3140c1ce55a56db0bbb71bf35bfcf2607d10deed916f90bd40,1,1,1872,0,0,,,
Labour,UNRATE,4,month_end,2025-01,2025-01-31,Labour Equal-Weight Ensemble,4,3.8895466661463529,3.9286279159808335,0.03908124983448058,0.11045333385364708,0.071372084019166504,0.012199938959385221,0.0050939743772389625,-0.0071059645821462585,0.11045333385364708,0.071372084019166504,-0.03908124983448058,bc182377d8909f138a980f0f2af1a3b5342236e8fb97dc046d48ba4782727463,9bad95c19d3ce37af5bdb9a0c04f7099069d97219a76b1055bc132cf10d5e72f,6bb9f7760df8679fff4b7713b7d08763ce90dc7f342aaf621d3f9a0a31a0adc1,6bb9f7760df8679fff4b7713b7d08763ce90dc7f342aaf621d3f9a0a31a0adc1,1,1,1878,0,0,,,
Labour,UNRATE,5,pre_employment_report,2025-01,2025-02-06,Labour Equal-Weight Ensemble,4,3.8252773517314558,3.8792287830513992,0.053951431319943399,0.17472264826854422,0.12077121694860082,0.03052800381797342,0.014585686843246006,-0.015942316974727415,0.17472264826854422,0.12077121694860082,-0.053951431319943399,d7a1933298a6c1eafdc265f1fcaef2b01689992bda7854961bda82dd6f236d48,b08452ba14b821978735f53a55913ec93c303f32f92465bbcf309c9b4cf11366,3f377f1e650a56a8756597ad1f2e606f14910925e293d0501b00a909f7e5f8aa,3f377f1e650a56a8756597ad1f2e606f14910925e293d0501b00a909f7e5f8aa,1,1,1883,0,0,,,
Labour,UNRATE,1,month_open,2025-02,2025-02-01,Labour AR(1),4.0999999999999996,4.298251586519287,4.2981755845071001,-7.6002012186826562e-05,-0.19825158651928732,-0.19817558450710049,0.039303691557414464,0.039273562294730925,-3.0129262683538383e-05,0.19825158651928732,0.19817558450710049,-7.6002012186826562e-05,54d87f057dbe572aa4d6800f9f043c021a1b5f0621ff2e5cb1ad699b26014af8,74a4289557e0e4821f95338a67b25b2ccbc560a5c1eaac14418ae3b02f1b7316,6bb9f7760df8679fff4b7713b7d08763ce90dc7f342aaf621d3f9a0a31a0adc1,6bb9f7760df8679fff4b7713b7d08763ce90dc7f342aaf621d3f9a0a31a0adc1,1,1,1878,0,0,,,
Labour,UNRATE,2,after_week_1,2025-02,2025-02-07,Labour Equal-Weight Ensemble,4.0999999999999996,3.8506140167273464,3.90855897868183,0.05794496195448362,0.24938598327265327,0.19144102131816965,0.062193368652868092,0.036649664643343884,-0.025543704009524208,0.24938598327265327,0.19144102131816965,-0.05794496195448362,93edd098120094468c12061d68adb07729e2994766c3600755c23d0b76750c61,9bba1820c124ec2e5343212f83da635e016625fb4463f0c0ef6f8b738fa5e812,c9b483aa9f309c04f9c75a4ad154511a7d7dfbc17f8e2ac70a71aa4abe538fc2,c9b483aa9f309c04f9c75a4ad154511a7d7dfbc17f8e2ac70a71aa4abe538fc2,1,1,1338,0,0,,,
Labour,UNRATE,3,after_week_2,2025-02,2025-02-14,Labour Equal-Weight Ensemble,4.0999999999999996,3.8455036121749884,3.9054360105859893,0.059932398411000953,0.25449638782501127,0.19456398941401032,0.064768411415978541,0.03785514597669512,-0.026913265439283421,0.25449638782501127,0.19456398941401032,-0.059932398411000953,22b8da27f748fc8795008423c52ac6d06223d40a9b614318c2cdfde7d1a7f7e4,f4337c4dd1e72c0579c0e7cc926351c81faf3e34feb0445023e4c633bfbe32a8,9d0f8b029a82dc5f7587929ed4e257331e8c75280dd36ad7050158cddd343f38,9d0f8b029a82dc5f7587929ed4e257331e8c75280dd36ad7050158cddd343f38,1,1,1340,0,0,,,
Labour,UNRATE,4,month_end,2025-02,2025-02-28,Labour Equal-Weight Ensemble,4.0999999999999996,3.8435718855384344,3.9046054394241305,0.06103355388569609,0.25642811446156522,0.19539456057586913,0.065755377886313596,0.038179034302636985,-0.02757634358367661,0.25642811446156522,0.19539456057586913,-0.06103355388569609,008dc5003c888083c121f90abe86553ff4e5ca7037c97c44fa1bdda536129088,3250ff0b740dc0db1fbae7680f0af97f0fe0b97672ad0defa68bcada1f50655b,5c5fc27bf2d99e61dd339299943864813a6234d8108000be672135fb9a45b69f,5c5fc27bf2d99e61dd339299943864813a6234d8108000be672135fb9a45b69f,1,1,1344,0,0,,,
Labour,UNRATE,5,pre_employment_report,2025-02,2025-03-06,Labour Equal-Weight Ensemble,4.0999999999999996,3.8463048739351957,3.9078920934753447,0.061587219540149007,0.25369512606480393,0.19210790652465493,0.064361216989036754,0.036905447749285551,-0.027455769239751203,0.25369512606480393,0.19210790652465493,-0.061587219540149007,9ffd3f9202ace8cf1da7b1c03d131c29c1c9dd1d8971d2ee9f2081b84239a5a3,513d55cd400ecb52c9f566c13d3032f39e7e78b54757690b55a71388c58ee6dc,b0b946ea49424940cf94b0028e53f3ec9a74fe1db3ddccdd5eba06dabc96f85b,b0b946ea49424940cf94b0028e53f3ec9a74fe1db3ddccdd5eba06dabc96f85b,1,1,1346,0,0,,,
Labour,UNRATE,1,month_open,2025-03,2025-03-01,Labour AR(1),4.2000000000000002,4.2026916370767751,4.2026158224862558,-7.5814590519307501e-05,-0.0026916370767748887,-0.0026158224862555812,7.2449101530692684e-06,6.84252727960033e-06,-4.0238287346893838e-07,0.0026916370767748887,0.0026158224862555812,-7.5814590519307501e-05,1bc4c18efc619ff94240cac4cabc8566a6add3141589d781de955ac10217975e,3e59e3c2fc7696c51e729001353d0d35f2301b48aeea3b53fb233c4848156707,5c5fc27bf2d99e61dd339299943864813a6234d8108000be672135fb9a45b69f,5c5fc27bf2d99e61dd339299943864813a6234d8108000be672135fb9a45b69f,1,1,1344,0,0,,,
Labour,UNRATE,2,after_week_1,2025-03,2025-03-07,Labour Equal-Weight Ensemble,4.2000000000000002,3.8225514835374548,3.9072610202987637,0.084709536761308879,0.3774485164625454,0.29273897970123652,0.1424673825797764,0.085696110236520975,-0.056771272343255422,0.3774485164625454,0.29273897970123652,-0.084709536761308879,054bd2f0a117ba037ef1e61ffa5443e5c43f4a7ac0859433ffb20157ae45a464,d6a13e63598400dcb86340e031dca0bfc3b678a7d7cee04632db039db23361ff,2e58c9211009bf8114191f36127945d7fc6c63eaed8d8f4950710ed611148d0e,2e58c9211009bf8114191f36127945d7fc6c63eaed8d8f4950710ed611148d0e,1,1,1353,0,0,,,
Labour,UNRATE,3,after_week_2,2025-03,2025-03-14,Labour Equal-Weight Ensemble,4.2000000000000002,3.8266965059966083,3.8995955092440204,0.072899003247412164,0.37330349400339191,0.30040449075597975,0.13935549863514046,0.090242858066359524,-0.049112640568780938,0.37330349400339191,0.30040449075597975,-0.072899003247412164,9cf450f9b31e54e708500e903cf3587e84972f39f67c485e2e322be211f2980e,754262ef1ee565a986e35818526261ab38f57af525b7acfa4a10af650e8110cb,51632af9cc90ac4f5335a775c46ef934fbe52fa731b7ef67fc24dbe9c3c8c09b,51632af9cc90ac4f5335a775c46ef934fbe52fa731b7ef67fc24dbe9c3c8c09b,1,1,1337,0,0,,,
Labour,UNRATE,4,month_end,2025-03,2025-03-31,Labour Equal-Weight Ensemble,4.2000000000000002,3.8254413546429582,3.8935440509887811,0.068102696345822888,0.37455864535704197,0.30645594901121909,0.14029417881170234,0.093915248684366917,-0.046378930127335419,0.37455864535704197,0.30645594901121909,-0.068102696345822888,bc04457d4517591c1730c971e9ba798296295a2942edca566dc5fb768e1ee180,024df6cbfadb250829c9dd8953a0a62dbd214f168c4c13a3e2d65f20ae95dd1d,615d784aa47b867b4e2a5babf7087ac4dca9b4c45a7c74531b51d28ab8fd6c27,615d784aa47b867b4e2a5babf7087ac4dca9b4c45a7c74531b51d28ab8fd6c27,1,1,1252,0,0,,,
Labour,UNRATE,5,pre_employment_report,2025-03,2025-04-03,Labour Equal-Weight Ensemble,4.2000000000000002,3.8564368840004861,3.9539988636012438,0.097561979600757631,0.34356311599951406,0.24600113639875643,0.11803561467529555,0.060516559109479562,-0.057519055565815991,0.34356311599951406,0.24600113639875643,-0.097561979600757631,31ea4c9aa3e553fd66fc90d0dd85528f33587c204bc8248b227aca4b2e36df5d,314be6741d9dc84422cfee0619db540827beb438f18f6c48368d9018bd8e0f2a,c6fd67da7789ea11447a080d046347aad3fe590865bd91172b469d4412622062,c6fd67da7789ea11447a080d046347aad3fe590865bd91172b469d4412622062,1,1,1255,0,0,,,
Labour,UNRATE,1,month_open,2025-04,2025-04-01,Labour AR(1),4.2000000000000002,4.2011332435481075,4.2959716111747781,0.094838367626670639,-0.0011332435481072878,-0.095971611174777927,1.2842409393267947e-06,0.00921055015148276,0.0092092659105434335,0.0011332435481072878,0.095971611174777927,0.094838367626670639,79549f7da5fac61d28805e92085456fd205ab626655c43ab48524b9d93b3ead2,3b7e116698da4e0fc9ec45b1989dd0c49b04f8ddef5b908400bdabad37f12436,b60aef71ff1f77078ec9d9c9eb0805d690e1dc78a8a25372cc56fb6a770c7e73,b60aef71ff1f77078ec9d9c9eb0805d690e1dc78a8a25372cc56fb6a770c7e73,1,1,1252,0,0,,,
Labour,UNRATE,2,after_week_1,2025-04,2025-04-07,Labour Equal-Weight Ensemble,4.2000000000000002,3.869853379886953,3.9874819844545839,0.11762860456763091,0.33014662011304718,0.21251801554541627,0.1089967907720687,0.04516390693136179,-0.0638328838407069,0.33014662011304718,0.21251801554541627,-0.11762860456763091,38f9c3fd6b2e04c3e040adaa16477edc05783a6cc9be160a94499d836679f8b9,dbd7240f6b303a7228bfe5c9e8d41168f488c552f4cefef148b8bdf90e7b6a22,7f6bd5d08f2267a799a47dde07a2ef54e173064d80a4ed6650fc0c6d9de8105c,7f6bd5d08f2267a799a47dde07a2ef54e173064d80a4ed6650fc0c6d9de8105c,1,1,1260,0,0,,,
Labour,UNRATE,3,after_week_2,2025-04,2025-04-14,Labour Equal-Weight Ensemble,4.2000000000000002,3.8646617662816891,3.9843003861705983,0.11963861988890923,0.33533823371831106,0.21569961382940184,0.11245173099331661,0.046526323406153078,-0.065925407587163531,0.33533823371831106,0.21569961382940184,-0.11963861988890923,9a23e979555fdbc6d14c6e1f43c1d3c6518de5890fe29d3f9aa359c8ccdec8a4,a06d850060ef2d286d95f6685d36d16183e60c418873b5eb7a209901bb4fae79,83c3a94c6c9b9c77e35d9e600bb82cd711978f718bffbb27661913a7295a9a93,83c3a94c6c9b9c77e35d9e600bb82cd711978f718bffbb27661913a7295a9a93,1,1,1261,0,0,,,
Labour,UNRATE,4,month_end,2025-04,2025-04-30,Labour Equal-Weight Ensemble,4.2000000000000002,3.8999455311177047,3.9819816439186799,0.082036112800975225,0.30005446888229548,0.21801835608132025,0.090032684296236426,0.047532003588401352,-0.042500680707835074,0.30005446888229548,0.21801835608132025,-0.082036112800975225,6dcf1b1fbb1683899ae0571023bb9a23c38b5900f187f0d317ccba88c6a32075,fba7978e42c7de94e5aaea590f127fb5d3631712f10fdda49a0f8ce2d0a3a1e3,8051239d1085c9cdc75116a0264d25a929627d057103fc1869159e22bf90de77,8051239d1085c9cdc75116a0264d25a929627d057103fc1869159e22bf90de77,1,1,1269,0,0,,,
Labour,UNRATE,5,pre_employment_report,2025-04,2025-05-01,Labour Equal-Weight Ensemble,4.2000000000000002,3.9021265171826336,3.9846833341979302,0.082556817015296602,0.29787348281736659,0.21531666580206998,0.088728611765747992,0.046361266572120294,-0.042367345193627698,0.29787348281736659,0.21531666580206998,-0.082556817015296602,75104d601135eddf8c1e3b6c360c34a122a3c061b69b7fae10f981935160c092,f22401f367d285cb072c99c83c8e828ee14f111803969c3ca45b4fb4773f9d62,7f92345671df601d440d40143cd7b083bdcf153c795914858e59fcb96a02825c,7f92345671df601d440d40143cd7b083bdcf153c795914858e59fcb96a02825c,1,1,1271,0,0,,,
Labour,UNRATE,1,month_open,2025-05,2025-05-01,Labour AR(1),4.2000000000000002,4.2953002691272619,4.295299960250996,-3.088762658975952e-07,-0.09530026912726175,-0.095299960250995852,0.0090821412957285182,0.0090820824238413891,-5.8871887129163802e-08,0.09530026912726175,0.095299960250995852,-3.088762658975952e-07,75104d601135eddf8c1e3b6c360c34a122a3c061b69b7fae10f981935160c092,f22401f367d285cb072c99c83c8e828ee14f111803969c3ca45b4fb4773f9d62,7f92345671df601d440d40143cd7b083bdcf153c795914858e59fcb96a02825c,7f92345671df601d440d40143cd7b083bdcf153c795914858e59fcb96a02825c,1,1,1271,0,0,,,
Labour,UNRATE,2,after_week_1,2025-05,2025-05-07,Labour Equal-Weight Ensemble,4.2000000000000002,3.8957634420143101,3.9377622349802164,0.041998792965906251,0.30423655798569005,0.2622377650197838,0.09255988321498014,0.068768645402571341,-0.0237912378124088,0.30423655798569005,0.2622377650197838,-0.041998792965906251,1277a270d8450380abcfaaad3ec190cb54f3a176d3573292c5ab982d2593bc8e,8b1a9f8ebdde3c23feaafdae3ed83bc7be12c02b573240505b1f5189c2f79cb3,474c8c7b39686cfd3e49b921a0d8ed82917cc6856a8bb249a5a75fd00045617c,474c8c7b39686cfd3e49b921a0d8ed82917cc6856a8bb249a5a75fd00045617c,1,1,1276,0,0,,,
Labour,UNRATE,3,after_week_2,2025-05,2025-05-14,Labour Equal-Weight Ensemble,4.2000000000000002,3.8955836559679295,3.9383782318375093,0.042794575869579798,0.30441634403207063,0.26162176816249083,0.09266931051385198,0.068445949576468101,-0.024223360937383878,0.30441634403207063,0.26162176816249083,-0.042794575869579798,213c183aeee6eec37fe9f7d97708b57570c27ee87cfb24ea035a6736a5562a7f,52e326e000f9c8ca344f129bd8c7c3482afad891714959708a5b3077719b1f90,1cfeaa3d98e062ced7ae9d2e0114a9441057211cc20e41d2ecb67c2281230fcf,1cfeaa3d98e062ced7ae9d2e0114a9441057211cc20e41d2ecb67c2281230fcf,1,1,1277,0,0,,,
Labour,UNRATE,4,month_end,2025-05,2025-05-31,Labour Equal-Weight Ensemble,4.2000000000000002,3.8967891254789233,3.9414949819329319,0.044705856454008597,0.30321087452107687,0.25850501806706827,0.09193683442783622,0.066824844365855299,-0.025111990061980921,0.30321087452107687,0.25850501806706827,-0.044705856454008597,8814e19f98ccf79260e2df771557f49f21b55de93e6451e4f28fc8adfb2e4008,8f6b4e74d4ec8341817330cc901a60c9a1dce7ec55a1bc3a7e1aa5cfedaaa081,4731150bc46d9e3ecbdbcdcbb685846e2093badfdc94e4887797cf5acda76c11,4731150bc46d9e3ecbdbcdcbb685846e2093badfdc94e4887797cf5acda76c11,1,1,1285,0,0,,,
Labour,UNRATE,5,pre_employment_report,2025-05,2025-06-05,Labour Equal-Weight Ensemble,4.2000000000000002,3.9285502522475313,3.9713504497082082,0.04280019746067687,0.27144974775246888,0.22864955029179201,0.073684965554878981,0.052280616848638724,-0.021404348706240257,0.27144974775246888,0.22864955029179201,-0.04280019746067687,67b0243a3d7a58d67ae63e1e4f7c7e9ac44ec4b6923aa2f940a86dde6890a140,e14258bdb5f0de0960da1df8567b88d885a33b8d97e81da5b601ae794b6300cc,c06e67be5d6e99572044567a5cebebe436a6098e3b9905f94bcafea0b954886b,c06e67be5d6e99572044567a5cebebe436a6098e3b9905f94bcafea0b954886b,1,1,1288,0,0,,,
Labour,UNRATE,1,month_open,2025-06,2025-06-01,Labour AR(1),4.0999999999999996,4.2953002691272619,4.295299960250996,-3.088762658975952e-07,-0.19530026912726228,-0.19529996025099639,0.038142195121181076,0.03814207447404077,-1.2064714030590729e-07,0.19530026912726228,0.19529996025099639,-3.088762658975952e-07,02b6774eb3f19b903187739584a159e96a8d8e7537de832aabd525a17ab6b6b0,944062a5400d31571e433688a8dea78933f558bec472d3d0df6c08a152528556,4731150bc46d9e3ecbdbcdcbb685846e2093badfdc94e4887797cf5acda76c11,4731150bc46d9e3ecbdbcdcbb685846e2093badfdc94e4887797cf5acda76c11,1,1,1285,0,0,,,
Labour,UNRATE,2,after_week_1,2025-06,2025-06-07,Labour Equal-Weight Ensemble,4.0999999999999996,4.0485789819234386,4.1113510777763169,0.062772095852878351,0.051421018076561076,-0.011351077776317275,0.0026441211000300209,0.00012884696668400396,-0.002515274133346017,0.051421018076561076,0.011351077776317275,-0.0400699403002438,83beda7e8df1fea8713ab210f3e177bf0993ab54a8305a67d5576a637bd589a8,103c9c307ec81439cd436db8860ab229243c99a38bc05b9d4b391f61b96df0a8,9fee01e97b4a6f3011462fdb87051003aad9c183413554484b3a2015a425f8b3,9fee01e97b4a6f3011462fdb87051003aad9c183413554484b3a2015a425f8b3,1,1,1294,0,0,,,
Labour,UNRATE,3,after_week_2,2025-06,2025-06-14,Labour Equal-Weight Ensemble,4.0999999999999996,4.0522971829495971,4.1126898399300789,0.060392656980481796,0.047702817050402579,-0.012689839930079216,0.0022755587545441789,0.00016103203745103289,-0.002114526717093146,0.047702817050402579,0.012689839930079216,-0.035012977120323363,2564788b5d1c10d7b86de0010b313903faea9132d4a494b277bcf0770590cc5b,d92e1ec88db555c06885eace20cf4c0e4b51142d71b933a3ffecf998db07b5ea,9746c28fafbaf64bd1b72c7e0e6fd861e5d547a1ef1b09059550389af29ce3d6,9746c28fafbaf64bd1b72c7e0e6fd861e5d547a1ef1b09059550389af29ce3d6,1,1,1296,0,0,,,
Labour,UNRATE,4,month_end,2025-06,2025-06-30,Labour Equal-Weight Ensemble,4.0999999999999996,4.0609555910175539,4.1190713715556244,0.058115780538070538,0.039044408982445766,-0.019071371555624772,0.0015244658727884917,0.00036371721301269364,-0.0011607486597757981,0.039044408982445766,0.019071371555624772,-0.019973037426820994,7b456dd2caa6006bbe768b4f8f087f1aeecd143f3c5cc3fa1bebc2b73e5c09d3,b4d08456ed85a05438afec6481bcb32ca340cd2516e2a7b1e287edf18dbd2600,e624e36e5beae667e9373aca0d207a0cc27f8937b8dcadce81bf1ffcf52d6138,e624e36e5beae667e9373aca0d207a0cc27f8937b8dcadce81bf1ffcf52d6138,1,1,1300,0,0,,,
Labour,UNRATE,5,pre_employment_report,2025-06,2025-07-02,Labour Equal-Weight Ensemble,4.0999999999999996,4.0663943025692655,4.1541109557481981,0.087716653178932624,0.03360569743073416,-0.054110955748198464,0.0011293428998060526,0.0029279955319834925,0.0017986526321774399,0.03360569743073416,0.054110955748198464,0.020505258317464303,78d55cfdf9cd0d23d2462d64acbbde0fa06facc98833bfd6d481ac34ca86290b,070f85f8af932b1369393a73ca3b60c81a77d2b6f731c9ded86976710c0d29a3,05e2d74ef10d9413ab1265ff1c227cac7e85f89153df814a15c3f113daecfdde,05e2d74ef10d9413ab1265ff1c227cac7e85f89153df814a15c3f113daecfdde,1,1,1301,0,0,,,
Labour,UNRATE,1,month_open,2025-07,2025-07-01,Labour AR(1),4.2000000000000002,4.2939843483277977,4.3888621326007975,0.094877784272999754,-0.093984348327797562,-0.18886213260079732,0.0088330577306007848,0.03566890513052115,0.026835847399920364,0.093984348327797562,0.18886213260079732,0.094877784272999754,b6b9c06c653e60e89f358828ec8730bc4e680f2fe36784bafa9d410e93efd003,43f81ad8381fd68761bd12d3a745e744121d61feeedfb6c5d2c543b4b0d3fb02,05e2d74ef10d9413ab1265ff1c227cac7e85f89153df814a15c3f113daecfdde,05e2d74ef10d9413ab1265ff1c227cac7e85f89153df814a15c3f113daecfdde,1,1,1301,0,0,,,
Labour,UNRATE,2,after_week_1,2025-07,2025-07-07,Labour Equal-Weight Ensemble,4.2000000000000002,4.0321954306201286,4.1111267878063451,0.078931357186216466,0.16780456937987154,0.088873212193655071,0.02815837350476412,0.007898447845618441,-0.020259925659145681,0.16780456937987154,0.088873212193655071,-0.078931357186216466,fcaf5bc138fe2f3332d5d1509669235199f952e3a2960a20504ac231e8463b50,be9dc394a200ea2f96d794dfdfeff8e9237a7a62344abe9f665fa421eb1f93e1,8eb1ffb708eb13811cc9cff09eb29a2b80baa96b4be256c2c0229bcbd0bfd566,8eb1ffb708eb13811cc9cff09eb29a2b80baa96b4be256c2c0229bcbd0bfd566,1,1,1309,0,0,,,
Labour,UNRATE,3,after_week_2,2025-07,2025-07-14,Labour Equal-Weight Ensemble,4.2000000000000002,4.0450071115502135,4.1222534332919629,0.077246321741749391,0.15499288844978665,0.077746566708037257,0.024022795470008008,0.0060445286348872872,-0.017978266835120722,0.15499288844978665,0.077746566708037257,-0.077246321741749391,1d642d82148daeb467d53ad4ca7cb5a0683458f104637af0db56793bf314b3b7,ef2f28f756769b95c94fafc77daf878840107ec4d1ad3e35f064659f6037a639,ec8ba1ccdd55546c6074a87d90aca8af770bd515bdcfbeb406e592b5295b31f1,ec8ba1ccdd55546c6074a87d90aca8af770bd515bdcfbeb406e592b5295b31f1,1,1,1311,0,0,,,
Labour,UNRATE,4,month_end,2025-07,2025-07-31,Labour Equal-Weight Ensemble,4.2000000000000002,3.9721348043298073,4.0304606491698518,0.058325844840044549,0.22786519567019292,0.16953935083014837,0.051922547397815308,0.028743591479908133,-0.023178955917907175,0.22786519567019292,0.16953935083014837,-0.058325844840044549,4d961af8bf48247227b9886247f41c6245bc2a7c214e9b6a5e509260eb549c2a,a726f46eb381ff44e59ea33c151384508d789e04b72cc93ab65aabf7deeb813d,12db9e7dbc905b2d4a19bc376f932398818c5fe212d669b78fa74d30c2900524,12db9e7dbc905b2d4a19bc376f932398818c5fe212d669b78fa74d30c2900524,1,1,1319,0,0,,,
Labour,UNRATE,5,pre_employment_report,2025-07,2025-07-31,Labour Equal-Weight Ensemble,4.2000000000000002,3.9721348043298073,4.0304606491698518,0.058325844840044549,0.22786519567019292,0.16953935083014837,0.051922547397815308,0.028743591479908133,-0.023178955917907175,0.22786519567019292,0.16953935083014837,-0.058325844840044549,4d961af8bf48247227b9886247f41c6245bc2a7c214e9b6a5e509260eb549c2a,a726f46eb381ff44e59ea33c151384508d789e04b72cc93ab65aabf7deeb813d,12db9e7dbc905b2d4a19bc376f932398818c5fe212d669b78fa74d30c2900524,12db9e7dbc905b2d4a19bc376f932398818c5fe212d669b78fa74d30c2900524,1,1,1319,0,0,,,
Labour,UNRATE,1,month_open,2025-08,2025-08-01,Labour AR(1),4.2999999999999998,4.1984209601996412,4.1985092159670483,8.8255767407119379e-05,0.10157903980035865,0.10149078403295153,0.010318301326762846,0.01030037924362321,-1.7922083139635878e-05,0.10157903980035865,0.10149078403295153,-8.8255767407119379e-05,2fcac741c98a87ac4181a30967023a1886f8e59147a4827b2b0a1f5ab8858d18,abd8e5a16367cfce44a86e9cae91fb21c79f6c8c0ecb418c3866d37bfea13e27,20c9c0a54a51c2eb36cbe40d564255c438077d02d64b3b36b8c7cf37c1462209,20c9c0a54a51c2eb36cbe40d564255c438077d02d64b3b36b8c7cf37c1462209,1,1,1325,0,0,,,
Labour,UNRATE,2,after_week_1,2025-08,2025-08-07,Labour Equal-Weight Ensemble,4.2999999999999998,3.9271893949229475,3.9936366122993658,0.066447217376418344,0.37281060507705233,0.30636338770063398,0.13898774725791788,0.093858525323408964,-0.045129221934508912,0.37281060507705233,0.30636338770063398,-0.066447217376418344,e96b583c044cdd4e56c565cfe33c2b2a448d1affd9b2a1d4f123434714f8f419,5c173683f4c6525435f6b64bc66ba88d77a8fa8e577c05e6fa6a79b65f584f90,662959e08945791a0692bfdfd8dffc8dfd9faac0608223610e324f47bc84fc44,662959e08945791a0692bfdfd8dffc8dfd9faac0608223610e324f47bc84fc44,1,1,1324,0,0,,,
Labour,UNRATE,3,after_week_2,2025-08,2025-08-14,Labour Equal-Weight Ensemble,4.2999999999999998,3.9283623908376857,3.9935236727119943,0.065161281874308585,0.37163760916231414,0.30647632728800556,0.13811451254388096,0.093927739187944698,-0.044186773355936265,0.37163760916231414,0.30647632728800556,-0.065161281874308585,c3f066641b9fa527f7df4b280e9f7960a407b74c79d35fc133459acfda7eae9c,159e8619757e9a6bf2cc25cac15cdc1294f7b19d2d394b67a3d14d61d999307c,a467bc7e788abecc4cdddfc163e74178e3c21902504d20db83d38dd4362b8775,a467bc7e788abecc4cdddfc163e74178e3c21902504d20db83d38dd4362b8775,1,1,1326,0,0,,,
Labour,UNRATE,4,month_end,2025-08,2025-08-31,Labour Equal-Weight Ensemble,4.2999999999999998,3.9287296322501173,3.9938011746610562,0.065071542410938932,0.37127036774988253,0.3061988253389436,0.13784168596913302,0.093757720638948897,-0.044083965330184119,0.37127036774988253,0.3061988253389436,-0.065071542410938932,6c62b6995120e86b0d022a54a9fe4b3b17a236c6a063d185b725ab3453847f74,1545a6b3a5fde37fb1a35baba0b60870ee231e3e9453b9823f9bd084d4e7a271,cc629d80a538dad0b3170307b356caf0fc70beb055fa21a212f6ac03ca468122,cc629d80a538dad0b3170307b356caf0fc70beb055fa21a212f6ac03ca468122,1,1,1329,0,0,,,
Labour,UNRATE,5,pre_employment_report,2025-08,2025-09-04,Labour Equal-Weight Ensemble,4.2999999999999998,3.9634265170268534,4.0594537526154486,0.096027235588595161,0.33657348297314638,0.24054624738455122,0.11328170944067485,0.057862497130789711,-0.055419212309885141,0.33657348297314638,0.24054624738455122,-0.096027235588595161,bc9a81409939e0bfa9d677aeb16622edab37721b5b13a6522d9bb51234d21353,36f41cfa146534bd1e59d89e36602372876f03f86a2a9a49e9604a4f697c5cd7,cafcf0447a29a5e1054fce6c531b843593ae5a6f8afc7633a6b8365664389523,cafcf0447a29a5e1054fce6c531b843593ae5a6f8afc7633a6b8365664389523,1,1,1332,0,0,,,
Labour,UNRATE,1,month_open,2025-09,2025-09-01,Labour AR(1),4.4000000000000004,4.1984209601996412,4.1985092159670483,8.8255767407119379e-05,0.20157903980035918,0.20149078403295206,0.040634109286834794,0.040598536050213734,-3.55732366210601e-05,0.20157903980035918,0.20149078403295206,-8.8255767407119379e-05,56a43cb6d4a83f7018a9e5c08194f26e20ec8059795f73a8315391ae48e158a9,c2fa5118744a6d75f334ca458eacf83ee5accfab01177c6835b65d9ae1c9b2bc,cc629d80a538dad0b3170307b356caf0fc70beb055fa21a212f6ac03ca468122,cc629d80a538dad0b3170307b356caf0fc70beb055fa21a212f6ac03ca468122,1,1,1329,0,0,,,
Labour,UNRATE,2,after_week_1,2025-09,2025-09-07,Labour Equal-Weight Ensemble,4.4000000000000004,3.9816185211341186,4.0736763218645278,0.092057800730409145,0.41838147886588173,0.32632367813547258,0.17504306185800225,0.10648714291186351,-0.068555918946138744,0.41838147886588173,0.32632367813547258,-0.092057800730409145,de2edea823cb93c6737bf52e436d82048db9488695b8cfe07863468096cba4a0,25c3c2e93f80c3bbc969536e4ef3629d309dea8b97f480312ae284c1254df25d,bdee02706f2ca469bfe5da6fca2d1803bf2e9d18dfdace57b5df8eda8aae8277,bdee02706f2ca469bfe5da6fca2d1803bf2e9d18dfdace57b5df8eda8aae8277,1,1,1337,0,0,,,
Labour,UNRATE,3,after_week_2,2025-09,2025-09-14,Labour Equal-Weight Ensemble,4.4000000000000004,3.9670501695458817,4.0598377837031618,0.092787614157280096,0.43294983045411861,0.34016221629683852,0.18744555569025007,0.11571033339597715,-0.071735222294272913,0.43294983045411861,0.34016221629683852,-0.092787614157280096,fb1375351bcb66a8ebe84262496380f7546d5de53dce37c8bb491382c2e5a504,605a87ad296187ea1dc39dc51361964e84ceeee3f9f20c20a9809d72beecc059,b234f2223ab965103b2f9eca2dd5e7027cb9cb837001cd1e4c27b2f75aeb3d33,b234f2223ab965103b2f9eca2dd5e7027cb9cb837001cd1e4c27b2f75aeb3d33,1,1,1338,0,0,,,
Labour,UNRATE,4,month_end,2025-09,2025-09-30,Labour Equal-Weight Ensemble,4.4000000000000004,4.0200965889588591,4.0709038863591447,0.050807297400285556,0.37990341104114123,0.32909611364085567,0.14432660172069431,0.10830425201351498,-0.036022349707179324,0.37990341104114123,0.32909611364085567,-0.050807297400285556,8370e6bddaf1ac9bdd5f8039854e4d3bf31c27979ed1408ff01f7f76beffc2e6,48699a038072c3126390f9521eed5ef9143387c8e70a3f1d03319899a047249e,a9a44d85c2de82d65d573c130ba05fa5fd8dfc2ea98aa47b34b6b0e0cbaa17be,a9a44d85c2de82d65d573c130ba05fa5fd8dfc2ea98aa47b34b6b0e0cbaa17be,1,1,1344,0,0,,,
Labour,UNRATE,5,pre_employment_report,2025-09,2025-11-19,Labour Equal-Weight Ensemble,4.4000000000000004,4.0200965889588591,4.0709038863591447,0.050807297400285556,0.37990341104114123,0.32909611364085567,0.14432660172069431,0.10830425201351498,-0.036022349707179324,0.37990341104114123,0.32909611364085567,-0.050807297400285556,5a7cfc6a74b6b09b4fa07ebbd9b0e05841092b974ddb2f28af3796f79fcda4f3,8c9cfaf555f6ab06c819eba74360bdb6b79a7d4a71a95e200c958bf8cef7a21b,a9a44d85c2de82d65d573c130ba05fa5fd8dfc2ea98aa47b34b6b0e0cbaa17be,a9a44d85c2de82d65d573c130ba05fa5fd8dfc2ea98aa47b34b6b0e0cbaa17be,1,1,1344,0,0,,,
Labour,UNRATE,1,month_open,2025-11,2025-11-01,Labour AR(1),4.5999999999999996,4.3869467836402611,4.3870879801734812,0.00014119653322008929,0.21305321635973851,0.21291201982651842,0.045391673001229545,0.045331528186607774,-6.0144814621770903e-05,0.21305321635973851,0.21291201982651842,-0.00014119653322008929,977a5c002ed197043d5d39ecac45bdef20d03cbe8aaa4e545052854d2b848f65,5f4dd6be6e794b9ae91053562d76272773465aa8d8b466f48ac90b2015eb57bd,a9a44d85c2de82d65d573c130ba05fa5fd8dfc2ea98aa47b34b6b0e0cbaa17be,a9a44d85c2de82d65d573c130ba05fa5fd8dfc2ea98aa47b34b6b0e0cbaa17be,1,1,1344,0,0,,,
Labour,UNRATE,2,after_week_1,2025-11,2025-11-07,Labour Equal-Weight Ensemble,4.5999999999999996,4.0744599735542044,4.1008118673075584,0.026351893753354005,0.52554002644579523,0.49918813269244122,0.27619231939664712,0.24918879182096632,-0.027003527575680808,0.52554002644579523,0.49918813269244122,-0.026351893753354005,ca8b81a0095c12210660a4fb6cc9660677d5e71f1aec8d56d540e31fa3056ad8,0827fc157f8e152f75b508db2bedc1201dff06803e4d6fbfa2c7d1c50908f8c4,a9a44d85c2de82d65d573c130ba05fa5fd8dfc2ea98aa47b34b6b0e0cbaa17be,a9a44d85c2de82d65d573c130ba05fa5fd8dfc2ea98aa47b34b6b0e0cbaa17be,1,1,1344,0,0,,,
Labour,UNRATE,3,after_week_2,2025-11,2025-11-14,Labour Equal-Weight Ensemble,4.5999999999999996,4.0744599735542044,4.1008118673075584,0.026351893753354005,0.52554002644579523,0.49918813269244122,0.27619231939664712,0.24918879182096632,-0.027003527575680808,0.52554002644579523,0.49918813269244122,-0.026351893753354005,fce261c232d8f7fc7176fbc41f5bc9f760fd4c375ab1f47f68118cb00ac9f65f,a43c6de077746695740299124a4a66cf02a867a1b787010ec325949c2a75d71e,a9a44d85c2de82d65d573c130ba05fa5fd8dfc2ea98aa47b34b6b0e0cbaa17be,a9a44d85c2de82d65d573c130ba05fa5fd8dfc2ea98aa47b34b6b0e0cbaa17be,1,1,1344,0,0,,,
Labour,UNRATE,4,month_end,2025-11,2025-11-30,Labour Equal-Weight Ensemble,4.5999999999999996,4.0718289599448632,4.1063030289423184,0.034474068997455198,0.52817104005513649,0.49369697105768129,0.27896464755292461,0.24373669923152899,-0.035227948321395613,0.52817104005513649,0.49369697105768129,-0.034474068997455198,0c896a2302e5e5210650a5bcc02de10294e49638d0e25e558104a6669ae65edd,7946ea6aef8d7def7d74e06d05d4e0f8ad840a2ddf4d7089d0cef66e273a21a3,0076491046f8ca290efa9c9a54f11918243f58e8a209feb17cd82ca01fd6cbc1,0076491046f8ca290efa9c9a54f11918243f58e8a209feb17cd82ca01fd6cbc1,1,1,876,0,0,,,
Labour,UNRATE,5,pre_employment_report,2025-11,2025-12-15,Labour Equal-Weight Ensemble,4.5999999999999996,4.1126282413702278,4.1502593562952814,0.037631114925053666,0.48737175862977189,0.44974064370471822,0.23753123110987662,0.20226664659993429,-0.035264584509942326,0.48737175862977189,0.44974064370471822,-0.037631114925053666,f98a1afbb63fe46a326528c231b267a54ab54163e5726a6c2ac0f36fad7972c3,ebddbd35aa71d58b6eb29b6f40753229ca140fc49b8edb64bb3261b2cb1aef46,dead410bbf5ec2918ee54dfb02c8140410de8c03ffb9ac8cef92136c3c6945e9,dead410bbf5ec2918ee54dfb02c8140410de8c03ffb9ac8cef92136c3c6945e9,1,1,884,0,0,,,
Labour,UNRATE,1,month_open,2025-12,2025-12-01,Labour AR(1),4.4000000000000004,4.3869467836402611,4.3870879801734812,0.00014119653322008929,0.013053216359739217,0.012912019826519128,0.00017038645733416353,0.00016672025600042304,-3.6662013337404934e-06,0.013053216359739217,0.012912019826519128,-0.00014119653322008929,58c0cb4c638b2295a728f26941de0aa0d421dc6d67fc92e942c0ebb0e8d4d96f,c67daebb2b297e35fcfd1b2c6d4f6ca6775b2ced3ee348cb02c09c9169086fef,0076491046f8ca290efa9c9a54f11918243f58e8a209feb17cd82ca01fd6cbc1,0076491046f8ca290efa9c9a54f11918243f58e8a209feb17cd82ca01fd6cbc1,1,1,876,0,0,,,
Labour,UNRATE,2,after_week_1,2025-12,2025-12-07,Labour Equal-Weight Ensemble,4.4000000000000004,4.0594343841670915,4.0921342171777457,0.032699833010654267,0.3405656158329089,0.30786578282225463,0.11598493868764849,0.09478134023275965,-0.021203598454888839,0.3405656158329089,0.30786578282225463,-0.032699833010654267,3e12e701e5a2d64154efe9bea276c8029ad622a52886daabaede35dd87e07236,9243f930739a876302532337118997b8443d55a5a126c83dce097ebb70a4c858,e8138480fab6be28a56ea8d5d38b279aa28aa90f437858f7086e0665150506c1,e8138480fab6be28a56ea8d5d38b279aa28aa90f437858f7086e0665150506c1,1,1,876,0,0,,,
Labour,UNRATE,3,after_week_2,2025-12,2025-12-14,Labour Equal-Weight Ensemble,4.4000000000000004,4.065105308173588,4.1225619441794521,0.057456636005864148,0.33489469182641241,0.27743805582054826,0.11215445461350773,0.076971874817485644,-0.035182579796022087,0.33489469182641241,0.27743805582054826,-0.057456636005864148,75d0ef6ecaab0a4dcc8eca7c1982f999d0fde8656a1445135f3843c530e18e15,5f7c39190e962aeb96206ce8266b7f3c2963e26681a34fb5d65f93a275aa5b4d,dead410bbf5ec2918ee54dfb02c8140410de8c03ffb9ac8cef92136c3c6945e9,dead410bbf5ec2918ee54dfb02c8140410de8c03ffb9ac8cef92136c3c6945e9,1,1,884,0,0,,,
Labour,UNRATE,4,month_end,2025-12,2025-12-31,Labour Equal-Weight Ensemble,4.4000000000000004,4.0957019505918186,4.1387995767016088,0.043097626109790177,0.30429804940818173,0.26120042329839155,0.092597302873624207,0.068225661131258927,-0.02437164174236528,0.30429804940818173,0.26120042329839155,-0.043097626109790177,17f9c04874b999f3808b7961e7affc0f1aac0cbea808e40e38082edb0d6d1831,c21d0bca523cf0ee6901755d45909ab7142a0f05c765db070cbff925d735a8d0,22bee1146282a78e140a0ca1f5091bd00c630d14679ca3804230ee652102c6e3,22bee1146282a78e140a0ca1f5091bd00c630d14679ca3804230ee652102c6e3,1,1,899,0,0,,,
Labour,UNRATE,5,pre_employment_report,2025-12,2026-01-08,Labour Equal-Weight Ensemble,4.4000000000000004,4.0810269907169028,4.1237109996119727,0.042684008895069958,0.31897300928309757,0.27628900038802762,0.10174378065111506,0.076335611735415518,-0.025408168915699539,0.31897300928309757,0.27628900038802762,-0.042684008895069958,7f2574b0e02739ebd85c44cb6e8a029224cac4418bcd3f9b7fd238cef0330635,478a097dea1c186d7fd3e1b3606c444efafa0393094b4c58f3262336647aae56,987c0702d323ff7f9ba9543b340b7aace285037620122a5a5cd70080c7024d26,987c0702d323ff7f9ba9543b340b7aace285037620122a5a5cd70080c7024d26,1,1,901,0,0,,,
Labour,UNRATE,1,month_open,2026-01,2026-01-01,Labour AR(1),4.2999999999999998,4.4812609064717037,4.481393647249563,0.00013274077785929705,-0.1812609064717039,-0.18139364724956319,0.032855516214943786,0.032903655262498964,4.8139047555177672e-05,0.1812609064717039,0.18139364724956319,0.00013274077785929705,fac6f29d2b652c12cdf69a6e5efa5ffde4c492936a9adc66a209dc433e7273d7,ae2ab403762f82b7824690f1d95172ccd803eb6f891e9f68861839751fdf8735,22bee1146282a78e140a0ca1f5091bd00c630d14679ca3804230ee652102c6e3,22bee1146282a78e140a0ca1f5091bd00c630d14679ca3804230ee652102c6e3,1,1,899,0,0,,,
Labour,UNRATE,2,after_week_1,2026-01,2026-01-07,Labour Equal-Weight Ensemble,4.2999999999999998,4.1392652758271993,4.1361083544578277,-0.0031569213693716236,0.16073472417280055,0.16389164554217217,0.025835651554906271,0.026860471478521004,0.001024819923614733,0.16073472417280055,0.16389164554217217,0.0031569213693716236,d43da6537ff4bcad48bd47092b820d596fcb9c64db7fa6c95a58451e5a56770d,d2d51074effdd2bfc638bfe7fdb377fc2d75c8010a4c89daf45624b4435cf71d,1fd91fe8f7d6352740ff9e0c87895f9baefb0affb10e6e4071013adf438aba09,1fd91fe8f7d6352740ff9e0c87895f9baefb0affb10e6e4071013adf438aba09,1,1,899,0,0,,,
Labour,UNRATE,3,after_week_2,2026-01,2026-01-14,Labour Equal-Weight Ensemble,4.2999999999999998,4.1153655917983381,4.1084421282016539,-0.0069234635966841651,0.18463440820166177,0.19155787179834594,0.034089864691977868,0.036694418247911538,0.0026045535559336697,0.18463440820166177,0.19155787179834594,0.0069234635966841651,f5b2998c2021fe2be01a4d559269087f59f319630d1c9c4e67dbf8d0e0073a04,7209c67d3575ce8982d02651032c469e3b36945976883b1da479786476b96e68,31bbfa23943c0d5b285c422ea625551bfbeb7606f1913c780413ffe1aeaf7ff7,31bbfa23943c0d5b285c422ea625551bfbeb7606f1913c780413ffe1aeaf7ff7,1,1,883,0,0,,,
Labour,UNRATE,4,month_end,2026-01,2026-01-31,Labour Equal-Weight Ensemble,4.2999999999999998,4.1155110840212332,4.1076399621529118,-0.0078711218683213957,0.1844889159787666,0.19236003784708799,0.034036160119020401,0.037002384160533128,0.0029662240415127272,0.1844889159787666,0.19236003784708799,0.0078711218683213957,5be923ed610a63b5e8d0127b7176fb220b55dd1a9efc221ebe5f38b499ee9a2d,cb1d30956826a7dfe67cd723eb18bdc5b0b3d2ed9466d29be5eecbd6bfca50a6,91c18ef0d48d7eba519118811a15f855767625d78198c9deae79d4480a369fe6,91c18ef0d48d7eba519118811a15f855767625d78198c9deae79d4480a369fe6,1,1,885,0,0,,,
Labour,UNRATE,5,pre_employment_report,2026-01,2026-02-10,Labour Equal-Weight Ensemble,4.2999999999999998,4.105591758030263,4.1059387152619857,0.00034695723172273318,0.19440824196973683,0.19406128473801409,0.037794564545763742,0.037659782234168583,-0.00013478231159515935,0.19440824196973683,0.19406128473801409,-0.00034695723172273318,fee22f4da32cbfc3f29b149dfc127e9e54c4e3051c2cf9b3852d4873286d2847,4f028d80273a57dad99eb90846d7a877a22c68a503adae19059c9646d93df8f9,6c5e47bc2779b8a76d89f2e62c5e7c7231440cf8e0757ae41800c5a4fae8583f,6c5e47bc2779b8a76d89f2e62c5e7c7231440cf8e0757ae41800c5a4fae8583f,1,1,888,0,0,,,
Labour,UNRATE,1,month_open,2026-02,2026-02-01,Labour AR(1),4.4000000000000004,4.481393647249563,4.481393647249563,0,-0.081393647249562662,-0.081393647249562662,0.0066249258125862399,0.0066249258125862399,0,0.081393647249562662,0.081393647249562662,0,e5cdc81382c78fb1f258be68d762c3f7d2cdd962727c129f638e8a8db7f98c73,95516ab73fe345b55944ed8da4d6415807f0e4fee816356085b91172e6ed742b,91c18ef0d48d7eba519118811a15f855767625d78198c9deae79d4480a369fe6,91c18ef0d48d7eba519118811a15f855767625d78198c9deae79d4480a369fe6,1,1,885,0,0,,,
Labour,UNRATE,2,after_week_1,2026-02,2026-02-07,Labour Equal-Weight Ensemble,4.4000000000000004,4.0921197121601791,4.1210402416293297,0.02892052946915058,0.30788028783982124,0.27895975837067066,0.094790271640331186,0.077818546790222959,-0.016971724850108227,0.30788028783982124,0.27895975837067066,-0.02892052946915058,37c69c231cbac476995f7ae8103aef740098628d299161150c826005831eadd2,4eff05eda1bde5e3cf14f1cc2d6b66bbcc026e4dce6a4199181075a0d4613103,6c5e47bc2779b8a76d89f2e62c5e7c7231440cf8e0757ae41800c5a4fae8583f,6c5e47bc2779b8a76d89f2e62c5e7c7231440cf8e0757ae41800c5a4fae8583f,1,1,888,0,0,,,
Labour,UNRATE,3,after_week_2,2026-02,2026-02-14,Labour Equal-Weight Ensemble,4.4000000000000004,4.0509415984110264,4.0688712369603435,0.017929638549317062,0.34905840158897394,0.33112876303965688,0.12184176771984941,0.10964625771217323,-0.012195510007676172,0.34905840158897394,0.33112876303965688,-0.017929638549317062,80041a019a51c1f914d20ffc21c55e1aa914c77955be7e9ec773633233791864,de0bf84a4316bfed4b436391ad6f8471acd4c9dacbda73ae844d219bdcc1771b,6507905b233620f8b4e14ede1a2eafd6a5e7a807966661699c24f13059c21206,6507905b233620f8b4e14ede1a2eafd6a5e7a807966661699c24f13059c21206,1,1,427,0,0,,,
Labour,UNRATE,4,month_end,2026-02,2026-02-28,Labour Equal-Weight Ensemble,4.4000000000000004,4.0663031982210205,4.0919487325829103,0.025645534361889766,0.33369680177897987,0.3080512674170901,0.11135355551751978,0.094895583357275562,-0.016457972160244222,0.33369680177897987,0.3080512674170901,-0.025645534361889766,da7fe850311202997c3df1f480d1ecd82e7a36fa5c90ab9bc02c6f4e527081cf,3849d15f3538934f82213bd35fbb581a788104015fbc51964d0ab4298452a23a,ec3174bd8fbc3a3d89122f4221372f3dd045944332fa1c9c751dd325b0d70b7c,ec3174bd8fbc3a3d89122f4221372f3dd045944332fa1c9c751dd325b0d70b7c,1,1,430,0,0,,,
Labour,UNRATE,5,pre_employment_report,2026-02,2026-03-05,Labour Equal-Weight Ensemble,4.4000000000000004,4.0676463609915823,4.0951569305296216,0.02751056953803932,0.33235363900841808,0.30484306947037876,0.11045894136213788,0.092929297004122169,-0.017529644358015711,0.33235363900841808,0.30484306947037876,-0.02751056953803932,36b785424159da4fdf5b6c9479a7b2a92ea365c14a7224f96e2d6728a732524f,44dbe7d0bf2c27502464e8b70ba67455fae26b74c3d913a733668150d54eca13,754efb030ff1f703169820cb6a11d6340a74736eb92a8d94c2a189898579def1,754efb030ff1f703169820cb6a11d6340a74736eb92a8d94c2a189898579def1,1,1,432,0,0,,,
Labour,UNRATE,1,month_open,2026-03,2026-03-01,Labour AR(1),4.2999999999999998,4.481393647249563,4.481393647249563,0,-0.18139364724956319,-0.18139364724956319,0.032903655262498964,0.032903655262498964,0,0.18139364724956319,0.18139364724956319,0,16b1a548967fdcffc384c08ec2ab49737230674e04f3d332ba7f12961213b0d7,004535bb2773fa5f36d424a50cb17faabbaa6bfcff47abc495092395d1f11a60,ec3174bd8fbc3a3d89122f4221372f3dd045944332fa1c9c751dd325b0d70b7c,ec3174bd8fbc3a3d89122f4221372f3dd045944332fa1c9c751dd325b0d70b7c,1,1,430,0,0,,,
Labour,UNRATE,2,after_week_1,2026-03,2026-03-07,Labour Equal-Weight Ensemble,4.2999999999999998,4.156506033427334,4.130280318515644,-0.026225714911690012,0.14349396657266578,0.16971968148435579,0.020590518442757322,0.02880477028315118,0.0082142518403938575,0.14349396657266578,0.16971968148435579,0.026225714911690012,f7b758ab5cd15f34035c7f85593761ad6610b9cf39f92cf30fe1302005238127,404ac377dc792040c9107f96e7ace950262c8a4407ae87d491d76717593a9825,923308bde33b452ede68d817dfafce87b79479741f019422fb8d32b6b4c05e70,923308bde33b452ede68d817dfafce87b79479741f019422fb8d32b6b4c05e70,1,1,431,0,0,,,
Labour,UNRATE,3,after_week_2,2026-03,2026-03-14,Labour Equal-Weight Ensemble,4.2999999999999998,4.2069910948342706,4.1886599619920277,-0.018331132842242859,0.093008905165729239,0.1113400380079721,0.0086506564401276145,0.012396604063616671,0.0037459476234890567,0.093008905165729239,0.1113400380079721,0.018331132842242859,80f673451026065a08158f9ad45264f9545624108dcbb152c0a0a194392e4665,840611b85f708dd9cb8e6e2a5942eb8ed9c943f21d1801f2598566036d97d18e,84b4994d1f47877d88124561655d78a4a452cd8fecb086a715fad89f57d46d6d,84b4994d1f47877d88124561655d78a4a452cd8fecb086a715fad89f57d46d6d,1,1,356,0,0,,,
Labour,UNRATE,4,month_end,2026-03,2026-03-31,Labour Equal-Weight Ensemble,4.2999999999999998,4.1804359441727996,4.1398919204584876,-0.040544023714311983,0.1195640558272002,0.16010807954151218,0.014295563445849846,0.025634597134471193,0.011339033688621348,0.1195640558272002,0.16010807954151218,0.040544023714311983,0b3941461f2aa9c93166e499ca454e286199ed8cb9170c88f5a48c886b779fc5,81af02be07ce37ead02b53064885181a72e94d228b78e4167cc8aedf10a768e0,470a5526273b05b7b929de826cbb39e79ab842eff853664172282acf7fea8102,470a5526273b05b7b929de826cbb39e79ab842eff853664172282acf7fea8102,1,1,18,0,0,,,
Labour,UNRATE,5,pre_employment_report,2026-03,2026-04-02,Labour Equal-Weight Ensemble,4.2999999999999998,4.1818501720944923,4.1408484182621939,-0.041001753832298427,0.11814982790550754,0.15915158173780597,0.013959381834101049,0.025329225969645534,0.011369844135544486,0.11814982790550754,0.15915158173780597,0.041001753832298427,45a17d7fe6bdfd8cff1f18fa59146367abf91a4f48b35e20fdf663b9168460ab,0e0419352364fdb60a9c2603bdd3f2e75f49f2df4cef2ce2ba448c9f5ae1cd6b,887b4ed533ac3b4aec328d9fb49d911a746880a20899d22b583a1c8092d3efc4,887b4ed533ac3b4aec328d9fb49d911a746880a20899d22b583a1c8092d3efc4,1,1,18,0,0,,,
Labour,UNRATE,1,month_open,2026-04,2026-04-01,Labour AR(1),4.2999999999999998,4.480894729032137,4.480894729032137,0,-0.18089472903213721,-0.18089472903213721,0.032722902991610348,0.032722902991610348,0,0.18089472903213721,0.18089472903213721,0,9df61ce80c86f71100d8b13eb9ef4d8b48d49deb3b3e5e9ce0cac90ff6c6844d,37fbc862a4c83f511258734b373ea69f120c24d06401ba71a887c1f7f27fb698,470a5526273b05b7b929de826cbb39e79ab842eff853664172282acf7fea8102,470a5526273b05b7b929de826cbb39e79ab842eff853664172282acf7fea8102,1,1,18,0,0,,,
Labour,UNRATE,2,after_week_1,2026-04,2026-04-07,Labour Equal-Weight Ensemble,4.2999999999999998,4.0816369755955657,4.0777908452663993,-0.003846130329166364,0.21836302440443411,0.22220915473360048,0.047682410427051486,0.049376908447421201,0.0016944980203697155,0.21836302440443411,0.22220915473360048,0.003846130329166364,756f7615f928dae9df0542acd7dbc63ca7013dc60608c838446f6205be7d8080,30d52ce2a71d7923e9ed751760595699404dc4fc5b6d526bc6462bcfa7fd1d30,93a1d6eb94dd4024beba14d145fb8d4aebbbde47f08187ee902e0456416c9d2d,93a1d6eb94dd4024beba14d145fb8d4aebbbde47f08187ee902e0456416c9d2d,1,1,17,0,0,,,
Labour,UNRATE,3,after_week_2,2026-04,2026-04-14,Labour Equal-Weight Ensemble,4.2999999999999998,4.0616335939538599,4.0590063715211038,-0.0026272224327561489,0.2383664060461399,0.24099362847889605,0.056818543531353238,0.058077928967424176,0.0012593854360709381,0.2383664060461399,0.24099362847889605,0.0026272224327561489,8629ac2b41f90c9aeeb10f8c512b4f6fab7ad55f787730548b9a49b370b1d2da,3d2827f6ecac7f613954093dc6834aba240c0a2bb71adcfae417ae984311c543,45c189c5b97572fd40fde22d3d316d7323305e8e5afd72c02b4d9d2560b469b4,45c189c5b97572fd40fde22d3d316d7323305e8e5afd72c02b4d9d2560b469b4,1,1,17,0,0,,,
Labour,UNRATE,4,month_end,2026-04,2026-04-30,Labour Equal-Weight Ensemble,4.2999999999999998,4.0805389596237411,4.0742206927980478,-0.0063182668256933638,0.21946104037625869,0.22577930720195205,0.048163148243029849,0.050976295560593438,0.0028131473175635885,0.21946104037625869,0.22577930720195205,0.0063182668256933638,e9b2931657ea7e2c64fdec1868969d68b6fa4f0098307b891f6492385ff27cfe,a96c63253d829b6266ac5f2b6ff21dbee6363b456dadb5836170579a3cf16a6b,7a0603db32c5cb66690155776c302300999059e957dded2abe9b6a7ad1baf6b4,7a0603db32c5cb66690155776c302300999059e957dded2abe9b6a7ad1baf6b4,1,1,17,0,0,,,
Labour,UNRATE,5,pre_employment_report,2026-04,2026-05-07,Labour Equal-Weight Ensemble,4.2999999999999998,4.0584461648275871,4.0516770087420264,-0.0067691560855607236,0.24155383517241269,0.24832299125797341,0.058348255286501116,0.061664307987307543,0.0033160527008064267,0.24155383517241269,0.24832299125797341,0.0067691560855607236,c1a70b31504609df70e57a8900964825b53d74c5d0f5fd5f3c774df3b96ba5b0,aadcaaef46782bc047a6d1bf27669a734ba7d2e3c7ecf3298cbb7953006fc294,d15ee3ff4de0da2e33cd86818d1fd1ffd685526c750ef5eaf5edfd4053849208,d15ee3ff4de0da2e33cd86818d1fd1ffd685526c750ef5eaf5edfd4053849208,1,1,17,0,0,,,
Labour,UNRATE,1,month_open,2026-05,2026-05-01,Labour AR(1),4.2999999999999998,4.480894729032137,4.480894729032137,0,-0.18089472903213721,-0.18089472903213721,0.032722902991610348,0.032722902991610348,0,0.18089472903213721,0.18089472903213721,0,6c034c922c5f56744e61d8c891e2a7b7f4a87342629911312ea4e92ca7e1ad5a,0a459d84c1664516318f07b0f601376329aeea2b8219e02859020a966f9429b2,7a0603db32c5cb66690155776c302300999059e957dded2abe9b6a7ad1baf6b4,7a0603db32c5cb66690155776c302300999059e957dded2abe9b6a7ad1baf6b4,1,1,17,0,0,,,
Labour,UNRATE,2,after_week_1,2026-05,2026-05-07,Labour Equal-Weight Ensemble,4.2999999999999998,4.0639724401681585,4.0567050853237232,-0.0072673548444353031,0.23602755983184132,0.24329491467627662,0.055709009000173434,0.059192415507336719,0.003483406507163285,0.23602755983184132,0.24329491467627662,0.0072673548444353031,c1a70b31504609df70e57a8900964825b53d74c5d0f5fd5f3c774df3b96ba5b0,aadcaaef46782bc047a6d1bf27669a734ba7d2e3c7ecf3298cbb7953006fc294,d15ee3ff4de0da2e33cd86818d1fd1ffd685526c750ef5eaf5edfd4053849208,d15ee3ff4de0da2e33cd86818d1fd1ffd685526c750ef5eaf5edfd4053849208,1,1,17,0,0,,,
Labour,UNRATE,3,after_week_2,2026-05,2026-05-14,Labour Equal-Weight Ensemble,4.2999999999999998,4.087171850761389,4.0792276593457171,-0.0079441914156719307,0.21282814923861082,0.22077234065428275,0.045295821108332399,0.048740426397970667,0.0034446052896382681,0.21282814923861082,0.22077234065428275,0.0079441914156719307,0caf7bc06b0509c09b64ca8b897e8f5a13585e8a2ebddb51be170b64ab40ea7f,e2734f092f56e51fcd533bcdd328f1984f77450eba2ea4b0f563d8d53a97b076,ad8e6f8975eac1a24d92f0b979826e2eb80780c447af6d94cb23ed5cba4e7496,ad8e6f8975eac1a24d92f0b979826e2eb80780c447af6d94cb23ed5cba4e7496,1,1,14,0,0,,,
Labour,UNRATE,4,month_end,2026-05,2026-05-31,Labour Equal-Weight Ensemble,4.2999999999999998,4.0790027609995567,4.0720504833241273,-0.0069522776754293858,0.2209972390004431,0.22794951667587249,0.048839779645818968,0.051960982152763867,0.0031212025069448993,0.2209972390004431,0.22794951667587249,0.0069522776754293858,1a433339712659ccc8304b58487b1d8576405e57dfadf386daff065d937734e8,d4a0b804c837c8de9d590be20a2044dab63a263203aa258e664c7c12d7b49562,13f0daa9b6878d1e9b3e8bebb2ec1f031ec7d89897f3dc2fe91eee1832f3c64e,13f0daa9b6878d1e9b3e8bebb2ec1f031ec7d89897f3dc2fe91eee1832f3c64e,1,1,14,0,0,,,
Labour,UNRATE,5,pre_employment_report,2026-05,2026-06-04,Labour Equal-Weight Ensemble,4.2999999999999998,4.1167170308630121,4.106326007466512,-0.01039102339650011,0.18328296913698772,0.19367399253348783,0.03359264677566999,0.037509615383861501,0.0039169686081915109,0.18328296913698772,0.19367399253348783,0.01039102339650011,92a663192feec587f3176af523495241328ecabc278f467430e3efe81b876abe,19dade31935b46cdd9f8348b54f4f0c97c4942c7ab3137e30bf799ca197365af,68e9af5d81bc23076536e904dabfb8b0c89265c33f99a912027635ca079ede2c,68e9af5d81bc23076536e904dabfb8b0c89265c33f99a912027635ca079ede2c,1,1,13,0,0,,,
Labour,UNRATE,1,month_open,2026-06,2026-06-01,Labour AR(1),4.2000000000000002,4.3855365553831689,4.3855365553831689,0,-0.18553655538316871,-0.18553655538316871,0.034423813383451629,0.034423813383451629,0,0.18553655538316871,0.18553655538316871,0,2a9dcc995e4322da4a57b74e2df32835f188a11d6f41b195fdcafd7580cb2d98,a1d3ce0155b03c843fe26a20f8a9433ceffc0aabcf17ab8dc23aec2cffe2f159,13f0daa9b6878d1e9b3e8bebb2ec1f031ec7d89897f3dc2fe91eee1832f3c64e,13f0daa9b6878d1e9b3e8bebb2ec1f031ec7d89897f3dc2fe91eee1832f3c64e,1,1,14,0,0,,,
Labour,UNRATE,2,after_week_1,2026-06,2026-06-07,Labour Equal-Weight Ensemble,4.2000000000000002,4.1038345797934959,4.1128151063599905,0.0089805265664946177,0.096165420206504315,0.087184893640009697,0.0092477880434935489,0.0076012056790198037,-0.0016465823644737452,0.096165420206504315,0.087184893640009697,-0.0089805265664946177,8784239341aa001ab1647806c07a3f0361b1419a04dfa39baa7e045cd22234ad,00b7ba002260fd60cba5a45797fd4e569b8f81aa38e40860ac53fcb6a5bd0efd,e42aa820201d09bef8958c42eecfc2ef4405e13fd4fe98fd49b41cdf1274896b,e42aa820201d09bef8958c42eecfc2ef4405e13fd4fe98fd49b41cdf1274896b,1,1,14,0,0,,,
Labour,UNRATE,3,after_week_2,2026-06,2026-06-14,Labour Equal-Weight Ensemble,4.2000000000000002,4.0966873724390531,4.1048606285929568,0.0081732561539036297,0.10331262756094706,0.095139371407043427,0.010673499013546958,0.0090514999917273523,-0.0016219990218196059,0.10331262756094706,0.095139371407043427,-0.0081732561539036297,3e5fe4178128c4c9c691c210afb5c33042b4f830dfae2cf299efd5ce99376254,613769401590b8572ca42a8f38404787f8cdc3f95e171a29b306c9e5356a1ea1,73853a220b01cc387a7e90707a7a3326577d13216c95a356d8691761314e82a1,73853a220b01cc387a7e90707a7a3326577d13216c95a356d8691761314e82a1,1,1,15,0,0,,,
Labour,UNRATE,4,month_end,2026-06,2026-06-30,Labour Equal-Weight Ensemble,4.2000000000000002,4.0888858858658228,4.0924699281320756,0.0035840422662527516,0.11111411413417738,0.10753007186792463,0.012346346359822997,0.011562716355921035,-0.00078363000390196252,0.11111411413417738,0.10753007186792463,-0.0035840422662527516,cfc5d3f5304c510ad3b5c71a0b1da69b55da82e144777d9838460b3ef80935bd,dd9057e77d2f11740e0f6aa10544446cff9819757688f2a1a03d97116b487eb5,a4286fc09bb51cab240b6c6b2678e8c76819dc9d9b270256a0d1f6913a6761c3,a4286fc09bb51cab240b6c6b2678e8c76819dc9d9b270256a0d1f6913a6761c3,1,1,16,0,0,,,
Labour,UNRATE,5,pre_employment_report,2026-06,2026-07-01,Labour Equal-Weight Ensemble,4.2000000000000002,4.0888858858658228,4.0924699281320756,0.0035840422662527516,0.11111411413417738,0.10753007186792463,0.012346346359822997,0.011562716355921035,-0.00078363000390196252,0.11111411413417738,0.10753007186792463,-0.0035840422662527516,4ddd519170c9cffa44842a12fe5193c70298c5681d7a3335155c60f1a9b10bf1,142a69450df06d4f197e2e2f962fbb71290b225cbfc894f3228ed75015444ec4,a4286fc09bb51cab240b6c6b2678e8c76819dc9d9b270256a0d1f6913a6761c3,a4286fc09bb51cab240b6c6b2678e8c76819dc9d9b270256a0d1f6913a6761c3,1,1,16,0,0,,,
