domain_name,target_series,stage_order,forecast_stage,target_period,selected_model,forecast_date,actual_release_date,prior_observable_error_count,calibration_window_count,minimum_prior_errors,calibration_window,calibration_cutoff_target_period,max_calibration_release_date,eligible_h4
GDP,GDPC1,1,early_quarter,2023Q2,Dynamic Factor Model,2023-04-15,2023-07-27,32,20,12,20,2022Q4,2023-01-26,1
GDP,GDPC1,1,early_quarter,2023Q3,Dynamic Factor Model,2023-07-15,2023-10-26,33,20,12,20,2023Q1,2023-04-27,1
GDP,GDPC1,1,early_quarter,2023Q4,Dynamic Factor Model,2023-10-15,2024-01-25,34,20,12,20,2023Q2,2023-07-27,1
GDP,GDPC1,1,early_quarter,2024Q1,Dynamic Factor Model,2024-01-15,2024-04-25,35,20,12,20,2023Q3,2023-10-26,1
GDP,GDPC1,1,early_quarter,2024Q2,Dynamic Factor Model,2024-04-15,2024-07-25,36,20,12,20,2023Q4,2024-01-25,1
GDP,GDPC1,1,early_quarter,2024Q3,Dynamic Factor Model,2024-07-15,2024-10-30,37,20,12,20,2024Q1,2024-04-25,1
GDP,GDPC1,1,early_quarter,2024Q4,Dynamic Factor Model,2024-10-15,2025-01-30,38,20,12,20,2024Q2,2024-07-25,1
GDP,GDPC1,1,early_quarter,2025Q1,Dynamic Factor Model,2025-01-15,2025-04-30,39,20,12,20,2024Q3,2024-10-30,1
GDP,GDPC1,1,early_quarter,2025Q2,Dynamic Factor Model,2025-04-15,2025-07-30,40,20,12,20,2024Q4,2025-01-30,1
GDP,GDPC1,1,early_quarter,2025Q3,Dynamic Factor Model,2025-07-15,2025-12-23,41,20,12,20,2025Q1,2025-04-30,1
GDP,GDPC1,1,early_quarter,2025Q4,Dynamic Factor Model,2025-10-15,2026-02-20,42,20,12,20,2025Q2,2025-07-30,1
GDP,GDPC1,1,early_quarter,2026Q1,Dynamic Factor Model,2026-01-15,2026-04-30,43,20,12,20,2025Q3,2025-12-23,1
GDP,GDPC1,2,after_month_1,2023Q2,Dynamic Factor Model,2023-05-15,2023-07-27,33,20,12,20,2023Q1,2023-04-27,1
GDP,GDPC1,2,after_month_1,2023Q3,Dynamic Factor Model,2023-08-15,2023-10-26,34,20,12,20,2023Q2,2023-07-27,1
GDP,GDPC1,2,after_month_1,2023Q4,Dynamic Factor Model,2023-11-15,2024-01-25,35,20,12,20,2023Q3,2023-10-26,1
GDP,GDPC1,2,after_month_1,2024Q1,Dynamic Factor Model,2024-02-15,2024-04-25,36,20,12,20,2023Q4,2024-01-25,1
GDP,GDPC1,2,after_month_1,2024Q2,Dynamic Factor Model,2024-05-15,2024-07-25,37,20,12,20,2024Q1,2024-04-25,1
GDP,GDPC1,2,after_month_1,2024Q3,Dynamic Factor Model,2024-08-15,2024-10-30,38,20,12,20,2024Q2,2024-07-25,1
GDP,GDPC1,2,after_month_1,2024Q4,Dynamic Factor Model,2024-11-15,2025-01-30,39,20,12,20,2024Q3,2024-10-30,1
GDP,GDPC1,2,after_month_1,2025Q1,Dynamic Factor Model,2025-02-15,2025-04-30,40,20,12,20,2024Q4,2025-01-30,1
GDP,GDPC1,2,after_month_1,2025Q2,Dynamic Factor Model,2025-05-15,2025-07-30,41,20,12,20,2025Q1,2025-04-30,1
GDP,GDPC1,2,after_month_1,2025Q3,Dynamic Factor Model,2025-08-15,2025-12-23,42,20,12,20,2025Q2,2025-07-30,1
GDP,GDPC1,2,after_month_1,2025Q4,Dynamic Factor Model,2025-11-15,2026-02-20,42,20,12,20,2025Q2,2025-07-30,1
GDP,GDPC1,2,after_month_1,2026Q1,Dynamic Factor Model,2026-02-15,2026-04-30,43,20,12,20,2025Q3,2025-12-23,1
GDP,GDPC1,3,after_month_2,2023Q2,Bridge–DFM Ensemble,2023-06-15,2023-07-27,33,20,12,20,2023Q1,2023-04-27,1
GDP,GDPC1,3,after_month_2,2023Q3,Bridge–DFM Ensemble,2023-09-15,2023-10-26,34,20,12,20,2023Q2,2023-07-27,1
GDP,GDPC1,3,after_month_2,2023Q4,Bridge–DFM Ensemble,2023-12-15,2024-01-25,35,20,12,20,2023Q3,2023-10-26,1
GDP,GDPC1,3,after_month_2,2024Q1,Bridge–DFM Ensemble,2024-03-15,2024-04-25,36,20,12,20,2023Q4,2024-01-25,1
GDP,GDPC1,3,after_month_2,2024Q2,Bridge–DFM Ensemble,2024-06-15,2024-07-25,37,20,12,20,2024Q1,2024-04-25,1
GDP,GDPC1,3,after_month_2,2024Q3,Bridge–DFM Ensemble,2024-09-15,2024-10-30,38,20,12,20,2024Q2,2024-07-25,1
GDP,GDPC1,3,after_month_2,2024Q4,Bridge–DFM Ensemble,2024-12-15,2025-01-30,39,20,12,20,2024Q3,2024-10-30,1
GDP,GDPC1,3,after_month_2,2025Q1,Bridge–DFM Ensemble,2025-03-15,2025-04-30,40,20,12,20,2024Q4,2025-01-30,1
GDP,GDPC1,3,after_month_2,2025Q2,Bridge–DFM Ensemble,2025-06-15,2025-07-30,41,20,12,20,2025Q1,2025-04-30,1
GDP,GDPC1,3,after_month_2,2025Q3,Bridge–DFM Ensemble,2025-09-15,2025-12-23,42,20,12,20,2025Q2,2025-07-30,1
GDP,GDPC1,3,after_month_2,2025Q4,Bridge–DFM Ensemble,2025-12-15,2026-02-20,42,20,12,20,2025Q2,2025-07-30,1
GDP,GDPC1,3,after_month_2,2026Q1,Bridge–DFM Ensemble,2026-03-15,2026-04-30,44,20,12,20,2025Q4,2026-02-20,1
GDP,GDPC1,4,quarter_end,2023Q2,Rolling Bridge–DFM Ensemble,2023-06-30,2023-07-27,33,20,12,20,2023Q1,2023-04-27,1
GDP,GDPC1,4,quarter_end,2023Q3,Rolling Bridge–DFM Ensemble,2023-09-30,2023-10-26,34,20,12,20,2023Q2,2023-07-27,1
GDP,GDPC1,4,quarter_end,2023Q4,Rolling Bridge–DFM Ensemble,2023-12-31,2024-01-25,35,20,12,20,2023Q3,2023-10-26,1
GDP,GDPC1,4,quarter_end,2024Q1,Rolling Bridge–DFM Ensemble,2024-03-31,2024-04-25,36,20,12,20,2023Q4,2024-01-25,1
GDP,GDPC1,4,quarter_end,2024Q2,Rolling Bridge–DFM Ensemble,2024-06-30,2024-07-25,37,20,12,20,2024Q1,2024-04-25,1
GDP,GDPC1,4,quarter_end,2024Q3,Rolling Bridge–DFM Ensemble,2024-09-30,2024-10-30,38,20,12,20,2024Q2,2024-07-25,1
GDP,GDPC1,4,quarter_end,2024Q4,Rolling Bridge–DFM Ensemble,2024-12-31,2025-01-30,39,20,12,20,2024Q3,2024-10-30,1
GDP,GDPC1,4,quarter_end,2025Q1,Rolling Bridge–DFM Ensemble,2025-03-31,2025-04-30,40,20,12,20,2024Q4,2025-01-30,1
GDP,GDPC1,4,quarter_end,2025Q2,Rolling Bridge–DFM Ensemble,2025-06-30,2025-07-30,41,20,12,20,2025Q1,2025-04-30,1
GDP,GDPC1,4,quarter_end,2025Q3,Rolling Bridge–DFM Ensemble,2025-09-30,2025-12-23,42,20,12,20,2025Q2,2025-07-30,1
GDP,GDPC1,4,quarter_end,2025Q4,Rolling Bridge–DFM Ensemble,2025-12-31,2026-02-20,43,20,12,20,2025Q3,2025-12-23,1
GDP,GDPC1,4,quarter_end,2026Q1,Rolling Bridge–DFM Ensemble,2026-03-31,2026-04-30,44,20,12,20,2025Q4,2026-02-20,1
GDP,GDPC1,5,pre_advance_release,2023Q2,Dynamic Factor Model,2023-07-26,2023-07-27,33,20,12,20,2023Q1,2023-04-27,1
GDP,GDPC1,5,pre_advance_release,2023Q3,Dynamic Factor Model,2023-10-25,2023-10-26,34,20,12,20,2023Q2,2023-07-27,1
GDP,GDPC1,5,pre_advance_release,2023Q4,Dynamic Factor Model,2024-01-24,2024-01-25,35,20,12,20,2023Q3,2023-10-26,1
GDP,GDPC1,5,pre_advance_release,2024Q1,Dynamic Factor Model,2024-04-24,2024-04-25,36,20,12,20,2023Q4,2024-01-25,1
GDP,GDPC1,5,pre_advance_release,2024Q2,Dynamic Factor Model,2024-07-24,2024-07-25,37,20,12,20,2024Q1,2024-04-25,1
GDP,GDPC1,5,pre_advance_release,2024Q3,Dynamic Factor Model,2024-10-29,2024-10-30,38,20,12,20,2024Q2,2024-07-25,1
GDP,GDPC1,5,pre_advance_release,2024Q4,Dynamic Factor Model,2025-01-29,2025-01-30,39,20,12,20,2024Q3,2024-10-30,1
GDP,GDPC1,5,pre_advance_release,2025Q1,Dynamic Factor Model,2025-04-29,2025-04-30,40,20,12,20,2024Q4,2025-01-30,1
GDP,GDPC1,5,pre_advance_release,2025Q2,Dynamic Factor Model,2025-07-29,2025-07-30,41,20,12,20,2025Q1,2025-04-30,1
GDP,GDPC1,5,pre_advance_release,2025Q3,Dynamic Factor Model,2025-12-22,2025-12-23,42,20,12,20,2025Q2,2025-07-30,1
GDP,GDPC1,5,pre_advance_release,2025Q4,Dynamic Factor Model,2026-02-19,2026-02-20,43,20,12,20,2025Q3,2025-12-23,1
GDP,GDPC1,5,pre_advance_release,2026Q1,Dynamic Factor Model,2026-04-29,2026-04-30,44,20,12,20,2025Q4,2026-02-20,1
Inflation,CPIAUCSL,1,month_open,2023-02,Inflation Ridge-AR Ensemble,2023-02-01,2023-03-14,34,34,24,48,2022-12,2023-01-12,1
Inflation,CPIAUCSL,1,month_open,2023-03,Inflation Ridge-AR Ensemble,2023-03-01,2023-04-12,35,35,24,48,2023-01,2023-02-14,1
Inflation,CPIAUCSL,1,month_open,2023-04,Inflation Ridge-AR Ensemble,2023-04-01,2023-05-10,36,36,24,48,2023-02,2023-03-14,1
Inflation,CPIAUCSL,1,month_open,2023-05,Inflation Ridge-AR Ensemble,2023-05-01,2023-06-13,37,37,24,48,2023-03,2023-04-12,1
Inflation,CPIAUCSL,1,month_open,2023-06,Inflation Ridge-AR Ensemble,2023-06-01,2023-07-12,38,38,24,48,2023-04,2023-05-10,1
Inflation,CPIAUCSL,1,month_open,2023-07,Inflation Ridge-AR Ensemble,2023-07-01,2023-08-10,39,39,24,48,2023-05,2023-06-13,1
Inflation,CPIAUCSL,1,month_open,2023-08,Inflation Ridge-AR Ensemble,2023-08-01,2023-09-13,40,40,24,48,2023-06,2023-07-12,1
Inflation,CPIAUCSL,1,month_open,2023-09,Inflation Ridge-AR Ensemble,2023-09-01,2023-10-12,41,41,24,48,2023-07,2023-08-10,1
Inflation,CPIAUCSL,1,month_open,2023-10,Inflation Ridge-AR Ensemble,2023-10-01,2023-11-14,42,42,24,48,2023-08,2023-09-13,1
Inflation,CPIAUCSL,1,month_open,2023-11,Inflation Ridge-AR Ensemble,2023-11-01,2023-12-12,43,43,24,48,2023-09,2023-10-12,1
Inflation,CPIAUCSL,1,month_open,2023-12,Inflation Ridge-AR Ensemble,2023-12-01,2024-01-11,44,44,24,48,2023-10,2023-11-14,1
Inflation,CPIAUCSL,1,month_open,2024-01,Inflation Ridge-AR Ensemble,2024-01-01,2024-02-13,45,45,24,48,2023-11,2023-12-12,1
Inflation,CPIAUCSL,1,month_open,2024-02,Inflation Ridge-AR Ensemble,2024-02-01,2024-03-12,46,46,24,48,2023-12,2024-01-11,1
Inflation,CPIAUCSL,1,month_open,2024-03,Inflation Ridge-AR Ensemble,2024-03-01,2024-04-10,47,47,24,48,2024-01,2024-02-13,1
Inflation,CPIAUCSL,1,month_open,2024-04,Inflation Ridge-AR Ensemble,2024-04-01,2024-05-15,48,48,24,48,2024-02,2024-03-12,1
Inflation,CPIAUCSL,1,month_open,2024-05,Inflation Ridge-AR Ensemble,2024-05-01,2024-06-12,49,48,24,48,2024-03,2024-04-10,1
Inflation,CPIAUCSL,1,month_open,2024-06,Inflation Ridge-AR Ensemble,2024-06-01,2024-07-11,50,48,24,48,2024-04,2024-05-15,1
Inflation,CPIAUCSL,1,month_open,2024-07,Inflation Ridge-AR Ensemble,2024-07-01,2024-08-14,51,48,24,48,2024-05,2024-06-12,1
Inflation,CPIAUCSL,1,month_open,2024-08,Inflation Ridge-AR Ensemble,2024-08-01,2024-09-11,52,48,24,48,2024-06,2024-07-11,1
Inflation,CPIAUCSL,1,month_open,2024-09,Inflation Ridge-AR Ensemble,2024-09-01,2024-10-10,53,48,24,48,2024-07,2024-08-14,1
Inflation,CPIAUCSL,1,month_open,2024-10,Inflation Ridge-AR Ensemble,2024-10-01,2024-11-13,54,48,24,48,2024-08,2024-09-11,1
Inflation,CPIAUCSL,1,month_open,2024-11,Inflation Ridge-AR Ensemble,2024-11-01,2024-12-11,55,48,24,48,2024-09,2024-10-10,1
Inflation,CPIAUCSL,1,month_open,2024-12,Inflation Ridge-AR Ensemble,2024-12-01,2025-01-15,56,48,24,48,2024-10,2024-11-13,1
Inflation,CPIAUCSL,1,month_open,2025-01,Inflation Ridge-AR Ensemble,2025-01-01,2025-02-12,57,48,24,48,2024-11,2024-12-11,1
Inflation,CPIAUCSL,1,month_open,2025-02,Inflation Ridge-AR Ensemble,2025-02-01,2025-03-12,58,48,24,48,2024-12,2025-01-15,1
Inflation,CPIAUCSL,1,month_open,2025-03,Inflation Ridge-AR Ensemble,2025-03-01,2025-04-10,59,48,24,48,2025-01,2025-02-12,1
Inflation,CPIAUCSL,1,month_open,2025-04,Inflation Ridge-AR Ensemble,2025-04-01,2025-05-13,60,48,24,48,2025-02,2025-03-12,1
Inflation,CPIAUCSL,1,month_open,2025-05,Inflation Ridge-AR Ensemble,2025-05-01,2025-06-11,61,48,24,48,2025-03,2025-04-10,1
Inflation,CPIAUCSL,1,month_open,2025-06,Inflation Ridge-AR Ensemble,2025-06-01,2025-07-15,62,48,24,48,2025-04,2025-05-13,1
Inflation,CPIAUCSL,1,month_open,2025-07,Inflation Ridge-AR Ensemble,2025-07-01,2025-08-12,63,48,24,48,2025-05,2025-06-11,1
Inflation,CPIAUCSL,1,month_open,2025-08,Inflation Ridge-AR Ensemble,2025-08-01,2025-09-11,64,48,24,48,2025-06,2025-07-15,1
Inflation,CPIAUCSL,1,month_open,2025-09,Inflation Ridge-AR Ensemble,2025-09-01,2025-10-24,65,48,24,48,2025-07,2025-08-12,1
Inflation,CPIAUCSL,1,month_open,2025-11,Inflation Ridge-AR Ensemble,2025-11-01,2025-12-18,67,48,24,48,2025-09,2025-10-24,1
Inflation,CPIAUCSL,1,month_open,2025-12,Inflation Ridge-AR Ensemble,2025-12-01,2026-01-13,67,48,24,48,2025-09,2025-10-24,1
Inflation,CPIAUCSL,1,month_open,2026-02,Inflation Ridge-AR Ensemble,2026-02-01,2026-03-11,69,48,24,48,2025-12,2026-01-13,1
Inflation,CPIAUCSL,1,month_open,2026-03,Inflation Ridge-AR Ensemble,2026-03-01,2026-04-10,69,48,24,48,2025-12,2026-01-13,1
Inflation,CPIAUCSL,1,month_open,2026-04,Inflation Ridge-AR Ensemble,2026-04-01,2026-05-12,70,48,24,48,2026-02,2026-03-11,1
Inflation,CPIAUCSL,1,month_open,2026-05,Inflation Ridge-AR Ensemble,2026-05-01,2026-06-10,71,48,24,48,2026-03,2026-04-10,1
Inflation,CPIAUCSL,1,month_open,2026-06,Inflation Ridge-AR Ensemble,2026-06-01,2026-07-14,72,48,24,48,2026-04,2026-05-12,1
Inflation,CPIAUCSL,2,mid_month,2023-02,Inflation Bridge Ridge,2023-02-15,2023-03-14,36,36,24,48,2023-01,2023-02-14,1
Inflation,CPIAUCSL,2,mid_month,2023-03,Inflation Bridge Ridge,2023-03-15,2023-04-12,37,37,24,48,2023-02,2023-03-14,1
Inflation,CPIAUCSL,2,mid_month,2023-04,Inflation Bridge Ridge,2023-04-15,2023-05-10,38,38,24,48,2023-03,2023-04-12,1
Inflation,CPIAUCSL,2,mid_month,2023-05,Inflation Bridge Ridge,2023-05-15,2023-06-13,39,39,24,48,2023-04,2023-05-10,1
Inflation,CPIAUCSL,2,mid_month,2023-06,Inflation Bridge Ridge,2023-06-15,2023-07-12,40,40,24,48,2023-05,2023-06-13,1
Inflation,CPIAUCSL,2,mid_month,2023-07,Inflation Bridge Ridge,2023-07-15,2023-08-10,41,41,24,48,2023-06,2023-07-12,1
Inflation,CPIAUCSL,2,mid_month,2023-08,Inflation Bridge Ridge,2023-08-15,2023-09-13,42,42,24,48,2023-07,2023-08-10,1
Inflation,CPIAUCSL,2,mid_month,2023-09,Inflation Bridge Ridge,2023-09-15,2023-10-12,43,43,24,48,2023-08,2023-09-13,1
Inflation,CPIAUCSL,2,mid_month,2023-10,Inflation Bridge Ridge,2023-10-15,2023-11-14,44,44,24,48,2023-09,2023-10-12,1
Inflation,CPIAUCSL,2,mid_month,2023-11,Inflation Bridge Ridge,2023-11-15,2023-12-12,45,45,24,48,2023-10,2023-11-14,1
Inflation,CPIAUCSL,2,mid_month,2023-12,Inflation Bridge Ridge,2023-12-15,2024-01-11,46,46,24,48,2023-11,2023-12-12,1
Inflation,CPIAUCSL,2,mid_month,2024-01,Inflation Bridge Ridge,2024-01-15,2024-02-13,47,47,24,48,2023-12,2024-01-11,1
Inflation,CPIAUCSL,2,mid_month,2024-02,Inflation Bridge Ridge,2024-02-15,2024-03-12,48,48,24,48,2024-01,2024-02-13,1
Inflation,CPIAUCSL,2,mid_month,2024-03,Inflation Bridge Ridge,2024-03-15,2024-04-10,49,48,24,48,2024-02,2024-03-12,1
Inflation,CPIAUCSL,2,mid_month,2024-04,Inflation Bridge Ridge,2024-04-15,2024-05-15,50,48,24,48,2024-03,2024-04-10,1
Inflation,CPIAUCSL,2,mid_month,2024-05,Inflation Bridge Ridge,2024-05-15,2024-06-12,50,48,24,48,2024-03,2024-04-10,1
Inflation,CPIAUCSL,2,mid_month,2024-06,Inflation Bridge Ridge,2024-06-15,2024-07-11,52,48,24,48,2024-05,2024-06-12,1
Inflation,CPIAUCSL,2,mid_month,2024-07,Inflation Bridge Ridge,2024-07-15,2024-08-14,53,48,24,48,2024-06,2024-07-11,1
Inflation,CPIAUCSL,2,mid_month,2024-08,Inflation Bridge Ridge,2024-08-15,2024-09-11,54,48,24,48,2024-07,2024-08-14,1
Inflation,CPIAUCSL,2,mid_month,2024-09,Inflation Bridge Ridge,2024-09-15,2024-10-10,55,48,24,48,2024-08,2024-09-11,1
Inflation,CPIAUCSL,2,mid_month,2024-10,Inflation Bridge Ridge,2024-10-15,2024-11-13,56,48,24,48,2024-09,2024-10-10,1
Inflation,CPIAUCSL,2,mid_month,2024-11,Inflation Bridge Ridge,2024-11-15,2024-12-11,57,48,24,48,2024-10,2024-11-13,1
Inflation,CPIAUCSL,2,mid_month,2024-12,Inflation Bridge Ridge,2024-12-15,2025-01-15,58,48,24,48,2024-11,2024-12-11,1
Inflation,CPIAUCSL,2,mid_month,2025-01,Inflation Bridge Ridge,2025-01-15,2025-02-12,58,48,24,48,2024-11,2024-12-11,1
Inflation,CPIAUCSL,2,mid_month,2025-02,Inflation Bridge Ridge,2025-02-15,2025-03-12,60,48,24,48,2025-01,2025-02-12,1
Inflation,CPIAUCSL,2,mid_month,2025-03,Inflation Bridge Ridge,2025-03-15,2025-04-10,61,48,24,48,2025-02,2025-03-12,1
Inflation,CPIAUCSL,2,mid_month,2025-04,Inflation Bridge Ridge,2025-04-15,2025-05-13,62,48,24,48,2025-03,2025-04-10,1
Inflation,CPIAUCSL,2,mid_month,2025-05,Inflation Bridge Ridge,2025-05-15,2025-06-11,63,48,24,48,2025-04,2025-05-13,1
Inflation,CPIAUCSL,2,mid_month,2025-06,Inflation Bridge Ridge,2025-06-15,2025-07-15,64,48,24,48,2025-05,2025-06-11,1
Inflation,CPIAUCSL,2,mid_month,2025-07,Inflation Bridge Ridge,2025-07-15,2025-08-12,64,48,24,48,2025-05,2025-06-11,1
Inflation,CPIAUCSL,2,mid_month,2025-08,Inflation Bridge Ridge,2025-08-15,2025-09-11,66,48,24,48,2025-07,2025-08-12,1
Inflation,CPIAUCSL,2,mid_month,2025-09,Inflation Bridge Ridge,2025-09-15,2025-10-24,67,48,24,48,2025-08,2025-09-11,1
Inflation,CPIAUCSL,2,mid_month,2025-11,Inflation Bridge Ridge,2025-11-15,2025-12-18,68,48,24,48,2025-09,2025-10-24,1
Inflation,CPIAUCSL,2,mid_month,2025-12,Inflation Bridge Ridge,2025-12-15,2026-01-13,68,48,24,48,2025-09,2025-10-24,1
Inflation,CPIAUCSL,2,mid_month,2026-01,Inflation Bridge Ridge,2026-01-15,2026-02-13,70,48,24,48,2025-12,2026-01-13,1
Inflation,CPIAUCSL,2,mid_month,2026-02,Inflation Bridge Ridge,2026-02-15,2026-03-11,71,48,24,48,2026-01,2026-02-13,1
Inflation,CPIAUCSL,2,mid_month,2026-03,Inflation Bridge Ridge,2026-03-15,2026-04-10,72,48,24,48,2026-02,2026-03-11,1
Inflation,CPIAUCSL,2,mid_month,2026-04,Inflation Bridge Ridge,2026-04-15,2026-05-12,73,48,24,48,2026-03,2026-04-10,1
Inflation,CPIAUCSL,2,mid_month,2026-05,Inflation Bridge Ridge,2026-05-15,2026-06-10,74,48,24,48,2026-04,2026-05-12,1
Inflation,CPIAUCSL,2,mid_month,2026-06,Inflation Bridge Ridge,2026-06-15,2026-07-14,75,48,24,48,2026-05,2026-06-10,1
Inflation,CPIAUCSL,3,month_end,2023-02,Inflation Bridge Ridge,2023-02-28,2023-03-14,36,36,24,48,2023-01,2023-02-14,1
Inflation,CPIAUCSL,3,month_end,2023-03,Inflation Bridge Ridge,2023-03-31,2023-04-12,37,37,24,48,2023-02,2023-03-14,1
Inflation,CPIAUCSL,3,month_end,2023-04,Inflation Bridge Ridge,2023-04-30,2023-05-10,38,38,24,48,2023-03,2023-04-12,1
Inflation,CPIAUCSL,3,month_end,2023-05,Inflation Bridge Ridge,2023-05-31,2023-06-13,39,39,24,48,2023-04,2023-05-10,1
Inflation,CPIAUCSL,3,month_end,2023-06,Inflation Bridge Ridge,2023-06-30,2023-07-12,40,40,24,48,2023-05,2023-06-13,1
Inflation,CPIAUCSL,3,month_end,2023-07,Inflation Bridge Ridge,2023-07-31,2023-08-10,41,41,24,48,2023-06,2023-07-12,1
Inflation,CPIAUCSL,3,month_end,2023-08,Inflation Bridge Ridge,2023-08-31,2023-09-13,42,42,24,48,2023-07,2023-08-10,1
Inflation,CPIAUCSL,3,month_end,2023-09,Inflation Bridge Ridge,2023-09-30,2023-10-12,43,43,24,48,2023-08,2023-09-13,1
Inflation,CPIAUCSL,3,month_end,2023-10,Inflation Bridge Ridge,2023-10-31,2023-11-14,44,44,24,48,2023-09,2023-10-12,1
Inflation,CPIAUCSL,3,month_end,2023-11,Inflation Bridge Ridge,2023-11-30,2023-12-12,45,45,24,48,2023-10,2023-11-14,1
Inflation,CPIAUCSL,3,month_end,2023-12,Inflation Bridge Ridge,2023-12-31,2024-01-11,46,46,24,48,2023-11,2023-12-12,1
Inflation,CPIAUCSL,3,month_end,2024-01,Inflation Bridge Ridge,2024-01-31,2024-02-13,47,47,24,48,2023-12,2024-01-11,1
Inflation,CPIAUCSL,3,month_end,2024-02,Inflation Bridge Ridge,2024-02-29,2024-03-12,48,48,24,48,2024-01,2024-02-13,1
Inflation,CPIAUCSL,3,month_end,2024-03,Inflation Bridge Ridge,2024-03-31,2024-04-10,49,48,24,48,2024-02,2024-03-12,1
Inflation,CPIAUCSL,3,month_end,2024-04,Inflation Bridge Ridge,2024-04-30,2024-05-15,50,48,24,48,2024-03,2024-04-10,1
Inflation,CPIAUCSL,3,month_end,2024-05,Inflation Bridge Ridge,2024-05-31,2024-06-12,51,48,24,48,2024-04,2024-05-15,1
Inflation,CPIAUCSL,3,month_end,2024-06,Inflation Bridge Ridge,2024-06-30,2024-07-11,52,48,24,48,2024-05,2024-06-12,1
Inflation,CPIAUCSL,3,month_end,2024-07,Inflation Bridge Ridge,2024-07-31,2024-08-14,53,48,24,48,2024-06,2024-07-11,1
Inflation,CPIAUCSL,3,month_end,2024-08,Inflation Bridge Ridge,2024-08-31,2024-09-11,54,48,24,48,2024-07,2024-08-14,1
Inflation,CPIAUCSL,3,month_end,2024-09,Inflation Bridge Ridge,2024-09-30,2024-10-10,55,48,24,48,2024-08,2024-09-11,1
Inflation,CPIAUCSL,3,month_end,2024-10,Inflation Bridge Ridge,2024-10-31,2024-11-13,56,48,24,48,2024-09,2024-10-10,1
Inflation,CPIAUCSL,3,month_end,2024-11,Inflation Bridge Ridge,2024-11-30,2024-12-11,57,48,24,48,2024-10,2024-11-13,1
Inflation,CPIAUCSL,3,month_end,2024-12,Inflation Bridge Ridge,2024-12-31,2025-01-15,58,48,24,48,2024-11,2024-12-11,1
Inflation,CPIAUCSL,3,month_end,2025-01,Inflation Bridge Ridge,2025-01-31,2025-02-12,59,48,24,48,2024-12,2025-01-15,1
Inflation,CPIAUCSL,3,month_end,2025-02,Inflation Bridge Ridge,2025-02-28,2025-03-12,60,48,24,48,2025-01,2025-02-12,1
Inflation,CPIAUCSL,3,month_end,2025-03,Inflation Bridge Ridge,2025-03-31,2025-04-10,61,48,24,48,2025-02,2025-03-12,1
Inflation,CPIAUCSL,3,month_end,2025-04,Inflation Bridge Ridge,2025-04-30,2025-05-13,62,48,24,48,2025-03,2025-04-10,1
Inflation,CPIAUCSL,3,month_end,2025-05,Inflation Bridge Ridge,2025-05-31,2025-06-11,63,48,24,48,2025-04,2025-05-13,1
Inflation,CPIAUCSL,3,month_end,2025-06,Inflation Bridge Ridge,2025-06-30,2025-07-15,64,48,24,48,2025-05,2025-06-11,1
Inflation,CPIAUCSL,3,month_end,2025-07,Inflation Bridge Ridge,2025-07-31,2025-08-12,65,48,24,48,2025-06,2025-07-15,1
Inflation,CPIAUCSL,3,month_end,2025-08,Inflation Bridge Ridge,2025-08-31,2025-09-11,66,48,24,48,2025-07,2025-08-12,1
Inflation,CPIAUCSL,3,month_end,2025-09,Inflation Bridge Ridge,2025-09-30,2025-10-24,67,48,24,48,2025-08,2025-09-11,1
Inflation,CPIAUCSL,3,month_end,2025-11,Inflation Bridge Ridge,2025-11-30,2025-12-18,68,48,24,48,2025-09,2025-10-24,1
Inflation,CPIAUCSL,3,month_end,2025-12,Inflation Bridge Ridge,2025-12-31,2026-01-13,69,48,24,48,2025-11,2025-12-18,1
Inflation,CPIAUCSL,3,month_end,2026-01,Inflation Bridge Ridge,2026-01-31,2026-02-13,70,48,24,48,2025-12,2026-01-13,1
Inflation,CPIAUCSL,3,month_end,2026-02,Inflation Bridge Ridge,2026-02-28,2026-03-11,71,48,24,48,2026-01,2026-02-13,1
Inflation,CPIAUCSL,3,month_end,2026-03,Inflation Bridge Ridge,2026-03-31,2026-04-10,72,48,24,48,2026-02,2026-03-11,1
Inflation,CPIAUCSL,3,month_end,2026-04,Inflation Bridge Ridge,2026-04-30,2026-05-12,73,48,24,48,2026-03,2026-04-10,1
Inflation,CPIAUCSL,3,month_end,2026-05,Inflation Bridge Ridge,2026-05-31,2026-06-10,74,48,24,48,2026-04,2026-05-12,1
Inflation,CPIAUCSL,3,month_end,2026-06,Inflation Bridge Ridge,2026-06-30,2026-07-14,75,48,24,48,2026-05,2026-06-10,1
Inflation,CPIAUCSL,4,pre_release,2023-02,Inflation Bridge Ridge,2023-03-13,2023-03-14,36,36,24,48,2023-01,2023-02-14,1
Inflation,CPIAUCSL,4,pre_release,2023-03,Inflation Bridge Ridge,2023-04-11,2023-04-12,37,37,24,48,2023-02,2023-03-14,1
Inflation,CPIAUCSL,4,pre_release,2023-04,Inflation Bridge Ridge,2023-05-09,2023-05-10,38,38,24,48,2023-03,2023-04-12,1
Inflation,CPIAUCSL,4,pre_release,2023-05,Inflation Bridge Ridge,2023-06-12,2023-06-13,39,39,24,48,2023-04,2023-05-10,1
Inflation,CPIAUCSL,4,pre_release,2023-06,Inflation Bridge Ridge,2023-07-11,2023-07-12,40,40,24,48,2023-05,2023-06-13,1
Inflation,CPIAUCSL,4,pre_release,2023-07,Inflation Bridge Ridge,2023-08-09,2023-08-10,41,41,24,48,2023-06,2023-07-12,1
Inflation,CPIAUCSL,4,pre_release,2023-08,Inflation Bridge Ridge,2023-09-12,2023-09-13,42,42,24,48,2023-07,2023-08-10,1
Inflation,CPIAUCSL,4,pre_release,2023-09,Inflation Bridge Ridge,2023-10-11,2023-10-12,43,43,24,48,2023-08,2023-09-13,1
Inflation,CPIAUCSL,4,pre_release,2023-10,Inflation Bridge Ridge,2023-11-13,2023-11-14,44,44,24,48,2023-09,2023-10-12,1
Inflation,CPIAUCSL,4,pre_release,2023-11,Inflation Bridge Ridge,2023-12-11,2023-12-12,45,45,24,48,2023-10,2023-11-14,1
Inflation,CPIAUCSL,4,pre_release,2023-12,Inflation Bridge Ridge,2024-01-10,2024-01-11,46,46,24,48,2023-11,2023-12-12,1
Inflation,CPIAUCSL,4,pre_release,2024-01,Inflation Bridge Ridge,2024-02-12,2024-02-13,47,47,24,48,2023-12,2024-01-11,1
Inflation,CPIAUCSL,4,pre_release,2024-02,Inflation Bridge Ridge,2024-03-11,2024-03-12,48,48,24,48,2024-01,2024-02-13,1
Inflation,CPIAUCSL,4,pre_release,2024-03,Inflation Bridge Ridge,2024-04-09,2024-04-10,49,48,24,48,2024-02,2024-03-12,1
Inflation,CPIAUCSL,4,pre_release,2024-04,Inflation Bridge Ridge,2024-05-14,2024-05-15,50,48,24,48,2024-03,2024-04-10,1
Inflation,CPIAUCSL,4,pre_release,2024-05,Inflation Bridge Ridge,2024-06-11,2024-06-12,51,48,24,48,2024-04,2024-05-15,1
Inflation,CPIAUCSL,4,pre_release,2024-06,Inflation Bridge Ridge,2024-07-10,2024-07-11,52,48,24,48,2024-05,2024-06-12,1
Inflation,CPIAUCSL,4,pre_release,2024-07,Inflation Bridge Ridge,2024-08-13,2024-08-14,53,48,24,48,2024-06,2024-07-11,1
Inflation,CPIAUCSL,4,pre_release,2024-08,Inflation Bridge Ridge,2024-09-10,2024-09-11,54,48,24,48,2024-07,2024-08-14,1
Inflation,CPIAUCSL,4,pre_release,2024-09,Inflation Bridge Ridge,2024-10-09,2024-10-10,55,48,24,48,2024-08,2024-09-11,1
Inflation,CPIAUCSL,4,pre_release,2024-10,Inflation Bridge Ridge,2024-11-12,2024-11-13,56,48,24,48,2024-09,2024-10-10,1
Inflation,CPIAUCSL,4,pre_release,2024-11,Inflation Bridge Ridge,2024-12-10,2024-12-11,57,48,24,48,2024-10,2024-11-13,1
Inflation,CPIAUCSL,4,pre_release,2024-12,Inflation Bridge Ridge,2025-01-14,2025-01-15,58,48,24,48,2024-11,2024-12-11,1
Inflation,CPIAUCSL,4,pre_release,2025-01,Inflation Bridge Ridge,2025-02-11,2025-02-12,59,48,24,48,2024-12,2025-01-15,1
Inflation,CPIAUCSL,4,pre_release,2025-02,Inflation Bridge Ridge,2025-03-11,2025-03-12,60,48,24,48,2025-01,2025-02-12,1
Inflation,CPIAUCSL,4,pre_release,2025-03,Inflation Bridge Ridge,2025-04-09,2025-04-10,61,48,24,48,2025-02,2025-03-12,1
Inflation,CPIAUCSL,4,pre_release,2025-04,Inflation Bridge Ridge,2025-05-12,2025-05-13,62,48,24,48,2025-03,2025-04-10,1
Inflation,CPIAUCSL,4,pre_release,2025-05,Inflation Bridge Ridge,2025-06-10,2025-06-11,63,48,24,48,2025-04,2025-05-13,1
Inflation,CPIAUCSL,4,pre_release,2025-06,Inflation Bridge Ridge,2025-07-14,2025-07-15,64,48,24,48,2025-05,2025-06-11,1
Inflation,CPIAUCSL,4,pre_release,2025-07,Inflation Bridge Ridge,2025-08-11,2025-08-12,65,48,24,48,2025-06,2025-07-15,1
Inflation,CPIAUCSL,4,pre_release,2025-08,Inflation Bridge Ridge,2025-09-10,2025-09-11,66,48,24,48,2025-07,2025-08-12,1
Inflation,CPIAUCSL,4,pre_release,2025-09,Inflation Bridge Ridge,2025-10-23,2025-10-24,67,48,24,48,2025-08,2025-09-11,1
Inflation,CPIAUCSL,4,pre_release,2025-11,Inflation Bridge Ridge,2025-12-17,2025-12-18,68,48,24,48,2025-09,2025-10-24,1
Inflation,CPIAUCSL,4,pre_release,2025-12,Inflation Bridge Ridge,2026-01-12,2026-01-13,69,48,24,48,2025-11,2025-12-18,1
Inflation,CPIAUCSL,4,pre_release,2026-01,Inflation Bridge Ridge,2026-02-12,2026-02-13,70,48,24,48,2025-12,2026-01-13,1
Inflation,CPIAUCSL,4,pre_release,2026-02,Inflation Bridge Ridge,2026-03-10,2026-03-11,71,48,24,48,2026-01,2026-02-13,1
Inflation,CPIAUCSL,4,pre_release,2026-03,Inflation Bridge Ridge,2026-04-09,2026-04-10,72,48,24,48,2026-02,2026-03-11,1
Inflation,CPIAUCSL,4,pre_release,2026-04,Inflation Bridge Ridge,2026-05-11,2026-05-12,73,48,24,48,2026-03,2026-04-10,1
Inflation,CPIAUCSL,4,pre_release,2026-05,Inflation Bridge Ridge,2026-06-09,2026-06-10,74,48,24,48,2026-04,2026-05-12,1
Inflation,CPIAUCSL,4,pre_release,2026-06,Inflation Bridge Ridge,2026-07-13,2026-07-14,75,48,24,48,2026-05,2026-06-10,1
Inflation,CPILFESL,1,month_open,2023-02,Inflation 12-Month Mean,2023-02-01,2023-03-14,34,34,24,48,2022-12,2023-01-12,1
Inflation,CPILFESL,1,month_open,2023-03,Inflation 12-Month Mean,2023-03-01,2023-04-12,35,35,24,48,2023-01,2023-02-14,1
Inflation,CPILFESL,1,month_open,2023-04,Inflation 12-Month Mean,2023-04-01,2023-05-10,36,36,24,48,2023-02,2023-03-14,1
Inflation,CPILFESL,1,month_open,2023-05,Inflation 12-Month Mean,2023-05-01,2023-06-13,37,37,24,48,2023-03,2023-04-12,1
Inflation,CPILFESL,1,month_open,2023-06,Inflation 12-Month Mean,2023-06-01,2023-07-12,38,38,24,48,2023-04,2023-05-10,1
Inflation,CPILFESL,1,month_open,2023-07,Inflation 12-Month Mean,2023-07-01,2023-08-10,39,39,24,48,2023-05,2023-06-13,1
Inflation,CPILFESL,1,month_open,2023-08,Inflation 12-Month Mean,2023-08-01,2023-09-13,40,40,24,48,2023-06,2023-07-12,1
Inflation,CPILFESL,1,month_open,2023-09,Inflation 12-Month Mean,2023-09-01,2023-10-12,41,41,24,48,2023-07,2023-08-10,1
Inflation,CPILFESL,1,month_open,2023-10,Inflation 12-Month Mean,2023-10-01,2023-11-14,42,42,24,48,2023-08,2023-09-13,1
Inflation,CPILFESL,1,month_open,2023-11,Inflation 12-Month Mean,2023-11-01,2023-12-12,43,43,24,48,2023-09,2023-10-12,1
Inflation,CPILFESL,1,month_open,2023-12,Inflation 12-Month Mean,2023-12-01,2024-01-11,44,44,24,48,2023-10,2023-11-14,1
Inflation,CPILFESL,1,month_open,2024-01,Inflation 12-Month Mean,2024-01-01,2024-02-13,45,45,24,48,2023-11,2023-12-12,1
Inflation,CPILFESL,1,month_open,2024-02,Inflation 12-Month Mean,2024-02-01,2024-03-12,46,46,24,48,2023-12,2024-01-11,1
Inflation,CPILFESL,1,month_open,2024-03,Inflation 12-Month Mean,2024-03-01,2024-04-10,47,47,24,48,2024-01,2024-02-13,1
Inflation,CPILFESL,1,month_open,2024-04,Inflation 12-Month Mean,2024-04-01,2024-05-15,48,48,24,48,2024-02,2024-03-12,1
Inflation,CPILFESL,1,month_open,2024-05,Inflation 12-Month Mean,2024-05-01,2024-06-12,49,48,24,48,2024-03,2024-04-10,1
Inflation,CPILFESL,1,month_open,2024-06,Inflation 12-Month Mean,2024-06-01,2024-07-11,50,48,24,48,2024-04,2024-05-15,1
Inflation,CPILFESL,1,month_open,2024-07,Inflation 12-Month Mean,2024-07-01,2024-08-14,51,48,24,48,2024-05,2024-06-12,1
Inflation,CPILFESL,1,month_open,2024-08,Inflation 12-Month Mean,2024-08-01,2024-09-11,52,48,24,48,2024-06,2024-07-11,1
Inflation,CPILFESL,1,month_open,2024-09,Inflation 12-Month Mean,2024-09-01,2024-10-10,53,48,24,48,2024-07,2024-08-14,1
Inflation,CPILFESL,1,month_open,2024-10,Inflation 12-Month Mean,2024-10-01,2024-11-13,54,48,24,48,2024-08,2024-09-11,1
Inflation,CPILFESL,1,month_open,2024-11,Inflation 12-Month Mean,2024-11-01,2024-12-11,55,48,24,48,2024-09,2024-10-10,1
Inflation,CPILFESL,1,month_open,2024-12,Inflation 12-Month Mean,2024-12-01,2025-01-15,56,48,24,48,2024-10,2024-11-13,1
Inflation,CPILFESL,1,month_open,2025-01,Inflation 12-Month Mean,2025-01-01,2025-02-12,57,48,24,48,2024-11,2024-12-11,1
Inflation,CPILFESL,1,month_open,2025-02,Inflation 12-Month Mean,2025-02-01,2025-03-12,58,48,24,48,2024-12,2025-01-15,1
Inflation,CPILFESL,1,month_open,2025-03,Inflation 12-Month Mean,2025-03-01,2025-04-10,59,48,24,48,2025-01,2025-02-12,1
Inflation,CPILFESL,1,month_open,2025-04,Inflation 12-Month Mean,2025-04-01,2025-05-13,60,48,24,48,2025-02,2025-03-12,1
Inflation,CPILFESL,1,month_open,2025-05,Inflation 12-Month Mean,2025-05-01,2025-06-11,61,48,24,48,2025-03,2025-04-10,1
Inflation,CPILFESL,1,month_open,2025-06,Inflation 12-Month Mean,2025-06-01,2025-07-15,62,48,24,48,2025-04,2025-05-13,1
Inflation,CPILFESL,1,month_open,2025-07,Inflation 12-Month Mean,2025-07-01,2025-08-12,63,48,24,48,2025-05,2025-06-11,1
Inflation,CPILFESL,1,month_open,2025-08,Inflation 12-Month Mean,2025-08-01,2025-09-11,64,48,24,48,2025-06,2025-07-15,1
Inflation,CPILFESL,1,month_open,2025-09,Inflation 12-Month Mean,2025-09-01,2025-10-24,65,48,24,48,2025-07,2025-08-12,1
Inflation,CPILFESL,1,month_open,2025-11,Inflation 12-Month Mean,2025-11-01,2025-12-18,67,48,24,48,2025-09,2025-10-24,1
Inflation,CPILFESL,1,month_open,2025-12,Inflation 12-Month Mean,2025-12-01,2026-01-13,67,48,24,48,2025-09,2025-10-24,1
Inflation,CPILFESL,1,month_open,2026-02,Inflation 12-Month Mean,2026-02-01,2026-03-11,69,48,24,48,2025-12,2026-01-13,1
Inflation,CPILFESL,1,month_open,2026-03,Inflation 12-Month Mean,2026-03-01,2026-04-10,69,48,24,48,2025-12,2026-01-13,1
Inflation,CPILFESL,1,month_open,2026-04,Inflation 12-Month Mean,2026-04-01,2026-05-12,70,48,24,48,2026-02,2026-03-11,1
Inflation,CPILFESL,1,month_open,2026-05,Inflation 12-Month Mean,2026-05-01,2026-06-10,71,48,24,48,2026-03,2026-04-10,1
Inflation,CPILFESL,1,month_open,2026-06,Inflation 12-Month Mean,2026-06-01,2026-07-14,72,48,24,48,2026-04,2026-05-12,1
Inflation,CPILFESL,2,mid_month,2023-02,Inflation Ridge-AR Ensemble,2023-02-15,2023-03-14,36,36,24,48,2023-01,2023-02-14,1
Inflation,CPILFESL,2,mid_month,2023-03,Inflation Ridge-AR Ensemble,2023-03-15,2023-04-12,37,37,24,48,2023-02,2023-03-14,1
Inflation,CPILFESL,2,mid_month,2023-04,Inflation Ridge-AR Ensemble,2023-04-15,2023-05-10,38,38,24,48,2023-03,2023-04-12,1
Inflation,CPILFESL,2,mid_month,2023-05,Inflation Ridge-AR Ensemble,2023-05-15,2023-06-13,39,39,24,48,2023-04,2023-05-10,1
Inflation,CPILFESL,2,mid_month,2023-06,Inflation Ridge-AR Ensemble,2023-06-15,2023-07-12,40,40,24,48,2023-05,2023-06-13,1
Inflation,CPILFESL,2,mid_month,2023-07,Inflation Ridge-AR Ensemble,2023-07-15,2023-08-10,41,41,24,48,2023-06,2023-07-12,1
Inflation,CPILFESL,2,mid_month,2023-08,Inflation Ridge-AR Ensemble,2023-08-15,2023-09-13,42,42,24,48,2023-07,2023-08-10,1
Inflation,CPILFESL,2,mid_month,2023-09,Inflation Ridge-AR Ensemble,2023-09-15,2023-10-12,43,43,24,48,2023-08,2023-09-13,1
Inflation,CPILFESL,2,mid_month,2023-10,Inflation Ridge-AR Ensemble,2023-10-15,2023-11-14,44,44,24,48,2023-09,2023-10-12,1
Inflation,CPILFESL,2,mid_month,2023-11,Inflation Ridge-AR Ensemble,2023-11-15,2023-12-12,45,45,24,48,2023-10,2023-11-14,1
Inflation,CPILFESL,2,mid_month,2023-12,Inflation Ridge-AR Ensemble,2023-12-15,2024-01-11,46,46,24,48,2023-11,2023-12-12,1
Inflation,CPILFESL,2,mid_month,2024-01,Inflation Ridge-AR Ensemble,2024-01-15,2024-02-13,47,47,24,48,2023-12,2024-01-11,1
Inflation,CPILFESL,2,mid_month,2024-02,Inflation Ridge-AR Ensemble,2024-02-15,2024-03-12,48,48,24,48,2024-01,2024-02-13,1
Inflation,CPILFESL,2,mid_month,2024-03,Inflation Ridge-AR Ensemble,2024-03-15,2024-04-10,49,48,24,48,2024-02,2024-03-12,1
Inflation,CPILFESL,2,mid_month,2024-04,Inflation Ridge-AR Ensemble,2024-04-15,2024-05-15,50,48,24,48,2024-03,2024-04-10,1
Inflation,CPILFESL,2,mid_month,2024-05,Inflation Ridge-AR Ensemble,2024-05-15,2024-06-12,50,48,24,48,2024-03,2024-04-10,1
Inflation,CPILFESL,2,mid_month,2024-06,Inflation Ridge-AR Ensemble,2024-06-15,2024-07-11,52,48,24,48,2024-05,2024-06-12,1
Inflation,CPILFESL,2,mid_month,2024-07,Inflation Ridge-AR Ensemble,2024-07-15,2024-08-14,53,48,24,48,2024-06,2024-07-11,1
Inflation,CPILFESL,2,mid_month,2024-08,Inflation Ridge-AR Ensemble,2024-08-15,2024-09-11,54,48,24,48,2024-07,2024-08-14,1
Inflation,CPILFESL,2,mid_month,2024-09,Inflation Ridge-AR Ensemble,2024-09-15,2024-10-10,55,48,24,48,2024-08,2024-09-11,1
Inflation,CPILFESL,2,mid_month,2024-10,Inflation Ridge-AR Ensemble,2024-10-15,2024-11-13,56,48,24,48,2024-09,2024-10-10,1
Inflation,CPILFESL,2,mid_month,2024-11,Inflation Ridge-AR Ensemble,2024-11-15,2024-12-11,57,48,24,48,2024-10,2024-11-13,1
Inflation,CPILFESL,2,mid_month,2024-12,Inflation Ridge-AR Ensemble,2024-12-15,2025-01-15,58,48,24,48,2024-11,2024-12-11,1
Inflation,CPILFESL,2,mid_month,2025-01,Inflation Ridge-AR Ensemble,2025-01-15,2025-02-12,58,48,24,48,2024-11,2024-12-11,1
Inflation,CPILFESL,2,mid_month,2025-02,Inflation Ridge-AR Ensemble,2025-02-15,2025-03-12,60,48,24,48,2025-01,2025-02-12,1
Inflation,CPILFESL,2,mid_month,2025-03,Inflation Ridge-AR Ensemble,2025-03-15,2025-04-10,61,48,24,48,2025-02,2025-03-12,1
Inflation,CPILFESL,2,mid_month,2025-04,Inflation Ridge-AR Ensemble,2025-04-15,2025-05-13,62,48,24,48,2025-03,2025-04-10,1
Inflation,CPILFESL,2,mid_month,2025-05,Inflation Ridge-AR Ensemble,2025-05-15,2025-06-11,63,48,24,48,2025-04,2025-05-13,1
Inflation,CPILFESL,2,mid_month,2025-06,Inflation Ridge-AR Ensemble,2025-06-15,2025-07-15,64,48,24,48,2025-05,2025-06-11,1
Inflation,CPILFESL,2,mid_month,2025-07,Inflation Ridge-AR Ensemble,2025-07-15,2025-08-12,64,48,24,48,2025-05,2025-06-11,1
Inflation,CPILFESL,2,mid_month,2025-08,Inflation Ridge-AR Ensemble,2025-08-15,2025-09-11,66,48,24,48,2025-07,2025-08-12,1
Inflation,CPILFESL,2,mid_month,2025-09,Inflation Ridge-AR Ensemble,2025-09-15,2025-10-24,67,48,24,48,2025-08,2025-09-11,1
Inflation,CPILFESL,2,mid_month,2025-11,Inflation Ridge-AR Ensemble,2025-11-15,2025-12-18,68,48,24,48,2025-09,2025-10-24,1
Inflation,CPILFESL,2,mid_month,2025-12,Inflation Ridge-AR Ensemble,2025-12-15,2026-01-13,68,48,24,48,2025-09,2025-10-24,1
Inflation,CPILFESL,2,mid_month,2026-01,Inflation Ridge-AR Ensemble,2026-01-15,2026-02-13,70,48,24,48,2025-12,2026-01-13,1
Inflation,CPILFESL,2,mid_month,2026-02,Inflation Ridge-AR Ensemble,2026-02-15,2026-03-11,71,48,24,48,2026-01,2026-02-13,1
Inflation,CPILFESL,2,mid_month,2026-03,Inflation Ridge-AR Ensemble,2026-03-15,2026-04-10,72,48,24,48,2026-02,2026-03-11,1
Inflation,CPILFESL,2,mid_month,2026-04,Inflation Ridge-AR Ensemble,2026-04-15,2026-05-12,73,48,24,48,2026-03,2026-04-10,1
Inflation,CPILFESL,2,mid_month,2026-05,Inflation Ridge-AR Ensemble,2026-05-15,2026-06-10,74,48,24,48,2026-04,2026-05-12,1
Inflation,CPILFESL,2,mid_month,2026-06,Inflation Ridge-AR Ensemble,2026-06-15,2026-07-14,75,48,24,48,2026-05,2026-06-10,1
Inflation,CPILFESL,3,month_end,2023-02,Inflation Ridge-AR Ensemble,2023-02-28,2023-03-14,36,36,24,48,2023-01,2023-02-14,1
Inflation,CPILFESL,3,month_end,2023-03,Inflation Ridge-AR Ensemble,2023-03-31,2023-04-12,37,37,24,48,2023-02,2023-03-14,1
Inflation,CPILFESL,3,month_end,2023-04,Inflation Ridge-AR Ensemble,2023-04-30,2023-05-10,38,38,24,48,2023-03,2023-04-12,1
Inflation,CPILFESL,3,month_end,2023-05,Inflation Ridge-AR Ensemble,2023-05-31,2023-06-13,39,39,24,48,2023-04,2023-05-10,1
Inflation,CPILFESL,3,month_end,2023-06,Inflation Ridge-AR Ensemble,2023-06-30,2023-07-12,40,40,24,48,2023-05,2023-06-13,1
Inflation,CPILFESL,3,month_end,2023-07,Inflation Ridge-AR Ensemble,2023-07-31,2023-08-10,41,41,24,48,2023-06,2023-07-12,1
Inflation,CPILFESL,3,month_end,2023-08,Inflation Ridge-AR Ensemble,2023-08-31,2023-09-13,42,42,24,48,2023-07,2023-08-10,1
Inflation,CPILFESL,3,month_end,2023-09,Inflation Ridge-AR Ensemble,2023-09-30,2023-10-12,43,43,24,48,2023-08,2023-09-13,1
Inflation,CPILFESL,3,month_end,2023-10,Inflation Ridge-AR Ensemble,2023-10-31,2023-11-14,44,44,24,48,2023-09,2023-10-12,1
Inflation,CPILFESL,3,month_end,2023-11,Inflation Ridge-AR Ensemble,2023-11-30,2023-12-12,45,45,24,48,2023-10,2023-11-14,1
Inflation,CPILFESL,3,month_end,2023-12,Inflation Ridge-AR Ensemble,2023-12-31,2024-01-11,46,46,24,48,2023-11,2023-12-12,1
Inflation,CPILFESL,3,month_end,2024-01,Inflation Ridge-AR Ensemble,2024-01-31,2024-02-13,47,47,24,48,2023-12,2024-01-11,1
Inflation,CPILFESL,3,month_end,2024-02,Inflation Ridge-AR Ensemble,2024-02-29,2024-03-12,48,48,24,48,2024-01,2024-02-13,1
Inflation,CPILFESL,3,month_end,2024-03,Inflation Ridge-AR Ensemble,2024-03-31,2024-04-10,49,48,24,48,2024-02,2024-03-12,1
Inflation,CPILFESL,3,month_end,2024-04,Inflation Ridge-AR Ensemble,2024-04-30,2024-05-15,50,48,24,48,2024-03,2024-04-10,1
Inflation,CPILFESL,3,month_end,2024-05,Inflation Ridge-AR Ensemble,2024-05-31,2024-06-12,51,48,24,48,2024-04,2024-05-15,1
Inflation,CPILFESL,3,month_end,2024-06,Inflation Ridge-AR Ensemble,2024-06-30,2024-07-11,52,48,24,48,2024-05,2024-06-12,1
Inflation,CPILFESL,3,month_end,2024-07,Inflation Ridge-AR Ensemble,2024-07-31,2024-08-14,53,48,24,48,2024-06,2024-07-11,1
Inflation,CPILFESL,3,month_end,2024-08,Inflation Ridge-AR Ensemble,2024-08-31,2024-09-11,54,48,24,48,2024-07,2024-08-14,1
Inflation,CPILFESL,3,month_end,2024-09,Inflation Ridge-AR Ensemble,2024-09-30,2024-10-10,55,48,24,48,2024-08,2024-09-11,1
Inflation,CPILFESL,3,month_end,2024-10,Inflation Ridge-AR Ensemble,2024-10-31,2024-11-13,56,48,24,48,2024-09,2024-10-10,1
Inflation,CPILFESL,3,month_end,2024-11,Inflation Ridge-AR Ensemble,2024-11-30,2024-12-11,57,48,24,48,2024-10,2024-11-13,1
Inflation,CPILFESL,3,month_end,2024-12,Inflation Ridge-AR Ensemble,2024-12-31,2025-01-15,58,48,24,48,2024-11,2024-12-11,1
Inflation,CPILFESL,3,month_end,2025-01,Inflation Ridge-AR Ensemble,2025-01-31,2025-02-12,59,48,24,48,2024-12,2025-01-15,1
Inflation,CPILFESL,3,month_end,2025-02,Inflation Ridge-AR Ensemble,2025-02-28,2025-03-12,60,48,24,48,2025-01,2025-02-12,1
Inflation,CPILFESL,3,month_end,2025-03,Inflation Ridge-AR Ensemble,2025-03-31,2025-04-10,61,48,24,48,2025-02,2025-03-12,1
Inflation,CPILFESL,3,month_end,2025-04,Inflation Ridge-AR Ensemble,2025-04-30,2025-05-13,62,48,24,48,2025-03,2025-04-10,1
Inflation,CPILFESL,3,month_end,2025-05,Inflation Ridge-AR Ensemble,2025-05-31,2025-06-11,63,48,24,48,2025-04,2025-05-13,1
Inflation,CPILFESL,3,month_end,2025-06,Inflation Ridge-AR Ensemble,2025-06-30,2025-07-15,64,48,24,48,2025-05,2025-06-11,1
Inflation,CPILFESL,3,month_end,2025-07,Inflation Ridge-AR Ensemble,2025-07-31,2025-08-12,65,48,24,48,2025-06,2025-07-15,1
Inflation,CPILFESL,3,month_end,2025-08,Inflation Ridge-AR Ensemble,2025-08-31,2025-09-11,66,48,24,48,2025-07,2025-08-12,1
Inflation,CPILFESL,3,month_end,2025-09,Inflation Ridge-AR Ensemble,2025-09-30,2025-10-24,67,48,24,48,2025-08,2025-09-11,1
Inflation,CPILFESL,3,month_end,2025-11,Inflation Ridge-AR Ensemble,2025-11-30,2025-12-18,68,48,24,48,2025-09,2025-10-24,1
Inflation,CPILFESL,3,month_end,2025-12,Inflation Ridge-AR Ensemble,2025-12-31,2026-01-13,69,48,24,48,2025-11,2025-12-18,1
Inflation,CPILFESL,3,month_end,2026-01,Inflation Ridge-AR Ensemble,2026-01-31,2026-02-13,70,48,24,48,2025-12,2026-01-13,1
Inflation,CPILFESL,3,month_end,2026-02,Inflation Ridge-AR Ensemble,2026-02-28,2026-03-11,71,48,24,48,2026-01,2026-02-13,1
Inflation,CPILFESL,3,month_end,2026-03,Inflation Ridge-AR Ensemble,2026-03-31,2026-04-10,72,48,24,48,2026-02,2026-03-11,1
Inflation,CPILFESL,3,month_end,2026-04,Inflation Ridge-AR Ensemble,2026-04-30,2026-05-12,73,48,24,48,2026-03,2026-04-10,1
Inflation,CPILFESL,3,month_end,2026-05,Inflation Ridge-AR Ensemble,2026-05-31,2026-06-10,74,48,24,48,2026-04,2026-05-12,1
Inflation,CPILFESL,3,month_end,2026-06,Inflation Ridge-AR Ensemble,2026-06-30,2026-07-14,75,48,24,48,2026-05,2026-06-10,1
Inflation,CPILFESL,4,pre_release,2023-02,Inflation Ridge-AR Ensemble,2023-03-13,2023-03-14,36,36,24,48,2023-01,2023-02-14,1
Inflation,CPILFESL,4,pre_release,2023-03,Inflation Ridge-AR Ensemble,2023-04-11,2023-04-12,37,37,24,48,2023-02,2023-03-14,1
Inflation,CPILFESL,4,pre_release,2023-04,Inflation Ridge-AR Ensemble,2023-05-09,2023-05-10,38,38,24,48,2023-03,2023-04-12,1
Inflation,CPILFESL,4,pre_release,2023-05,Inflation Ridge-AR Ensemble,2023-06-12,2023-06-13,39,39,24,48,2023-04,2023-05-10,1
Inflation,CPILFESL,4,pre_release,2023-06,Inflation Ridge-AR Ensemble,2023-07-11,2023-07-12,40,40,24,48,2023-05,2023-06-13,1
Inflation,CPILFESL,4,pre_release,2023-07,Inflation Ridge-AR Ensemble,2023-08-09,2023-08-10,41,41,24,48,2023-06,2023-07-12,1
Inflation,CPILFESL,4,pre_release,2023-08,Inflation Ridge-AR Ensemble,2023-09-12,2023-09-13,42,42,24,48,2023-07,2023-08-10,1
Inflation,CPILFESL,4,pre_release,2023-09,Inflation Ridge-AR Ensemble,2023-10-11,2023-10-12,43,43,24,48,2023-08,2023-09-13,1
Inflation,CPILFESL,4,pre_release,2023-10,Inflation Ridge-AR Ensemble,2023-11-13,2023-11-14,44,44,24,48,2023-09,2023-10-12,1
Inflation,CPILFESL,4,pre_release,2023-11,Inflation Ridge-AR Ensemble,2023-12-11,2023-12-12,45,45,24,48,2023-10,2023-11-14,1
Inflation,CPILFESL,4,pre_release,2023-12,Inflation Ridge-AR Ensemble,2024-01-10,2024-01-11,46,46,24,48,2023-11,2023-12-12,1
Inflation,CPILFESL,4,pre_release,2024-01,Inflation Ridge-AR Ensemble,2024-02-12,2024-02-13,47,47,24,48,2023-12,2024-01-11,1
Inflation,CPILFESL,4,pre_release,2024-02,Inflation Ridge-AR Ensemble,2024-03-11,2024-03-12,48,48,24,48,2024-01,2024-02-13,1
Inflation,CPILFESL,4,pre_release,2024-03,Inflation Ridge-AR Ensemble,2024-04-09,2024-04-10,49,48,24,48,2024-02,2024-03-12,1
Inflation,CPILFESL,4,pre_release,2024-04,Inflation Ridge-AR Ensemble,2024-05-14,2024-05-15,50,48,24,48,2024-03,2024-04-10,1
Inflation,CPILFESL,4,pre_release,2024-05,Inflation Ridge-AR Ensemble,2024-06-11,2024-06-12,51,48,24,48,2024-04,2024-05-15,1
Inflation,CPILFESL,4,pre_release,2024-06,Inflation Ridge-AR Ensemble,2024-07-10,2024-07-11,52,48,24,48,2024-05,2024-06-12,1
Inflation,CPILFESL,4,pre_release,2024-07,Inflation Ridge-AR Ensemble,2024-08-13,2024-08-14,53,48,24,48,2024-06,2024-07-11,1
Inflation,CPILFESL,4,pre_release,2024-08,Inflation Ridge-AR Ensemble,2024-09-10,2024-09-11,54,48,24,48,2024-07,2024-08-14,1
Inflation,CPILFESL,4,pre_release,2024-09,Inflation Ridge-AR Ensemble,2024-10-09,2024-10-10,55,48,24,48,2024-08,2024-09-11,1
Inflation,CPILFESL,4,pre_release,2024-10,Inflation Ridge-AR Ensemble,2024-11-12,2024-11-13,56,48,24,48,2024-09,2024-10-10,1
Inflation,CPILFESL,4,pre_release,2024-11,Inflation Ridge-AR Ensemble,2024-12-10,2024-12-11,57,48,24,48,2024-10,2024-11-13,1
Inflation,CPILFESL,4,pre_release,2024-12,Inflation Ridge-AR Ensemble,2025-01-14,2025-01-15,58,48,24,48,2024-11,2024-12-11,1
Inflation,CPILFESL,4,pre_release,2025-01,Inflation Ridge-AR Ensemble,2025-02-11,2025-02-12,59,48,24,48,2024-12,2025-01-15,1
Inflation,CPILFESL,4,pre_release,2025-02,Inflation Ridge-AR Ensemble,2025-03-11,2025-03-12,60,48,24,48,2025-01,2025-02-12,1
Inflation,CPILFESL,4,pre_release,2025-03,Inflation Ridge-AR Ensemble,2025-04-09,2025-04-10,61,48,24,48,2025-02,2025-03-12,1
Inflation,CPILFESL,4,pre_release,2025-04,Inflation Ridge-AR Ensemble,2025-05-12,2025-05-13,62,48,24,48,2025-03,2025-04-10,1
Inflation,CPILFESL,4,pre_release,2025-05,Inflation Ridge-AR Ensemble,2025-06-10,2025-06-11,63,48,24,48,2025-04,2025-05-13,1
Inflation,CPILFESL,4,pre_release,2025-06,Inflation Ridge-AR Ensemble,2025-07-14,2025-07-15,64,48,24,48,2025-05,2025-06-11,1
Inflation,CPILFESL,4,pre_release,2025-07,Inflation Ridge-AR Ensemble,2025-08-11,2025-08-12,65,48,24,48,2025-06,2025-07-15,1
Inflation,CPILFESL,4,pre_release,2025-08,Inflation Ridge-AR Ensemble,2025-09-10,2025-09-11,66,48,24,48,2025-07,2025-08-12,1
Inflation,CPILFESL,4,pre_release,2025-09,Inflation Ridge-AR Ensemble,2025-10-23,2025-10-24,67,48,24,48,2025-08,2025-09-11,1
Inflation,CPILFESL,4,pre_release,2025-11,Inflation Ridge-AR Ensemble,2025-12-17,2025-12-18,68,48,24,48,2025-09,2025-10-24,1
Inflation,CPILFESL,4,pre_release,2025-12,Inflation Ridge-AR Ensemble,2026-01-12,2026-01-13,69,48,24,48,2025-11,2025-12-18,1
Inflation,CPILFESL,4,pre_release,2026-01,Inflation Ridge-AR Ensemble,2026-02-12,2026-02-13,70,48,24,48,2025-12,2026-01-13,1
Inflation,CPILFESL,4,pre_release,2026-02,Inflation Ridge-AR Ensemble,2026-03-10,2026-03-11,71,48,24,48,2026-01,2026-02-13,1
Inflation,CPILFESL,4,pre_release,2026-03,Inflation Ridge-AR Ensemble,2026-04-09,2026-04-10,72,48,24,48,2026-02,2026-03-11,1
Inflation,CPILFESL,4,pre_release,2026-04,Inflation Ridge-AR Ensemble,2026-05-11,2026-05-12,73,48,24,48,2026-03,2026-04-10,1
Inflation,CPILFESL,4,pre_release,2026-05,Inflation Ridge-AR Ensemble,2026-06-09,2026-06-10,74,48,24,48,2026-04,2026-05-12,1
Inflation,CPILFESL,4,pre_release,2026-06,Inflation Ridge-AR Ensemble,2026-07-13,2026-07-14,75,48,24,48,2026-05,2026-06-10,1
Inflation,PCEPI,1,month_open,2023-02,Inflation Ridge-AR Ensemble,2023-02-01,2023-03-31,34,34,24,48,2022-12,2023-01-27,1
Inflation,PCEPI,1,month_open,2023-03,Inflation Ridge-AR Ensemble,2023-03-01,2023-04-28,35,35,24,48,2023-01,2023-02-24,1
Inflation,PCEPI,1,month_open,2023-04,Inflation Ridge-AR Ensemble,2023-04-01,2023-05-26,36,36,24,48,2023-02,2023-03-31,1
Inflation,PCEPI,1,month_open,2023-05,Inflation Ridge-AR Ensemble,2023-05-01,2023-06-30,37,37,24,48,2023-03,2023-04-28,1
Inflation,PCEPI,1,month_open,2023-06,Inflation Ridge-AR Ensemble,2023-06-01,2023-07-28,38,38,24,48,2023-04,2023-05-26,1
Inflation,PCEPI,1,month_open,2023-07,Inflation Ridge-AR Ensemble,2023-07-01,2023-08-31,39,39,24,48,2023-05,2023-06-30,1
Inflation,PCEPI,1,month_open,2023-08,Inflation Ridge-AR Ensemble,2023-08-01,2023-09-29,40,40,24,48,2023-06,2023-07-28,1
Inflation,PCEPI,1,month_open,2023-09,Inflation Ridge-AR Ensemble,2023-09-01,2023-10-27,41,41,24,48,2023-07,2023-08-31,1
Inflation,PCEPI,1,month_open,2023-10,Inflation Ridge-AR Ensemble,2023-10-01,2023-11-30,42,42,24,48,2023-08,2023-09-29,1
Inflation,PCEPI,1,month_open,2023-11,Inflation Ridge-AR Ensemble,2023-11-01,2023-12-22,43,43,24,48,2023-09,2023-10-27,1
Inflation,PCEPI,1,month_open,2023-12,Inflation Ridge-AR Ensemble,2023-12-01,2024-01-26,44,44,24,48,2023-10,2023-11-30,1
Inflation,PCEPI,1,month_open,2024-01,Inflation Ridge-AR Ensemble,2024-01-01,2024-02-29,45,45,24,48,2023-11,2023-12-22,1
Inflation,PCEPI,1,month_open,2024-02,Inflation Ridge-AR Ensemble,2024-02-01,2024-03-29,46,46,24,48,2023-12,2024-01-26,1
Inflation,PCEPI,1,month_open,2024-03,Inflation Ridge-AR Ensemble,2024-03-01,2024-04-26,47,47,24,48,2024-01,2024-02-29,1
Inflation,PCEPI,1,month_open,2024-04,Inflation Ridge-AR Ensemble,2024-04-01,2024-05-31,48,48,24,48,2024-02,2024-03-29,1
Inflation,PCEPI,1,month_open,2024-05,Inflation Ridge-AR Ensemble,2024-05-01,2024-06-28,49,48,24,48,2024-03,2024-04-26,1
Inflation,PCEPI,1,month_open,2024-06,Inflation Ridge-AR Ensemble,2024-06-01,2024-07-26,50,48,24,48,2024-04,2024-05-31,1
Inflation,PCEPI,1,month_open,2024-07,Inflation Ridge-AR Ensemble,2024-07-01,2024-08-30,51,48,24,48,2024-05,2024-06-28,1
Inflation,PCEPI,1,month_open,2024-08,Inflation Ridge-AR Ensemble,2024-08-01,2024-09-27,52,48,24,48,2024-06,2024-07-26,1
Inflation,PCEPI,1,month_open,2024-09,Inflation Ridge-AR Ensemble,2024-09-01,2024-10-31,53,48,24,48,2024-07,2024-08-30,1
Inflation,PCEPI,1,month_open,2024-10,Inflation Ridge-AR Ensemble,2024-10-01,2024-11-27,54,48,24,48,2024-08,2024-09-27,1
Inflation,PCEPI,1,month_open,2024-11,Inflation Ridge-AR Ensemble,2024-11-01,2024-12-20,55,48,24,48,2024-09,2024-10-31,1
Inflation,PCEPI,1,month_open,2024-12,Inflation Ridge-AR Ensemble,2024-12-01,2025-01-31,56,48,24,48,2024-10,2024-11-27,1
Inflation,PCEPI,1,month_open,2025-01,Inflation Ridge-AR Ensemble,2025-01-01,2025-02-28,57,48,24,48,2024-11,2024-12-20,1
Inflation,PCEPI,1,month_open,2025-02,Inflation Ridge-AR Ensemble,2025-02-01,2025-03-28,58,48,24,48,2024-12,2025-01-31,1
Inflation,PCEPI,1,month_open,2025-03,Inflation Ridge-AR Ensemble,2025-03-01,2025-04-30,59,48,24,48,2025-01,2025-02-28,1
Inflation,PCEPI,1,month_open,2025-04,Inflation Ridge-AR Ensemble,2025-04-01,2025-05-30,60,48,24,48,2025-02,2025-03-28,1
Inflation,PCEPI,1,month_open,2025-05,Inflation Ridge-AR Ensemble,2025-05-01,2025-06-27,61,48,24,48,2025-03,2025-04-30,1
Inflation,PCEPI,1,month_open,2025-06,Inflation Ridge-AR Ensemble,2025-06-01,2025-07-31,62,48,24,48,2025-04,2025-05-30,1
Inflation,PCEPI,1,month_open,2025-07,Inflation Ridge-AR Ensemble,2025-07-01,2025-08-29,63,48,24,48,2025-05,2025-06-27,1
Inflation,PCEPI,1,month_open,2025-08,Inflation Ridge-AR Ensemble,2025-08-01,2025-09-26,64,48,24,48,2025-06,2025-07-31,1
Inflation,PCEPI,1,month_open,2025-09,Inflation Ridge-AR Ensemble,2025-09-01,2025-12-05,65,48,24,48,2025-07,2025-08-29,1
Inflation,PCEPI,1,month_open,2025-10,Inflation Ridge-AR Ensemble,2025-10-01,2026-01-22,66,48,24,48,2025-08,2025-09-26,1
Inflation,PCEPI,1,month_open,2025-11,Inflation Ridge-AR Ensemble,2025-11-01,2026-01-22,66,48,24,48,2025-08,2025-09-26,1
Inflation,PCEPI,1,month_open,2026-02,Inflation Ridge-AR Ensemble,2026-02-01,2026-04-09,69,48,24,48,2025-11,2026-01-22,1
Inflation,PCEPI,1,month_open,2026-03,Inflation Ridge-AR Ensemble,2026-03-01,2026-04-30,69,48,24,48,2025-11,2026-01-22,1
Inflation,PCEPI,1,month_open,2026-04,Inflation Ridge-AR Ensemble,2026-04-01,2026-05-28,69,48,24,48,2025-11,2026-01-22,1
Inflation,PCEPI,1,month_open,2026-05,Inflation Ridge-AR Ensemble,2026-05-01,2026-06-25,71,48,24,48,2026-03,2026-04-30,1
Inflation,PCEPI,2,mid_month,2023-02,Inflation Bridge Ridge,2023-02-15,2023-03-31,34,34,24,48,2022-12,2023-01-27,1
Inflation,PCEPI,2,mid_month,2023-03,Inflation Bridge Ridge,2023-03-15,2023-04-28,35,35,24,48,2023-01,2023-02-24,1
Inflation,PCEPI,2,mid_month,2023-04,Inflation Bridge Ridge,2023-04-15,2023-05-26,36,36,24,48,2023-02,2023-03-31,1
Inflation,PCEPI,2,mid_month,2023-05,Inflation Bridge Ridge,2023-05-15,2023-06-30,37,37,24,48,2023-03,2023-04-28,1
Inflation,PCEPI,2,mid_month,2023-06,Inflation Bridge Ridge,2023-06-15,2023-07-28,38,38,24,48,2023-04,2023-05-26,1
Inflation,PCEPI,2,mid_month,2023-07,Inflation Bridge Ridge,2023-07-15,2023-08-31,39,39,24,48,2023-05,2023-06-30,1
Inflation,PCEPI,2,mid_month,2023-08,Inflation Bridge Ridge,2023-08-15,2023-09-29,40,40,24,48,2023-06,2023-07-28,1
Inflation,PCEPI,2,mid_month,2023-09,Inflation Bridge Ridge,2023-09-15,2023-10-27,41,41,24,48,2023-07,2023-08-31,1
Inflation,PCEPI,2,mid_month,2023-10,Inflation Bridge Ridge,2023-10-15,2023-11-30,42,42,24,48,2023-08,2023-09-29,1
Inflation,PCEPI,2,mid_month,2023-11,Inflation Bridge Ridge,2023-11-15,2023-12-22,43,43,24,48,2023-09,2023-10-27,1
Inflation,PCEPI,2,mid_month,2023-12,Inflation Bridge Ridge,2023-12-15,2024-01-26,44,44,24,48,2023-10,2023-11-30,1
Inflation,PCEPI,2,mid_month,2024-01,Inflation Bridge Ridge,2024-01-15,2024-02-29,45,45,24,48,2023-11,2023-12-22,1
Inflation,PCEPI,2,mid_month,2024-02,Inflation Bridge Ridge,2024-02-15,2024-03-29,46,46,24,48,2023-12,2024-01-26,1
Inflation,PCEPI,2,mid_month,2024-03,Inflation Bridge Ridge,2024-03-15,2024-04-26,47,47,24,48,2024-01,2024-02-29,1
Inflation,PCEPI,2,mid_month,2024-04,Inflation Bridge Ridge,2024-04-15,2024-05-31,48,48,24,48,2024-02,2024-03-29,1
Inflation,PCEPI,2,mid_month,2024-05,Inflation Bridge Ridge,2024-05-15,2024-06-28,49,48,24,48,2024-03,2024-04-26,1
Inflation,PCEPI,2,mid_month,2024-06,Inflation Bridge Ridge,2024-06-15,2024-07-26,50,48,24,48,2024-04,2024-05-31,1
Inflation,PCEPI,2,mid_month,2024-07,Inflation Bridge Ridge,2024-07-15,2024-08-30,51,48,24,48,2024-05,2024-06-28,1
Inflation,PCEPI,2,mid_month,2024-08,Inflation Bridge Ridge,2024-08-15,2024-09-27,52,48,24,48,2024-06,2024-07-26,1
Inflation,PCEPI,2,mid_month,2024-09,Inflation Bridge Ridge,2024-09-15,2024-10-31,53,48,24,48,2024-07,2024-08-30,1
Inflation,PCEPI,2,mid_month,2024-10,Inflation Bridge Ridge,2024-10-15,2024-11-27,54,48,24,48,2024-08,2024-09-27,1
Inflation,PCEPI,2,mid_month,2024-11,Inflation Bridge Ridge,2024-11-15,2024-12-20,55,48,24,48,2024-09,2024-10-31,1
Inflation,PCEPI,2,mid_month,2024-12,Inflation Bridge Ridge,2024-12-15,2025-01-31,56,48,24,48,2024-10,2024-11-27,1
Inflation,PCEPI,2,mid_month,2025-01,Inflation Bridge Ridge,2025-01-15,2025-02-28,57,48,24,48,2024-11,2024-12-20,1
Inflation,PCEPI,2,mid_month,2025-02,Inflation Bridge Ridge,2025-02-15,2025-03-28,58,48,24,48,2024-12,2025-01-31,1
Inflation,PCEPI,2,mid_month,2025-03,Inflation Bridge Ridge,2025-03-15,2025-04-30,59,48,24,48,2025-01,2025-02-28,1
Inflation,PCEPI,2,mid_month,2025-04,Inflation Bridge Ridge,2025-04-15,2025-05-30,60,48,24,48,2025-02,2025-03-28,1
Inflation,PCEPI,2,mid_month,2025-05,Inflation Bridge Ridge,2025-05-15,2025-06-27,61,48,24,48,2025-03,2025-04-30,1
Inflation,PCEPI,2,mid_month,2025-06,Inflation Bridge Ridge,2025-06-15,2025-07-31,62,48,24,48,2025-04,2025-05-30,1
Inflation,PCEPI,2,mid_month,2025-07,Inflation Bridge Ridge,2025-07-15,2025-08-29,63,48,24,48,2025-05,2025-06-27,1
Inflation,PCEPI,2,mid_month,2025-08,Inflation Bridge Ridge,2025-08-15,2025-09-26,64,48,24,48,2025-06,2025-07-31,1
Inflation,PCEPI,2,mid_month,2025-09,Inflation Bridge Ridge,2025-09-15,2025-12-05,65,48,24,48,2025-07,2025-08-29,1
Inflation,PCEPI,2,mid_month,2025-10,Inflation Bridge Ridge,2025-10-15,2026-01-22,66,48,24,48,2025-08,2025-09-26,1
Inflation,PCEPI,2,mid_month,2025-11,Inflation Bridge Ridge,2025-11-15,2026-01-22,66,48,24,48,2025-08,2025-09-26,1
Inflation,PCEPI,2,mid_month,2025-12,Inflation Bridge Ridge,2025-12-15,2026-02-20,67,48,24,48,2025-09,2025-12-05,1
Inflation,PCEPI,2,mid_month,2026-02,Inflation Bridge Ridge,2026-02-15,2026-04-09,69,48,24,48,2025-11,2026-01-22,1
Inflation,PCEPI,2,mid_month,2026-03,Inflation Bridge Ridge,2026-03-15,2026-04-30,70,48,24,48,2025-12,2026-02-20,1
Inflation,PCEPI,2,mid_month,2026-04,Inflation Bridge Ridge,2026-04-15,2026-05-28,71,48,24,48,2026-02,2026-04-09,1
Inflation,PCEPI,2,mid_month,2026-05,Inflation Bridge Ridge,2026-05-15,2026-06-25,72,48,24,48,2026-03,2026-04-30,1
Inflation,PCEPI,3,month_end,2023-02,Inflation Bridge Ridge,2023-02-28,2023-03-31,36,36,24,48,2023-01,2023-02-24,1
Inflation,PCEPI,3,month_end,2023-03,Inflation Bridge Ridge,2023-03-31,2023-04-28,36,36,24,48,2023-01,2023-02-24,1
Inflation,PCEPI,3,month_end,2023-04,Inflation Bridge Ridge,2023-04-30,2023-05-26,38,38,24,48,2023-03,2023-04-28,1
Inflation,PCEPI,3,month_end,2023-05,Inflation Bridge Ridge,2023-05-31,2023-06-30,39,39,24,48,2023-04,2023-05-26,1
Inflation,PCEPI,3,month_end,2023-06,Inflation Bridge Ridge,2023-06-30,2023-07-28,39,39,24,48,2023-04,2023-05-26,1
Inflation,PCEPI,3,month_end,2023-07,Inflation Bridge Ridge,2023-07-31,2023-08-31,41,41,24,48,2023-06,2023-07-28,1
Inflation,PCEPI,3,month_end,2023-08,Inflation Bridge Ridge,2023-08-31,2023-09-29,41,41,24,48,2023-06,2023-07-28,1
Inflation,PCEPI,3,month_end,2023-09,Inflation Bridge Ridge,2023-09-30,2023-10-27,43,43,24,48,2023-08,2023-09-29,1
Inflation,PCEPI,3,month_end,2023-10,Inflation Bridge Ridge,2023-10-31,2023-11-30,44,44,24,48,2023-09,2023-10-27,1
Inflation,PCEPI,3,month_end,2023-11,Inflation Bridge Ridge,2023-11-30,2023-12-22,44,44,24,48,2023-09,2023-10-27,1
Inflation,PCEPI,3,month_end,2023-12,Inflation Bridge Ridge,2023-12-31,2024-01-26,46,46,24,48,2023-11,2023-12-22,1
Inflation,PCEPI,3,month_end,2024-01,Inflation Bridge Ridge,2024-01-31,2024-02-29,47,47,24,48,2023-12,2024-01-26,1
Inflation,PCEPI,3,month_end,2024-02,Inflation Bridge Ridge,2024-02-29,2024-03-29,47,47,24,48,2023-12,2024-01-26,1
Inflation,PCEPI,3,month_end,2024-03,Inflation Bridge Ridge,2024-03-31,2024-04-26,49,48,24,48,2024-02,2024-03-29,1
Inflation,PCEPI,3,month_end,2024-04,Inflation Bridge Ridge,2024-04-30,2024-05-31,50,48,24,48,2024-03,2024-04-26,1
Inflation,PCEPI,3,month_end,2024-05,Inflation Bridge Ridge,2024-05-31,2024-06-28,50,48,24,48,2024-03,2024-04-26,1
Inflation,PCEPI,3,month_end,2024-06,Inflation Bridge Ridge,2024-06-30,2024-07-26,52,48,24,48,2024-05,2024-06-28,1
Inflation,PCEPI,3,month_end,2024-07,Inflation Bridge Ridge,2024-07-31,2024-08-30,53,48,24,48,2024-06,2024-07-26,1
Inflation,PCEPI,3,month_end,2024-08,Inflation Bridge Ridge,2024-08-31,2024-09-27,54,48,24,48,2024-07,2024-08-30,1
Inflation,PCEPI,3,month_end,2024-09,Inflation Bridge Ridge,2024-09-30,2024-10-31,55,48,24,48,2024-08,2024-09-27,1
Inflation,PCEPI,3,month_end,2024-10,Inflation Bridge Ridge,2024-10-31,2024-11-27,55,48,24,48,2024-08,2024-09-27,1
Inflation,PCEPI,3,month_end,2024-11,Inflation Bridge Ridge,2024-11-30,2024-12-20,57,48,24,48,2024-10,2024-11-27,1
Inflation,PCEPI,3,month_end,2024-12,Inflation Bridge Ridge,2024-12-31,2025-01-31,58,48,24,48,2024-11,2024-12-20,1
Inflation,PCEPI,3,month_end,2025-01,Inflation Bridge Ridge,2025-01-31,2025-02-28,58,48,24,48,2024-11,2024-12-20,1
Inflation,PCEPI,3,month_end,2025-02,Inflation Bridge Ridge,2025-02-28,2025-03-28,59,48,24,48,2024-12,2025-01-31,1
Inflation,PCEPI,3,month_end,2025-03,Inflation Bridge Ridge,2025-03-31,2025-04-30,61,48,24,48,2025-02,2025-03-28,1
Inflation,PCEPI,3,month_end,2025-04,Inflation Bridge Ridge,2025-04-30,2025-05-30,61,48,24,48,2025-02,2025-03-28,1
Inflation,PCEPI,3,month_end,2025-05,Inflation Bridge Ridge,2025-05-31,2025-06-27,63,48,24,48,2025-04,2025-05-30,1
Inflation,PCEPI,3,month_end,2025-06,Inflation Bridge Ridge,2025-06-30,2025-07-31,64,48,24,48,2025-05,2025-06-27,1
Inflation,PCEPI,3,month_end,2025-07,Inflation Bridge Ridge,2025-07-31,2025-08-29,64,48,24,48,2025-05,2025-06-27,1
Inflation,PCEPI,3,month_end,2025-08,Inflation Bridge Ridge,2025-08-31,2025-09-26,66,48,24,48,2025-07,2025-08-29,1
Inflation,PCEPI,3,month_end,2025-09,Inflation Bridge Ridge,2025-09-30,2025-12-05,67,48,24,48,2025-08,2025-09-26,1
Inflation,PCEPI,3,month_end,2025-10,Inflation Bridge Ridge,2025-10-31,2026-01-22,67,48,24,48,2025-08,2025-09-26,1
Inflation,PCEPI,3,month_end,2025-11,Inflation Bridge Ridge,2025-11-30,2026-01-22,67,48,24,48,2025-08,2025-09-26,1
Inflation,PCEPI,3,month_end,2025-12,Inflation Bridge Ridge,2025-12-31,2026-02-20,68,48,24,48,2025-09,2025-12-05,1
Inflation,PCEPI,3,month_end,2026-01,Inflation Bridge Ridge,2026-01-31,2026-03-13,70,48,24,48,2025-11,2026-01-22,1
Inflation,PCEPI,3,month_end,2026-02,Inflation Bridge Ridge,2026-02-28,2026-04-09,71,48,24,48,2025-12,2026-02-20,1
Inflation,PCEPI,3,month_end,2026-03,Inflation Bridge Ridge,2026-03-31,2026-04-30,72,48,24,48,2026-01,2026-03-13,1
Inflation,PCEPI,3,month_end,2026-04,Inflation Bridge Ridge,2026-04-30,2026-05-28,73,48,24,48,2026-02,2026-04-09,1
Inflation,PCEPI,3,month_end,2026-05,Inflation Bridge Ridge,2026-05-31,2026-06-25,75,48,24,48,2026-04,2026-05-28,1
Inflation,PCEPI,4,pre_release,2023-02,Inflation Bridge Ridge,2023-03-30,2023-03-31,36,36,24,48,2023-01,2023-02-24,1
Inflation,PCEPI,4,pre_release,2023-03,Inflation Bridge Ridge,2023-04-27,2023-04-28,37,37,24,48,2023-02,2023-03-31,1
Inflation,PCEPI,4,pre_release,2023-04,Inflation Bridge Ridge,2023-05-25,2023-05-26,38,38,24,48,2023-03,2023-04-28,1
Inflation,PCEPI,4,pre_release,2023-05,Inflation Bridge Ridge,2023-06-29,2023-06-30,39,39,24,48,2023-04,2023-05-26,1
Inflation,PCEPI,4,pre_release,2023-06,Inflation Bridge Ridge,2023-07-27,2023-07-28,40,40,24,48,2023-05,2023-06-30,1
Inflation,PCEPI,4,pre_release,2023-07,Inflation Bridge Ridge,2023-08-30,2023-08-31,41,41,24,48,2023-06,2023-07-28,1
Inflation,PCEPI,4,pre_release,2023-08,Inflation Bridge Ridge,2023-09-28,2023-09-29,42,42,24,48,2023-07,2023-08-31,1
Inflation,PCEPI,4,pre_release,2023-09,Inflation Bridge Ridge,2023-10-26,2023-10-27,43,43,24,48,2023-08,2023-09-29,1
Inflation,PCEPI,4,pre_release,2023-10,Inflation Bridge Ridge,2023-11-29,2023-11-30,44,44,24,48,2023-09,2023-10-27,1
Inflation,PCEPI,4,pre_release,2023-11,Inflation Bridge Ridge,2023-12-21,2023-12-22,45,45,24,48,2023-10,2023-11-30,1
Inflation,PCEPI,4,pre_release,2023-12,Inflation Bridge Ridge,2024-01-25,2024-01-26,46,46,24,48,2023-11,2023-12-22,1
Inflation,PCEPI,4,pre_release,2024-01,Inflation Bridge Ridge,2024-02-28,2024-02-29,47,47,24,48,2023-12,2024-01-26,1
Inflation,PCEPI,4,pre_release,2024-02,Inflation Bridge Ridge,2024-03-28,2024-03-29,48,48,24,48,2024-01,2024-02-29,1
Inflation,PCEPI,4,pre_release,2024-03,Inflation Bridge Ridge,2024-04-25,2024-04-26,49,48,24,48,2024-02,2024-03-29,1
Inflation,PCEPI,4,pre_release,2024-04,Inflation Bridge Ridge,2024-05-30,2024-05-31,50,48,24,48,2024-03,2024-04-26,1
Inflation,PCEPI,4,pre_release,2024-05,Inflation Bridge Ridge,2024-06-27,2024-06-28,51,48,24,48,2024-04,2024-05-31,1
Inflation,PCEPI,4,pre_release,2024-06,Inflation Bridge Ridge,2024-07-25,2024-07-26,52,48,24,48,2024-05,2024-06-28,1
Inflation,PCEPI,4,pre_release,2024-07,Inflation Bridge Ridge,2024-08-29,2024-08-30,53,48,24,48,2024-06,2024-07-26,1
Inflation,PCEPI,4,pre_release,2024-08,Inflation Bridge Ridge,2024-09-26,2024-09-27,54,48,24,48,2024-07,2024-08-30,1
Inflation,PCEPI,4,pre_release,2024-09,Inflation Bridge Ridge,2024-10-30,2024-10-31,55,48,24,48,2024-08,2024-09-27,1
Inflation,PCEPI,4,pre_release,2024-10,Inflation Bridge Ridge,2024-11-26,2024-11-27,56,48,24,48,2024-09,2024-10-31,1
Inflation,PCEPI,4,pre_release,2024-11,Inflation Bridge Ridge,2024-12-19,2024-12-20,57,48,24,48,2024-10,2024-11-27,1
Inflation,PCEPI,4,pre_release,2024-12,Inflation Bridge Ridge,2025-01-30,2025-01-31,58,48,24,48,2024-11,2024-12-20,1
Inflation,PCEPI,4,pre_release,2025-01,Inflation Bridge Ridge,2025-02-27,2025-02-28,59,48,24,48,2024-12,2025-01-31,1
Inflation,PCEPI,4,pre_release,2025-02,Inflation Bridge Ridge,2025-03-27,2025-03-28,60,48,24,48,2025-01,2025-02-28,1
Inflation,PCEPI,4,pre_release,2025-03,Inflation Bridge Ridge,2025-04-29,2025-04-30,61,48,24,48,2025-02,2025-03-28,1
Inflation,PCEPI,4,pre_release,2025-04,Inflation Bridge Ridge,2025-05-29,2025-05-30,62,48,24,48,2025-03,2025-04-30,1
Inflation,PCEPI,4,pre_release,2025-05,Inflation Bridge Ridge,2025-06-26,2025-06-27,63,48,24,48,2025-04,2025-05-30,1
Inflation,PCEPI,4,pre_release,2025-06,Inflation Bridge Ridge,2025-07-30,2025-07-31,64,48,24,48,2025-05,2025-06-27,1
Inflation,PCEPI,4,pre_release,2025-07,Inflation Bridge Ridge,2025-08-28,2025-08-29,65,48,24,48,2025-06,2025-07-31,1
Inflation,PCEPI,4,pre_release,2025-08,Inflation Bridge Ridge,2025-09-25,2025-09-26,66,48,24,48,2025-07,2025-08-29,1
Inflation,PCEPI,4,pre_release,2025-09,Inflation Bridge Ridge,2025-12-04,2025-12-05,67,48,24,48,2025-08,2025-09-26,1
Inflation,PCEPI,4,pre_release,2025-10,Inflation Bridge Ridge,2026-01-21,2026-01-22,68,48,24,48,2025-09,2025-12-05,1
Inflation,PCEPI,4,pre_release,2025-11,Inflation Bridge Ridge,2026-01-21,2026-01-22,68,48,24,48,2025-09,2025-12-05,1
Inflation,PCEPI,4,pre_release,2025-12,Inflation Bridge Ridge,2026-02-19,2026-02-20,70,48,24,48,2025-11,2026-01-22,1
Inflation,PCEPI,4,pre_release,2026-01,Inflation Bridge Ridge,2026-03-12,2026-03-13,71,48,24,48,2025-12,2026-02-20,1
Inflation,PCEPI,4,pre_release,2026-02,Inflation Bridge Ridge,2026-04-08,2026-04-09,72,48,24,48,2026-01,2026-03-13,1
Inflation,PCEPI,4,pre_release,2026-03,Inflation Bridge Ridge,2026-04-29,2026-04-30,73,48,24,48,2026-02,2026-04-09,1
Inflation,PCEPI,4,pre_release,2026-04,Inflation Bridge Ridge,2026-05-27,2026-05-28,74,48,24,48,2026-03,2026-04-30,1
Inflation,PCEPI,4,pre_release,2026-05,Inflation Bridge Ridge,2026-06-24,2026-06-25,75,48,24,48,2026-04,2026-05-28,1
Inflation,PCEPILFE,1,month_open,2023-02,Inflation Bridge Ridge,2023-02-01,2023-03-31,34,34,24,48,2022-12,2023-01-27,1
Inflation,PCEPILFE,1,month_open,2023-03,Inflation Bridge Ridge,2023-03-01,2023-04-28,35,35,24,48,2023-01,2023-02-24,1
Inflation,PCEPILFE,1,month_open,2023-04,Inflation Bridge Ridge,2023-04-01,2023-05-26,36,36,24,48,2023-02,2023-03-31,1
Inflation,PCEPILFE,1,month_open,2023-05,Inflation Bridge Ridge,2023-05-01,2023-06-30,37,37,24,48,2023-03,2023-04-28,1
Inflation,PCEPILFE,1,month_open,2023-06,Inflation Bridge Ridge,2023-06-01,2023-07-28,38,38,24,48,2023-04,2023-05-26,1
Inflation,PCEPILFE,1,month_open,2023-07,Inflation Bridge Ridge,2023-07-01,2023-08-31,39,39,24,48,2023-05,2023-06-30,1
Inflation,PCEPILFE,1,month_open,2023-08,Inflation Bridge Ridge,2023-08-01,2023-09-29,40,40,24,48,2023-06,2023-07-28,1
Inflation,PCEPILFE,1,month_open,2023-09,Inflation Bridge Ridge,2023-09-01,2023-10-27,41,41,24,48,2023-07,2023-08-31,1
Inflation,PCEPILFE,1,month_open,2023-10,Inflation Bridge Ridge,2023-10-01,2023-11-30,42,42,24,48,2023-08,2023-09-29,1
Inflation,PCEPILFE,1,month_open,2023-11,Inflation Bridge Ridge,2023-11-01,2023-12-22,43,43,24,48,2023-09,2023-10-27,1
Inflation,PCEPILFE,1,month_open,2023-12,Inflation Bridge Ridge,2023-12-01,2024-01-26,44,44,24,48,2023-10,2023-11-30,1
Inflation,PCEPILFE,1,month_open,2024-01,Inflation Bridge Ridge,2024-01-01,2024-02-29,45,45,24,48,2023-11,2023-12-22,1
Inflation,PCEPILFE,1,month_open,2024-02,Inflation Bridge Ridge,2024-02-01,2024-03-29,46,46,24,48,2023-12,2024-01-26,1
Inflation,PCEPILFE,1,month_open,2024-03,Inflation Bridge Ridge,2024-03-01,2024-04-26,47,47,24,48,2024-01,2024-02-29,1
Inflation,PCEPILFE,1,month_open,2024-04,Inflation Bridge Ridge,2024-04-01,2024-05-31,48,48,24,48,2024-02,2024-03-29,1
Inflation,PCEPILFE,1,month_open,2024-05,Inflation Bridge Ridge,2024-05-01,2024-06-28,49,48,24,48,2024-03,2024-04-26,1
Inflation,PCEPILFE,1,month_open,2024-06,Inflation Bridge Ridge,2024-06-01,2024-07-26,50,48,24,48,2024-04,2024-05-31,1
Inflation,PCEPILFE,1,month_open,2024-07,Inflation Bridge Ridge,2024-07-01,2024-08-30,51,48,24,48,2024-05,2024-06-28,1
Inflation,PCEPILFE,1,month_open,2024-08,Inflation Bridge Ridge,2024-08-01,2024-09-27,52,48,24,48,2024-06,2024-07-26,1
Inflation,PCEPILFE,1,month_open,2024-09,Inflation Bridge Ridge,2024-09-01,2024-10-31,53,48,24,48,2024-07,2024-08-30,1
Inflation,PCEPILFE,1,month_open,2024-10,Inflation Bridge Ridge,2024-10-01,2024-11-27,54,48,24,48,2024-08,2024-09-27,1
Inflation,PCEPILFE,1,month_open,2024-11,Inflation Bridge Ridge,2024-11-01,2024-12-20,55,48,24,48,2024-09,2024-10-31,1
Inflation,PCEPILFE,1,month_open,2024-12,Inflation Bridge Ridge,2024-12-01,2025-01-31,56,48,24,48,2024-10,2024-11-27,1
Inflation,PCEPILFE,1,month_open,2025-01,Inflation Bridge Ridge,2025-01-01,2025-02-28,57,48,24,48,2024-11,2024-12-20,1
Inflation,PCEPILFE,1,month_open,2025-02,Inflation Bridge Ridge,2025-02-01,2025-03-28,58,48,24,48,2024-12,2025-01-31,1
Inflation,PCEPILFE,1,month_open,2025-03,Inflation Bridge Ridge,2025-03-01,2025-04-30,59,48,24,48,2025-01,2025-02-28,1
Inflation,PCEPILFE,1,month_open,2025-04,Inflation Bridge Ridge,2025-04-01,2025-05-30,60,48,24,48,2025-02,2025-03-28,1
Inflation,PCEPILFE,1,month_open,2025-05,Inflation Bridge Ridge,2025-05-01,2025-06-27,61,48,24,48,2025-03,2025-04-30,1
Inflation,PCEPILFE,1,month_open,2025-06,Inflation Bridge Ridge,2025-06-01,2025-07-31,62,48,24,48,2025-04,2025-05-30,1
Inflation,PCEPILFE,1,month_open,2025-07,Inflation Bridge Ridge,2025-07-01,2025-08-29,63,48,24,48,2025-05,2025-06-27,1
Inflation,PCEPILFE,1,month_open,2025-08,Inflation Bridge Ridge,2025-08-01,2025-09-26,64,48,24,48,2025-06,2025-07-31,1
Inflation,PCEPILFE,1,month_open,2025-09,Inflation Bridge Ridge,2025-09-01,2025-12-05,65,48,24,48,2025-07,2025-08-29,1
Inflation,PCEPILFE,1,month_open,2025-10,Inflation Bridge Ridge,2025-10-01,2026-01-22,66,48,24,48,2025-08,2025-09-26,1
Inflation,PCEPILFE,1,month_open,2025-11,Inflation Bridge Ridge,2025-11-01,2026-01-22,66,48,24,48,2025-08,2025-09-26,1
Inflation,PCEPILFE,1,month_open,2026-02,Inflation Bridge Ridge,2026-02-01,2026-04-09,69,48,24,48,2025-11,2026-01-22,1
Inflation,PCEPILFE,1,month_open,2026-03,Inflation Bridge Ridge,2026-03-01,2026-04-30,69,48,24,48,2025-11,2026-01-22,1
Inflation,PCEPILFE,1,month_open,2026-04,Inflation Bridge Ridge,2026-04-01,2026-05-28,69,48,24,48,2025-11,2026-01-22,1
Inflation,PCEPILFE,1,month_open,2026-05,Inflation Bridge Ridge,2026-05-01,2026-06-25,71,48,24,48,2026-03,2026-04-30,1
Inflation,PCEPILFE,2,mid_month,2023-02,Inflation Ridge-AR Ensemble,2023-02-15,2023-03-31,34,34,24,48,2022-12,2023-01-27,1
Inflation,PCEPILFE,2,mid_month,2023-03,Inflation Ridge-AR Ensemble,2023-03-15,2023-04-28,35,35,24,48,2023-01,2023-02-24,1
Inflation,PCEPILFE,2,mid_month,2023-04,Inflation Ridge-AR Ensemble,2023-04-15,2023-05-26,36,36,24,48,2023-02,2023-03-31,1
Inflation,PCEPILFE,2,mid_month,2023-05,Inflation Ridge-AR Ensemble,2023-05-15,2023-06-30,37,37,24,48,2023-03,2023-04-28,1
Inflation,PCEPILFE,2,mid_month,2023-06,Inflation Ridge-AR Ensemble,2023-06-15,2023-07-28,38,38,24,48,2023-04,2023-05-26,1
Inflation,PCEPILFE,2,mid_month,2023-07,Inflation Ridge-AR Ensemble,2023-07-15,2023-08-31,39,39,24,48,2023-05,2023-06-30,1
Inflation,PCEPILFE,2,mid_month,2023-08,Inflation Ridge-AR Ensemble,2023-08-15,2023-09-29,40,40,24,48,2023-06,2023-07-28,1
Inflation,PCEPILFE,2,mid_month,2023-09,Inflation Ridge-AR Ensemble,2023-09-15,2023-10-27,41,41,24,48,2023-07,2023-08-31,1
Inflation,PCEPILFE,2,mid_month,2023-10,Inflation Ridge-AR Ensemble,2023-10-15,2023-11-30,42,42,24,48,2023-08,2023-09-29,1
Inflation,PCEPILFE,2,mid_month,2023-11,Inflation Ridge-AR Ensemble,2023-11-15,2023-12-22,43,43,24,48,2023-09,2023-10-27,1
Inflation,PCEPILFE,2,mid_month,2023-12,Inflation Ridge-AR Ensemble,2023-12-15,2024-01-26,44,44,24,48,2023-10,2023-11-30,1
Inflation,PCEPILFE,2,mid_month,2024-01,Inflation Ridge-AR Ensemble,2024-01-15,2024-02-29,45,45,24,48,2023-11,2023-12-22,1
Inflation,PCEPILFE,2,mid_month,2024-02,Inflation Ridge-AR Ensemble,2024-02-15,2024-03-29,46,46,24,48,2023-12,2024-01-26,1
Inflation,PCEPILFE,2,mid_month,2024-03,Inflation Ridge-AR Ensemble,2024-03-15,2024-04-26,47,47,24,48,2024-01,2024-02-29,1
Inflation,PCEPILFE,2,mid_month,2024-04,Inflation Ridge-AR Ensemble,2024-04-15,2024-05-31,48,48,24,48,2024-02,2024-03-29,1
Inflation,PCEPILFE,2,mid_month,2024-05,Inflation Ridge-AR Ensemble,2024-05-15,2024-06-28,49,48,24,48,2024-03,2024-04-26,1
Inflation,PCEPILFE,2,mid_month,2024-06,Inflation Ridge-AR Ensemble,2024-06-15,2024-07-26,50,48,24,48,2024-04,2024-05-31,1
Inflation,PCEPILFE,2,mid_month,2024-07,Inflation Ridge-AR Ensemble,2024-07-15,2024-08-30,51,48,24,48,2024-05,2024-06-28,1
Inflation,PCEPILFE,2,mid_month,2024-08,Inflation Ridge-AR Ensemble,2024-08-15,2024-09-27,52,48,24,48,2024-06,2024-07-26,1
Inflation,PCEPILFE,2,mid_month,2024-09,Inflation Ridge-AR Ensemble,2024-09-15,2024-10-31,53,48,24,48,2024-07,2024-08-30,1
Inflation,PCEPILFE,2,mid_month,2024-10,Inflation Ridge-AR Ensemble,2024-10-15,2024-11-27,54,48,24,48,2024-08,2024-09-27,1
Inflation,PCEPILFE,2,mid_month,2024-11,Inflation Ridge-AR Ensemble,2024-11-15,2024-12-20,55,48,24,48,2024-09,2024-10-31,1
Inflation,PCEPILFE,2,mid_month,2024-12,Inflation Ridge-AR Ensemble,2024-12-15,2025-01-31,56,48,24,48,2024-10,2024-11-27,1
Inflation,PCEPILFE,2,mid_month,2025-01,Inflation Ridge-AR Ensemble,2025-01-15,2025-02-28,57,48,24,48,2024-11,2024-12-20,1
Inflation,PCEPILFE,2,mid_month,2025-02,Inflation Ridge-AR Ensemble,2025-02-15,2025-03-28,58,48,24,48,2024-12,2025-01-31,1
Inflation,PCEPILFE,2,mid_month,2025-03,Inflation Ridge-AR Ensemble,2025-03-15,2025-04-30,59,48,24,48,2025-01,2025-02-28,1
Inflation,PCEPILFE,2,mid_month,2025-04,Inflation Ridge-AR Ensemble,2025-04-15,2025-05-30,60,48,24,48,2025-02,2025-03-28,1
Inflation,PCEPILFE,2,mid_month,2025-05,Inflation Ridge-AR Ensemble,2025-05-15,2025-06-27,61,48,24,48,2025-03,2025-04-30,1
Inflation,PCEPILFE,2,mid_month,2025-06,Inflation Ridge-AR Ensemble,2025-06-15,2025-07-31,62,48,24,48,2025-04,2025-05-30,1
Inflation,PCEPILFE,2,mid_month,2025-07,Inflation Ridge-AR Ensemble,2025-07-15,2025-08-29,63,48,24,48,2025-05,2025-06-27,1
Inflation,PCEPILFE,2,mid_month,2025-08,Inflation Ridge-AR Ensemble,2025-08-15,2025-09-26,64,48,24,48,2025-06,2025-07-31,1
Inflation,PCEPILFE,2,mid_month,2025-09,Inflation Ridge-AR Ensemble,2025-09-15,2025-12-05,65,48,24,48,2025-07,2025-08-29,1
Inflation,PCEPILFE,2,mid_month,2025-10,Inflation Ridge-AR Ensemble,2025-10-15,2026-01-22,66,48,24,48,2025-08,2025-09-26,1
Inflation,PCEPILFE,2,mid_month,2025-11,Inflation Ridge-AR Ensemble,2025-11-15,2026-01-22,66,48,24,48,2025-08,2025-09-26,1
Inflation,PCEPILFE,2,mid_month,2025-12,Inflation Ridge-AR Ensemble,2025-12-15,2026-02-20,67,48,24,48,2025-09,2025-12-05,1
Inflation,PCEPILFE,2,mid_month,2026-02,Inflation Ridge-AR Ensemble,2026-02-15,2026-04-09,69,48,24,48,2025-11,2026-01-22,1
Inflation,PCEPILFE,2,mid_month,2026-03,Inflation Ridge-AR Ensemble,2026-03-15,2026-04-30,70,48,24,48,2025-12,2026-02-20,1
Inflation,PCEPILFE,2,mid_month,2026-04,Inflation Ridge-AR Ensemble,2026-04-15,2026-05-28,71,48,24,48,2026-02,2026-04-09,1
Inflation,PCEPILFE,2,mid_month,2026-05,Inflation Ridge-AR Ensemble,2026-05-15,2026-06-25,72,48,24,48,2026-03,2026-04-30,1
Inflation,PCEPILFE,3,month_end,2023-02,Inflation Bridge Ridge,2023-02-28,2023-03-31,36,36,24,48,2023-01,2023-02-24,1
Inflation,PCEPILFE,3,month_end,2023-03,Inflation Bridge Ridge,2023-03-31,2023-04-28,36,36,24,48,2023-01,2023-02-24,1
Inflation,PCEPILFE,3,month_end,2023-04,Inflation Bridge Ridge,2023-04-30,2023-05-26,38,38,24,48,2023-03,2023-04-28,1
Inflation,PCEPILFE,3,month_end,2023-05,Inflation Bridge Ridge,2023-05-31,2023-06-30,39,39,24,48,2023-04,2023-05-26,1
Inflation,PCEPILFE,3,month_end,2023-06,Inflation Bridge Ridge,2023-06-30,2023-07-28,39,39,24,48,2023-04,2023-05-26,1
Inflation,PCEPILFE,3,month_end,2023-07,Inflation Bridge Ridge,2023-07-31,2023-08-31,41,41,24,48,2023-06,2023-07-28,1
Inflation,PCEPILFE,3,month_end,2023-08,Inflation Bridge Ridge,2023-08-31,2023-09-29,41,41,24,48,2023-06,2023-07-28,1
Inflation,PCEPILFE,3,month_end,2023-09,Inflation Bridge Ridge,2023-09-30,2023-10-27,43,43,24,48,2023-08,2023-09-29,1
Inflation,PCEPILFE,3,month_end,2023-10,Inflation Bridge Ridge,2023-10-31,2023-11-30,44,44,24,48,2023-09,2023-10-27,1
Inflation,PCEPILFE,3,month_end,2023-11,Inflation Bridge Ridge,2023-11-30,2023-12-22,44,44,24,48,2023-09,2023-10-27,1
Inflation,PCEPILFE,3,month_end,2023-12,Inflation Bridge Ridge,2023-12-31,2024-01-26,46,46,24,48,2023-11,2023-12-22,1
Inflation,PCEPILFE,3,month_end,2024-01,Inflation Bridge Ridge,2024-01-31,2024-02-29,47,47,24,48,2023-12,2024-01-26,1
Inflation,PCEPILFE,3,month_end,2024-02,Inflation Bridge Ridge,2024-02-29,2024-03-29,47,47,24,48,2023-12,2024-01-26,1
Inflation,PCEPILFE,3,month_end,2024-03,Inflation Bridge Ridge,2024-03-31,2024-04-26,49,48,24,48,2024-02,2024-03-29,1
Inflation,PCEPILFE,3,month_end,2024-04,Inflation Bridge Ridge,2024-04-30,2024-05-31,50,48,24,48,2024-03,2024-04-26,1
Inflation,PCEPILFE,3,month_end,2024-05,Inflation Bridge Ridge,2024-05-31,2024-06-28,50,48,24,48,2024-03,2024-04-26,1
Inflation,PCEPILFE,3,month_end,2024-06,Inflation Bridge Ridge,2024-06-30,2024-07-26,52,48,24,48,2024-05,2024-06-28,1
Inflation,PCEPILFE,3,month_end,2024-07,Inflation Bridge Ridge,2024-07-31,2024-08-30,53,48,24,48,2024-06,2024-07-26,1
Inflation,PCEPILFE,3,month_end,2024-08,Inflation Bridge Ridge,2024-08-31,2024-09-27,54,48,24,48,2024-07,2024-08-30,1
Inflation,PCEPILFE,3,month_end,2024-09,Inflation Bridge Ridge,2024-09-30,2024-10-31,55,48,24,48,2024-08,2024-09-27,1
Inflation,PCEPILFE,3,month_end,2024-10,Inflation Bridge Ridge,2024-10-31,2024-11-27,55,48,24,48,2024-08,2024-09-27,1
Inflation,PCEPILFE,3,month_end,2024-11,Inflation Bridge Ridge,2024-11-30,2024-12-20,57,48,24,48,2024-10,2024-11-27,1
Inflation,PCEPILFE,3,month_end,2024-12,Inflation Bridge Ridge,2024-12-31,2025-01-31,58,48,24,48,2024-11,2024-12-20,1
Inflation,PCEPILFE,3,month_end,2025-01,Inflation Bridge Ridge,2025-01-31,2025-02-28,58,48,24,48,2024-11,2024-12-20,1
Inflation,PCEPILFE,3,month_end,2025-02,Inflation Bridge Ridge,2025-02-28,2025-03-28,59,48,24,48,2024-12,2025-01-31,1
Inflation,PCEPILFE,3,month_end,2025-03,Inflation Bridge Ridge,2025-03-31,2025-04-30,61,48,24,48,2025-02,2025-03-28,1
Inflation,PCEPILFE,3,month_end,2025-04,Inflation Bridge Ridge,2025-04-30,2025-05-30,61,48,24,48,2025-02,2025-03-28,1
Inflation,PCEPILFE,3,month_end,2025-05,Inflation Bridge Ridge,2025-05-31,2025-06-27,63,48,24,48,2025-04,2025-05-30,1
Inflation,PCEPILFE,3,month_end,2025-06,Inflation Bridge Ridge,2025-06-30,2025-07-31,64,48,24,48,2025-05,2025-06-27,1
Inflation,PCEPILFE,3,month_end,2025-07,Inflation Bridge Ridge,2025-07-31,2025-08-29,64,48,24,48,2025-05,2025-06-27,1
Inflation,PCEPILFE,3,month_end,2025-08,Inflation Bridge Ridge,2025-08-31,2025-09-26,66,48,24,48,2025-07,2025-08-29,1
Inflation,PCEPILFE,3,month_end,2025-09,Inflation Bridge Ridge,2025-09-30,2025-12-05,67,48,24,48,2025-08,2025-09-26,1
Inflation,PCEPILFE,3,month_end,2025-10,Inflation Bridge Ridge,2025-10-31,2026-01-22,67,48,24,48,2025-08,2025-09-26,1
Inflation,PCEPILFE,3,month_end,2025-11,Inflation Bridge Ridge,2025-11-30,2026-01-22,67,48,24,48,2025-08,2025-09-26,1
Inflation,PCEPILFE,3,month_end,2025-12,Inflation Bridge Ridge,2025-12-31,2026-02-20,68,48,24,48,2025-09,2025-12-05,1
Inflation,PCEPILFE,3,month_end,2026-01,Inflation Bridge Ridge,2026-01-31,2026-03-13,70,48,24,48,2025-11,2026-01-22,1
Inflation,PCEPILFE,3,month_end,2026-02,Inflation Bridge Ridge,2026-02-28,2026-04-09,71,48,24,48,2025-12,2026-02-20,1
Inflation,PCEPILFE,3,month_end,2026-03,Inflation Bridge Ridge,2026-03-31,2026-04-30,72,48,24,48,2026-01,2026-03-13,1
Inflation,PCEPILFE,3,month_end,2026-04,Inflation Bridge Ridge,2026-04-30,2026-05-28,73,48,24,48,2026-02,2026-04-09,1
Inflation,PCEPILFE,3,month_end,2026-05,Inflation Bridge Ridge,2026-05-31,2026-06-25,75,48,24,48,2026-04,2026-05-28,1
Inflation,PCEPILFE,4,pre_release,2023-02,Inflation Bridge Ridge,2023-03-30,2023-03-31,36,36,24,48,2023-01,2023-02-24,1
Inflation,PCEPILFE,4,pre_release,2023-03,Inflation Bridge Ridge,2023-04-27,2023-04-28,37,37,24,48,2023-02,2023-03-31,1
Inflation,PCEPILFE,4,pre_release,2023-04,Inflation Bridge Ridge,2023-05-25,2023-05-26,38,38,24,48,2023-03,2023-04-28,1
Inflation,PCEPILFE,4,pre_release,2023-05,Inflation Bridge Ridge,2023-06-29,2023-06-30,39,39,24,48,2023-04,2023-05-26,1
Inflation,PCEPILFE,4,pre_release,2023-06,Inflation Bridge Ridge,2023-07-27,2023-07-28,40,40,24,48,2023-05,2023-06-30,1
Inflation,PCEPILFE,4,pre_release,2023-07,Inflation Bridge Ridge,2023-08-30,2023-08-31,41,41,24,48,2023-06,2023-07-28,1
Inflation,PCEPILFE,4,pre_release,2023-08,Inflation Bridge Ridge,2023-09-28,2023-09-29,42,42,24,48,2023-07,2023-08-31,1
Inflation,PCEPILFE,4,pre_release,2023-09,Inflation Bridge Ridge,2023-10-26,2023-10-27,43,43,24,48,2023-08,2023-09-29,1
Inflation,PCEPILFE,4,pre_release,2023-10,Inflation Bridge Ridge,2023-11-29,2023-11-30,44,44,24,48,2023-09,2023-10-27,1
Inflation,PCEPILFE,4,pre_release,2023-11,Inflation Bridge Ridge,2023-12-21,2023-12-22,45,45,24,48,2023-10,2023-11-30,1
Inflation,PCEPILFE,4,pre_release,2023-12,Inflation Bridge Ridge,2024-01-25,2024-01-26,46,46,24,48,2023-11,2023-12-22,1
Inflation,PCEPILFE,4,pre_release,2024-01,Inflation Bridge Ridge,2024-02-28,2024-02-29,47,47,24,48,2023-12,2024-01-26,1
Inflation,PCEPILFE,4,pre_release,2024-02,Inflation Bridge Ridge,2024-03-28,2024-03-29,48,48,24,48,2024-01,2024-02-29,1
Inflation,PCEPILFE,4,pre_release,2024-03,Inflation Bridge Ridge,2024-04-25,2024-04-26,49,48,24,48,2024-02,2024-03-29,1
Inflation,PCEPILFE,4,pre_release,2024-04,Inflation Bridge Ridge,2024-05-30,2024-05-31,50,48,24,48,2024-03,2024-04-26,1
Inflation,PCEPILFE,4,pre_release,2024-05,Inflation Bridge Ridge,2024-06-27,2024-06-28,51,48,24,48,2024-04,2024-05-31,1
Inflation,PCEPILFE,4,pre_release,2024-06,Inflation Bridge Ridge,2024-07-25,2024-07-26,52,48,24,48,2024-05,2024-06-28,1
Inflation,PCEPILFE,4,pre_release,2024-07,Inflation Bridge Ridge,2024-08-29,2024-08-30,53,48,24,48,2024-06,2024-07-26,1
Inflation,PCEPILFE,4,pre_release,2024-08,Inflation Bridge Ridge,2024-09-26,2024-09-27,54,48,24,48,2024-07,2024-08-30,1
Inflation,PCEPILFE,4,pre_release,2024-09,Inflation Bridge Ridge,2024-10-30,2024-10-31,55,48,24,48,2024-08,2024-09-27,1
Inflation,PCEPILFE,4,pre_release,2024-10,Inflation Bridge Ridge,2024-11-26,2024-11-27,56,48,24,48,2024-09,2024-10-31,1
Inflation,PCEPILFE,4,pre_release,2024-11,Inflation Bridge Ridge,2024-12-19,2024-12-20,57,48,24,48,2024-10,2024-11-27,1
Inflation,PCEPILFE,4,pre_release,2024-12,Inflation Bridge Ridge,2025-01-30,2025-01-31,58,48,24,48,2024-11,2024-12-20,1
Inflation,PCEPILFE,4,pre_release,2025-01,Inflation Bridge Ridge,2025-02-27,2025-02-28,59,48,24,48,2024-12,2025-01-31,1
Inflation,PCEPILFE,4,pre_release,2025-02,Inflation Bridge Ridge,2025-03-27,2025-03-28,60,48,24,48,2025-01,2025-02-28,1
Inflation,PCEPILFE,4,pre_release,2025-03,Inflation Bridge Ridge,2025-04-29,2025-04-30,61,48,24,48,2025-02,2025-03-28,1
Inflation,PCEPILFE,4,pre_release,2025-04,Inflation Bridge Ridge,2025-05-29,2025-05-30,62,48,24,48,2025-03,2025-04-30,1
Inflation,PCEPILFE,4,pre_release,2025-05,Inflation Bridge Ridge,2025-06-26,2025-06-27,63,48,24,48,2025-04,2025-05-30,1
Inflation,PCEPILFE,4,pre_release,2025-06,Inflation Bridge Ridge,2025-07-30,2025-07-31,64,48,24,48,2025-05,2025-06-27,1
Inflation,PCEPILFE,4,pre_release,2025-07,Inflation Bridge Ridge,2025-08-28,2025-08-29,65,48,24,48,2025-06,2025-07-31,1
Inflation,PCEPILFE,4,pre_release,2025-08,Inflation Bridge Ridge,2025-09-25,2025-09-26,66,48,24,48,2025-07,2025-08-29,1
Inflation,PCEPILFE,4,pre_release,2025-09,Inflation Bridge Ridge,2025-12-04,2025-12-05,67,48,24,48,2025-08,2025-09-26,1
Inflation,PCEPILFE,4,pre_release,2025-10,Inflation Bridge Ridge,2026-01-21,2026-01-22,68,48,24,48,2025-09,2025-12-05,1
Inflation,PCEPILFE,4,pre_release,2025-11,Inflation Bridge Ridge,2026-01-21,2026-01-22,68,48,24,48,2025-09,2025-12-05,1
Inflation,PCEPILFE,4,pre_release,2025-12,Inflation Bridge Ridge,2026-02-19,2026-02-20,70,48,24,48,2025-11,2026-01-22,1
Inflation,PCEPILFE,4,pre_release,2026-01,Inflation Bridge Ridge,2026-03-12,2026-03-13,71,48,24,48,2025-12,2026-02-20,1
Inflation,PCEPILFE,4,pre_release,2026-02,Inflation Bridge Ridge,2026-04-08,2026-04-09,72,48,24,48,2026-01,2026-03-13,1
Inflation,PCEPILFE,4,pre_release,2026-03,Inflation Bridge Ridge,2026-04-29,2026-04-30,73,48,24,48,2026-02,2026-04-09,1
Inflation,PCEPILFE,4,pre_release,2026-04,Inflation Bridge Ridge,2026-05-27,2026-05-28,74,48,24,48,2026-03,2026-04-30,1
Inflation,PCEPILFE,4,pre_release,2026-05,Inflation Bridge Ridge,2026-06-24,2026-06-25,75,48,24,48,2026-04,2026-05-28,1
Labour,CES0500000003,1,month_open,2023-02,Labour Bridge Ridge,2023-02-01,2023-03-10,67,48,24,48,2022-12,2023-01-06,1
Labour,CES0500000003,1,month_open,2023-03,Labour Bridge Ridge,2023-03-01,2023-04-07,68,48,24,48,2023-01,2023-02-03,1
Labour,CES0500000003,1,month_open,2023-04,Labour Bridge Ridge,2023-04-01,2023-05-05,69,48,24,48,2023-02,2023-03-10,1
Labour,CES0500000003,1,month_open,2023-05,Labour Bridge Ridge,2023-05-01,2023-06-02,70,48,24,48,2023-03,2023-04-07,1
Labour,CES0500000003,1,month_open,2023-06,Labour Bridge Ridge,2023-06-01,2023-07-07,71,48,24,48,2023-04,2023-05-05,1
Labour,CES0500000003,1,month_open,2023-07,Labour Bridge Ridge,2023-07-01,2023-08-04,72,48,24,48,2023-05,2023-06-02,1
Labour,CES0500000003,1,month_open,2023-08,Labour Bridge Ridge,2023-08-01,2023-09-01,73,48,24,48,2023-06,2023-07-07,1
Labour,CES0500000003,1,month_open,2023-09,Labour Bridge Ridge,2023-09-01,2023-10-06,74,48,24,48,2023-07,2023-08-04,1
Labour,CES0500000003,1,month_open,2023-10,Labour Bridge Ridge,2023-10-01,2023-11-03,75,48,24,48,2023-08,2023-09-01,1
Labour,CES0500000003,1,month_open,2023-11,Labour Bridge Ridge,2023-11-01,2023-12-08,76,48,24,48,2023-09,2023-10-06,1
Labour,CES0500000003,1,month_open,2023-12,Labour Bridge Ridge,2023-12-01,2024-01-05,77,48,24,48,2023-10,2023-11-03,1
Labour,CES0500000003,1,month_open,2024-01,Labour Bridge Ridge,2024-01-01,2024-02-02,78,48,24,48,2023-11,2023-12-08,1
Labour,CES0500000003,1,month_open,2024-02,Labour Bridge Ridge,2024-02-01,2024-03-08,79,48,24,48,2023-12,2024-01-05,1
Labour,CES0500000003,1,month_open,2024-03,Labour Bridge Ridge,2024-03-01,2024-04-05,80,48,24,48,2024-01,2024-02-02,1
Labour,CES0500000003,1,month_open,2024-04,Labour Bridge Ridge,2024-04-01,2024-05-03,81,48,24,48,2024-02,2024-03-08,1
Labour,CES0500000003,1,month_open,2024-05,Labour Bridge Ridge,2024-05-01,2024-06-07,82,48,24,48,2024-03,2024-04-05,1
Labour,CES0500000003,1,month_open,2024-06,Labour Bridge Ridge,2024-06-01,2024-07-05,83,48,24,48,2024-04,2024-05-03,1
Labour,CES0500000003,1,month_open,2024-07,Labour Bridge Ridge,2024-07-01,2024-08-02,84,48,24,48,2024-05,2024-06-07,1
Labour,CES0500000003,1,month_open,2024-08,Labour Bridge Ridge,2024-08-01,2024-09-06,85,48,24,48,2024-06,2024-07-05,1
Labour,CES0500000003,1,month_open,2024-09,Labour Bridge Ridge,2024-09-01,2024-10-04,86,48,24,48,2024-07,2024-08-02,1
Labour,CES0500000003,1,month_open,2024-10,Labour Bridge Ridge,2024-10-01,2024-11-01,87,48,24,48,2024-08,2024-09-06,1
Labour,CES0500000003,1,month_open,2024-11,Labour Bridge Ridge,2024-11-01,2024-12-06,88,48,24,48,2024-09,2024-10-04,1
Labour,CES0500000003,1,month_open,2024-12,Labour Bridge Ridge,2024-12-01,2025-01-10,89,48,24,48,2024-10,2024-11-01,1
Labour,CES0500000003,1,month_open,2025-01,Labour Bridge Ridge,2025-01-01,2025-02-07,90,48,24,48,2024-11,2024-12-06,1
Labour,CES0500000003,1,month_open,2025-02,Labour Bridge Ridge,2025-02-01,2025-03-07,91,48,24,48,2024-12,2025-01-10,1
Labour,CES0500000003,1,month_open,2025-03,Labour Bridge Ridge,2025-03-01,2025-04-04,92,48,24,48,2025-01,2025-02-07,1
Labour,CES0500000003,1,month_open,2025-04,Labour Bridge Ridge,2025-04-01,2025-05-02,93,48,24,48,2025-02,2025-03-07,1
Labour,CES0500000003,1,month_open,2025-05,Labour Bridge Ridge,2025-05-01,2025-06-06,94,48,24,48,2025-03,2025-04-04,1
Labour,CES0500000003,1,month_open,2025-06,Labour Bridge Ridge,2025-06-01,2025-07-03,95,48,24,48,2025-04,2025-05-02,1
Labour,CES0500000003,1,month_open,2025-07,Labour Bridge Ridge,2025-07-01,2025-08-01,96,48,24,48,2025-05,2025-06-06,1
Labour,CES0500000003,1,month_open,2025-08,Labour Bridge Ridge,2025-08-01,2025-09-05,97,48,24,48,2025-06,2025-07-03,1
Labour,CES0500000003,1,month_open,2025-09,Labour Bridge Ridge,2025-09-01,2025-11-20,98,48,24,48,2025-07,2025-08-01,1
Labour,CES0500000003,1,month_open,2025-10,Labour Bridge Ridge,2025-10-01,2025-12-16,99,48,24,48,2025-08,2025-09-05,1
Labour,CES0500000003,1,month_open,2025-11,Labour Bridge Ridge,2025-11-01,2025-12-16,99,48,24,48,2025-08,2025-09-05,1
Labour,CES0500000003,1,month_open,2025-12,Labour Bridge Ridge,2025-12-01,2026-01-09,100,48,24,48,2025-09,2025-11-20,1
Labour,CES0500000003,1,month_open,2026-01,Labour Bridge Ridge,2026-01-01,2026-02-11,102,48,24,48,2025-11,2025-12-16,1
Labour,CES0500000003,1,month_open,2026-02,Labour Bridge Ridge,2026-02-01,2026-03-06,103,48,24,48,2025-12,2026-01-09,1
Labour,CES0500000003,1,month_open,2026-03,Labour Bridge Ridge,2026-03-01,2026-04-03,104,48,24,48,2026-01,2026-02-11,1
Labour,CES0500000003,1,month_open,2026-04,Labour Bridge Ridge,2026-04-01,2026-05-08,105,48,24,48,2026-02,2026-03-06,1
Labour,CES0500000003,1,month_open,2026-05,Labour Bridge Ridge,2026-05-01,2026-06-05,106,48,24,48,2026-03,2026-04-03,1
Labour,CES0500000003,1,month_open,2026-06,Labour Bridge Ridge,2026-06-01,2026-07-02,107,48,24,48,2026-04,2026-05-08,1
Labour,CES0500000003,2,after_week_1,2023-02,Labour Bridge Ridge,2023-02-07,2023-03-10,68,48,24,48,2023-01,2023-02-03,1
Labour,CES0500000003,2,after_week_1,2023-03,Labour Bridge Ridge,2023-03-07,2023-04-07,68,48,24,48,2023-01,2023-02-03,1
Labour,CES0500000003,2,after_week_1,2023-04,Labour Bridge Ridge,2023-04-07,2023-05-05,69,48,24,48,2023-02,2023-03-10,1
Labour,CES0500000003,2,after_week_1,2023-05,Labour Bridge Ridge,2023-05-07,2023-06-02,71,48,24,48,2023-04,2023-05-05,1
Labour,CES0500000003,2,after_week_1,2023-06,Labour Bridge Ridge,2023-06-07,2023-07-07,72,48,24,48,2023-05,2023-06-02,1
Labour,CES0500000003,2,after_week_1,2023-07,Labour Bridge Ridge,2023-07-07,2023-08-04,72,48,24,48,2023-05,2023-06-02,1
Labour,CES0500000003,2,after_week_1,2023-08,Labour Bridge Ridge,2023-08-07,2023-09-01,74,48,24,48,2023-07,2023-08-04,1
Labour,CES0500000003,2,after_week_1,2023-09,Labour Bridge Ridge,2023-09-07,2023-10-06,75,48,24,48,2023-08,2023-09-01,1
Labour,CES0500000003,2,after_week_1,2023-10,Labour Bridge Ridge,2023-10-07,2023-11-03,76,48,24,48,2023-09,2023-10-06,1
Labour,CES0500000003,2,after_week_1,2023-11,Labour Bridge Ridge,2023-11-07,2023-12-08,77,48,24,48,2023-10,2023-11-03,1
Labour,CES0500000003,2,after_week_1,2023-12,Labour Bridge Ridge,2023-12-07,2024-01-05,77,48,24,48,2023-10,2023-11-03,1
Labour,CES0500000003,2,after_week_1,2024-01,Labour Bridge Ridge,2024-01-07,2024-02-02,79,48,24,48,2023-12,2024-01-05,1
Labour,CES0500000003,2,after_week_1,2024-02,Labour Bridge Ridge,2024-02-07,2024-03-08,80,48,24,48,2024-01,2024-02-02,1
Labour,CES0500000003,2,after_week_1,2024-03,Labour Bridge Ridge,2024-03-07,2024-04-05,80,48,24,48,2024-01,2024-02-02,1
Labour,CES0500000003,2,after_week_1,2024-04,Labour Bridge Ridge,2024-04-07,2024-05-03,82,48,24,48,2024-03,2024-04-05,1
Labour,CES0500000003,2,after_week_1,2024-05,Labour Bridge Ridge,2024-05-07,2024-06-07,83,48,24,48,2024-04,2024-05-03,1
Labour,CES0500000003,2,after_week_1,2024-06,Labour Bridge Ridge,2024-06-07,2024-07-05,83,48,24,48,2024-04,2024-05-03,1
Labour,CES0500000003,2,after_week_1,2024-07,Labour Bridge Ridge,2024-07-07,2024-08-02,85,48,24,48,2024-06,2024-07-05,1
Labour,CES0500000003,2,after_week_1,2024-08,Labour Bridge Ridge,2024-08-07,2024-09-06,86,48,24,48,2024-07,2024-08-02,1
Labour,CES0500000003,2,after_week_1,2024-09,Labour Bridge Ridge,2024-09-07,2024-10-04,87,48,24,48,2024-08,2024-09-06,1
Labour,CES0500000003,2,after_week_1,2024-10,Labour Bridge Ridge,2024-10-07,2024-11-01,88,48,24,48,2024-09,2024-10-04,1
Labour,CES0500000003,2,after_week_1,2024-11,Labour Bridge Ridge,2024-11-07,2024-12-06,89,48,24,48,2024-10,2024-11-01,1
Labour,CES0500000003,2,after_week_1,2024-12,Labour Bridge Ridge,2024-12-07,2025-01-10,90,48,24,48,2024-11,2024-12-06,1
Labour,CES0500000003,2,after_week_1,2025-01,Labour Bridge Ridge,2025-01-07,2025-02-07,90,48,24,48,2024-11,2024-12-06,1
Labour,CES0500000003,2,after_week_1,2025-02,Labour Bridge Ridge,2025-02-07,2025-03-07,91,48,24,48,2024-12,2025-01-10,1
Labour,CES0500000003,2,after_week_1,2025-03,Labour Bridge Ridge,2025-03-07,2025-04-04,92,48,24,48,2025-01,2025-02-07,1
Labour,CES0500000003,2,after_week_1,2025-04,Labour Bridge Ridge,2025-04-07,2025-05-02,94,48,24,48,2025-03,2025-04-04,1
Labour,CES0500000003,2,after_week_1,2025-05,Labour Bridge Ridge,2025-05-07,2025-06-06,95,48,24,48,2025-04,2025-05-02,1
Labour,CES0500000003,2,after_week_1,2025-06,Labour Bridge Ridge,2025-06-07,2025-07-03,96,48,24,48,2025-05,2025-06-06,1
Labour,CES0500000003,2,after_week_1,2025-07,Labour Bridge Ridge,2025-07-07,2025-08-01,97,48,24,48,2025-06,2025-07-03,1
Labour,CES0500000003,2,after_week_1,2025-08,Labour Bridge Ridge,2025-08-07,2025-09-05,98,48,24,48,2025-07,2025-08-01,1
Labour,CES0500000003,2,after_week_1,2025-09,Labour Bridge Ridge,2025-09-07,2025-11-20,99,48,24,48,2025-08,2025-09-05,1
Labour,CES0500000003,2,after_week_1,2025-10,Labour Bridge Ridge,2025-10-07,2025-12-16,99,48,24,48,2025-08,2025-09-05,1
Labour,CES0500000003,2,after_week_1,2025-11,Labour Bridge Ridge,2025-11-07,2025-12-16,99,48,24,48,2025-08,2025-09-05,1
Labour,CES0500000003,2,after_week_1,2025-12,Labour Bridge Ridge,2025-12-07,2026-01-09,100,48,24,48,2025-09,2025-11-20,1
Labour,CES0500000003,2,after_week_1,2026-01,Labour Bridge Ridge,2026-01-07,2026-02-11,102,48,24,48,2025-11,2025-12-16,1
Labour,CES0500000003,2,after_week_1,2026-02,Labour Bridge Ridge,2026-02-07,2026-03-06,103,48,24,48,2025-12,2026-01-09,1
Labour,CES0500000003,2,after_week_1,2026-03,Labour Bridge Ridge,2026-03-07,2026-04-03,105,48,24,48,2026-02,2026-03-06,1
Labour,CES0500000003,2,after_week_1,2026-04,Labour Bridge Ridge,2026-04-07,2026-05-08,106,48,24,48,2026-03,2026-04-03,1
Labour,CES0500000003,2,after_week_1,2026-05,Labour Bridge Ridge,2026-05-07,2026-06-05,106,48,24,48,2026-03,2026-04-03,1
Labour,CES0500000003,2,after_week_1,2026-06,Labour Bridge Ridge,2026-06-07,2026-07-02,108,48,24,48,2026-05,2026-06-05,1
Labour,CES0500000003,3,after_week_2,2023-02,Labour Bridge Ridge,2023-02-14,2023-03-10,69,48,24,48,2023-01,2023-02-03,1
Labour,CES0500000003,3,after_week_2,2023-03,Labour Bridge Ridge,2023-03-14,2023-04-07,70,48,24,48,2023-02,2023-03-10,1
Labour,CES0500000003,3,after_week_2,2023-04,Labour Bridge Ridge,2023-04-14,2023-05-05,71,48,24,48,2023-03,2023-04-07,1
Labour,CES0500000003,3,after_week_2,2023-05,Labour Bridge Ridge,2023-05-14,2023-06-02,72,48,24,48,2023-04,2023-05-05,1
Labour,CES0500000003,3,after_week_2,2023-06,Labour Bridge Ridge,2023-06-14,2023-07-07,73,48,24,48,2023-05,2023-06-02,1
Labour,CES0500000003,3,after_week_2,2023-07,Labour Bridge Ridge,2023-07-14,2023-08-04,74,48,24,48,2023-06,2023-07-07,1
Labour,CES0500000003,3,after_week_2,2023-08,Labour Bridge Ridge,2023-08-14,2023-09-01,75,48,24,48,2023-07,2023-08-04,1
Labour,CES0500000003,3,after_week_2,2023-09,Labour Bridge Ridge,2023-09-14,2023-10-06,76,48,24,48,2023-08,2023-09-01,1
Labour,CES0500000003,3,after_week_2,2023-10,Labour Bridge Ridge,2023-10-14,2023-11-03,77,48,24,48,2023-09,2023-10-06,1
Labour,CES0500000003,3,after_week_2,2023-11,Labour Bridge Ridge,2023-11-14,2023-12-08,78,48,24,48,2023-10,2023-11-03,1
Labour,CES0500000003,3,after_week_2,2023-12,Labour Bridge Ridge,2023-12-14,2024-01-05,79,48,24,48,2023-11,2023-12-08,1
Labour,CES0500000003,3,after_week_2,2024-01,Labour Bridge Ridge,2024-01-14,2024-02-02,80,48,24,48,2023-12,2024-01-05,1
Labour,CES0500000003,3,after_week_2,2024-02,Labour Bridge Ridge,2024-02-14,2024-03-08,81,48,24,48,2024-01,2024-02-02,1
Labour,CES0500000003,3,after_week_2,2024-03,Labour Bridge Ridge,2024-03-14,2024-04-05,82,48,24,48,2024-02,2024-03-08,1
Labour,CES0500000003,3,after_week_2,2024-04,Labour Bridge Ridge,2024-04-14,2024-05-03,83,48,24,48,2024-03,2024-04-05,1
Labour,CES0500000003,3,after_week_2,2024-05,Labour Bridge Ridge,2024-05-14,2024-06-07,84,48,24,48,2024-04,2024-05-03,1
Labour,CES0500000003,3,after_week_2,2024-06,Labour Bridge Ridge,2024-06-14,2024-07-05,85,48,24,48,2024-05,2024-06-07,1
Labour,CES0500000003,3,after_week_2,2024-07,Labour Bridge Ridge,2024-07-14,2024-08-02,86,48,24,48,2024-06,2024-07-05,1
Labour,CES0500000003,3,after_week_2,2024-08,Labour Bridge Ridge,2024-08-14,2024-09-06,87,48,24,48,2024-07,2024-08-02,1
Labour,CES0500000003,3,after_week_2,2024-09,Labour Bridge Ridge,2024-09-14,2024-10-04,88,48,24,48,2024-08,2024-09-06,1
Labour,CES0500000003,3,after_week_2,2024-10,Labour Bridge Ridge,2024-10-14,2024-11-01,89,48,24,48,2024-09,2024-10-04,1
Labour,CES0500000003,3,after_week_2,2024-11,Labour Bridge Ridge,2024-11-14,2024-12-06,90,48,24,48,2024-10,2024-11-01,1
Labour,CES0500000003,3,after_week_2,2024-12,Labour Bridge Ridge,2024-12-14,2025-01-10,91,48,24,48,2024-11,2024-12-06,1
Labour,CES0500000003,3,after_week_2,2025-01,Labour Bridge Ridge,2025-01-14,2025-02-07,92,48,24,48,2024-12,2025-01-10,1
Labour,CES0500000003,3,after_week_2,2025-02,Labour Bridge Ridge,2025-02-14,2025-03-07,93,48,24,48,2025-01,2025-02-07,1
Labour,CES0500000003,3,after_week_2,2025-03,Labour Bridge Ridge,2025-03-14,2025-04-04,94,48,24,48,2025-02,2025-03-07,1
Labour,CES0500000003,3,after_week_2,2025-04,Labour Bridge Ridge,2025-04-14,2025-05-02,95,48,24,48,2025-03,2025-04-04,1
Labour,CES0500000003,3,after_week_2,2025-05,Labour Bridge Ridge,2025-05-14,2025-06-06,96,48,24,48,2025-04,2025-05-02,1
Labour,CES0500000003,3,after_week_2,2025-06,Labour Bridge Ridge,2025-06-14,2025-07-03,97,48,24,48,2025-05,2025-06-06,1
Labour,CES0500000003,3,after_week_2,2025-07,Labour Bridge Ridge,2025-07-14,2025-08-01,98,48,24,48,2025-06,2025-07-03,1
Labour,CES0500000003,3,after_week_2,2025-08,Labour Bridge Ridge,2025-08-14,2025-09-05,99,48,24,48,2025-07,2025-08-01,1
Labour,CES0500000003,3,after_week_2,2025-09,Labour Bridge Ridge,2025-09-14,2025-11-20,100,48,24,48,2025-08,2025-09-05,1
Labour,CES0500000003,3,after_week_2,2025-10,Labour Bridge Ridge,2025-10-14,2025-12-16,100,48,24,48,2025-08,2025-09-05,1
Labour,CES0500000003,3,after_week_2,2025-11,Labour Bridge Ridge,2025-11-14,2025-12-16,100,48,24,48,2025-08,2025-09-05,1
Labour,CES0500000003,3,after_week_2,2025-12,Labour Bridge Ridge,2025-12-14,2026-01-09,101,48,24,48,2025-09,2025-11-20,1
Labour,CES0500000003,3,after_week_2,2026-01,Labour Bridge Ridge,2026-01-14,2026-02-11,104,48,24,48,2025-12,2026-01-09,1
Labour,CES0500000003,3,after_week_2,2026-02,Labour Bridge Ridge,2026-02-14,2026-03-06,105,48,24,48,2026-01,2026-02-11,1
Labour,CES0500000003,3,after_week_2,2026-03,Labour Bridge Ridge,2026-03-14,2026-04-03,106,48,24,48,2026-02,2026-03-06,1
Labour,CES0500000003,3,after_week_2,2026-04,Labour Bridge Ridge,2026-04-14,2026-05-08,107,48,24,48,2026-03,2026-04-03,1
Labour,CES0500000003,3,after_week_2,2026-05,Labour Bridge Ridge,2026-05-14,2026-06-05,108,48,24,48,2026-04,2026-05-08,1
Labour,CES0500000003,3,after_week_2,2026-06,Labour Bridge Ridge,2026-06-14,2026-07-02,109,48,24,48,2026-05,2026-06-05,1
Labour,CES0500000003,4,month_end,2023-02,Labour Equal-Weight Ensemble,2023-02-28,2023-03-10,69,48,24,48,2023-01,2023-02-03,1
Labour,CES0500000003,4,month_end,2023-03,Labour Equal-Weight Ensemble,2023-03-31,2023-04-07,70,48,24,48,2023-02,2023-03-10,1
Labour,CES0500000003,4,month_end,2023-04,Labour Equal-Weight Ensemble,2023-04-30,2023-05-05,71,48,24,48,2023-03,2023-04-07,1
Labour,CES0500000003,4,month_end,2023-05,Labour Equal-Weight Ensemble,2023-05-31,2023-06-02,72,48,24,48,2023-04,2023-05-05,1
Labour,CES0500000003,4,month_end,2023-06,Labour Equal-Weight Ensemble,2023-06-30,2023-07-07,73,48,24,48,2023-05,2023-06-02,1
Labour,CES0500000003,4,month_end,2023-07,Labour Equal-Weight Ensemble,2023-07-31,2023-08-04,74,48,24,48,2023-06,2023-07-07,1
Labour,CES0500000003,4,month_end,2023-08,Labour Equal-Weight Ensemble,2023-08-31,2023-09-01,75,48,24,48,2023-07,2023-08-04,1
Labour,CES0500000003,4,month_end,2023-09,Labour Equal-Weight Ensemble,2023-09-30,2023-10-06,76,48,24,48,2023-08,2023-09-01,1
Labour,CES0500000003,4,month_end,2023-10,Labour Equal-Weight Ensemble,2023-10-31,2023-11-03,77,48,24,48,2023-09,2023-10-06,1
Labour,CES0500000003,4,month_end,2023-11,Labour Equal-Weight Ensemble,2023-11-30,2023-12-08,78,48,24,48,2023-10,2023-11-03,1
Labour,CES0500000003,4,month_end,2023-12,Labour Equal-Weight Ensemble,2023-12-31,2024-01-05,79,48,24,48,2023-11,2023-12-08,1
Labour,CES0500000003,4,month_end,2024-01,Labour Equal-Weight Ensemble,2024-01-31,2024-02-02,80,48,24,48,2023-12,2024-01-05,1
Labour,CES0500000003,4,month_end,2024-02,Labour Equal-Weight Ensemble,2024-02-29,2024-03-08,81,48,24,48,2024-01,2024-02-02,1
Labour,CES0500000003,4,month_end,2024-03,Labour Equal-Weight Ensemble,2024-03-31,2024-04-05,82,48,24,48,2024-02,2024-03-08,1
Labour,CES0500000003,4,month_end,2024-04,Labour Equal-Weight Ensemble,2024-04-30,2024-05-03,83,48,24,48,2024-03,2024-04-05,1
Labour,CES0500000003,4,month_end,2024-05,Labour Equal-Weight Ensemble,2024-05-31,2024-06-07,84,48,24,48,2024-04,2024-05-03,1
Labour,CES0500000003,4,month_end,2024-06,Labour Equal-Weight Ensemble,2024-06-30,2024-07-05,85,48,24,48,2024-05,2024-06-07,1
Labour,CES0500000003,4,month_end,2024-07,Labour Equal-Weight Ensemble,2024-07-31,2024-08-02,86,48,24,48,2024-06,2024-07-05,1
Labour,CES0500000003,4,month_end,2024-08,Labour Equal-Weight Ensemble,2024-08-31,2024-09-06,87,48,24,48,2024-07,2024-08-02,1
Labour,CES0500000003,4,month_end,2024-09,Labour Equal-Weight Ensemble,2024-09-30,2024-10-04,88,48,24,48,2024-08,2024-09-06,1
Labour,CES0500000003,4,month_end,2024-10,Labour Equal-Weight Ensemble,2024-10-31,2024-11-01,89,48,24,48,2024-09,2024-10-04,1
Labour,CES0500000003,4,month_end,2024-11,Labour Equal-Weight Ensemble,2024-11-30,2024-12-06,90,48,24,48,2024-10,2024-11-01,1
Labour,CES0500000003,4,month_end,2024-12,Labour Equal-Weight Ensemble,2024-12-31,2025-01-10,91,48,24,48,2024-11,2024-12-06,1
Labour,CES0500000003,4,month_end,2025-01,Labour Equal-Weight Ensemble,2025-01-31,2025-02-07,92,48,24,48,2024-12,2025-01-10,1
Labour,CES0500000003,4,month_end,2025-02,Labour Equal-Weight Ensemble,2025-02-28,2025-03-07,93,48,24,48,2025-01,2025-02-07,1
Labour,CES0500000003,4,month_end,2025-03,Labour Equal-Weight Ensemble,2025-03-31,2025-04-04,94,48,24,48,2025-02,2025-03-07,1
Labour,CES0500000003,4,month_end,2025-04,Labour Equal-Weight Ensemble,2025-04-30,2025-05-02,95,48,24,48,2025-03,2025-04-04,1
Labour,CES0500000003,4,month_end,2025-05,Labour Equal-Weight Ensemble,2025-05-31,2025-06-06,96,48,24,48,2025-04,2025-05-02,1
Labour,CES0500000003,4,month_end,2025-06,Labour Equal-Weight Ensemble,2025-06-30,2025-07-03,97,48,24,48,2025-05,2025-06-06,1
Labour,CES0500000003,4,month_end,2025-07,Labour Equal-Weight Ensemble,2025-07-31,2025-08-01,98,48,24,48,2025-06,2025-07-03,1
Labour,CES0500000003,4,month_end,2025-08,Labour Equal-Weight Ensemble,2025-08-31,2025-09-05,99,48,24,48,2025-07,2025-08-01,1
Labour,CES0500000003,4,month_end,2025-09,Labour Equal-Weight Ensemble,2025-09-30,2025-11-20,100,48,24,48,2025-08,2025-09-05,1
Labour,CES0500000003,4,month_end,2025-10,Labour Equal-Weight Ensemble,2025-10-31,2025-12-16,100,48,24,48,2025-08,2025-09-05,1
Labour,CES0500000003,4,month_end,2025-11,Labour Equal-Weight Ensemble,2025-11-30,2025-12-16,101,48,24,48,2025-09,2025-11-20,1
Labour,CES0500000003,4,month_end,2025-12,Labour Equal-Weight Ensemble,2025-12-31,2026-01-09,103,48,24,48,2025-11,2025-12-16,1
Labour,CES0500000003,4,month_end,2026-01,Labour Equal-Weight Ensemble,2026-01-31,2026-02-11,104,48,24,48,2025-12,2026-01-09,1
Labour,CES0500000003,4,month_end,2026-02,Labour Equal-Weight Ensemble,2026-02-28,2026-03-06,105,48,24,48,2026-01,2026-02-11,1
Labour,CES0500000003,4,month_end,2026-03,Labour Equal-Weight Ensemble,2026-03-31,2026-04-03,106,48,24,48,2026-02,2026-03-06,1
Labour,CES0500000003,4,month_end,2026-04,Labour Equal-Weight Ensemble,2026-04-30,2026-05-08,107,48,24,48,2026-03,2026-04-03,1
Labour,CES0500000003,4,month_end,2026-05,Labour Equal-Weight Ensemble,2026-05-31,2026-06-05,108,48,24,48,2026-04,2026-05-08,1
Labour,CES0500000003,4,month_end,2026-06,Labour Equal-Weight Ensemble,2026-06-30,2026-07-02,109,48,24,48,2026-05,2026-06-05,1
Labour,CES0500000003,5,pre_employment_report,2023-02,Labour Equal-Weight Ensemble,2023-03-09,2023-03-10,69,48,24,48,2023-01,2023-02-03,1
Labour,CES0500000003,5,pre_employment_report,2023-03,Labour Equal-Weight Ensemble,2023-04-06,2023-04-07,70,48,24,48,2023-02,2023-03-10,1
Labour,CES0500000003,5,pre_employment_report,2023-04,Labour Equal-Weight Ensemble,2023-05-04,2023-05-05,71,48,24,48,2023-03,2023-04-07,1
Labour,CES0500000003,5,pre_employment_report,2023-05,Labour Equal-Weight Ensemble,2023-06-01,2023-06-02,72,48,24,48,2023-04,2023-05-05,1
Labour,CES0500000003,5,pre_employment_report,2023-06,Labour Equal-Weight Ensemble,2023-07-06,2023-07-07,73,48,24,48,2023-05,2023-06-02,1
Labour,CES0500000003,5,pre_employment_report,2023-07,Labour Equal-Weight Ensemble,2023-08-03,2023-08-04,74,48,24,48,2023-06,2023-07-07,1
Labour,CES0500000003,5,pre_employment_report,2023-08,Labour Equal-Weight Ensemble,2023-08-31,2023-09-01,75,48,24,48,2023-07,2023-08-04,1
Labour,CES0500000003,5,pre_employment_report,2023-09,Labour Equal-Weight Ensemble,2023-10-05,2023-10-06,76,48,24,48,2023-08,2023-09-01,1
Labour,CES0500000003,5,pre_employment_report,2023-10,Labour Equal-Weight Ensemble,2023-11-02,2023-11-03,77,48,24,48,2023-09,2023-10-06,1
Labour,CES0500000003,5,pre_employment_report,2023-11,Labour Equal-Weight Ensemble,2023-12-07,2023-12-08,78,48,24,48,2023-10,2023-11-03,1
Labour,CES0500000003,5,pre_employment_report,2023-12,Labour Equal-Weight Ensemble,2024-01-04,2024-01-05,79,48,24,48,2023-11,2023-12-08,1
Labour,CES0500000003,5,pre_employment_report,2024-01,Labour Equal-Weight Ensemble,2024-02-01,2024-02-02,80,48,24,48,2023-12,2024-01-05,1
Labour,CES0500000003,5,pre_employment_report,2024-02,Labour Equal-Weight Ensemble,2024-03-07,2024-03-08,81,48,24,48,2024-01,2024-02-02,1
Labour,CES0500000003,5,pre_employment_report,2024-03,Labour Equal-Weight Ensemble,2024-04-04,2024-04-05,82,48,24,48,2024-02,2024-03-08,1
Labour,CES0500000003,5,pre_employment_report,2024-04,Labour Equal-Weight Ensemble,2024-05-02,2024-05-03,83,48,24,48,2024-03,2024-04-05,1
Labour,CES0500000003,5,pre_employment_report,2024-05,Labour Equal-Weight Ensemble,2024-06-06,2024-06-07,84,48,24,48,2024-04,2024-05-03,1
Labour,CES0500000003,5,pre_employment_report,2024-06,Labour Equal-Weight Ensemble,2024-07-04,2024-07-05,85,48,24,48,2024-05,2024-06-07,1
Labour,CES0500000003,5,pre_employment_report,2024-07,Labour Equal-Weight Ensemble,2024-08-01,2024-08-02,86,48,24,48,2024-06,2024-07-05,1
Labour,CES0500000003,5,pre_employment_report,2024-08,Labour Equal-Weight Ensemble,2024-09-05,2024-09-06,87,48,24,48,2024-07,2024-08-02,1
Labour,CES0500000003,5,pre_employment_report,2024-09,Labour Equal-Weight Ensemble,2024-10-03,2024-10-04,88,48,24,48,2024-08,2024-09-06,1
Labour,CES0500000003,5,pre_employment_report,2024-10,Labour Equal-Weight Ensemble,2024-10-31,2024-11-01,89,48,24,48,2024-09,2024-10-04,1
Labour,CES0500000003,5,pre_employment_report,2024-11,Labour Equal-Weight Ensemble,2024-12-05,2024-12-06,90,48,24,48,2024-10,2024-11-01,1
Labour,CES0500000003,5,pre_employment_report,2024-12,Labour Equal-Weight Ensemble,2025-01-09,2025-01-10,91,48,24,48,2024-11,2024-12-06,1
Labour,CES0500000003,5,pre_employment_report,2025-01,Labour Equal-Weight Ensemble,2025-02-06,2025-02-07,92,48,24,48,2024-12,2025-01-10,1
Labour,CES0500000003,5,pre_employment_report,2025-02,Labour Equal-Weight Ensemble,2025-03-06,2025-03-07,93,48,24,48,2025-01,2025-02-07,1
Labour,CES0500000003,5,pre_employment_report,2025-03,Labour Equal-Weight Ensemble,2025-04-03,2025-04-04,94,48,24,48,2025-02,2025-03-07,1
Labour,CES0500000003,5,pre_employment_report,2025-04,Labour Equal-Weight Ensemble,2025-05-01,2025-05-02,95,48,24,48,2025-03,2025-04-04,1
Labour,CES0500000003,5,pre_employment_report,2025-05,Labour Equal-Weight Ensemble,2025-06-05,2025-06-06,96,48,24,48,2025-04,2025-05-02,1
Labour,CES0500000003,5,pre_employment_report,2025-06,Labour Equal-Weight Ensemble,2025-07-02,2025-07-03,97,48,24,48,2025-05,2025-06-06,1
Labour,CES0500000003,5,pre_employment_report,2025-07,Labour Equal-Weight Ensemble,2025-07-31,2025-08-01,98,48,24,48,2025-06,2025-07-03,1
Labour,CES0500000003,5,pre_employment_report,2025-08,Labour Equal-Weight Ensemble,2025-09-04,2025-09-05,99,48,24,48,2025-07,2025-08-01,1
Labour,CES0500000003,5,pre_employment_report,2025-09,Labour Equal-Weight Ensemble,2025-11-19,2025-11-20,100,48,24,48,2025-08,2025-09-05,1
Labour,CES0500000003,5,pre_employment_report,2025-10,Labour Equal-Weight Ensemble,2025-12-15,2025-12-16,101,48,24,48,2025-09,2025-11-20,1
Labour,CES0500000003,5,pre_employment_report,2025-11,Labour Equal-Weight Ensemble,2025-12-15,2025-12-16,101,48,24,48,2025-09,2025-11-20,1
Labour,CES0500000003,5,pre_employment_report,2025-12,Labour Equal-Weight Ensemble,2026-01-08,2026-01-09,103,48,24,48,2025-11,2025-12-16,1
Labour,CES0500000003,5,pre_employment_report,2026-01,Labour Equal-Weight Ensemble,2026-02-10,2026-02-11,104,48,24,48,2025-12,2026-01-09,1
Labour,CES0500000003,5,pre_employment_report,2026-02,Labour Equal-Weight Ensemble,2026-03-05,2026-03-06,105,48,24,48,2026-01,2026-02-11,1
Labour,CES0500000003,5,pre_employment_report,2026-03,Labour Equal-Weight Ensemble,2026-04-02,2026-04-03,106,48,24,48,2026-02,2026-03-06,1
Labour,CES0500000003,5,pre_employment_report,2026-04,Labour Equal-Weight Ensemble,2026-05-07,2026-05-08,107,48,24,48,2026-03,2026-04-03,1
Labour,CES0500000003,5,pre_employment_report,2026-05,Labour Equal-Weight Ensemble,2026-06-04,2026-06-05,108,48,24,48,2026-04,2026-05-08,1
Labour,CES0500000003,5,pre_employment_report,2026-06,Labour Equal-Weight Ensemble,2026-07-01,2026-07-02,109,48,24,48,2026-05,2026-06-05,1
Labour,PAYEMS,1,month_open,2023-02,Labour 12-Month Mean,2023-02-01,2023-03-10,77,48,24,48,2022-12,2023-01-06,1
Labour,PAYEMS,1,month_open,2023-03,Labour 12-Month Mean,2023-03-01,2023-04-07,78,48,24,48,2023-01,2023-02-03,1
Labour,PAYEMS,1,month_open,2023-04,Labour 12-Month Mean,2023-04-01,2023-05-05,79,48,24,48,2023-02,2023-03-10,1
Labour,PAYEMS,1,month_open,2023-05,Labour 12-Month Mean,2023-05-01,2023-06-02,80,48,24,48,2023-03,2023-04-07,1
Labour,PAYEMS,1,month_open,2023-06,Labour 12-Month Mean,2023-06-01,2023-07-07,81,48,24,48,2023-04,2023-05-05,1
Labour,PAYEMS,1,month_open,2023-07,Labour 12-Month Mean,2023-07-01,2023-08-04,82,48,24,48,2023-05,2023-06-02,1
Labour,PAYEMS,1,month_open,2023-08,Labour 12-Month Mean,2023-08-01,2023-09-01,83,48,24,48,2023-06,2023-07-07,1
Labour,PAYEMS,1,month_open,2023-09,Labour 12-Month Mean,2023-09-01,2023-10-06,84,48,24,48,2023-07,2023-08-04,1
Labour,PAYEMS,1,month_open,2023-10,Labour 12-Month Mean,2023-10-01,2023-11-03,85,48,24,48,2023-08,2023-09-01,1
Labour,PAYEMS,1,month_open,2023-11,Labour 12-Month Mean,2023-11-01,2023-12-08,86,48,24,48,2023-09,2023-10-06,1
Labour,PAYEMS,1,month_open,2023-12,Labour 12-Month Mean,2023-12-01,2024-01-05,87,48,24,48,2023-10,2023-11-03,1
Labour,PAYEMS,1,month_open,2024-01,Labour 12-Month Mean,2024-01-01,2024-02-02,88,48,24,48,2023-11,2023-12-08,1
Labour,PAYEMS,1,month_open,2024-02,Labour 12-Month Mean,2024-02-01,2024-03-08,89,48,24,48,2023-12,2024-01-05,1
Labour,PAYEMS,1,month_open,2024-03,Labour 12-Month Mean,2024-03-01,2024-04-05,90,48,24,48,2024-01,2024-02-02,1
Labour,PAYEMS,1,month_open,2024-04,Labour 12-Month Mean,2024-04-01,2024-05-03,91,48,24,48,2024-02,2024-03-08,1
Labour,PAYEMS,1,month_open,2024-05,Labour 12-Month Mean,2024-05-01,2024-06-07,92,48,24,48,2024-03,2024-04-05,1
Labour,PAYEMS,1,month_open,2024-06,Labour 12-Month Mean,2024-06-01,2024-07-05,93,48,24,48,2024-04,2024-05-03,1
Labour,PAYEMS,1,month_open,2024-07,Labour 12-Month Mean,2024-07-01,2024-08-02,94,48,24,48,2024-05,2024-06-07,1
Labour,PAYEMS,1,month_open,2024-08,Labour 12-Month Mean,2024-08-01,2024-09-06,95,48,24,48,2024-06,2024-07-05,1
Labour,PAYEMS,1,month_open,2024-09,Labour 12-Month Mean,2024-09-01,2024-10-04,96,48,24,48,2024-07,2024-08-02,1
Labour,PAYEMS,1,month_open,2024-10,Labour 12-Month Mean,2024-10-01,2024-11-01,97,48,24,48,2024-08,2024-09-06,1
Labour,PAYEMS,1,month_open,2024-11,Labour 12-Month Mean,2024-11-01,2024-12-06,98,48,24,48,2024-09,2024-10-04,1
Labour,PAYEMS,1,month_open,2024-12,Labour 12-Month Mean,2024-12-01,2025-01-10,99,48,24,48,2024-10,2024-11-01,1
Labour,PAYEMS,1,month_open,2025-01,Labour 12-Month Mean,2025-01-01,2025-02-07,100,48,24,48,2024-11,2024-12-06,1
Labour,PAYEMS,1,month_open,2025-02,Labour 12-Month Mean,2025-02-01,2025-03-07,101,48,24,48,2024-12,2025-01-10,1
Labour,PAYEMS,1,month_open,2025-03,Labour 12-Month Mean,2025-03-01,2025-04-04,102,48,24,48,2025-01,2025-02-07,1
Labour,PAYEMS,1,month_open,2025-04,Labour 12-Month Mean,2025-04-01,2025-05-02,103,48,24,48,2025-02,2025-03-07,1
Labour,PAYEMS,1,month_open,2025-05,Labour 12-Month Mean,2025-05-01,2025-06-06,104,48,24,48,2025-03,2025-04-04,1
Labour,PAYEMS,1,month_open,2025-06,Labour 12-Month Mean,2025-06-01,2025-07-03,105,48,24,48,2025-04,2025-05-02,1
Labour,PAYEMS,1,month_open,2025-07,Labour 12-Month Mean,2025-07-01,2025-08-01,106,48,24,48,2025-05,2025-06-06,1
Labour,PAYEMS,1,month_open,2025-08,Labour 12-Month Mean,2025-08-01,2025-09-05,107,48,24,48,2025-06,2025-07-03,1
Labour,PAYEMS,1,month_open,2025-09,Labour 12-Month Mean,2025-09-01,2025-11-20,108,48,24,48,2025-07,2025-08-01,1
Labour,PAYEMS,1,month_open,2025-10,Labour 12-Month Mean,2025-10-01,2025-12-16,109,48,24,48,2025-08,2025-09-05,1
Labour,PAYEMS,1,month_open,2025-11,Labour 12-Month Mean,2025-11-01,2025-12-16,109,48,24,48,2025-08,2025-09-05,1
Labour,PAYEMS,1,month_open,2025-12,Labour 12-Month Mean,2025-12-01,2026-01-09,110,48,24,48,2025-09,2025-11-20,1
Labour,PAYEMS,1,month_open,2026-01,Labour 12-Month Mean,2026-01-01,2026-02-11,112,48,24,48,2025-11,2025-12-16,1
Labour,PAYEMS,1,month_open,2026-02,Labour 12-Month Mean,2026-02-01,2026-03-06,113,48,24,48,2025-12,2026-01-09,1
Labour,PAYEMS,1,month_open,2026-03,Labour 12-Month Mean,2026-03-01,2026-04-03,114,48,24,48,2026-01,2026-02-11,1
Labour,PAYEMS,1,month_open,2026-04,Labour 12-Month Mean,2026-04-01,2026-05-08,115,48,24,48,2026-02,2026-03-06,1
Labour,PAYEMS,1,month_open,2026-05,Labour 12-Month Mean,2026-05-01,2026-06-05,116,48,24,48,2026-03,2026-04-03,1
Labour,PAYEMS,1,month_open,2026-06,Labour 12-Month Mean,2026-06-01,2026-07-02,117,48,24,48,2026-04,2026-05-08,1
Labour,PAYEMS,2,after_week_1,2023-02,Labour Bridge Ridge,2023-02-07,2023-03-10,78,48,24,48,2023-01,2023-02-03,1
Labour,PAYEMS,2,after_week_1,2023-03,Labour Bridge Ridge,2023-03-07,2023-04-07,78,48,24,48,2023-01,2023-02-03,1
Labour,PAYEMS,2,after_week_1,2023-04,Labour Bridge Ridge,2023-04-07,2023-05-05,79,48,24,48,2023-02,2023-03-10,1
Labour,PAYEMS,2,after_week_1,2023-05,Labour Bridge Ridge,2023-05-07,2023-06-02,81,48,24,48,2023-04,2023-05-05,1
Labour,PAYEMS,2,after_week_1,2023-06,Labour Bridge Ridge,2023-06-07,2023-07-07,82,48,24,48,2023-05,2023-06-02,1
Labour,PAYEMS,2,after_week_1,2023-07,Labour Bridge Ridge,2023-07-07,2023-08-04,82,48,24,48,2023-05,2023-06-02,1
Labour,PAYEMS,2,after_week_1,2023-08,Labour Bridge Ridge,2023-08-07,2023-09-01,84,48,24,48,2023-07,2023-08-04,1
Labour,PAYEMS,2,after_week_1,2023-09,Labour Bridge Ridge,2023-09-07,2023-10-06,85,48,24,48,2023-08,2023-09-01,1
Labour,PAYEMS,2,after_week_1,2023-10,Labour Bridge Ridge,2023-10-07,2023-11-03,86,48,24,48,2023-09,2023-10-06,1
Labour,PAYEMS,2,after_week_1,2023-11,Labour Bridge Ridge,2023-11-07,2023-12-08,87,48,24,48,2023-10,2023-11-03,1
Labour,PAYEMS,2,after_week_1,2023-12,Labour Bridge Ridge,2023-12-07,2024-01-05,87,48,24,48,2023-10,2023-11-03,1
Labour,PAYEMS,2,after_week_1,2024-01,Labour Bridge Ridge,2024-01-07,2024-02-02,89,48,24,48,2023-12,2024-01-05,1
Labour,PAYEMS,2,after_week_1,2024-02,Labour Bridge Ridge,2024-02-07,2024-03-08,90,48,24,48,2024-01,2024-02-02,1
Labour,PAYEMS,2,after_week_1,2024-03,Labour Bridge Ridge,2024-03-07,2024-04-05,90,48,24,48,2024-01,2024-02-02,1
Labour,PAYEMS,2,after_week_1,2024-04,Labour Bridge Ridge,2024-04-07,2024-05-03,92,48,24,48,2024-03,2024-04-05,1
Labour,PAYEMS,2,after_week_1,2024-05,Labour Bridge Ridge,2024-05-07,2024-06-07,93,48,24,48,2024-04,2024-05-03,1
Labour,PAYEMS,2,after_week_1,2024-06,Labour Bridge Ridge,2024-06-07,2024-07-05,93,48,24,48,2024-04,2024-05-03,1
Labour,PAYEMS,2,after_week_1,2024-07,Labour Bridge Ridge,2024-07-07,2024-08-02,95,48,24,48,2024-06,2024-07-05,1
Labour,PAYEMS,2,after_week_1,2024-08,Labour Bridge Ridge,2024-08-07,2024-09-06,96,48,24,48,2024-07,2024-08-02,1
Labour,PAYEMS,2,after_week_1,2024-09,Labour Bridge Ridge,2024-09-07,2024-10-04,97,48,24,48,2024-08,2024-09-06,1
Labour,PAYEMS,2,after_week_1,2024-10,Labour Bridge Ridge,2024-10-07,2024-11-01,98,48,24,48,2024-09,2024-10-04,1
Labour,PAYEMS,2,after_week_1,2024-11,Labour Bridge Ridge,2024-11-07,2024-12-06,99,48,24,48,2024-10,2024-11-01,1
Labour,PAYEMS,2,after_week_1,2024-12,Labour Bridge Ridge,2024-12-07,2025-01-10,100,48,24,48,2024-11,2024-12-06,1
Labour,PAYEMS,2,after_week_1,2025-01,Labour Bridge Ridge,2025-01-07,2025-02-07,100,48,24,48,2024-11,2024-12-06,1
Labour,PAYEMS,2,after_week_1,2025-02,Labour Bridge Ridge,2025-02-07,2025-03-07,101,48,24,48,2024-12,2025-01-10,1
Labour,PAYEMS,2,after_week_1,2025-03,Labour Bridge Ridge,2025-03-07,2025-04-04,102,48,24,48,2025-01,2025-02-07,1
Labour,PAYEMS,2,after_week_1,2025-04,Labour Bridge Ridge,2025-04-07,2025-05-02,104,48,24,48,2025-03,2025-04-04,1
Labour,PAYEMS,2,after_week_1,2025-05,Labour Bridge Ridge,2025-05-07,2025-06-06,105,48,24,48,2025-04,2025-05-02,1
Labour,PAYEMS,2,after_week_1,2025-06,Labour Bridge Ridge,2025-06-07,2025-07-03,106,48,24,48,2025-05,2025-06-06,1
Labour,PAYEMS,2,after_week_1,2025-07,Labour Bridge Ridge,2025-07-07,2025-08-01,107,48,24,48,2025-06,2025-07-03,1
Labour,PAYEMS,2,after_week_1,2025-08,Labour Bridge Ridge,2025-08-07,2025-09-05,108,48,24,48,2025-07,2025-08-01,1
Labour,PAYEMS,2,after_week_1,2025-09,Labour Bridge Ridge,2025-09-07,2025-11-20,109,48,24,48,2025-08,2025-09-05,1
Labour,PAYEMS,2,after_week_1,2025-10,Labour Bridge Ridge,2025-10-07,2025-12-16,109,48,24,48,2025-08,2025-09-05,1
Labour,PAYEMS,2,after_week_1,2025-11,Labour Bridge Ridge,2025-11-07,2025-12-16,109,48,24,48,2025-08,2025-09-05,1
Labour,PAYEMS,2,after_week_1,2025-12,Labour Bridge Ridge,2025-12-07,2026-01-09,110,48,24,48,2025-09,2025-11-20,1
Labour,PAYEMS,2,after_week_1,2026-01,Labour Bridge Ridge,2026-01-07,2026-02-11,112,48,24,48,2025-11,2025-12-16,1
Labour,PAYEMS,2,after_week_1,2026-02,Labour Bridge Ridge,2026-02-07,2026-03-06,113,48,24,48,2025-12,2026-01-09,1
Labour,PAYEMS,2,after_week_1,2026-03,Labour Bridge Ridge,2026-03-07,2026-04-03,115,48,24,48,2026-02,2026-03-06,1
Labour,PAYEMS,2,after_week_1,2026-04,Labour Bridge Ridge,2026-04-07,2026-05-08,116,48,24,48,2026-03,2026-04-03,1
Labour,PAYEMS,2,after_week_1,2026-05,Labour Bridge Ridge,2026-05-07,2026-06-05,116,48,24,48,2026-03,2026-04-03,1
Labour,PAYEMS,2,after_week_1,2026-06,Labour Bridge Ridge,2026-06-07,2026-07-02,118,48,24,48,2026-05,2026-06-05,1
Labour,PAYEMS,3,after_week_2,2023-02,Labour Factor Ridge,2023-02-14,2023-03-10,79,48,24,48,2023-01,2023-02-03,1
Labour,PAYEMS,3,after_week_2,2023-03,Labour Factor Ridge,2023-03-14,2023-04-07,80,48,24,48,2023-02,2023-03-10,1
Labour,PAYEMS,3,after_week_2,2023-04,Labour Factor Ridge,2023-04-14,2023-05-05,81,48,24,48,2023-03,2023-04-07,1
Labour,PAYEMS,3,after_week_2,2023-05,Labour Factor Ridge,2023-05-14,2023-06-02,82,48,24,48,2023-04,2023-05-05,1
Labour,PAYEMS,3,after_week_2,2023-06,Labour Factor Ridge,2023-06-14,2023-07-07,83,48,24,48,2023-05,2023-06-02,1
Labour,PAYEMS,3,after_week_2,2023-07,Labour Factor Ridge,2023-07-14,2023-08-04,84,48,24,48,2023-06,2023-07-07,1
Labour,PAYEMS,3,after_week_2,2023-08,Labour Factor Ridge,2023-08-14,2023-09-01,85,48,24,48,2023-07,2023-08-04,1
Labour,PAYEMS,3,after_week_2,2023-09,Labour Factor Ridge,2023-09-14,2023-10-06,86,48,24,48,2023-08,2023-09-01,1
Labour,PAYEMS,3,after_week_2,2023-10,Labour Factor Ridge,2023-10-14,2023-11-03,87,48,24,48,2023-09,2023-10-06,1
Labour,PAYEMS,3,after_week_2,2023-11,Labour Factor Ridge,2023-11-14,2023-12-08,88,48,24,48,2023-10,2023-11-03,1
Labour,PAYEMS,3,after_week_2,2023-12,Labour Factor Ridge,2023-12-14,2024-01-05,89,48,24,48,2023-11,2023-12-08,1
Labour,PAYEMS,3,after_week_2,2024-01,Labour Factor Ridge,2024-01-14,2024-02-02,90,48,24,48,2023-12,2024-01-05,1
Labour,PAYEMS,3,after_week_2,2024-02,Labour Factor Ridge,2024-02-14,2024-03-08,91,48,24,48,2024-01,2024-02-02,1
Labour,PAYEMS,3,after_week_2,2024-03,Labour Factor Ridge,2024-03-14,2024-04-05,92,48,24,48,2024-02,2024-03-08,1
Labour,PAYEMS,3,after_week_2,2024-04,Labour Factor Ridge,2024-04-14,2024-05-03,93,48,24,48,2024-03,2024-04-05,1
Labour,PAYEMS,3,after_week_2,2024-05,Labour Factor Ridge,2024-05-14,2024-06-07,94,48,24,48,2024-04,2024-05-03,1
Labour,PAYEMS,3,after_week_2,2024-06,Labour Factor Ridge,2024-06-14,2024-07-05,95,48,24,48,2024-05,2024-06-07,1
Labour,PAYEMS,3,after_week_2,2024-07,Labour Factor Ridge,2024-07-14,2024-08-02,96,48,24,48,2024-06,2024-07-05,1
Labour,PAYEMS,3,after_week_2,2024-08,Labour Factor Ridge,2024-08-14,2024-09-06,97,48,24,48,2024-07,2024-08-02,1
Labour,PAYEMS,3,after_week_2,2024-09,Labour Factor Ridge,2024-09-14,2024-10-04,98,48,24,48,2024-08,2024-09-06,1
Labour,PAYEMS,3,after_week_2,2024-10,Labour Factor Ridge,2024-10-14,2024-11-01,99,48,24,48,2024-09,2024-10-04,1
Labour,PAYEMS,3,after_week_2,2024-11,Labour Factor Ridge,2024-11-14,2024-12-06,100,48,24,48,2024-10,2024-11-01,1
Labour,PAYEMS,3,after_week_2,2024-12,Labour Factor Ridge,2024-12-14,2025-01-10,101,48,24,48,2024-11,2024-12-06,1
Labour,PAYEMS,3,after_week_2,2025-01,Labour Factor Ridge,2025-01-14,2025-02-07,102,48,24,48,2024-12,2025-01-10,1
Labour,PAYEMS,3,after_week_2,2025-02,Labour Factor Ridge,2025-02-14,2025-03-07,103,48,24,48,2025-01,2025-02-07,1
Labour,PAYEMS,3,after_week_2,2025-03,Labour Factor Ridge,2025-03-14,2025-04-04,104,48,24,48,2025-02,2025-03-07,1
Labour,PAYEMS,3,after_week_2,2025-04,Labour Factor Ridge,2025-04-14,2025-05-02,105,48,24,48,2025-03,2025-04-04,1
Labour,PAYEMS,3,after_week_2,2025-05,Labour Factor Ridge,2025-05-14,2025-06-06,106,48,24,48,2025-04,2025-05-02,1
Labour,PAYEMS,3,after_week_2,2025-06,Labour Factor Ridge,2025-06-14,2025-07-03,107,48,24,48,2025-05,2025-06-06,1
Labour,PAYEMS,3,after_week_2,2025-07,Labour Factor Ridge,2025-07-14,2025-08-01,108,48,24,48,2025-06,2025-07-03,1
Labour,PAYEMS,3,after_week_2,2025-08,Labour Factor Ridge,2025-08-14,2025-09-05,109,48,24,48,2025-07,2025-08-01,1
Labour,PAYEMS,3,after_week_2,2025-09,Labour Factor Ridge,2025-09-14,2025-11-20,110,48,24,48,2025-08,2025-09-05,1
Labour,PAYEMS,3,after_week_2,2025-10,Labour Factor Ridge,2025-10-14,2025-12-16,110,48,24,48,2025-08,2025-09-05,1
Labour,PAYEMS,3,after_week_2,2025-11,Labour Factor Ridge,2025-11-14,2025-12-16,110,48,24,48,2025-08,2025-09-05,1
Labour,PAYEMS,3,after_week_2,2025-12,Labour Factor Ridge,2025-12-14,2026-01-09,111,48,24,48,2025-09,2025-11-20,1
Labour,PAYEMS,3,after_week_2,2026-01,Labour Factor Ridge,2026-01-14,2026-02-11,114,48,24,48,2025-12,2026-01-09,1
Labour,PAYEMS,3,after_week_2,2026-02,Labour Factor Ridge,2026-02-14,2026-03-06,115,48,24,48,2026-01,2026-02-11,1
Labour,PAYEMS,3,after_week_2,2026-03,Labour Factor Ridge,2026-03-14,2026-04-03,116,48,24,48,2026-02,2026-03-06,1
Labour,PAYEMS,3,after_week_2,2026-04,Labour Factor Ridge,2026-04-14,2026-05-08,117,48,24,48,2026-03,2026-04-03,1
Labour,PAYEMS,3,after_week_2,2026-05,Labour Factor Ridge,2026-05-14,2026-06-05,118,48,24,48,2026-04,2026-05-08,1
Labour,PAYEMS,3,after_week_2,2026-06,Labour Factor Ridge,2026-06-14,2026-07-02,119,48,24,48,2026-05,2026-06-05,1
Labour,PAYEMS,4,month_end,2023-02,Labour Bridge Ridge,2023-02-28,2023-03-10,79,48,24,48,2023-01,2023-02-03,1
Labour,PAYEMS,4,month_end,2023-03,Labour Bridge Ridge,2023-03-31,2023-04-07,80,48,24,48,2023-02,2023-03-10,1
Labour,PAYEMS,4,month_end,2023-04,Labour Bridge Ridge,2023-04-30,2023-05-05,81,48,24,48,2023-03,2023-04-07,1
Labour,PAYEMS,4,month_end,2023-05,Labour Bridge Ridge,2023-05-31,2023-06-02,82,48,24,48,2023-04,2023-05-05,1
Labour,PAYEMS,4,month_end,2023-06,Labour Bridge Ridge,2023-06-30,2023-07-07,83,48,24,48,2023-05,2023-06-02,1
Labour,PAYEMS,4,month_end,2023-07,Labour Bridge Ridge,2023-07-31,2023-08-04,84,48,24,48,2023-06,2023-07-07,1
Labour,PAYEMS,4,month_end,2023-08,Labour Bridge Ridge,2023-08-31,2023-09-01,85,48,24,48,2023-07,2023-08-04,1
Labour,PAYEMS,4,month_end,2023-09,Labour Bridge Ridge,2023-09-30,2023-10-06,86,48,24,48,2023-08,2023-09-01,1
Labour,PAYEMS,4,month_end,2023-10,Labour Bridge Ridge,2023-10-31,2023-11-03,87,48,24,48,2023-09,2023-10-06,1
Labour,PAYEMS,4,month_end,2023-11,Labour Bridge Ridge,2023-11-30,2023-12-08,88,48,24,48,2023-10,2023-11-03,1
Labour,PAYEMS,4,month_end,2023-12,Labour Bridge Ridge,2023-12-31,2024-01-05,89,48,24,48,2023-11,2023-12-08,1
Labour,PAYEMS,4,month_end,2024-01,Labour Bridge Ridge,2024-01-31,2024-02-02,90,48,24,48,2023-12,2024-01-05,1
Labour,PAYEMS,4,month_end,2024-02,Labour Bridge Ridge,2024-02-29,2024-03-08,91,48,24,48,2024-01,2024-02-02,1
Labour,PAYEMS,4,month_end,2024-03,Labour Bridge Ridge,2024-03-31,2024-04-05,92,48,24,48,2024-02,2024-03-08,1
Labour,PAYEMS,4,month_end,2024-04,Labour Bridge Ridge,2024-04-30,2024-05-03,93,48,24,48,2024-03,2024-04-05,1
Labour,PAYEMS,4,month_end,2024-05,Labour Bridge Ridge,2024-05-31,2024-06-07,94,48,24,48,2024-04,2024-05-03,1
Labour,PAYEMS,4,month_end,2024-06,Labour Bridge Ridge,2024-06-30,2024-07-05,95,48,24,48,2024-05,2024-06-07,1
Labour,PAYEMS,4,month_end,2024-07,Labour Bridge Ridge,2024-07-31,2024-08-02,96,48,24,48,2024-06,2024-07-05,1
Labour,PAYEMS,4,month_end,2024-08,Labour Bridge Ridge,2024-08-31,2024-09-06,97,48,24,48,2024-07,2024-08-02,1
Labour,PAYEMS,4,month_end,2024-09,Labour Bridge Ridge,2024-09-30,2024-10-04,98,48,24,48,2024-08,2024-09-06,1
Labour,PAYEMS,4,month_end,2024-10,Labour Bridge Ridge,2024-10-31,2024-11-01,99,48,24,48,2024-09,2024-10-04,1
Labour,PAYEMS,4,month_end,2024-11,Labour Bridge Ridge,2024-11-30,2024-12-06,100,48,24,48,2024-10,2024-11-01,1
Labour,PAYEMS,4,month_end,2024-12,Labour Bridge Ridge,2024-12-31,2025-01-10,101,48,24,48,2024-11,2024-12-06,1
Labour,PAYEMS,4,month_end,2025-01,Labour Bridge Ridge,2025-01-31,2025-02-07,102,48,24,48,2024-12,2025-01-10,1
Labour,PAYEMS,4,month_end,2025-02,Labour Bridge Ridge,2025-02-28,2025-03-07,103,48,24,48,2025-01,2025-02-07,1
Labour,PAYEMS,4,month_end,2025-03,Labour Bridge Ridge,2025-03-31,2025-04-04,104,48,24,48,2025-02,2025-03-07,1
Labour,PAYEMS,4,month_end,2025-04,Labour Bridge Ridge,2025-04-30,2025-05-02,105,48,24,48,2025-03,2025-04-04,1
Labour,PAYEMS,4,month_end,2025-05,Labour Bridge Ridge,2025-05-31,2025-06-06,106,48,24,48,2025-04,2025-05-02,1
Labour,PAYEMS,4,month_end,2025-06,Labour Bridge Ridge,2025-06-30,2025-07-03,107,48,24,48,2025-05,2025-06-06,1
Labour,PAYEMS,4,month_end,2025-07,Labour Bridge Ridge,2025-07-31,2025-08-01,108,48,24,48,2025-06,2025-07-03,1
Labour,PAYEMS,4,month_end,2025-08,Labour Bridge Ridge,2025-08-31,2025-09-05,109,48,24,48,2025-07,2025-08-01,1
Labour,PAYEMS,4,month_end,2025-09,Labour Bridge Ridge,2025-09-30,2025-11-20,110,48,24,48,2025-08,2025-09-05,1
Labour,PAYEMS,4,month_end,2025-10,Labour Bridge Ridge,2025-10-31,2025-12-16,110,48,24,48,2025-08,2025-09-05,1
Labour,PAYEMS,4,month_end,2025-11,Labour Bridge Ridge,2025-11-30,2025-12-16,111,48,24,48,2025-09,2025-11-20,1
Labour,PAYEMS,4,month_end,2025-12,Labour Bridge Ridge,2025-12-31,2026-01-09,113,48,24,48,2025-11,2025-12-16,1
Labour,PAYEMS,4,month_end,2026-01,Labour Bridge Ridge,2026-01-31,2026-02-11,114,48,24,48,2025-12,2026-01-09,1
Labour,PAYEMS,4,month_end,2026-02,Labour Bridge Ridge,2026-02-28,2026-03-06,115,48,24,48,2026-01,2026-02-11,1
Labour,PAYEMS,4,month_end,2026-03,Labour Bridge Ridge,2026-03-31,2026-04-03,116,48,24,48,2026-02,2026-03-06,1
Labour,PAYEMS,4,month_end,2026-04,Labour Bridge Ridge,2026-04-30,2026-05-08,117,48,24,48,2026-03,2026-04-03,1
Labour,PAYEMS,4,month_end,2026-05,Labour Bridge Ridge,2026-05-31,2026-06-05,118,48,24,48,2026-04,2026-05-08,1
Labour,PAYEMS,4,month_end,2026-06,Labour Bridge Ridge,2026-06-30,2026-07-02,119,48,24,48,2026-05,2026-06-05,1
Labour,PAYEMS,5,pre_employment_report,2023-02,Labour Bridge Ridge,2023-03-09,2023-03-10,79,48,24,48,2023-01,2023-02-03,1
Labour,PAYEMS,5,pre_employment_report,2023-03,Labour Bridge Ridge,2023-04-06,2023-04-07,80,48,24,48,2023-02,2023-03-10,1
Labour,PAYEMS,5,pre_employment_report,2023-04,Labour Bridge Ridge,2023-05-04,2023-05-05,81,48,24,48,2023-03,2023-04-07,1
Labour,PAYEMS,5,pre_employment_report,2023-05,Labour Bridge Ridge,2023-06-01,2023-06-02,82,48,24,48,2023-04,2023-05-05,1
Labour,PAYEMS,5,pre_employment_report,2023-06,Labour Bridge Ridge,2023-07-06,2023-07-07,83,48,24,48,2023-05,2023-06-02,1
Labour,PAYEMS,5,pre_employment_report,2023-07,Labour Bridge Ridge,2023-08-03,2023-08-04,84,48,24,48,2023-06,2023-07-07,1
Labour,PAYEMS,5,pre_employment_report,2023-08,Labour Bridge Ridge,2023-08-31,2023-09-01,85,48,24,48,2023-07,2023-08-04,1
Labour,PAYEMS,5,pre_employment_report,2023-09,Labour Bridge Ridge,2023-10-05,2023-10-06,86,48,24,48,2023-08,2023-09-01,1
Labour,PAYEMS,5,pre_employment_report,2023-10,Labour Bridge Ridge,2023-11-02,2023-11-03,87,48,24,48,2023-09,2023-10-06,1
Labour,PAYEMS,5,pre_employment_report,2023-11,Labour Bridge Ridge,2023-12-07,2023-12-08,88,48,24,48,2023-10,2023-11-03,1
Labour,PAYEMS,5,pre_employment_report,2023-12,Labour Bridge Ridge,2024-01-04,2024-01-05,89,48,24,48,2023-11,2023-12-08,1
Labour,PAYEMS,5,pre_employment_report,2024-01,Labour Bridge Ridge,2024-02-01,2024-02-02,90,48,24,48,2023-12,2024-01-05,1
Labour,PAYEMS,5,pre_employment_report,2024-02,Labour Bridge Ridge,2024-03-07,2024-03-08,91,48,24,48,2024-01,2024-02-02,1
Labour,PAYEMS,5,pre_employment_report,2024-03,Labour Bridge Ridge,2024-04-04,2024-04-05,92,48,24,48,2024-02,2024-03-08,1
Labour,PAYEMS,5,pre_employment_report,2024-04,Labour Bridge Ridge,2024-05-02,2024-05-03,93,48,24,48,2024-03,2024-04-05,1
Labour,PAYEMS,5,pre_employment_report,2024-05,Labour Bridge Ridge,2024-06-06,2024-06-07,94,48,24,48,2024-04,2024-05-03,1
Labour,PAYEMS,5,pre_employment_report,2024-06,Labour Bridge Ridge,2024-07-04,2024-07-05,95,48,24,48,2024-05,2024-06-07,1
Labour,PAYEMS,5,pre_employment_report,2024-07,Labour Bridge Ridge,2024-08-01,2024-08-02,96,48,24,48,2024-06,2024-07-05,1
Labour,PAYEMS,5,pre_employment_report,2024-08,Labour Bridge Ridge,2024-09-05,2024-09-06,97,48,24,48,2024-07,2024-08-02,1
Labour,PAYEMS,5,pre_employment_report,2024-09,Labour Bridge Ridge,2024-10-03,2024-10-04,98,48,24,48,2024-08,2024-09-06,1
Labour,PAYEMS,5,pre_employment_report,2024-10,Labour Bridge Ridge,2024-10-31,2024-11-01,99,48,24,48,2024-09,2024-10-04,1
Labour,PAYEMS,5,pre_employment_report,2024-11,Labour Bridge Ridge,2024-12-05,2024-12-06,100,48,24,48,2024-10,2024-11-01,1
Labour,PAYEMS,5,pre_employment_report,2024-12,Labour Bridge Ridge,2025-01-09,2025-01-10,101,48,24,48,2024-11,2024-12-06,1
Labour,PAYEMS,5,pre_employment_report,2025-01,Labour Bridge Ridge,2025-02-06,2025-02-07,102,48,24,48,2024-12,2025-01-10,1
Labour,PAYEMS,5,pre_employment_report,2025-02,Labour Bridge Ridge,2025-03-06,2025-03-07,103,48,24,48,2025-01,2025-02-07,1
Labour,PAYEMS,5,pre_employment_report,2025-03,Labour Bridge Ridge,2025-04-03,2025-04-04,104,48,24,48,2025-02,2025-03-07,1
Labour,PAYEMS,5,pre_employment_report,2025-04,Labour Bridge Ridge,2025-05-01,2025-05-02,105,48,24,48,2025-03,2025-04-04,1
Labour,PAYEMS,5,pre_employment_report,2025-05,Labour Bridge Ridge,2025-06-05,2025-06-06,106,48,24,48,2025-04,2025-05-02,1
Labour,PAYEMS,5,pre_employment_report,2025-06,Labour Bridge Ridge,2025-07-02,2025-07-03,107,48,24,48,2025-05,2025-06-06,1
Labour,PAYEMS,5,pre_employment_report,2025-07,Labour Bridge Ridge,2025-07-31,2025-08-01,108,48,24,48,2025-06,2025-07-03,1
Labour,PAYEMS,5,pre_employment_report,2025-08,Labour Bridge Ridge,2025-09-04,2025-09-05,109,48,24,48,2025-07,2025-08-01,1
Labour,PAYEMS,5,pre_employment_report,2025-09,Labour Bridge Ridge,2025-11-19,2025-11-20,110,48,24,48,2025-08,2025-09-05,1
Labour,PAYEMS,5,pre_employment_report,2025-10,Labour Bridge Ridge,2025-12-15,2025-12-16,111,48,24,48,2025-09,2025-11-20,1
Labour,PAYEMS,5,pre_employment_report,2025-11,Labour Bridge Ridge,2025-12-15,2025-12-16,111,48,24,48,2025-09,2025-11-20,1
Labour,PAYEMS,5,pre_employment_report,2025-12,Labour Bridge Ridge,2026-01-08,2026-01-09,113,48,24,48,2025-11,2025-12-16,1
Labour,PAYEMS,5,pre_employment_report,2026-01,Labour Bridge Ridge,2026-02-10,2026-02-11,114,48,24,48,2025-12,2026-01-09,1
Labour,PAYEMS,5,pre_employment_report,2026-02,Labour Bridge Ridge,2026-03-05,2026-03-06,115,48,24,48,2026-01,2026-02-11,1
Labour,PAYEMS,5,pre_employment_report,2026-03,Labour Bridge Ridge,2026-04-02,2026-04-03,116,48,24,48,2026-02,2026-03-06,1
Labour,PAYEMS,5,pre_employment_report,2026-04,Labour Bridge Ridge,2026-05-07,2026-05-08,117,48,24,48,2026-03,2026-04-03,1
Labour,PAYEMS,5,pre_employment_report,2026-05,Labour Bridge Ridge,2026-06-04,2026-06-05,118,48,24,48,2026-04,2026-05-08,1
Labour,PAYEMS,5,pre_employment_report,2026-06,Labour Bridge Ridge,2026-07-01,2026-07-02,119,48,24,48,2026-05,2026-06-05,1
Labour,UNRATE,1,month_open,2023-02,Labour AR(1),2023-02-01,2023-03-10,77,48,24,48,2022-12,2023-01-06,1
Labour,UNRATE,1,month_open,2023-03,Labour AR(1),2023-03-01,2023-04-07,78,48,24,48,2023-01,2023-02-03,1
Labour,UNRATE,1,month_open,2023-04,Labour AR(1),2023-04-01,2023-05-05,79,48,24,48,2023-02,2023-03-10,1
Labour,UNRATE,1,month_open,2023-05,Labour AR(1),2023-05-01,2023-06-02,80,48,24,48,2023-03,2023-04-07,1
Labour,UNRATE,1,month_open,2023-06,Labour AR(1),2023-06-01,2023-07-07,81,48,24,48,2023-04,2023-05-05,1
Labour,UNRATE,1,month_open,2023-07,Labour AR(1),2023-07-01,2023-08-04,82,48,24,48,2023-05,2023-06-02,1
Labour,UNRATE,1,month_open,2023-08,Labour AR(1),2023-08-01,2023-09-01,83,48,24,48,2023-06,2023-07-07,1
Labour,UNRATE,1,month_open,2023-09,Labour AR(1),2023-09-01,2023-10-06,84,48,24,48,2023-07,2023-08-04,1
Labour,UNRATE,1,month_open,2023-10,Labour AR(1),2023-10-01,2023-11-03,85,48,24,48,2023-08,2023-09-01,1
Labour,UNRATE,1,month_open,2023-11,Labour AR(1),2023-11-01,2023-12-08,86,48,24,48,2023-09,2023-10-06,1
Labour,UNRATE,1,month_open,2023-12,Labour AR(1),2023-12-01,2024-01-05,87,48,24,48,2023-10,2023-11-03,1
Labour,UNRATE,1,month_open,2024-01,Labour AR(1),2024-01-01,2024-02-02,88,48,24,48,2023-11,2023-12-08,1
Labour,UNRATE,1,month_open,2024-02,Labour AR(1),2024-02-01,2024-03-08,89,48,24,48,2023-12,2024-01-05,1
Labour,UNRATE,1,month_open,2024-03,Labour AR(1),2024-03-01,2024-04-05,90,48,24,48,2024-01,2024-02-02,1
Labour,UNRATE,1,month_open,2024-04,Labour AR(1),2024-04-01,2024-05-03,91,48,24,48,2024-02,2024-03-08,1
Labour,UNRATE,1,month_open,2024-05,Labour AR(1),2024-05-01,2024-06-07,92,48,24,48,2024-03,2024-04-05,1
Labour,UNRATE,1,month_open,2024-06,Labour AR(1),2024-06-01,2024-07-05,93,48,24,48,2024-04,2024-05-03,1
Labour,UNRATE,1,month_open,2024-07,Labour AR(1),2024-07-01,2024-08-02,94,48,24,48,2024-05,2024-06-07,1
Labour,UNRATE,1,month_open,2024-08,Labour AR(1),2024-08-01,2024-09-06,95,48,24,48,2024-06,2024-07-05,1
Labour,UNRATE,1,month_open,2024-09,Labour AR(1),2024-09-01,2024-10-04,96,48,24,48,2024-07,2024-08-02,1
Labour,UNRATE,1,month_open,2024-10,Labour AR(1),2024-10-01,2024-11-01,97,48,24,48,2024-08,2024-09-06,1
Labour,UNRATE,1,month_open,2024-11,Labour AR(1),2024-11-01,2024-12-06,98,48,24,48,2024-09,2024-10-04,1
Labour,UNRATE,1,month_open,2024-12,Labour AR(1),2024-12-01,2025-01-10,99,48,24,48,2024-10,2024-11-01,1
Labour,UNRATE,1,month_open,2025-01,Labour AR(1),2025-01-01,2025-02-07,100,48,24,48,2024-11,2024-12-06,1
Labour,UNRATE,1,month_open,2025-02,Labour AR(1),2025-02-01,2025-03-07,101,48,24,48,2024-12,2025-01-10,1
Labour,UNRATE,1,month_open,2025-03,Labour AR(1),2025-03-01,2025-04-04,102,48,24,48,2025-01,2025-02-07,1
Labour,UNRATE,1,month_open,2025-04,Labour AR(1),2025-04-01,2025-05-02,103,48,24,48,2025-02,2025-03-07,1
Labour,UNRATE,1,month_open,2025-05,Labour AR(1),2025-05-01,2025-06-06,104,48,24,48,2025-03,2025-04-04,1
Labour,UNRATE,1,month_open,2025-06,Labour AR(1),2025-06-01,2025-07-03,105,48,24,48,2025-04,2025-05-02,1
Labour,UNRATE,1,month_open,2025-07,Labour AR(1),2025-07-01,2025-08-01,106,48,24,48,2025-05,2025-06-06,1
Labour,UNRATE,1,month_open,2025-08,Labour AR(1),2025-08-01,2025-09-05,107,48,24,48,2025-06,2025-07-03,1
Labour,UNRATE,1,month_open,2025-09,Labour AR(1),2025-09-01,2025-11-20,108,48,24,48,2025-07,2025-08-01,1
Labour,UNRATE,1,month_open,2025-11,Labour AR(1),2025-11-01,2025-12-16,109,48,24,48,2025-08,2025-09-05,1
Labour,UNRATE,1,month_open,2025-12,Labour AR(1),2025-12-01,2026-01-09,110,48,24,48,2025-09,2025-11-20,1
Labour,UNRATE,1,month_open,2026-01,Labour AR(1),2026-01-01,2026-02-11,111,48,24,48,2025-11,2025-12-16,1
Labour,UNRATE,1,month_open,2026-02,Labour AR(1),2026-02-01,2026-03-06,112,48,24,48,2025-12,2026-01-09,1
Labour,UNRATE,1,month_open,2026-03,Labour AR(1),2026-03-01,2026-04-03,113,48,24,48,2026-01,2026-02-11,1
Labour,UNRATE,1,month_open,2026-04,Labour AR(1),2026-04-01,2026-05-08,114,48,24,48,2026-02,2026-03-06,1
Labour,UNRATE,1,month_open,2026-05,Labour AR(1),2026-05-01,2026-06-05,115,48,24,48,2026-03,2026-04-03,1
Labour,UNRATE,1,month_open,2026-06,Labour AR(1),2026-06-01,2026-07-02,116,48,24,48,2026-04,2026-05-08,1
Labour,UNRATE,2,after_week_1,2023-02,Labour Equal-Weight Ensemble,2023-02-07,2023-03-10,78,48,24,48,2023-01,2023-02-03,1
Labour,UNRATE,2,after_week_1,2023-03,Labour Equal-Weight Ensemble,2023-03-07,2023-04-07,78,48,24,48,2023-01,2023-02-03,1
Labour,UNRATE,2,after_week_1,2023-04,Labour Equal-Weight Ensemble,2023-04-07,2023-05-05,79,48,24,48,2023-02,2023-03-10,1
Labour,UNRATE,2,after_week_1,2023-05,Labour Equal-Weight Ensemble,2023-05-07,2023-06-02,81,48,24,48,2023-04,2023-05-05,1
Labour,UNRATE,2,after_week_1,2023-06,Labour Equal-Weight Ensemble,2023-06-07,2023-07-07,82,48,24,48,2023-05,2023-06-02,1
Labour,UNRATE,2,after_week_1,2023-07,Labour Equal-Weight Ensemble,2023-07-07,2023-08-04,82,48,24,48,2023-05,2023-06-02,1
Labour,UNRATE,2,after_week_1,2023-08,Labour Equal-Weight Ensemble,2023-08-07,2023-09-01,84,48,24,48,2023-07,2023-08-04,1
Labour,UNRATE,2,after_week_1,2023-09,Labour Equal-Weight Ensemble,2023-09-07,2023-10-06,85,48,24,48,2023-08,2023-09-01,1
Labour,UNRATE,2,after_week_1,2023-10,Labour Equal-Weight Ensemble,2023-10-07,2023-11-03,86,48,24,48,2023-09,2023-10-06,1
Labour,UNRATE,2,after_week_1,2023-11,Labour Equal-Weight Ensemble,2023-11-07,2023-12-08,87,48,24,48,2023-10,2023-11-03,1
Labour,UNRATE,2,after_week_1,2023-12,Labour Equal-Weight Ensemble,2023-12-07,2024-01-05,87,48,24,48,2023-10,2023-11-03,1
Labour,UNRATE,2,after_week_1,2024-01,Labour Equal-Weight Ensemble,2024-01-07,2024-02-02,89,48,24,48,2023-12,2024-01-05,1
Labour,UNRATE,2,after_week_1,2024-02,Labour Equal-Weight Ensemble,2024-02-07,2024-03-08,90,48,24,48,2024-01,2024-02-02,1
Labour,UNRATE,2,after_week_1,2024-03,Labour Equal-Weight Ensemble,2024-03-07,2024-04-05,90,48,24,48,2024-01,2024-02-02,1
Labour,UNRATE,2,after_week_1,2024-04,Labour Equal-Weight Ensemble,2024-04-07,2024-05-03,92,48,24,48,2024-03,2024-04-05,1
Labour,UNRATE,2,after_week_1,2024-05,Labour Equal-Weight Ensemble,2024-05-07,2024-06-07,93,48,24,48,2024-04,2024-05-03,1
Labour,UNRATE,2,after_week_1,2024-06,Labour Equal-Weight Ensemble,2024-06-07,2024-07-05,93,48,24,48,2024-04,2024-05-03,1
Labour,UNRATE,2,after_week_1,2024-07,Labour Equal-Weight Ensemble,2024-07-07,2024-08-02,95,48,24,48,2024-06,2024-07-05,1
Labour,UNRATE,2,after_week_1,2024-08,Labour Equal-Weight Ensemble,2024-08-07,2024-09-06,96,48,24,48,2024-07,2024-08-02,1
Labour,UNRATE,2,after_week_1,2024-09,Labour Equal-Weight Ensemble,2024-09-07,2024-10-04,97,48,24,48,2024-08,2024-09-06,1
Labour,UNRATE,2,after_week_1,2024-10,Labour Equal-Weight Ensemble,2024-10-07,2024-11-01,98,48,24,48,2024-09,2024-10-04,1
Labour,UNRATE,2,after_week_1,2024-11,Labour Equal-Weight Ensemble,2024-11-07,2024-12-06,99,48,24,48,2024-10,2024-11-01,1
Labour,UNRATE,2,after_week_1,2024-12,Labour Equal-Weight Ensemble,2024-12-07,2025-01-10,100,48,24,48,2024-11,2024-12-06,1
Labour,UNRATE,2,after_week_1,2025-01,Labour Equal-Weight Ensemble,2025-01-07,2025-02-07,100,48,24,48,2024-11,2024-12-06,1
Labour,UNRATE,2,after_week_1,2025-02,Labour Equal-Weight Ensemble,2025-02-07,2025-03-07,101,48,24,48,2024-12,2025-01-10,1
Labour,UNRATE,2,after_week_1,2025-03,Labour Equal-Weight Ensemble,2025-03-07,2025-04-04,102,48,24,48,2025-01,2025-02-07,1
Labour,UNRATE,2,after_week_1,2025-04,Labour Equal-Weight Ensemble,2025-04-07,2025-05-02,104,48,24,48,2025-03,2025-04-04,1
Labour,UNRATE,2,after_week_1,2025-05,Labour Equal-Weight Ensemble,2025-05-07,2025-06-06,105,48,24,48,2025-04,2025-05-02,1
Labour,UNRATE,2,after_week_1,2025-06,Labour Equal-Weight Ensemble,2025-06-07,2025-07-03,106,48,24,48,2025-05,2025-06-06,1
Labour,UNRATE,2,after_week_1,2025-07,Labour Equal-Weight Ensemble,2025-07-07,2025-08-01,107,48,24,48,2025-06,2025-07-03,1
Labour,UNRATE,2,after_week_1,2025-08,Labour Equal-Weight Ensemble,2025-08-07,2025-09-05,108,48,24,48,2025-07,2025-08-01,1
Labour,UNRATE,2,after_week_1,2025-09,Labour Equal-Weight Ensemble,2025-09-07,2025-11-20,109,48,24,48,2025-08,2025-09-05,1
Labour,UNRATE,2,after_week_1,2025-11,Labour Equal-Weight Ensemble,2025-11-07,2025-12-16,109,48,24,48,2025-08,2025-09-05,1
Labour,UNRATE,2,after_week_1,2025-12,Labour Equal-Weight Ensemble,2025-12-07,2026-01-09,110,48,24,48,2025-09,2025-11-20,1
Labour,UNRATE,2,after_week_1,2026-01,Labour Equal-Weight Ensemble,2026-01-07,2026-02-11,111,48,24,48,2025-11,2025-12-16,1
Labour,UNRATE,2,after_week_1,2026-02,Labour Equal-Weight Ensemble,2026-02-07,2026-03-06,112,48,24,48,2025-12,2026-01-09,1
Labour,UNRATE,2,after_week_1,2026-03,Labour Equal-Weight Ensemble,2026-03-07,2026-04-03,114,48,24,48,2026-02,2026-03-06,1
Labour,UNRATE,2,after_week_1,2026-04,Labour Equal-Weight Ensemble,2026-04-07,2026-05-08,115,48,24,48,2026-03,2026-04-03,1
Labour,UNRATE,2,after_week_1,2026-05,Labour Equal-Weight Ensemble,2026-05-07,2026-06-05,115,48,24,48,2026-03,2026-04-03,1
Labour,UNRATE,2,after_week_1,2026-06,Labour Equal-Weight Ensemble,2026-06-07,2026-07-02,117,48,24,48,2026-05,2026-06-05,1
Labour,UNRATE,3,after_week_2,2023-02,Labour Equal-Weight Ensemble,2023-02-14,2023-03-10,79,48,24,48,2023-01,2023-02-03,1
Labour,UNRATE,3,after_week_2,2023-03,Labour Equal-Weight Ensemble,2023-03-14,2023-04-07,80,48,24,48,2023-02,2023-03-10,1
Labour,UNRATE,3,after_week_2,2023-04,Labour Equal-Weight Ensemble,2023-04-14,2023-05-05,81,48,24,48,2023-03,2023-04-07,1
Labour,UNRATE,3,after_week_2,2023-05,Labour Equal-Weight Ensemble,2023-05-14,2023-06-02,82,48,24,48,2023-04,2023-05-05,1
Labour,UNRATE,3,after_week_2,2023-06,Labour Equal-Weight Ensemble,2023-06-14,2023-07-07,83,48,24,48,2023-05,2023-06-02,1
Labour,UNRATE,3,after_week_2,2023-07,Labour Equal-Weight Ensemble,2023-07-14,2023-08-04,84,48,24,48,2023-06,2023-07-07,1
Labour,UNRATE,3,after_week_2,2023-08,Labour Equal-Weight Ensemble,2023-08-14,2023-09-01,85,48,24,48,2023-07,2023-08-04,1
Labour,UNRATE,3,after_week_2,2023-09,Labour Equal-Weight Ensemble,2023-09-14,2023-10-06,86,48,24,48,2023-08,2023-09-01,1
Labour,UNRATE,3,after_week_2,2023-10,Labour Equal-Weight Ensemble,2023-10-14,2023-11-03,87,48,24,48,2023-09,2023-10-06,1
Labour,UNRATE,3,after_week_2,2023-11,Labour Equal-Weight Ensemble,2023-11-14,2023-12-08,88,48,24,48,2023-10,2023-11-03,1
Labour,UNRATE,3,after_week_2,2023-12,Labour Equal-Weight Ensemble,2023-12-14,2024-01-05,89,48,24,48,2023-11,2023-12-08,1
Labour,UNRATE,3,after_week_2,2024-01,Labour Equal-Weight Ensemble,2024-01-14,2024-02-02,90,48,24,48,2023-12,2024-01-05,1
Labour,UNRATE,3,after_week_2,2024-02,Labour Equal-Weight Ensemble,2024-02-14,2024-03-08,91,48,24,48,2024-01,2024-02-02,1
Labour,UNRATE,3,after_week_2,2024-03,Labour Equal-Weight Ensemble,2024-03-14,2024-04-05,92,48,24,48,2024-02,2024-03-08,1
Labour,UNRATE,3,after_week_2,2024-04,Labour Equal-Weight Ensemble,2024-04-14,2024-05-03,93,48,24,48,2024-03,2024-04-05,1
Labour,UNRATE,3,after_week_2,2024-05,Labour Equal-Weight Ensemble,2024-05-14,2024-06-07,94,48,24,48,2024-04,2024-05-03,1
Labour,UNRATE,3,after_week_2,2024-06,Labour Equal-Weight Ensemble,2024-06-14,2024-07-05,95,48,24,48,2024-05,2024-06-07,1
Labour,UNRATE,3,after_week_2,2024-07,Labour Equal-Weight Ensemble,2024-07-14,2024-08-02,96,48,24,48,2024-06,2024-07-05,1
Labour,UNRATE,3,after_week_2,2024-08,Labour Equal-Weight Ensemble,2024-08-14,2024-09-06,97,48,24,48,2024-07,2024-08-02,1
Labour,UNRATE,3,after_week_2,2024-09,Labour Equal-Weight Ensemble,2024-09-14,2024-10-04,98,48,24,48,2024-08,2024-09-06,1
Labour,UNRATE,3,after_week_2,2024-10,Labour Equal-Weight Ensemble,2024-10-14,2024-11-01,99,48,24,48,2024-09,2024-10-04,1
Labour,UNRATE,3,after_week_2,2024-11,Labour Equal-Weight Ensemble,2024-11-14,2024-12-06,100,48,24,48,2024-10,2024-11-01,1
Labour,UNRATE,3,after_week_2,2024-12,Labour Equal-Weight Ensemble,2024-12-14,2025-01-10,101,48,24,48,2024-11,2024-12-06,1
Labour,UNRATE,3,after_week_2,2025-01,Labour Equal-Weight Ensemble,2025-01-14,2025-02-07,102,48,24,48,2024-12,2025-01-10,1
Labour,UNRATE,3,after_week_2,2025-02,Labour Equal-Weight Ensemble,2025-02-14,2025-03-07,103,48,24,48,2025-01,2025-02-07,1
Labour,UNRATE,3,after_week_2,2025-03,Labour Equal-Weight Ensemble,2025-03-14,2025-04-04,104,48,24,48,2025-02,2025-03-07,1
Labour,UNRATE,3,after_week_2,2025-04,Labour Equal-Weight Ensemble,2025-04-14,2025-05-02,105,48,24,48,2025-03,2025-04-04,1
Labour,UNRATE,3,after_week_2,2025-05,Labour Equal-Weight Ensemble,2025-05-14,2025-06-06,106,48,24,48,2025-04,2025-05-02,1
Labour,UNRATE,3,after_week_2,2025-06,Labour Equal-Weight Ensemble,2025-06-14,2025-07-03,107,48,24,48,2025-05,2025-06-06,1
Labour,UNRATE,3,after_week_2,2025-07,Labour Equal-Weight Ensemble,2025-07-14,2025-08-01,108,48,24,48,2025-06,2025-07-03,1
Labour,UNRATE,3,after_week_2,2025-08,Labour Equal-Weight Ensemble,2025-08-14,2025-09-05,109,48,24,48,2025-07,2025-08-01,1
Labour,UNRATE,3,after_week_2,2025-09,Labour Equal-Weight Ensemble,2025-09-14,2025-11-20,110,48,24,48,2025-08,2025-09-05,1
Labour,UNRATE,3,after_week_2,2025-11,Labour Equal-Weight Ensemble,2025-11-14,2025-12-16,110,48,24,48,2025-08,2025-09-05,1
Labour,UNRATE,3,after_week_2,2025-12,Labour Equal-Weight Ensemble,2025-12-14,2026-01-09,111,48,24,48,2025-09,2025-11-20,1
Labour,UNRATE,3,after_week_2,2026-01,Labour Equal-Weight Ensemble,2026-01-14,2026-02-11,113,48,24,48,2025-12,2026-01-09,1
Labour,UNRATE,3,after_week_2,2026-02,Labour Equal-Weight Ensemble,2026-02-14,2026-03-06,114,48,24,48,2026-01,2026-02-11,1
Labour,UNRATE,3,after_week_2,2026-03,Labour Equal-Weight Ensemble,2026-03-14,2026-04-03,115,48,24,48,2026-02,2026-03-06,1
Labour,UNRATE,3,after_week_2,2026-04,Labour Equal-Weight Ensemble,2026-04-14,2026-05-08,116,48,24,48,2026-03,2026-04-03,1
Labour,UNRATE,3,after_week_2,2026-05,Labour Equal-Weight Ensemble,2026-05-14,2026-06-05,117,48,24,48,2026-04,2026-05-08,1
Labour,UNRATE,3,after_week_2,2026-06,Labour Equal-Weight Ensemble,2026-06-14,2026-07-02,118,48,24,48,2026-05,2026-06-05,1
Labour,UNRATE,4,month_end,2023-02,Labour Equal-Weight Ensemble,2023-02-28,2023-03-10,79,48,24,48,2023-01,2023-02-03,1
Labour,UNRATE,4,month_end,2023-03,Labour Equal-Weight Ensemble,2023-03-31,2023-04-07,80,48,24,48,2023-02,2023-03-10,1
Labour,UNRATE,4,month_end,2023-04,Labour Equal-Weight Ensemble,2023-04-30,2023-05-05,81,48,24,48,2023-03,2023-04-07,1
Labour,UNRATE,4,month_end,2023-05,Labour Equal-Weight Ensemble,2023-05-31,2023-06-02,82,48,24,48,2023-04,2023-05-05,1
Labour,UNRATE,4,month_end,2023-06,Labour Equal-Weight Ensemble,2023-06-30,2023-07-07,83,48,24,48,2023-05,2023-06-02,1
Labour,UNRATE,4,month_end,2023-07,Labour Equal-Weight Ensemble,2023-07-31,2023-08-04,84,48,24,48,2023-06,2023-07-07,1
Labour,UNRATE,4,month_end,2023-08,Labour Equal-Weight Ensemble,2023-08-31,2023-09-01,85,48,24,48,2023-07,2023-08-04,1
Labour,UNRATE,4,month_end,2023-09,Labour Equal-Weight Ensemble,2023-09-30,2023-10-06,86,48,24,48,2023-08,2023-09-01,1
Labour,UNRATE,4,month_end,2023-10,Labour Equal-Weight Ensemble,2023-10-31,2023-11-03,87,48,24,48,2023-09,2023-10-06,1
Labour,UNRATE,4,month_end,2023-11,Labour Equal-Weight Ensemble,2023-11-30,2023-12-08,88,48,24,48,2023-10,2023-11-03,1
Labour,UNRATE,4,month_end,2023-12,Labour Equal-Weight Ensemble,2023-12-31,2024-01-05,89,48,24,48,2023-11,2023-12-08,1
Labour,UNRATE,4,month_end,2024-01,Labour Equal-Weight Ensemble,2024-01-31,2024-02-02,90,48,24,48,2023-12,2024-01-05,1
Labour,UNRATE,4,month_end,2024-02,Labour Equal-Weight Ensemble,2024-02-29,2024-03-08,91,48,24,48,2024-01,2024-02-02,1
Labour,UNRATE,4,month_end,2024-03,Labour Equal-Weight Ensemble,2024-03-31,2024-04-05,92,48,24,48,2024-02,2024-03-08,1
Labour,UNRATE,4,month_end,2024-04,Labour Equal-Weight Ensemble,2024-04-30,2024-05-03,93,48,24,48,2024-03,2024-04-05,1
Labour,UNRATE,4,month_end,2024-05,Labour Equal-Weight Ensemble,2024-05-31,2024-06-07,94,48,24,48,2024-04,2024-05-03,1
Labour,UNRATE,4,month_end,2024-06,Labour Equal-Weight Ensemble,2024-06-30,2024-07-05,95,48,24,48,2024-05,2024-06-07,1
Labour,UNRATE,4,month_end,2024-07,Labour Equal-Weight Ensemble,2024-07-31,2024-08-02,96,48,24,48,2024-06,2024-07-05,1
Labour,UNRATE,4,month_end,2024-08,Labour Equal-Weight Ensemble,2024-08-31,2024-09-06,97,48,24,48,2024-07,2024-08-02,1
Labour,UNRATE,4,month_end,2024-09,Labour Equal-Weight Ensemble,2024-09-30,2024-10-04,98,48,24,48,2024-08,2024-09-06,1
Labour,UNRATE,4,month_end,2024-10,Labour Equal-Weight Ensemble,2024-10-31,2024-11-01,99,48,24,48,2024-09,2024-10-04,1
Labour,UNRATE,4,month_end,2024-11,Labour Equal-Weight Ensemble,2024-11-30,2024-12-06,100,48,24,48,2024-10,2024-11-01,1
Labour,UNRATE,4,month_end,2024-12,Labour Equal-Weight Ensemble,2024-12-31,2025-01-10,101,48,24,48,2024-11,2024-12-06,1
Labour,UNRATE,4,month_end,2025-01,Labour Equal-Weight Ensemble,2025-01-31,2025-02-07,102,48,24,48,2024-12,2025-01-10,1
Labour,UNRATE,4,month_end,2025-02,Labour Equal-Weight Ensemble,2025-02-28,2025-03-07,103,48,24,48,2025-01,2025-02-07,1
Labour,UNRATE,4,month_end,2025-03,Labour Equal-Weight Ensemble,2025-03-31,2025-04-04,104,48,24,48,2025-02,2025-03-07,1
Labour,UNRATE,4,month_end,2025-04,Labour Equal-Weight Ensemble,2025-04-30,2025-05-02,105,48,24,48,2025-03,2025-04-04,1
Labour,UNRATE,4,month_end,2025-05,Labour Equal-Weight Ensemble,2025-05-31,2025-06-06,106,48,24,48,2025-04,2025-05-02,1
Labour,UNRATE,4,month_end,2025-06,Labour Equal-Weight Ensemble,2025-06-30,2025-07-03,107,48,24,48,2025-05,2025-06-06,1
Labour,UNRATE,4,month_end,2025-07,Labour Equal-Weight Ensemble,2025-07-31,2025-08-01,108,48,24,48,2025-06,2025-07-03,1
Labour,UNRATE,4,month_end,2025-08,Labour Equal-Weight Ensemble,2025-08-31,2025-09-05,109,48,24,48,2025-07,2025-08-01,1
Labour,UNRATE,4,month_end,2025-09,Labour Equal-Weight Ensemble,2025-09-30,2025-11-20,110,48,24,48,2025-08,2025-09-05,1
Labour,UNRATE,4,month_end,2025-11,Labour Equal-Weight Ensemble,2025-11-30,2025-12-16,111,48,24,48,2025-09,2025-11-20,1
Labour,UNRATE,4,month_end,2025-12,Labour Equal-Weight Ensemble,2025-12-31,2026-01-09,112,48,24,48,2025-11,2025-12-16,1
Labour,UNRATE,4,month_end,2026-01,Labour Equal-Weight Ensemble,2026-01-31,2026-02-11,113,48,24,48,2025-12,2026-01-09,1
Labour,UNRATE,4,month_end,2026-02,Labour Equal-Weight Ensemble,2026-02-28,2026-03-06,114,48,24,48,2026-01,2026-02-11,1
Labour,UNRATE,4,month_end,2026-03,Labour Equal-Weight Ensemble,2026-03-31,2026-04-03,115,48,24,48,2026-02,2026-03-06,1
Labour,UNRATE,4,month_end,2026-04,Labour Equal-Weight Ensemble,2026-04-30,2026-05-08,116,48,24,48,2026-03,2026-04-03,1
Labour,UNRATE,4,month_end,2026-05,Labour Equal-Weight Ensemble,2026-05-31,2026-06-05,117,48,24,48,2026-04,2026-05-08,1
Labour,UNRATE,4,month_end,2026-06,Labour Equal-Weight Ensemble,2026-06-30,2026-07-02,118,48,24,48,2026-05,2026-06-05,1
Labour,UNRATE,5,pre_employment_report,2023-02,Labour Equal-Weight Ensemble,2023-03-09,2023-03-10,79,48,24,48,2023-01,2023-02-03,1
Labour,UNRATE,5,pre_employment_report,2023-03,Labour Equal-Weight Ensemble,2023-04-06,2023-04-07,80,48,24,48,2023-02,2023-03-10,1
Labour,UNRATE,5,pre_employment_report,2023-04,Labour Equal-Weight Ensemble,2023-05-04,2023-05-05,81,48,24,48,2023-03,2023-04-07,1
Labour,UNRATE,5,pre_employment_report,2023-05,Labour Equal-Weight Ensemble,2023-06-01,2023-06-02,82,48,24,48,2023-04,2023-05-05,1
Labour,UNRATE,5,pre_employment_report,2023-06,Labour Equal-Weight Ensemble,2023-07-06,2023-07-07,83,48,24,48,2023-05,2023-06-02,1
Labour,UNRATE,5,pre_employment_report,2023-07,Labour Equal-Weight Ensemble,2023-08-03,2023-08-04,84,48,24,48,2023-06,2023-07-07,1
Labour,UNRATE,5,pre_employment_report,2023-08,Labour Equal-Weight Ensemble,2023-08-31,2023-09-01,85,48,24,48,2023-07,2023-08-04,1
Labour,UNRATE,5,pre_employment_report,2023-09,Labour Equal-Weight Ensemble,2023-10-05,2023-10-06,86,48,24,48,2023-08,2023-09-01,1
Labour,UNRATE,5,pre_employment_report,2023-10,Labour Equal-Weight Ensemble,2023-11-02,2023-11-03,87,48,24,48,2023-09,2023-10-06,1
Labour,UNRATE,5,pre_employment_report,2023-11,Labour Equal-Weight Ensemble,2023-12-07,2023-12-08,88,48,24,48,2023-10,2023-11-03,1
Labour,UNRATE,5,pre_employment_report,2023-12,Labour Equal-Weight Ensemble,2024-01-04,2024-01-05,89,48,24,48,2023-11,2023-12-08,1
Labour,UNRATE,5,pre_employment_report,2024-01,Labour Equal-Weight Ensemble,2024-02-01,2024-02-02,90,48,24,48,2023-12,2024-01-05,1
Labour,UNRATE,5,pre_employment_report,2024-02,Labour Equal-Weight Ensemble,2024-03-07,2024-03-08,91,48,24,48,2024-01,2024-02-02,1
Labour,UNRATE,5,pre_employment_report,2024-03,Labour Equal-Weight Ensemble,2024-04-04,2024-04-05,92,48,24,48,2024-02,2024-03-08,1
Labour,UNRATE,5,pre_employment_report,2024-04,Labour Equal-Weight Ensemble,2024-05-02,2024-05-03,93,48,24,48,2024-03,2024-04-05,1
Labour,UNRATE,5,pre_employment_report,2024-05,Labour Equal-Weight Ensemble,2024-06-06,2024-06-07,94,48,24,48,2024-04,2024-05-03,1
Labour,UNRATE,5,pre_employment_report,2024-06,Labour Equal-Weight Ensemble,2024-07-04,2024-07-05,95,48,24,48,2024-05,2024-06-07,1
Labour,UNRATE,5,pre_employment_report,2024-07,Labour Equal-Weight Ensemble,2024-08-01,2024-08-02,96,48,24,48,2024-06,2024-07-05,1
Labour,UNRATE,5,pre_employment_report,2024-08,Labour Equal-Weight Ensemble,2024-09-05,2024-09-06,97,48,24,48,2024-07,2024-08-02,1
Labour,UNRATE,5,pre_employment_report,2024-09,Labour Equal-Weight Ensemble,2024-10-03,2024-10-04,98,48,24,48,2024-08,2024-09-06,1
Labour,UNRATE,5,pre_employment_report,2024-10,Labour Equal-Weight Ensemble,2024-10-31,2024-11-01,99,48,24,48,2024-09,2024-10-04,1
Labour,UNRATE,5,pre_employment_report,2024-11,Labour Equal-Weight Ensemble,2024-12-05,2024-12-06,100,48,24,48,2024-10,2024-11-01,1
Labour,UNRATE,5,pre_employment_report,2024-12,Labour Equal-Weight Ensemble,2025-01-09,2025-01-10,101,48,24,48,2024-11,2024-12-06,1
Labour,UNRATE,5,pre_employment_report,2025-01,Labour Equal-Weight Ensemble,2025-02-06,2025-02-07,102,48,24,48,2024-12,2025-01-10,1
Labour,UNRATE,5,pre_employment_report,2025-02,Labour Equal-Weight Ensemble,2025-03-06,2025-03-07,103,48,24,48,2025-01,2025-02-07,1
Labour,UNRATE,5,pre_employment_report,2025-03,Labour Equal-Weight Ensemble,2025-04-03,2025-04-04,104,48,24,48,2025-02,2025-03-07,1
Labour,UNRATE,5,pre_employment_report,2025-04,Labour Equal-Weight Ensemble,2025-05-01,2025-05-02,105,48,24,48,2025-03,2025-04-04,1
Labour,UNRATE,5,pre_employment_report,2025-05,Labour Equal-Weight Ensemble,2025-06-05,2025-06-06,106,48,24,48,2025-04,2025-05-02,1
Labour,UNRATE,5,pre_employment_report,2025-06,Labour Equal-Weight Ensemble,2025-07-02,2025-07-03,107,48,24,48,2025-05,2025-06-06,1
Labour,UNRATE,5,pre_employment_report,2025-07,Labour Equal-Weight Ensemble,2025-07-31,2025-08-01,108,48,24,48,2025-06,2025-07-03,1
Labour,UNRATE,5,pre_employment_report,2025-08,Labour Equal-Weight Ensemble,2025-09-04,2025-09-05,109,48,24,48,2025-07,2025-08-01,1
Labour,UNRATE,5,pre_employment_report,2025-09,Labour Equal-Weight Ensemble,2025-11-19,2025-11-20,110,48,24,48,2025-08,2025-09-05,1
Labour,UNRATE,5,pre_employment_report,2025-11,Labour Equal-Weight Ensemble,2025-12-15,2025-12-16,111,48,24,48,2025-09,2025-11-20,1
Labour,UNRATE,5,pre_employment_report,2025-12,Labour Equal-Weight Ensemble,2026-01-08,2026-01-09,112,48,24,48,2025-11,2025-12-16,1
Labour,UNRATE,5,pre_employment_report,2026-01,Labour Equal-Weight Ensemble,2026-02-10,2026-02-11,113,48,24,48,2025-12,2026-01-09,1
Labour,UNRATE,5,pre_employment_report,2026-02,Labour Equal-Weight Ensemble,2026-03-05,2026-03-06,114,48,24,48,2026-01,2026-02-11,1
Labour,UNRATE,5,pre_employment_report,2026-03,Labour Equal-Weight Ensemble,2026-04-02,2026-04-03,115,48,24,48,2026-02,2026-03-06,1
Labour,UNRATE,5,pre_employment_report,2026-04,Labour Equal-Weight Ensemble,2026-05-07,2026-05-08,116,48,24,48,2026-03,2026-04-03,1
Labour,UNRATE,5,pre_employment_report,2026-05,Labour Equal-Weight Ensemble,2026-06-04,2026-06-05,117,48,24,48,2026-04,2026-05-08,1
Labour,UNRATE,5,pre_employment_report,2026-06,Labour Equal-Weight Ensemble,2026-07-01,2026-07-02,118,48,24,48,2026-05,2026-06-05,1
